:020000040800F2
:10000000980400204901000851010008530100082C
:1000100055010008570100085901000800000000C0
:100020000000000000000000000000005B0100086C
:100030005D010008000000005F0100086101000888
:100040006301000863010008630100086301000800
:1000500063010008630100086301000863010008F0
:1000600063010008630100086301000863010008E0
:1000700063010008630100086301000863010008D0
:1000800063010008630100086301000863010008C0
:1000900063010008630100086301000863010008B0
:1000A00063010008630100086301000863010008A0
:1000B0006301000863010008630100086301000890
:1000C0006301000863010008630100086301000880
:1000D00063010008C10C0008630100086301000807
:1000E0006301000863010008630100086301000860
:1000F0006301000863010008630100086301000850
:10010000630100086301000863010008630100083F
:10011000630100086301000863010008630100082F
:10012000630100086301000863010008630100081F
:10013000DFF810D000F0B4F800480047E9110008DB
:10014000AFF3008098040020064880470648004727
:10015000FEE7FEE7FEE7FEE7FEE7FEE7FEE7FEE777
:10016000FEE7FEE7610C000831010008014610B50A
:1001700009683C22B1FBF2F302FB1313B1FBF2F16D
:100180001D480360B1FBF2F302FB1313B1FBF2F164
:1001900018224360B1FBF2F302FB1313B1FBF2F13F
:1001A00083600A1D0723B2FBF3F403FB1422826170
:1001B0008A0040F2B55102F66C32B2FBF1F34433DF
:1001C0004361B2FBF1F301FB13218908C1613B29B3
:1001D00003D3027D920700D0491C0022074C13462E
:1001E0000261E25C8A4203D8891A5B1C0361F8E76A
:1001F000491CC16010BD00006C000020604F050864
:100200002DE9F05F0546002092469B46884606464B
:10021000814640241BE0284641464746224600F0DE
:100220002FF853465A46C01A914110D3114618462A
:10023000224600F016F82D1A67EB01084F462246B9
:100240000120002100F00DF817EB00094E41201E9F
:10025000A4F10104DFDC484631462A464346BDE8A6
:10026000F09F202A04DB203A00FA02F100207047B8
:100270009140C2F1200320FA03F3194390407047E4
:10028000202A04DB203A21FA02F00021704721FAEB
:1002900002F3D040C2F12002914008431946704752
:1002A000064C074D06E0E06840F0010394E80700C3
:1002B00098471034AC42F6D3FFF73EFF6C4F050869
:1002C0008C4F050800B5034603E04FF47A7000F048
:1002D00013F8181EA3F101018BB2F6D100BD10B5C1
:1002E000044603E04FF47A70FFF7ECFF201EA4F100
:1002F00001018CB2F6D110BD00EBC001C9004FF076
:10030000E0225161002191610521116100BF4FF090
:10031000E021096901F480310029F8D04FF0E02193
:10032000096921F001014FF0E022116170470000DE
:100330001F48C06940F000601D49C8610846C06997
:1003400040F08050C8611B48006840F48070194933
:1003500008601748006A40F001001549086200BFB4
:100360001348006A00F002000028F9D01048006A23
:1003700040F400400E49086200BF0F48008800F0BA
:1003800020000028F9D00C48008840F010000A49ED
:1003900008800020091D088047F6FF70091D0880AD
:1003A0000548008820F010000349088070470000CD
:1003B00000100240007000400428004000B500F02A
:1003C00089FB0348008840F400500149088000BDC3
:1003D0000C38014000BF0549098801F0800100295F
:1003E000F9D00249091D088070470000003801401B
:1003F0004748006840F00300454908600846006827
:1004000040F0080008600846006820F0040008601A
:100410004048006840F033003E490860081D00680D
:100420003D4908433B49091D08603C48006840F0CD
:1004300040503A490860081D006840F03330091DFB
:1004400008603448006840F0880032490860084677
:10045000006820F044000860081D00683049084327
:100460002C49091D0860084600682E4908402949A2
:10047000091D08602948006840F0004027490860CD
:100480000846006820F080400860081D006840F0C1
:100490008830091D08600846006800F0BB3008601D
:1004A0001C48006840F44C101A490860084600686F
:1004B00040F4080008600846006820F488000860DE
:1004C0001348406840F4403011494860084640688D
:1004D00040F4002048600846406820F480204860CE
:1004E0001148006840F003000F49086008460068A2
:1004F00020F00C0008600648406840F04050044975
:1005000048600846406820F040404860704700005E
:100510000020014000140140330300330018014063
:1005200088080088BBFBFFBB000C014000B52748D2
:10053000806940F2E911084324498861084640690E
:1005400040F480704861FFF753FF4FF0204080690E
:1005500040F001004FF0204188610846806920F09A
:100560000C0088610846806920F0400088610846D8
:10057000806920F0020088610846806920F0200030
:1005800088610846806940F01000886108468069EB
:1005900040F4805088610846C06920F00F00C861AF
:1005A0000846C06920F0F000C8610846C06920F420
:1005B0007F40C8610846C06940F48E40C861084663
:1005C000C06920F04050C86100BD0000001002402A
:1005D00038B505460020009000BF1648008800F09E
:1005E00008000028F9D01348008820F008001149BD
:1005F00008801048143000880F4901EA004000903C
:100600000C48183000880099084300906846FFF7AE
:10061000ADFD0446A08A00F26C702880208A401C40
:100620006880A089A8802089E880A0882881208807
:10063000688138BD042800400000FFFF03480068BF
:1006400040F0010001490860704700000C0C0140B7
:1006500010B504464FF4F0734FF4A0720021084621
:1006600000F008F92C2000F007FA00224FF41633AE
:1006700003E0204600F004FA521C9A42F9D310BD60
:1006800010B5FFF753FF00F0DFF8FFF7D7FF00F0DA
:100690001EF810BD01480088704700000008006C7B
:1006A00000B50022042000F0E7F9FFF7F3FFFFF7A1
:1006B000F1FFC0B242EA0042FFF7ECFFC0B242EAEB
:1006C0000022FFF7E7FFC0B20243104600BD10B59D
:1006D000E02000F0D1F9002000F0D2F9072000F06E
:1006E000CFF9102000F0CCF9092000F0C9F917204B
:1006F00000F0C6F90B2000F0C3F9412000F0C0F96A
:10070000892000F0BDF94B2000F0BAF90A2000F072
:10071000B7F90C2000F0B4F90E2000F0B1F9182060
:1007200000F0AEF91B2000F0ABF90F2000F0A8F9A3
:10073000E12000F0A1F9002000F0A2F9172000F05C
:100740009FF91A2000F09CF9042000F099F90E207E
:1007500000F096F9062000F093F92F2000F090F9B0
:10076000452000F08DF9432000F08AF9022000F0C6
:1007700087F90A2000F084F9092000F081F932207D
:1007800000F07EF9362000F07BF90F2000F078F9B8
:10079000C02000F071F9112000F072F9092000F07A
:1007A0006FF9C12000F068F9022000F069F9032018
:1007B00000F066F9C52000F05FF9002000F060F954
:1007C0000A2000F05DF9802000F05AF9B12000F015
:1007D00053F9B02000F054F9112000F051F9B42081
:1007E00000F04AF9022000F04BF9B62000F044F97D
:1007F0000A2000F045F9A22000F042F9B72000F0ED
:100800003BF9C62000F03CF9BE2000F035F900208D
:1008100000F036F9042000F033F93A2000F02CF90A
:10082000552000F02DF9112000F026F9362000F0B7
:1008300023F9082000F024F97820FFF743FD292050
:1008400000F01AF910BD000010B50948C06820F486
:1008500000400749C8606420FFF734FD0448C068C1
:1008600040F400400249C8606420FFF72BFD10BD32
:100870000020014030B504460D462A2000F0FCF867
:10088000C4F30F2000F0FCF8E0B200F0F9F8A11872
:10089000491EC1F30F2000F0F3F8A118491EC8B299
:1008A00000F0EEF82B2000F0E7F8281200F0E8F84E
:1008B000E8B200F0E5F8E918491EC1F30F2000F096
:1008C000DFF8E918491EC8B200F0DAF830BD0000C0
:1008D0002DE9F04F0646884614461F46DDF8249061
:1008E000A24604EBDA70C0F34F022346414630B211
:1008F000FFF7C0FF2C2000F0BFF8A7F12000C5B221
:10090000102C01D00C2C2BD1002226E0102C04D16D
:100910003B4800EB0510805C05E005EB45003949DC
:1009200001EB8000805C03464FF0000A0EE003F00C
:10093000010018B1484600F0A3F802E00A9800F060
:100940009FF85B100AF1010000F0FF0A04EBD4717C
:10095000BAEB610FEBDB501CC2B2A242D6DB4DE01A
:10096000182C2AD1002225E005EB4500264901EB91
:10097000001010F802A0104602EBD0714910A2EB53
:10098000410109B1042100E008218B4600230DE05C
:100990000AF0010018B1484600F072F802E00A9827
:1009A00000F06EF84FEA6A0A581CC3B25B45EFDBF1
:1009B000501CC2B2302AD7DB20E0202C1ED10022EE
:1009C0001AE0124800EB8510835C4FF0000A0EE03D
:1009D00003F0010018B1484600F052F802E00A980E
:1009E00000F04EF85B100AF1010000F0FF0ABAF1C6
:1009F000080FEDDB501CC2B2402AE2DBBDE8F08FED
:100A000068170008F4120008581D0008282F000875
:100A10002DE9FC470746884614461D46DDE90A9A3B
:100A2000002624E0A85D0A281AD004EBD47107EB55
:100A30006101B1F5A07F04DD002708EB04001FFA77
:100A400080F8CDE9009AAB5D224641463846FFF773
:100A50003FFF204604EBD07107EB61018FB204E049
:100A6000002708EB04001FFA80F8701CC6B2A85DCE
:100A70000028D7D1BDE8FC874FF0D84108807047E7
:100A800001490880704700000008006CF0B504467A
:100A90000D464FF4F0734FF4A072294620B2FFF7D1
:100AA000E9FE2C20FFF7E8FF084E00220BE0084883
:100AB000815C0746501C385C01EB002083B218466D
:100AC000FFF7DEFF921CB242F1D3F0BD08B0040084
:100AD000589F00082548806940F480402349886178
:100AE0000846806940F0040088612148006840F0B1
:100AF00030001F4908600846006840F08000086028
:100B00000846006820F0400008600846006820F4AD
:100B1000407008600846006840F48060086008463D
:100B2000006820F40060086040F2712011490880DC
:100B3000081D008820F48050091D088008460088A0
:100B400020F480600880081D008820F44050091DB2
:100B50000880081F008840F00400091F088008462C
:100B6000008840F008000880704700000010024034
:100B7000040801400838014010B500F001F810BD2C
:100B80000CB50020019000903348006840F480309C
:100B90003149086000BF3048006800F40030009020
:100BA0000198401C0190009818B90198B0F5A06F09
:100BB000F1D12948006800F4003010B10120009004
:100BC00001E0002000900098012843D123480068EC
:100BD00040F01000214908600846006820F0070036
:100BE00008600846006840F0020008601A48406843
:100BF000194948600846406848600846406840F423
:100C0000806048600846406820F47C1048600846D0
:100C1000406840F4E81048600846006840F0807082
:100C2000086000BF0C48006800F000700028F9D090
:100C30000948406820F003000749486008464068BA
:100C400040F00200486000BF0348406800F00C001C
:100C50000828F9D10CBD000000100240002002401D
:100C600010B51348006840F00100114908600846BB
:100C70004068104908400E494860084600680E491F
:100C800008400B4908600846006820F4802008608E
:100C90000846406820F4FE0048604FF41F0088605A
:100CA000FFF76AFF4FF000600449086010BD0000C4
:100CB000001002400000FFF8FFFFF6FE08ED00E024
:100CC0000F48008800F0200058B10D48001D008832
:100CD0000C490D4A127888540B480078401C0A4988
:100CE00008700748008800F0100038B104480088F8
:100CF0000348001D00880120044908707047000067
:100D00000038014000000020640000206500002041
:100D10000FB4054B10B503A9044A029800F02CF853
:100D200010BC5DF814FB0000D91100086800002019
:100D30000FB4084B10B504A902AA039800F01CF8E0
:100D4000044602A9002000F042FA204610BC5DF8DB
:100D500014FB0000CF11000802E008C8121F08C1F0
:100D6000002AFAD170477047002001E001C1121F2C
:100D7000002AFBD1704700002DE9FF4F8DB00F46D0
:100D80000546002606E025280BD0DDE90F12904726
:100D90006D1C761C28780028F5D111B03046BDE8CE
:100DA000F08F0024A246A1460122E94900E0044355
:100DB00015F8013F203B02FA03F00842F7D12878EA
:100DC0002A2810D06FF02F022878A0F130010929CD
:100DD00014D80AEB8A0102EB410144F0020400EB53
:100DE000010A6D1CF0E701CF5FEA000A03D544F465
:100DF0000054CAF1000A44F002046D1C28782E2821
:100E000017D115F8010F44F004042A280ED06FF012
:100E10002F022878A0F1300109290AD809EB8901AD
:100E200002EB410100EB01096D1CF2E757F8049B4E
:100E30006D1C28786C280FD006DC4C2817D0682849
:100E40000DD06A2814D104E0742810D07A280FD16C
:100E50000DE044F400140AE044F4801401E044F48A
:100E600040146978814202D104F580146D1C6D1C18
:100E700028786E281ED00CDC632830D004DC0028D3
:100E80008BD0582811D19FE0642867D069280CD1F5
:100E900064E073282DD004DC6F2872D0702804D150
:100EA00094E075286ED078286DD0DDE90F12904758
:100EB000761C4BE1C4F30250022806D0032809D067
:100EC000042801CF09D0066040E101CFF117C0E945
:100ED00000613BE101CF068038E1067036E117F88A
:100EE000040B8DF8000000208DF80100EB46012076
:100EF00003E057F804BB4FF0FF3061074FF00001EB
:100F000002D40DE008F10101884649450FDA804519
:100F1000F8DB1BF808100029F4D108E008F1010102
:100F200088468142FADB1BF808100029F6D1DDE97A
:100F30000F23AAEB08008146214600F031F9304426
:100F400000EB080604E0DDE90F121BF8010B9047E7
:100F5000B8F10108F7D221464846F2E00A21C4F36D
:100F600002524FF0000B0891022A04D001CFC117A2
:100F7000032A09D00AE0FF1D27F00707F7E802015E
:100F800008E02CE01EE01FE000B2C117042A01D1E6
:100F900040B2C117021E71F1000206DA0023D0EB45
:100FA000030063EB01012D2202E0220504D52B2270
:100FB0008DF82420012203E0E20701D02022F7E788
:100FC000904653E00A210BE0102109E010214FF078
:100FD000000B44F004044FF00809089103E00821D5
:100FE0004FF0000B0891C4F30252022A04D001CF43
:100FF0000021032A06D006E0FF1D27F00707F7E8C7
:10100000020103E080B2042A00D1C0B24FF0000810
:1010100022072BD52A78702A07D0DDF820C08CF063
:10102000100C5CEA0B0C05D00EE040228DF8242059
:10103000012208E050EA010306D030238DF8243065
:101040008DF8252002229046089B83F0080353EA7E
:101050000B030BD150EA010201D1620706D5302201
:101060008DF824204FF00108A9F101092A78582AA7
:1010700004D038A20B9208AA0A920BE03AA2F9E730
:101080005B46089AFFF7BCF80B9B9B5C0A9A521EC2
:101090000A92137050EA0102F2D10A98ADEB0000F7
:1010A00000F1200B600702D524F4803401E04FF0FA
:1010B0000109D94502DDA9EB0B0000E0002000EB9F
:1010C0000B0141440890AAEB010AE00306D4DDE9D4
:1010D0000F232146504600F063F806444FF0000904
:1010E00008E009A911F80900DDE90F12904709F19C
:1010F0000109761CC145F4DBE0030CD5DDE90F23C3
:101100002146504600F04CF8064404E0DDE90F1299
:1011100030209047761C0899481E08900029F5DC7D
:1011200008E00A980A990078491C0A91DDE90F1233
:101130009047761CBBF10001ABF1010BF1DC2146BD
:101140005046DDE90F2300F019F806446D1C21E636
:10115000092801003031323334353637383961628D
:101160006364656600000000303132333435363751
:101170003839414243444546000000002DE9F04122
:10118000044600251E461746880404D405E0394667
:101190002020B0476D1C641EF9D52846BDE8F081BB
:1011A0002DE9F041044600251E469046C80301D5AE
:1011B000302700E02027880404D505E04146384662
:1011C000B0476D1C641EF9D52846BDE8F0810A6859
:1011D000531C0B601070704700B502460B46D0B22E
:1011E000FFF7F8F8104600BD8CB0FFF7E7F8FFF7FF
:1011F00047FAFFF755FA0446214625A0FFF788FD78
:101200004FF6FF70FFF724FAFFF792F80021084627
:10121000FFF73CFC3AE009A8FFF7DAF9BDF82E0029
:10122000BDF82C10BDF82A20CDE900210290BDF8B0
:101230002830BDF82620BDF8241019A0FFF768FD5E
:10124000BDF82E00BDF82C10BDF82A20BDF82830BE
:10125000CDE90032CDE90210BDF82630BDF82420DA
:101260001AA104A8FFF764FD04A920A0FFF750FD10
:101270004FF6FF70002104AB1822CDE900101E21AB
:101280002820FFF7C5FB0120FFF729F8C3E700007E
:101290006C63644964203D20307825580D0A0000B5
:1012A0004461746554696D653A20253034642D2598
:1012B0003032642D2530326420253032643A2530B6
:1012C00032643A253032640D0A000000253034645F
:1012D0002D253032642D2530326420253032643A99
:1012E000253032643A2530326400000025730D0A3F
:1012F00000000000000000000000000000000000EE
:1013000000000404040404000004000014140A0093
:10131000000000000000000000000A0A1F0A0A1F67
:101320000A0A000000040E1505060C14150E040030
:10133000000012150D152E2C2A1200000000040AC0
:101340000A361515291600000202010000000000EF
:101350000000000010080804040404040808100039
:10136000020404080808080804040200000000043D
:10137000150E0E150400000000000008083E0808C5
:101380000000000000000000000000000202010058
:1013900000000000003F000000000000000000000E
:1013A00000000000000200000020101008080404E3
:1013B0000202010000000E1111111111110E0000A6
:1013C0000000040604040404040E000000000E11D2
:1013D00011080402011F000000000E11100C101073
:1013E000110E00000000080C0C0A091F081C000068
:1013F00000001F01010F1110110E000000000C125F
:10140000010D1311110E000000001E100808040445
:101410000404000000000E11110E1111110E000045
:1014200000000E111119161009060000000000003E
:1014300004000000000400000000000000040000A0
:101440000004040000001008040202040810000058
:10145000000000003F003F00000000000000020408
:10146000081010080402000000000E111108040406
:101470000004000000001C22292D2D1D221C00004C
:10148000000004040C0A0A1E1233000000000F12B0
:10149000120E1212120F000000001E1101010101B4
:1014A000110E000000000F1212121212120F000093
:1014B00000001F120A0E0A02121F000000001F1275
:1014C0000A0E0A020207000000001C120101391175
:1014D000120C000000003312121E12121233000010
:1014E00000001F0404040404041F000000003E0860
:1014F0000808080808080907000037120A060A1237
:10150000123700000000070202020202223F000020
:1015100000003B1B1B1B15151535000000003B127E
:1015200016161A1A1217000000000E1111111111CF
:10153000110E000000000F12120E0202020700003E
:1015400000000E1111111117190E180000000F12D2
:10155000120E0A121237000000001E1101060810B8
:10156000110F000000001F1504040404040E000005
:101570000000331212121212120C0000000033127B
:10158000120A0A0C040400000000151515150E0AB5
:101590000A0A000000001B0A0A04040A0A1B0000D1
:1015A00000001B0A0A0A0404040E000000001F09C0
:1015B00008040402121F00001C04040404040404B0
:1015C00004041C00000202040404080808101000AF
:1015D0000E0808080808080808080E00040A000099
:1015E00000000000000000000000000000000000FB
:1015F0000000003F020400000000000000000000A6
:1016000000000000000C121C123C0000000302024B
:10161000020E1212120E000000000000001C120246
:10162000120C000000181010101C1212123C0000C6
:1016300000000000000C121E021C00000018240410
:10164000041E0404041E000000000000003C120CF4
:10165000021C221C00030202020E121212370000AA
:101660000004040000060404040E00000008080042
:10167000000C08080808080700030202021A0A06FC
:101680000A1300000007040404040404041F0000FB
:1016900000000000000F15151515000000000000E7
:1016A000000F12121237000000000000000C12128E
:1016B000120C000000000000000F1212120E0207B0
:1016C00000000000001C1212121C10380000000064
:1016D000001B06020207000000000000001E020CB2
:1016E000101E000000000004041E0404041C00007E
:1016F00000000000001B1212123C0000000000005D
:10170000001B0A0A04040000000000000015150E6A
:101710000A0A000000000000001B0A040A1B000067
:1017200000000000003312120C0804030000000047
:10173000001E0804041E000018080808080C080809
:101740000808180008080808080808080808080811
:101750000604040404080404040406001609000036
:101760000000000000000000000000000000000079
:101770000000000000000000000000080808080841
:10178000080800001818000000486C24120000002F
:1017900000000000000000000000002424247F124C
:1017A00012127F12121200000000081C2A2A0A0CD2
:1017B0001828282A2A1C08080000002225151515BB
:1017C0002A585454542200000000000C1212120A2D
:1017D00076252911916E0000000606040300000022
:1017E0000000000000000000004020101008080861
:1017F000080808101020400000020408081010100B
:1018000010101008080402000000000008086B1CFB
:101810001C6B080800000000000000000808080811
:101820007F08080808000000000000000000000019
:101830000000000006060403000000000000000095
:10184000FE0000000000000000000000000000009A
:10185000000000000606000000008040402020102C
:10186000100808040402020000000018244242424A
:101870004242424224180000000000080E080808F6
:1018800008080808083E00000000003C42424220D0
:1018900020100804427E00000000003C4242201854
:1018A00020404042221C0000000000203028242458
:1018B00022227E20207800000000007E0202021A10
:1018C00026404042221C0000000000382402021A78
:1018D00026424242241800000000007E22221010FE
:1018E00008080808080800000000003C42424224A2
:1018F00018244242423C00000000001824424242A8
:1019000064584040241C000000000000000018182B
:10191000000000001818000000000000000000088F
:101920000000000000080804000000402010080427
:1019300002040810204000000000000000007F00AA
:1019400000007F00000000000000000204081020DA
:1019500040201008040200000000003C42424640C3
:1019600020101000181800000000001C225A5555C5
:1019700055552D42221C00000000000808181414C0
:10198000243C224242E700000000001F2222221EC7
:1019900022424242221F00000000007C424201011C
:1019A00001010142221C00000000001F22424242AD
:1019B00042424242221F00000000003F4212121E1B
:1019C00012120242423F00000000003F4212121E6B
:1019D00012120202020700000000003C2222010154
:1019E00001712122221C0000000000E74242424215
:1019F0007E42424242E700000000003E080808081C
:101A000008080808083E00000000007C10101010B4
:101A1000101010101010110F0000007722120A0E83
:101A20000A121222227700000000000702020202BE
:101A300002020202427F000000000077363636368E
:101A40002A2A2A2A2A6B0000000000E346464A4A56
:101A500052525262624700000000001C2241414184
:101A600041414141221C00000000003F42424242ED
:101A70003E020202020700000000001C2241414118
:101A800041414D53321C60000000003F4242423E43
:101A90001212222242C700000000007C42420204CF
:101AA00018204042423E00000000007F490808081C
:101AB00008080808081C0000000000E742424242F3
:101AC00042424242423C0000000000E742422224DF
:101AD00024141418080800000000006B4949494903
:101AE0005555362222220000000000E74224241827
:101AF0001818242442E70000000000772222141462
:101B000008080808081C00000000007E21201010B2
:101B100008040442423F000000780808080808084A
:101B200008080808080878000000020204040808F1
:101B30000810102020204040001E1010101010101F
:101B40001010101010101E0000384400000000009B
:101B50000000000000000000000000000000000085
:101B600000000000000000FF000608000000000068
:101B70000000000000000000000000000000003C29
:101B80004278444242FC0000000000030202021AB4
:101B900026424242261A00000000000000000038E1
:101BA00044020202443800000000006040404078D7
:101BB0004442424264D80000000000000000003CA3
:101BC000427E0202423C0000000000F08808087ECD
:101BD00008080808083E0000000000000000007C23
:101BE00022221C023C42423C000000030202023A54
:101BF0004642424242E700000000000C0C00000E8A
:101C000008080808083E00000000003030000038D6
:101C1000202020202020221E000000030202027249
:101C2000120A1612227700000000000E08080808A9
:101C300008080808083E0000000000000000007FBF
:101C40009292929292B70000000000000000003BC8
:101C50004642424242E70000000000000000003C13
:101C600042424242423C0000000000000000001BD3
:101C700026424242221E02070000000000000078B7
:101C800044424242447840E00000000000000077F7
:101C90004C040404041F0000000000000000007C4D
:101CA00042023C40423E0000000000000008083EA6
:101CB0000808080808300000000000000000006369
:101CC0004242424262DC000000000000000000E7E7
:101CD000422424140808000000000000000000EB6B
:101CE00049495555222200000000000000000076FE
:101CF00024181818246E000000000000000000E7FF
:101D00004224241418080807000000000000007E88
:101D100022100808447E000000C02020202020104F
:101D2000202020202020C0001010101010101010B3
:101D300010101010101010100006080808080810E5
:101D400008080808080806000C32C200000000005D
:101D50000000000000000000000000000000000083
:101D60000000000000000000000000000000000073
:101D70000000000000000000000000000000000063
:101D80000000000000000000000000000000000053
:101D9000E000E000E000E000E00040004000400023
:101DA000400040004000000000000000E000E000B3
:101DB000E000000000000000000000006006600677
:101DC000300398018800440000000000000000007B
:101DD0000000000000000000000000000000000003
:101DE00000000000000000000000000000000000F3
:101DF00000000802080208020802FE07FE070802A7
:101E0000080204010401FE07FE07040104010401A5
:101E1000040100000000000000000000000040007D
:101E20004000F00158034C034C034C005800700074
:101E3000E000C001C00140034C034C034C034801C7
:101E4000F000400040000000000000000000000022
:101E500000000E030A01110191009100D100510010
:101E6000FA03AE0260045004500458044804880287
:101E700084030000000000000000000000000000DB
:101E8000000038006400640064006400A4031C01C6
:101E90000C011A019200B300E3006300C300A60422
:101EA0001C03000000000000000000000C001C00EB
:101EB00010001000080006000000000000000000F4
:101EC0000000000000000000000000000000000012
:101ED00000000000000000000000000000040002FC
:101EE000000180018000C000C00060006000600050
:101EF0006000600060006000C000C00080008001E1
:101F000000010002000400000000000002000400C4
:101F10000800180010003000300060006000600011
:101F200060006000600060003000300010001800A9
:101F30000800040002000000000000000000000093
:101F4000000000004000400040004E0E5C07F00121
:101F5000F0015C074E0E4000400040000000000011
:101F60000000000000000000000000000000000071
:101F70000000000000004000400040004000400021
:101F8000FE0F400040004000400040000000000004
:101F90000000000000000000000000000000000041
:101FA0000000000000000000000000000000000031
:101FB0000000000000000000000000000C001C00F9
:101FC00010001000080006000000000000000000E3
:101FD0000000000000000000000000000000000001
:101FE000FE070000000000000000000000000000EC
:101FF00000000000000000000000000000000000E1
:1020000000000000000000000000000000000000D0
:102010000000000000000000000000001C001C0088
:102020001C0000000000000000000000000400068A
:102030000002000300010001800080004000400019
:1020400060002000200010001000080008000C00B4
:102050000400060002000000000000000000000074
:102060000000F00098010C030C03060606060606A5
:10207000060606060606060606060C030C0398016D
:10208000F000000000000000000000000000000060
:102090000000400060007C006000600060006000A4
:1020A0006000600060006000600060006000600030
:1020B000FC03000000000000000000000000000021
:1020C0000000F800840102030603060300038001F8
:1020D0008001C00020001000080204020202FE037A
:1020E000FE030000000000000000000000000000EF
:1020F00000007800C4008601860186018001C000CE
:10210000700080010001000306030603060384013A
:10211000F8000000000000000000000000000000C7
:1021200000018001C001C001A0019001900188015F
:10213000840184018201FE07800180018001800109
:10214000E0070000000000000000000000000000A8
:102150000000FC03FC030400040004000400F4007D
:102160008C010403000300030603060382018401BB
:10217000F800000000000000000000000000000067
:102180000000E00118030C030C0004000600E60147
:1021900016030E0606060606060604060C021803BB
:1021A000F00000000000000000000000000000003F
:1021B0000000F807FC070C02040104010001800084
:1021C000800040004000400060006000600060004F
:1021D000600000000000000000000000000000009F
:1021E0000000F8010C030606060606060E023C0374
:1021F000F000CC01040306060606060606060C03DC
:10220000F0010000000000000000000000000000DD
:102210000000F0000C010C03060206060606060686
:1022200006078C0678060006000300030C018C01EB
:102230007800000000000000000000000000000026
:1022400000000000000000000000E000E000E000EE
:10225000000000000000000000000000E000E000BE
:10226000E00000000000000000000000000000008E
:10227000000000000000000000000000600060009E
:1022800000000000000000000000000000006000EE
:10229000600040002000000000000000000000007E
:1022A000000400020001800040002000100008002F
:1022B000040008001000200040008000000100021F
:1022C000000400000000000000000000000000000A
:1022D000000000000000000000000000FE070000F9
:1022E000000000000000FE070000000000000000E9
:1022F00000000000000000000000000000000000DE
:1023000004000800100020004000800000010002CE
:1023100000040002000180004000200010000800BE
:1023200004000000000000000000000000000000A9
:10233000F0010C03020602060606060600038001F1
:1023400060002000200020000000000070007000ED
:10235000700000000000000000000000000000000D
:102360000000E00138060804CC0A640B260926099F
:10237000160916099609960566030C080C0418023E
:10238000E00100000000000000000000000000006C
:102390000000600060007000D000D000C80088011C
:1023A00088018801F80104030403040304060606F7
:1023B0000F0F0000000000000000000000000000FF
:1023C0000000FF00860106030603060306038601DC
:1023D000FE000603060206060606060606060603B5
:1023E000FF010000000000000000000000000000ED
:1023F0000000E00718060C040C04040006000600A8
:10240000060006000600060006040C040C02180173
:10241000F0000000000000000000000000000000CC
:1024200000007F0086010603060306060606060670
:102430000606060606060606060606030603C60187
:102440007F0000000000000000000000000000000D
:102450000000FF0306020604060006008600860050
:10246000FE0086008600060006000604060406023A
:10247000FF0300000000000000000000000000005A
:102480000000FF030603060406040600860086001B
:10249000FE00860086000600060006000600060014
:1024A0000F0000000000000000000000000000001D
:1024B0000000F00218030C020C02040006000600E3
:1024C00006000600C60F060306030C030C031803E0
:1024D000F00000000000000000000000000000000C
:1024E00000000F0F06060606060606060606060686
:1024F000FE07060606060606060606060606060683
:102500000F0F0000000000000000000000000000AD
:102510000000FC036000600060006000600060007C
:1025200060006000600060006000600060006000AB
:10253000FC0300000000000000000000000000009C
:102540000000F00F80018001800180018001800186
:102550008001800180018001800180018001800173
:1025600080018601C6007C00000000000000000021
:102570000000CF0706018600460046002600360010
:102580003E006E00E600C600C6018601060306078F
:102590008F0F00000000000000000000000000009D
:1025A00000000F00060006000600060006000600F8
:1025B00006000600060006000600060406040602E1
:1025C000FF03000000000000000000000000000009
:1025D00000000F0F0E070E070E079A069A069A06BE
:1025E0009A065A06720672067206720622062206BB
:1025F000270F0000000000000000000000000000A5
:102600000000070E0E040E041A041A0432046204B9
:102610006204C204C204820502070207020602061F
:10262000070400000000000000000000000000009F
:102630000000F00098010C030C02060606060606D0
:10264000060606060606060606060C020C03980198
:10265000F00000000000000000000000000000008A
:102660000000FF0106030606060606060606060625
:102670000603FE010600060006000600060006002E
:102680000F0000000000000000000000000000003B
:102690000000F00098010C030C0206060606060670
:1026A000060606060606060676064C028C03880118
:1026B000F00180070003000000000000000000009F
:1026C0000000FF01060306060606060606060603C8
:1026D000FE006600C600C6008601860106030603EA
:1026E0000F0E0000000000000000000000000000CD
:1026F0000000F8040C070604060406000E003C0067
:10270000F000C003000300060206020606060E03E0
:10271000F2010000000000000000000000000000C6
:102720000000FE076204610861086000600060004C
:102730006000600060006000600060006000600099
:10274000F000000000000000000000000000000099
:1027500000000F0E06040604060406040604060420
:1027600006040604060406040604060406040C0215
:10277000F801000000000000000000000000000060
:1027800000001F0F0E060C020C020C020C011801B7
:10279000180118011801B000B000B000F00060008E
:1027A00060000000000000000000000000000000C9
:1027B0000000EF0E6604660466026602E602EC02A2
:1027C000EC02DC01DC01DC01DC019C0188008800FA
:1027D0008800000000000000000000000000000071
:1027E00000009E070C03180118019800B00070004B
:1027F00060006000E000D000D001980188010C0367
:102800009E07000000000000000000000000000023
:1028100000001F0F0E060C020C0118011801B00079
:10282000B000700060006000600060006000600048
:10283000F80100000000000000000000000000009F
:102840000000FC07040382038001C001C000C00037
:102850006000600030003000180018041C040C02F6
:10286000FE0300000000000000000000E007200060
:102870002000200020002000200020002000200058
:102880002000200020002000200020002000200048
:1028900020002000E0070000000000000000000011
:1028A00004000800080008001000100020002000AC
:1028B00020004000400080008000800000010001F6
:1028C000000200020002000400000000FC00800082
:1028D00080008000800080008000800080008000F8
:1028E00080008000800080008000800080008000E8
:1028F00080008000FC00000000000000E000B0014B
:1029000008020000000000000000000000000000BD
:1029100000000000000000000000000000000000B7
:1029200000000000000000000000000000000000A7
:102930000000000000000000000000000000000097
:102940000000000000000000000000000000000087
:10295000000000000000FF0F0000000018006000F1
:102960000000000000000000000000000000000067
:102970000000000000000000000000000000000057
:102980000000000000000000000000000000000047
:10299000000000000000000000000000F0010C0337
:1029A0000C03E00338030C030603060306038E0B37
:1029B0007C0F00000000000000000000000000008C
:1029C00008000E000C000C000C000C00CC013C03B5
:1029D0001C060C060C060C060C060C060C021C034E
:1029E000F4010000000000000000000000000000F2
:1029F000000000000000000000000000F0008C015A
:102A00008C01860106000600060006020C020C017D
:102A1000F0000000000000000000000000000000C6
:102A200000028003000300030003000378038C030B
:102A30000C030603060306030603060304038C07C0
:102A4000780100000000000000000000000000000D
:102A5000000000000000000000000000E00118037A
:102A600008060C06FC070C000C000C0018043802C9
:102A7000E001000000000000000000000000000075
:102A80000000C0036006300630003000FE03300056
:102A900030003000300030003000300030003000B6
:102AA000FC01000000000000000000000000000029
:102AB000000000000000000000000000F00E980977
:102AC0000C030C030C039801F8000C007C00F803C5
:102AD000060606060E07F8010000000000000000D0
:102AE00008000E000C000C000C000C00EC011C0394
:102AF0000C030C030C030C030C030C030C030C035E
:102B00009E07000000000000000000000000000020
:102B10000000600060000000000000007C00600019
:102B200060006000600060006000600060006000A5
:102B3000FC03000000000000000000000000000096
:102B4000000080018001000000000000F001800111
:102B5000800180018001800180018001800180016D
:102B600080018001CC007C0000000000000000001B
:102B700008000E000C000C000C000C00CC038C00B4
:102B8000CC004C006C007C00DC00CC008C018C0183
:102B90009E07000000000000000000000000000090
:102BA00040007C0060006000600060006000600029
:102BB0006000600060006000600060006000600015
:102BC000FC03000000000000000000000000000006
:102BD0000000000000000000000000007707EE0683
:102BE0006606660666066606660666066606660685
:102BF000EF0E0000000000000000000000000000D8
:102C0000000000000000000000000000CE013C03B6
:102C10000C030C030C030C030C030C030C030C033C
:102C20009E070000000000000000000000000000FF
:102C3000000000000000000000000000F00098010B
:102C40000C03060606060606060606060C030C031B
:102C5000F000000000000000000000000000000084
:102C6000000000000000000000000000EE011C0356
:102C70000C060C060C060C060C060C060C031C03BA
:102C8000EC010C000C003E00000000000000000001
:102C900000000000000000000000000078028C032B
:102CA0000C030603060306030603060304038C0352
:102CB000780300030003C0070000000000000000CC
:102CC0000000000000000000000000009F07580600
:102CD0003800180018001800180018001800180014
:102CE000FF000000000000000000000000000000E5
:102CF000000000000000000000000000F0071806BF
:102D00000C040C003800F0018003040604060C03D8
:102D1000FC010000000000000000000000000000B6
:102D2000000000002000200030003000FE013000D4
:102D3000300030003000300030003000300230020F
:102D4000E0010000000000000000000000000000A2
:102D50000000000000000000000008028E030C03C9
:102D60000C030C030C030C030C030C030C039C0757
:102D700078010000000000000000000000000000DA
:102D80000000000000000000000000003E0F1C06D4
:102D900018021802300130013001E000E000E000CC
:102DA00040000000000000000000000000000000E3
:102DB000000000000000000000000000EF0DC6044D
:102DC000C604E604EC04AC039C039C039C030801CA
:102DD00008010000000000000000000000000000EA
:102DE000000000000000000000000000BE07180105
:102DF0009801B00070006000E000D00098018803E6
:102E0000DE070000000000000000000000000000DD
:102E1000000000000000000000000000BE071C01D0
:102E200018011801B000B000B00060006000400060
:102E30002000200014001C00000000000000000022
:102E4000000000000000000000000000FC038401FE
:102E5000C401C000E00060007000300438041806AF
:102E6000FC030000000000000000000000038001DF
:102E70008000800080008000800080008000C00012
:102E80002000C00080008000800080008000800062
:102E9000800080010003000040004000400040002E
:102EA0004000400040004000400040004000400022
:102EB0004000400040004000400040004000400012
:102EC0004000400040004000000000000C001800DE
:102ED0001000100010001000100010001000300052
:102EE0004000300010001000100010001000100012
:102EF000100018000C00000000001C002400420814
:102F00008204000700000000000000000000000034
:102F100000000000000000000000000000000000B1
:102F200000000000000000000000000000000000A1
:102F30000000000000000000000000000000000091
:102F40000000000000000000000000000000000081
:102F50000000000000000000000000000000000071
:102F60000000000000000000000000000000000061
:102F70000000C001C001C001C001C001C001C0010A
:102F800080008000800080008000800080000000C1
:102F90000000000000008001C003C00380010000A9
:102FA0000000000000000000000000000000E01C25
:102FB000E01CF01E700E38071803080184000000A2
:102FC0000000000000000000000000000000000001
:102FD00000000000000000000000000000000000F1
:102FE00000000000000000000000000000000000E1
:102FF0000000000020102010201020102010FE7F64
:10300000FE7F10081008100810081008100810089B
:10301000FE7FFE7F0804080408040804080400007A
:1030200000000000000000000000000000000000A0
:1030300000010001C0076019103118311839183922
:1030400038017001E001C0038007000F001D003946
:1030500000311C311C310C310C11180DE00700013E
:10306000000100010000000000000000000000005E
:10307000000000001C1036186308630C630463042E
:10308000630263026301361D9C37802280634063C4
:10309000406320632063306310221836081C000050
:1030A0000000000000000000000000000000000020
:1030B00000000000F00098018C018C018C018C0153
:1030C0008C00CC007800183E1C08360832086304D7
:1030D0006304C304C303834306438E26781C0000A5
:1030E00000000000000000000000000000001C00C4
:1030F0003C003C003000300010000C0006000000D6
:1031000000000000000000000000000000000000BF
:1031100000000000000000000000000000000000AF
:10312000000000000000000000000000000000405F
:10313000002000100008000C00040006000300033B
:1031400000038001800180018001800180018001F5
:10315000800100030003000300060006000C0008C5
:1031600000100020004000000000000000000200ED
:10317000040008001000300020006000C000C00003
:10318000C0008001800180018001800180018001F8
:103190008001C000C000C00060006000300010006E
:1031A0000800040002000000000000000000000011
:1031B0000000000000000000000180038003000107
:1031C0001C713C79783DC0070001C007783D3C790F
:1031D0001C710001800380038001000000000000DA
:1031E00000000000000000000000000000000000DF
:1031F00000000000000000000000000100010001CC
:103200000001000100010001FC7F0001000100013C
:1032100000010001000100010000000000000000AA
:10322000000000000000000000000000000000009E
:10323000000000000000000000000000000000008E
:10324000000000000000000000000000000000007E
:1032500000000000000000001C003C003C003000AA
:10326000300010000C00060000000000000000000C
:10327000000000000000000000000000000000004E
:103280000000000000000000FE7F000000000000C1
:10329000000000000000000000000000000000002E
:1032A000000000000000000000000000000000001E
:1032B000000000000000000000000000000000000E
:1032C00000000000000000000000000000000000FE
:1032D00000000000000018003C003C001800000046
:1032E000000000000000000000000000000000409E
:1032F000006000200030001000180008000C0004DE
:10330000000600020003000180018000C0004000B0
:103310006000200030001000180008000C000400BD
:103320000600020000000000000000000000000095
:1033300000000000C007600C30181830183018204A
:103340000C600C600C600C600C600C600C600C601D
:103350000C601820183018303018600CC0070000BE
:10336000000000000000000000000000000000005D
:103370000000000000018001F8018001800180014F
:103380008001800180018001800180018001800135
:1033900080018001800180018001C003F81F0000CE
:1033A000000000000000000000000000000000001D
:1033B00000000000E007101C0818043004300C3036
:1033C0000C300030001800080004000200018000EA
:1033D00040002020102008200430FC1FFC1F0000AB
:1033E00000000000000000000000000000000000DD
:1033F00000000000E003180E0C0C0C180C180C1840
:103400000018000C0006C003000E00180010003069
:1034100000300C300C300C100C18180CE0030000BD
:10342000000000000000000000000000000000009C
:1034300000000000000C000E000E000F800E800E39
:10344000400E600E200E100E100E080E040E040E1C
:10345000FE7F000E000E000E000E000E000EC07F5C
:10346000000000000000000000000000000000005C
:1034700000000000F03FF03F1000100010000800B6
:103480000800C807280C1818081000300030003059
:1034900000300C300C3004180418080CF003000045
:1034A000000000000000000000000000000000001C
:1034B00000000000800FC0102030103018001800ED
:1034C00008000C008C0F6C183C301C600C600C6009
:1034D0000C600C601860182030306018C0070000C5
:1034E00000000000000000000000000000000000DC
:1034F00000000000F83FF83F1C100C08040804040A
:1035000000040002000200010001000180008000B0
:103510008000C000C000C000C000C000C0000000AB
:10352000000000000000000000000000000000009B
:1035300000000000E007300C18180C300C300C3084
:103540001C3038187008E007B007180E0C1C06383D
:1035500006300630063006300C18180CE003000068
:10356000000000000000000000000000000000005B
:1035700000000000E00318040C080C1806100630C8
:1035800006300630063006380C3C1836F031003074
:103590000018001800180C0C0C060C03F0010000B9
:1035A000000000000000000000000000000000001B
:1035B000000000000000000000000000000000000B
:1035C00000008001C003C003800100000000000073
:1035D0000000000000008001C003C0038001000063
:1035E00000000000000000000000000000000000DB
:1035F00000000000000000000000000000000000CB
:103600000000C000C000000000000000000000003A
:1036100000000000000000000000C000C0008000AA
:10362000800040004000000000000000000000009A
:1036300000000020001000080004000600038001C4
:10364000C0006000300018000C001800300060005E
:10365000C0008001000300060004000800100020E4
:10366000000000000000000000000000000000005A
:10367000000000000000000000000000000000004A
:103680000000FE7F00000000000000000000FE7F40
:10369000000000000000000000000000000000002A
:1036A000000000000000000000000000000000001A
:1036B000000004000800100020006000C00080012D
:1036C00000030006000C001800300018000C000673
:1036D00000038001C000600020001000080004000A
:1036E00000000000000000000000000000000000DA
:1036F0000000C0073018083008600C601C601C60B7
:103700001C600030001C000600018000800080006A
:103710008000000000008001C003C00380010000A1
:103720000000000000000000000000000000000099
:1037300000000000C0076018103018200C2F8C4DBE
:10374000864CC64CC64C664C664466446626662665
:103750006615CC1C0C40082018303018C00700003B
:103760000000000000000000000000000000000059
:1037700000000001C001C001C0014001600320033E
:10378000200320033006100610061006F80F080C60
:10379000080C080C0C0C0418041806181F7C0000F8
:1037A0000000000000000000000000000000000019
:1037B00000000000FE07181C1838183018301830A8
:1037C00018301818180CF807181818301820186036
:1037D000186018601860186018301818FE0F000084
:1037E00000000000000000000000000000000000D9
:1037F00000000000C0276038103018200C400C403A
:10380000040006000600060006000600060006008A
:1038100006000C400C400C2018303018C007000087
:103820000000000000000000000000000000000098
:1038300000000000FE03180E181818301830183059
:1038400018601860186018601860186018601860B8
:1038500018601830183018101818180EFE030000E1
:103860000000000000000000000000000000000058
:1038700000000000FE3F18301820186018401800A3
:1038800018081808180CF80F180C18081808180051
:10389000180018001840184018201830FE3F00008B
:1038A0000000000000000000000000000000000018
:1038B00000000000FE7F1870184018C01880180023
:1038C000181018101818F81F1818181018101800C9
:1038D0001800180018001800180018007E000000DA
:1038E00000000000000000000000000000000000D8
:1038F00000000000C013701C101018100C200C20C9
:1039000004000600060006000600060006FC06305D
:1039100006300C300C30183018303008C00700006A
:103920000000000000000000000000000000000097
:10393000000000003F7E0C180C180C180C180C1816
:103940000C180C180C180C18FC1F0C180C180C1860
:103950000C180C180C180C180C180C183F7E0000D2
:103960000000000000000000000000000000000057
:1039700000000000F81F80018001800180018001AB
:10398000800180018001800180018001800180012F
:10399000800180018001800180018001F81F00000A
:1039A0000000000000000000000000000000000017
:1039B00000000000E07F000600060006000600068A
:1039C00000060006000600060006000600060006C7
:1039D00000060006000600060006000600060006B7
:1039E0000E060E038E01FC00000000000000000027
:1039F000000000007E7C1818180818041806180229
:103A0000180198019801D801B8033803180718065F
:103A1000180E180C181C1818183018307EFC0000EE
:103A20000000000000000000000000000000000096
:103A3000000000007E001800180018001800180090
:103A400018001800180018001800180018001800B6
:103A5000180018001840184018201830FE3F0000C9
:103A60000000000000000000000000000000000056
:103A7000000000001FF81C381C381C381C3C343473
:103A800034343434343674326432643264326431FF
:103A9000C431C431C431C430C43084309FFC000010
:103AA0000000000000000000000000000000000016
:103AB000000000001F7C1C103C10341034107410E7
:103AC0006410E410C410C411841184130413041787
:103AD0000416041E041C041C041C04181F180000F7
:103AE00000000000000000000000000000000000D6
:103AF00000000000C003300C181808100C300C3007
:103B00000660066006600660066006600660066085
:103B100006600C200C3008101818300CC003000090
:103B20000000000000000000000000000000000095
:103B300000000000FE0F1818183018601860186098
:103B40001860186018301818F80F180018001800BE
:103B50001800180018001800180018007E00000057
:103B60000000000000000000000000000000000055
:103B700000000000C003300C18180C100C300C2092
:103B80000660066006600660066006600660066005
:103B90000660E4612C331C321816300EC007004C4E
:103BA000007C003800000000000000000000000061
:103BB00000000000FE07181C1838183018301830A4
:103BC00018301818180CF807980318031807180667
:103BD0001806180E180C180C181C18187E780000FF
:103BE00000000000000000000000000000000000D5
:103BF00000000000E027303818300C200C200C00AA
:103C00000C0018007800E003800F001E00380070E0
:103C1000006004600460086018303818C80F0000A5
:103C20000000000000000000000000000000000094
:103C300000000000FC3F8C218461824182418001B0
:103C4000800180018001800180018001800180016C
:103C5000800180018001800180018001E007000077
:103C60000000000000000000000000000000000054
:103C7000000000003F7C0C100C100C100C100C10FD
:103C80000C100C100C100C100C100C100C100C1054
:103C90000C100C100C100C1008083804E003000085
:103CA0000000000000000000000000000000000014
:103CB000000000003EF818201820182030103010A6
:103CC00030103010600860086008E00CC004C004C8
:103CD000C004800380038003800300010001000012
:103CE00000000000000000000000000000000000D4
:103CF00000000000DFF38661862186218C210C21E3
:103D00008C238C138C138C134C1358125816580E8A
:103D1000380E380E380E300C100410041004000059
:103D20000000000000000000000000000000000093
:103D3000000000007E3E180838083004300470028D
:103D40006002E001C001C001800180034003400720
:103D500020062006100C100C081808183E7C0000E5
:103D60000000000000000000000000000000000053
:103D7000000000007E7C1C10181018083008300C61
:103D8000700460046002C002C002C00180018001B2
:103D9000800180018001800180018001E007000036
:103DA0000000000000000000000000000000000013
:103DB00000000000F83F18180818040C040E000654
:103DC0000007000380038001C001C000E000600024
:103DD00070003000382018201C100C18FE1F000046
:103DE0000000000000000000000000000000C03FD4
:103DF00040004000400040004000400040004000C3
:103E000040004000400040004000400040004000B2
:103E100040004000400040004000400040004000A2
:103E20004000C03F00000000000000000000000053
:103E3000000008001800180010003000200060008A
:103E400060004000C000800080018001000100038C
:103E50000002000600060004000C0008001800180C
:103E60000010003000200000000000000000FC03F3
:103E70000002000200020002000200020002000232
:103E80000002000200020002000200020002000222
:103E90000002000200020002000200020002000212
:103EA0000002FC030000000000000000000080078A
:103EB000C0062008101000000000000000000000F4
:103EC00000000000000000000000000000000000F2
:103ED00000000000000000000000000000000000E2
:103EE00000000000000000000000000000000000D2
:103EF00000000000000000000000000000000000C2
:103F000000000000000000000000000000000000B1
:103F100000000000000000000000000000000000A1
:103F2000000000000000FFFF00000000000078001B
:103F3000C0000001000000000000000000000000C0
:103F40000000000000000000000000000000000071
:103F50000000000000000000000000000000000061
:103F60000000000000000000000000000000000051
:103F70000000000000000000000000000000000041
:103F80000000F00318060C0C0C0C000C800F700CD9
:103F90001C0C0C0C060C060C064C0C4FF8380000E0
:103FA0000000000000000000000000000000000011
:103FB000000010001E00180018001800180018005B
:103FC0001800180FD818383038601860186018605A
:103FD000186018601860182038307818C80700007A
:103FE00000000000000000000000000000000000D1
:103FF00000000000000000000000000000000000C1
:104000000000C007700C181818180C180C000C00D1
:104010000C000C000C20182018103008C0070000FD
:104020000000000000000000000000000000000090
:1040300000000010001E00180018001800180018DA
:104040000018E01B301C181818180C180C180C1845
:104050000C180C180C180818181C307AE00900000D
:104060000000000000000000000000000000000050
:104070000000000000000000000000000000000040
:104080000000C007300C181808100C300C30FC3F32
:104090000C000C000C00182018107018C00700004D
:1040A0000000000000000000000000000000000010
:1040B00000000000003E80C380C0C0C0C000C0003F
:1040C000C000FC1FC000C000C000C000C000C00095
:1040D000C000C000C000C000C000C000F80F000059
:1040E00000000000000000000000000000000000D0
:1040F00000000000000000000000000000000000C0
:104100000000C077306C10181818181818181018FC
:10411000300CF00718001800F00FF03F08700C602A
:104120000C600C603838E00F000000000000000058
:10413000000010001E0018001800180018001800D9
:104140001800980FD8183830183018301830183038
:104150001830183018301830183018307EFC000035
:10416000000000000000000000000000000000004F
:1041700000000000800380038003000000000000B6
:104180000001F8018001800180018001800180012F
:10419000800180018001800180018001F81F000002
:1041A000000000000000000000000000000000000F
:1041B0000000000000380038003800000000000057
:1041C0000010801F001800180018001800180018B0
:1041D000001800180018001800180018001800181F
:1041E0000018180C1806F003000000000000000082
:1041F000000010001E001800180018001800180019
:104200001800183E180C1806180318019801D80158
:10421000380318071806180C181C18187E7C0000A4
:10422000000000000000000000000000000000008E
:1042300000000001F80180018001800180018001FF
:104240008001800180018001800180018001800166
:10425000800180018001800180018001F81F000041
:10426000000000000000000000000000000000004E
:10427000000000000000000000000000000000003E
:104280000800EE1C9C338C318C318C318C318C319C
:104290008C318C318C318C318C318C31DE7B000057
:1042A000000000000000000000000000000000000E
:1042B00000000000000000000000000000000000FE
:1042C00010001E0FD8183830183018301830183039
:1042D0001830183018301830183018307EFC0000B4
:1042E00000000000000000000000000000000000CE
:1042F00000000000000000000000000000000000BE
:104300000000C007701C103018300C600C600C608E
:104310000C600C600C60183018303018C0070000BA
:10432000000000000000000000000000000000008D
:10433000000000000000000000000000000000007D
:1043400010009E0F58183830182018601860186038
:1043500018601860186018303830781898071800FE
:104360001800180018007E00000000000000000087
:10437000000000000000000000000000000000003D
:104380000000C023303C183818300C300C300C3092
:104390000C300C300C3008301838303CE033003032
:1043A00000300030003000FC000000000000000081
:1043B00000000000000000000000000000000000FD
:1043C00060007E3C60666061E000E00060006000CC
:1043D000600060006000600060006000FE07000098
:1043E00000000000000000000000000000000000CD
:1043F00000000000000000000000000000000000BD
:104400000000E02730381830182018007000E00352
:10441000800F001C043004300C301C18EC0F00001E
:10442000000000000000000000000000000000008C
:104430000000000000000000800080008000C0003C
:10444000E000FC1FC000C000C000C000C000C000F1
:10445000C000C000C000C020C0208011000F0000BC
:10446000000000000000000000000000000000004C
:10447000000000000000000000000000000000003C
:1044800010201E3C183018301830183018301830F2
:104490001830183018301830183830F4E013000095
:1044A000000000000000000000000000000000000C
:1044B00000000000000000000000000000000000FC
:1044C00000007E3C181818083808300430047002C8
:1044D00060026002E001C001C001C0008000000075
:1044E00000000000000000000000000000000000CC
:1044F00000000000000000000000000000000000BC
:104500000000DFF78E630C238C238C239813981301
:1045100058165816700E700E700E200420040000FD
:10452000000000000000000000000000000000008B
:10453000000000000000000000000000000000007B
:104540000000FC3E70087004E004C002C00180035B
:10455000800340076006200C100C18183E7E0000F7
:10456000000000000000000000000000000000004B
:10457000000000000000000000000000000000003B
:1045800000007E7C181818083008300830046004D9
:104590006004C002C002C00280018001800180006E
:1045A000800080004C003C00000000000000000083
:1045B00000000000000000000000000000000000FB
:1045C0000000FC1F0C0C040E040600038003800195
:1045D000C000E0007020302038301C18FC1F0000A4
:1045E000000000000000000000000000000000309B
:1045F0000008000400040004000400040004000497
:104600000004000400040002800100020004000411
:10461000000400040004000400040004000400047A
:10462000000400080030000000010001000100014A
:104630000001000100010001000100010001000172
:104640000001000100010001000100010001000162
:104650000001000100010001000100010001000152
:1046600000010001000100010000000000000C003A
:10467000100020002000200020002000200020004A
:104680002000200020004000800140002000200089
:10469000200020002000200020002000200020001A
:1046A000200010000C00000000003800C40086400C
:1046B00002610022001C0000000000000000000059
:1046C00000000000000000000000000000000000EA
:1046D00000000000000000000000000000000000DA
:1046E00000000000000000000000000000000000CA
:1046F0000000010000000300400003028001030FDE
:104700000003030300068301000E8301000CC300B5
:10471000000C430020002308E0FFFF3F600000087A
:10472000600000086008100860F03F086010300862
:1047300060103008601030086010300860103008D9
:104740006010300860F03F086010300860101008FA
:10475000600800086000200C6000C00F6000000FBF
:104760002000000200000000000000000000000027
:10477000000030000000700000103000FE3F3000EC
:1047800080013000C000300CC0C0FF1FC0003000EE
:104790004000300060003000600030002008301021
:1047A000F0FFFF3F700C0000780C3000680C7000C8
:1047B0006C0C3000640C3000620C300C60CCFF1FBD
:1047C000600C3000600C3000E00F3000600C3000F6
:1047D000600C30006000301020F8FF3F0000000047
:1047E00000000000000000000000000000000000C9
:1047F0000000000000080000001C0800000E70000F
:104800000087C0018083810380C1010760C0010E61
:104810003060010408600200043004000018080041
:10482000000C1800000630000003E0008001800743
:10483000C001403F30FEFF1C0C06E0000006600097
:1048400000066000000660000006600000066000D0
:104850000006600000FE7F000006600000066000A9
:1048600000022000000000000010CE003600011BF6
:10487000FFFFFFFFFFFFFFFFFFFFFFFFFFFFFFFF48
:10488000FFFFFFFFFFFFFFFFFFFFFFFFFFFFFFFF38
:10489000FFFFFFFFFFFFFFFFFFFFFFFFFFFFFFFF28
:1048A000FFFFFFFFFFFFFFFFFFFFFFFFFFFFFFFF18
:1048B000FFFFFFFFFFFFFFFFFFFFFFFFFFFFFFFF08
:1048C000FFFFFFFFFFFFFFFFFFFFFFFFFFFFFFFFF8
:1048D000FFFFFFFFFFFFFFFFFFFFFFFFFFFFFFFFE8
:1048E000FFFFFFFFFFFFFFFFFFFFFFFFFFFFFFFFD8
:1048F000FFFFFFFFFFFFFFFFFFFFFFFFFFFFFFFFC8
:10490000FFFFFFFFFFFFFFFFFFFFFFFFFFFFFFFFB7
:10491000FFFFDFF7FFFFFFFFFFFFFFFFFFFFFFFFCF
:10492000FFFFFFFFFFFFFFFFFFFFFFFFFFFFFFFF97
:10493000FFFFFFFFFFFFFFFFFFFFFFFFFFFFFFFF87
:10494000FFFFFFFFFFFFFFFFFFFFFFFFFFFFFFFF77
:10495000FFFFFFFFFFFFFFFFFFFFFFFFFFFFFFFF67
:10496000FFFFFFFFFFFFFFFFFFFFFFFFFFFFFFFF57
:10497000FFFFFFFFFFFFFFFFFFFFFFFFFFFFFFFF47
:10498000FFFFFFFF3CD7957D3CD7FFFFFFFFFFFFF9
:10499000FFFFFFFFFFFFFFFFFFFFFFFFFFFFFFFF27
:1049A000FFFFFFFFFFFFFFFFFFFFFFFFFFFFFFFF17
:1049B000FFFFFFFFFFFFFFFFFFFFFFFFFFFFFFFF07
:1049C000FFFFFFFFFFFFFFFFFFFFFFFFFFFFFFFFF7
:1049D000FFFFFFFFFFFFFFFFFFFFFFFFFFFFFFFFE7
:1049E000FFFFFFFFFFFFFFFFFFFFFFFFFFFFFFFFD7
:1049F000FFFFFFFFFFFFFFFFFFFFFFFFFFFFFFFFC7
:104A0000FFFFFFFFFFFFFFFFFFFFFFFFFFFFFFFFB6
:104A1000FFFFFFFFFFFFFFFFFFFFFFFFFFFFFFFFA6
:104A2000FFFFFFFFFFFFFFFFFFFFFFFFFFFF39FF5C
:104A300093F6EDED6AEDC4E451F6FFFFFFFFFFFFD3
:104A4000FFFFFFFFEEED07E58BEDEEEDB4F65AFF4D
:104A5000FFFFFFFFFFFFFFFFFFFFFFFFFFFFFFFF66
:104A6000FFFFFFFFFFFFFFFFFFFFFFFFFFFFFFFF56
:104A7000FFFFFFFFFFFFFFFFFFFFFFFFFFFFFFFF46
:104A8000FFFFFFFFFFFFFFFFFFFFFFFFFFFFFFFF36
:104A9000FFFFFFFFFFFFFFFFFFFFFFFFFFFFFFFF26
:104AA000FFFFFFFFFFFFFFFFFFFFDFF7D68D704423
:104AB0007475DFF7FFFFFFFFFFFFFFFFFFFFFFFF43
:104AC000FFFFFFFFFFFFFFFFFFFFFFFFFFFFFFFFF6
:104AD000FFFFFFFFFFFFFFFFFFFFFFFFFFFFFFFFE6
:104AE000FFFFFFFFFFFFFFFFFFFFFFFFFFFFFFFFD6
:104AF000FFFFFFFFFFFFFFFFFFFFFFFFFFFFFFFFC6
:104B0000FFFFFFFFFFFFFFFFFFFFFFFFFFFFFFFFB5
:104B1000FFFFFFFFFFFFFFFFFFFFFFFFFFFFFFFFA5
:104B2000B14CAC13957DFFFFFFFFFFFFFFFFFFFFC1
:104B3000FFFFFFFFFFFFFFFFFFFFFFFFFFFFFFFF85
:104B4000FFFFFFFFFFFFFFFFFFFFFFFFFFFFFFFF75
:104B5000FFFFFFFFFFFFFFFFFFFFFFFFFFFFFFFF65
:104B6000FFFFFFFFFFFFFFFFFFFFFFFFFFFFFFFF55
:104B7000FFFFFFFFFFFFFFFFFFFFFFFFFFFFFFFF45
:104B8000FFFFFFFFFFFFFFFFFFFFFFFFFFFFFFFF35
:104B9000FFFFFFFFFFFFFFFFFFFFFFFFFFFFFFFF25
:104BA000FFFFFFFFFFFFFFFFFFFFFFFFFFFFFFFF15
:104BB000FFFFFFFFFFFFFFFFFFFFFFFFFFFFFFFF05
:104BC000FFFFFFFFBDFF94F6ACED07E5C4E4C4E4CE
:104BD000C4E4C4E451F6FFFFFFFFFFFFFFFFFFFF48
:104BE000EEEDC4E4C4E4C4E4C4E427E5CDEDD5F6B9
:104BF000DEFFFFFFFFFFFFFFFFFFFFFFFFFFFFFFE6
:104C0000FFFFFFFFFFFFFFFFFFFFFFFFFFFFFFFFB4
:104C1000FFFFFFFFFFFFFFFFFFFFFFFFFFFFFFFFA4
:104C2000FFFFFFFFFFFFFFFFFFFFFFFFFFFFFFFF94
:104C3000BEF799B6B585336D547517967DDFFFFFC6
:104C4000FFFFFFFFFFFF94758C138C13AC1BFABEA4
:104C5000FFFF9DE7B585FBCEFFFFFFFFFFFFFFFFD7
:104C6000FFFF7DE75CDFBEEFFFFFFFFFFFFFFFFF02
:104C7000FFFFFFFFFFFFFFFFFFFFFFFFFFFFFFFF44
:104C8000FFFFFFFFFFFFFFFFFFFFFFFFFFFFFFFF34
:104C9000FFFFFFFFDFFF7DE7FAC699B6DAC67DE7C3
:104CA000FFFFFFFF1796D68DFFFFFFFFFFFFFFFF00
:104CB000FFFFFFFFFFFFFFFFFFFF1BCFAC1BAC138E
:104CC0002E34BEEFFFFFFFFFFFFFFFFFFFFFFFFFE1
:104CD000FFFFFFFFFFFFFFFFFFFFFFFFFFFFFFFFE4
:104CE000FFFFFFFFFFFFFFFFFFFFFFFFFFFFFFFFD4
:104CF000FFFFFFFFFFFFFFFFFFFFFFFFFFFFFFFFC4
:104D0000FFFFFFFFFFFFFBC678AEFFFFFFFFFFFFC8
:104D1000FFFFFFFFFFFFFFFFFFFFFFFFFFFFFFFFA3
:104D2000FFFFFFFFFFFFFFFFFFFFFFFFFFFFFFFF93
:104D3000FFFFFFFFFFFFFFFFFFFFFFFFFFFFFFFF83
:104D4000FFFFFFFFFFFFFFFFFFFFFFFFFFFFFFFF73
:104D5000FFFFFFFFFFFFFFFFFFFFFFFFFFFFDEFF84
:104D6000ACEDC4E4C4E4C4E4C4E4C4E4C4E4C4E412
:104D700072F6FFFFFFFFFFFFFFFFFFFF0FEEC4E430
:104D8000C4E4C4E4C4E4C4E4C4E4C4E430EEDEFF38
:104D9000FFFFFFFFFFFFFFFFFFFFFFFFFFFFFFFF23
:104DA000FFFFFFFFFFFFFFFFFFFFFFFFFFFFFFFF13
:104DB000FFFFFFFFFFFFFFFFFFFFFFFFFFFFFFFF03
:104DC000FFFFFFFFDEF75DDF78AE336D2E34AC13EF
:104DD000AC13AC13AC13AC130D24747DBEF7FFFF02
:104DE000FFFFB04CAC1BAC1BAC1BB9B6FFFF99BEB0
:104DF000AC13CC1BF154B585D585336D6F3C0E2CAF
:104E0000ED232E2C9044947DDAC6FFFFFFFFFFFFB9
:104E1000FFFFFFFFFFFFFFFFFFFFFFFFFFFFBABE28
:104E2000F154D58DFBC6FAC678AED68D336DB14C34
:104E30002F34ED23CC1BAC13CC1B0E2CB04C4F3CB1
:104E4000AC13D154FFFFFFFFFFFFFFFFFFFFFFFF8A
:104E5000FFFFFFFF7DE79044AC13AC13AC1390440D
:104E600058A6FBC61BCF7DE7FFFFFFFFFFFFFFFF3D
:104E7000FFFFFFFFFFFFFFFFFFFFFFFFFFFFFFFF42
:104E8000FFFFFFFFFFFFFFFFFFFFFFFFFFFFFFFF32
:104E9000FFFFFFFFFFFFFFFFFFFFFFFFFFFFBEEF73
:104EA0001796CC1B0D2CBEF7FFFFFFFFFFFFFFFF88
:104EB000FFFFBEF774751796FFFFFFFFFFFFFFFFB1
:104EC000FFFFFFFFFFFFDFFFFFFFFFFFFFFFFFFF12
:104ED000FFFFFFFFFFFFFFFFFFFFFFFFFFFFFFFFE2
:104EE000FFFFFFFFFFFFFFFFFFFFFFFFFFFFFFFFD2
:104EF000FFFFFFFFFFFFFFFFFFFFBDFFE6E4C4E48E
:104F0000C4E4C4E4C4E4C4E4C4E4C4E472F6FFFF4B
:104F1000FFFFFFFFFFFFFFFFEEEDC4E4C4E4C4E4C6
:104F2000C4E4C4E4C4E4C4E46AEDBDFFFFFFFFFFD2
:104F3000FFFFFFFFFFFFFFFFFFFFFFFFFFFFFFFF81
:104F4000FFFFFFFFFFFFFFFFFFFFFFFFFFFFFFFF71
:104F5000FFFFFFFFFFFFFFFFFFFF5CDFD585125D57
:104F60009044CC1BAC13AC13AC13AC13AC13AC130C
:104F7000AC13AC13AC13AC13D154DFF7FFFF737554
:104F8000AC1BAC13AC1BFBCEFFFF1BCFAC13AC1B9D
:104F9000AC13AC13AC13AC13AC13AC13AC13AC1319
:104FA000AC13AC13AC1313657DDFFFFFFFFFFFFFF6
:104FB000FFFFFFFFFFFFFFFFDABEAC13AC13AC1324
:104FC000AC13AC13AC13AC13AC13AC13AC13AC13E9
:104FD000AC13AC13AC13AC13AC13AC136F3CBEEFFF
:104FE000FFFFFFFF7DE7FFFFFFFFBEF71BCFF6953B
:104FF0002E34AC13AC13AC13AC13AC13AC13AC1316
:10500000AC13ED23D154D58599B6DFFFFFFFFFFF29
:10501000FFFFFFFFFFFFFFFFFFFFFFFFFFFFFFFFA0
:10502000FFFFFFFFFFFFFFFFFFFFFFFFFFFFFFFF90
:10503000FFFFFFFFDFFFFAC6D68D4F3CAC13AC136A
:10504000B14CFFFFFFFFFFFFFFFFFFFFFFFF1BCF85
:10505000AC13AC13336D78AEFBCE1BCFDABE379EEC
:10506000536DB14CD154957DDAC6FFFFFFFFFFFFB2
:10507000FFFFFFFFFFFFFFFFFFFFFFFFFFFFFFFF40
:10508000FFFFFFFFFFFFFFFFFFFFFFFFFFFFFFFF30
:10509000FFFFFFFFFFFFBDFF27E5C4E4C4E4C4E456
:1050A000C4E4C4E4C4E4C4E472F6FFFFFFFFFFFFFE
:1050B000FFFFFFFFEEEDC4E4C4E4C4E4C4E4C4E4D1
:1050C000C4E4C4E48BEDDEFFFFFFFFFFFFFFFFFF43
:1050D000FFFFFFFFFFFFFFFFFFFFFFFFFFFFFFFFE0
:1050E000FFFFFFFFFFFFFFFFFFFFFFFFFFFFFFFFD0
:1050F000FFFFFFFF58A60D24AC13AC13AC13AC1389
:10510000AC13AC13AC13AC13AC13AC13AC13AC13A7
:10511000AC13AC136F44DFFFFFFFD585AC13AC13AA
:10512000CC1B3BCFFFFFDFF7B04CAC13AC13AC1381
:10513000AC13AC13AC13AC13AC13AC13AC13AC1377
:10514000AC13AC132E345CDFFFFFFFFFFFFFFFFF4C
:10515000FFFFFFFF1265AC13AC13AC13AC13AC1321
:10516000AC13AC13AC13AC13AC13AC13AC13AC1347
:10517000AC13AC13AC13D154BEEFFFFFFFFF957D12
:105180002E346F4490444F3CCC1BAC13AC13AC1387
:10519000AC13AC13AC13AC13AC13AC13AC13AC1317
:1051A000AC13AC13ED239EEFFFFFFFFFFFFFFFFFEC
:1051B000FFFFFFFFFFFFFFFFFFFFFFFFFFFFFAC63D
:1051C000125D3365B585F68D1696D68D947D125D8C
:1051D0006F3CAC13AC13AC13AC13AC1358A6FFFF6D
:1051E000FFFFFFFFFFFFFFFFFFFF7DDFCD1BAC13C6
:1051F000AC13AC13CC1BCC1BAC13AC13AC13AC1367
:10520000AC13AC13AC13F15CBABEFFFFFFFFFFFFA2
:10521000FFFFFFFFFFFFFFFFFFFFFFFFFFFFFFFF9E
:10522000FFFFFFFFFFFFFFFFDFFFFFFFFFFFFFFFAE
:10523000FFFFBDFF28E5C4E4C4E4C4E4C4E4C4E45F
:10524000C4E4C4E472F6FFFFFFFFFFFFFFFFFFFFB0
:10525000EEEDC4E4C4E4C4E4C4E4C4E4C4E4C4E4DB
:10526000ACEDDEFFFFFFFFFFFFFFDFF7DFFFFFFF1C
:10527000FFFFFFFFFFFFFFFFFFFFFFFFFFFFFFFF3E
:10528000FFFFFFFFFFFFFFFFFFFFFFFFFFFFFFFF2E
:105290003365AC13AC13AC13AC13AC13AC13AC133D
:1052A000AC13AC13AC13AC13AC13AC13AC13AC1306
:1052B000BABEFFFFFFFFF695AC13AC13CC1B1BCFA0
:1052C000FFFFFFFF5CDF4E34AC1BAC13AC13AC1321
:1052D000AC13AC13AC13AC13AC13AC13AC1BAC13CE
:1052E000AC1379AEFFFFFFFFFFFFFFFFFFFFFFFFE4
:1052F0007475AC13AC13AC13AC13AC13AC13AC138C
:10530000AC13AC13AC13AC13AC13AC13AC13CC1B7D
:10531000747DFFFFFFFFFFFFFFFF4F3CAC13AC139B
:10532000AC13AC13AC13AC13AC13AC13AC13AC1385
:10533000AC13AC13AC13AC13AC13AC13AC134F3CA9
:10534000FBC6FFFFFFFFFFFFFFFFFFFFFFFFFFFFAA
:10535000FFFFFFFFFFFFFFFFFFFF536DAC13AC1319
:10536000AC13AC13AC13AC13AC13AC13AC13AC1345
:10537000AC13AC13AC13D154FFFFFFFFFFFFFFFFD3
:10538000FFFFFFFFFFFFFFFF1265AC13AC13AC1371
:10539000AC13AC13AC13AC13AC13AC13AC13AC1315
:1053A000AC13AC13AC131796FFFFFFFFFFFFFFFF1B
:1053B000FFFFFFFFFFFFFFFFFFFFFFFFFFFFFFFFFD
:1053C000FFFFDAC6B5857DE7FFFFFFFFFFFFBDFFEB
:1053D00028E5C4E4C4E4C4E4C4E4C4E4C4E4C4E428
:1053E00072F6FFFFFFFFFFFFFFFFFFFFEEEDC4E4DC
:1053F000C4E4C4E4C4E4C4E4C4E4C4E4ACEDDEFF47
:10540000FFFFFFFFFFFF7DE774757DDFFFFFFFFFFD
:10541000FFFFFFFFFFFFFFFFFFFFFFFFFFFFFFFF9C
:10542000FFFFFFFFFFFFFFFFFFFFFFFF1BCFAC13DF
:10543000AC13AC13AC13AC13AC13AC13AC13AC1374
:10544000AC13AC13AC13AC13AC13379EFFFFFFFFD0
:10545000FFFF1796AC1BAC13CD1B3CD7FFFFFFFF24
:10546000FFFF7DE7125DAC1BAC13AC13AC13AC13A8
:10547000AC13AC13AC13AC13AC138C1B9475DEF7EC
:10548000FFFFFFFFFFFFFFFFFFFFFFFF1BCFAC137F
:10549000AC13AC13AC13AC13AC13AC13CC1B947D9A
:1054A00079AEDAC6DAC6B9B658A6FBCEFFFFFFFF63
:1054B000FFFFFFFFFFFFB585AC13AC13AC13AC13BC
:1054C0000E2CED23AC13AC13AC13AC13AC13AC1318
:1054D000AC1390441265747537A6BEF7FFFFFFFF4B
:1054E000FFFFFFFFFFFFFFFFFFFFFFFFFFFFFFFFCC
:1054F000FFFFFFFFFFFFFBC6AC13AC13AC13AC13F5
:10550000AC13AC13AC13AC13AC13AC13AC13AC13A3
:1055100090449EEFFFFFFFFFFFFFFFFFFFFFFFFF36
:10552000FFFFFFFF7DE74F3CAC13AC13AC13AC1394
:10553000AC13AC13AC13AC13AC13AC13AC13AC1373
:10554000AC13AC135DDFFFFFFFFFFFFFFFFFFFFFAB
:10555000FFFFFFFFFFFFFFFFFFFFFFFF3CD72E34E2
:1055600090449EEFFFFFFFFFFFFFBDFF28E5C4E46F
:10557000C4E4C4E4C4E4C4E4C4E4C4E472F6FFFFD5
:10558000FFFFFFFFFFFFFFFFEEEDC4E4C4E4C4E450
:10559000C4E4C4E4C4E4C4E4ACEDDEFFFFFFFFFFF9
:1055A000FFFF9DE70D24D1549EEFFFFFFFFFFFFF9C
:1055B000FFFFFFFFFFFFFFFFFFFFFFFFFFFFFFFFFB
:1055C000FFFFFFFFFFFFFFFFFFFF3265AC13AC13D0
:1055D000AC13AC13AC13AC13AC13AC13AC13AC13D3
:1055E000AC13AC1BD585FFFFFFFFFFFFFFFF379E0E
:1055F0008C1BAC1BAD1B3BCFFFFFFFFFFFFFFFFF73
:10560000FFFF79AE904CAC1BAC13AC13AC13AC13D6
:10561000AC13AC1B2E3478AEFFFFFFFFFFFFFFFF84
:10562000FFFFFFFFFFFFFFFFFFFFF695AC13AC137B
:10563000AC13AC13AC130E2CFBCEFFFFFFFFFFFF30
:10564000FFFFFFFFFFFFFFFFFFFFFFFFFFFFFFFF6A
:10565000FFFFDFFF379ED58558A61BCF9DE77DE76F
:10566000BABE7044AC13AC13AC1374753CD7DFF7FF
:10567000FFFFFFFFFFFFFFFFFFFFFFFFFFFFFFFF3A
:10568000FFFFFFFFFFFFFFFFFFFFFFFFFFFFFFFF2A
:10569000FFFFFFFFD585AC13AC13AC13AC13AC13F9
:1056A000AC13AC13AC13AC13AC13125DDFF7FFFFFC
:1056B000FFFFFFFFFFFFFFFFFFFFFFFFFFFFFFFFFA
:1056C000FFFF9DE7D154AC13AC13AC13AC13AC1378
:1056D000AC13AC13AC13AC13AC13AC13AC13D58D2F
:1056E000DFF7FFFFFFFFFFFFFFFFFFFFFFFFFFFFF2
:1056F000FFFFFFFFFFFF7DE7904CAC13F154BEEFBF
:10570000FFFFFFFFFFFFBDFF28E5C4E4C4E4C4E4DE
:10571000C4E4C4E4C4E4C4E472F6FFFFFFFFFFFF87
:10572000FFFFFFFFEEEDC4E4C4E4C4E4C4E4C4E45A
:10573000C4E4C4E4ACEDDEFFFFFFFFFFFFFF9DE725
:105740002E34AC131265DFF7FFFFFFFFFFFFFFFFF3
:10575000FFFFFFFFFFFFFFFFFFFFFFFFFFFFFFFF59
:10576000FFFFFFFFFFFF9EEF9044AC13AC13AC13A1
:10577000AC13AC13AC13AC13CD234F3C1265DABEA3
:10578000FFFFFFFFFFFFFFFFFFFFF68DAC1BAC131A
:10579000AC1BDAC6FFFFFFFFFFFFFFFFFFFFFFFFAE
:1057A000FFFFDAC6B5851265F15CF25C536D58A651
:1057B000DFF7FFFFFFFFFFFFFFFFFFFFFFFFFFFF21
:1057C000FFFFFFFFFFFFFFFF3365AC13AC13AC130C
:1057D000AC1378AEFFFFFFFFFFFFFFFFFFFFFFFFF0
:1057E000FFFFFFFFFFFFFFFFFFFFFFFFFFFFFFFFC9
:1057F000FFFFFFFFFFFFFFFFFFFFFFFFFFFF379EE2
:10580000AC13ED2399B6FFFFFFFFFFFFFFFFFFFF84
:10581000FFFFFFFFFFFFFFFFFFFFFFFFFFFFFFFF98
:10582000FFFFFFFFFFFFFFFFFFFFFFFFFFFFFFFF88
:10583000FFFF5375AC13AC13AC13AC13AC13AC1328
:10584000AC130E2C379EFFFFFFFFFFFFFFFFFFFF94
:10585000FFFF5DDFF68DFBCEFFFFFFFFFFFFFFFFCA
:10586000FFFFF6952F34AC13AC13AC13AC13AC1391
:10587000AC13AC13AC132E3499B6FFFFFFFFFFFF40
:10588000FFFFFFFFFFFFFFFFFFFFFFFFFFFFFFFF28
:10589000DFFF125DAC13AC13F15CBEEFFFFFFFFF47
:1058A000FFFFBDFF28E5C4E4C4E4C4E4C4E4C4E4E9
:1058B000C4E4C4E472F6FFFFFFFFFFFFFFFFFFFF3A
:1058C000EEEDC4E4C4E4C4E4C4E4C4E4C4E4C4E465
:1058D000ACEDDEFFFFFFFFFFFFFF9DE72E34AC13B3
:1058E000AC13947DFFFFFFFFFFFFFFFFFFFFFFFFF4
:1058F000FFFFFFFFFFFFFFFFFFFFFFFFFFFFFFFFB8
:10590000FFFFFFFFDFF758A6F69516961796379E0E
:1059100099B6FBC65CDFBEEFFFFFFFFFFFFFFFFF97
:10592000FFFFFFFFFFFF125DAC1BAC13AC13379EF4
:10593000FFFFFFFFFFFFFFFFFFFFFFFFFFFFFFFF77
:10594000FFFFFFFFFFFFFFFFFFFFFFFFFFFFFFFF67
:10595000FFFFFFFFFFFFFFFFFFFFFFFFFFFFFFFF57
:10596000FFFFFFFF7DE7CD1BAC13AC13ED237DE7FD
:10597000FFFFFFFFFFFFFFFFFFFFFFFFFFFFFFFF37
:10598000FFFFFFFFFFFFFFFFFFFFFFFFFFFFFFFF27
:10599000FFFFFFFFFFFFFFFFFFFFB04CAC13ED2346
:1059A0005DDFFFFFFFFFFFFFFFFFFFFFFFFFFFFFC9
:1059B000FFFFFFFFFFFFFFFFFFFFFFFFFFFFFFFFF7
:1059C000FFFFFFFFFFFFFFFFFFFFFFFFFFFFFFFFE7
:1059D000957DAC13AC13AC13AC130E2CD5857DE7C1
:1059E000FFFFFFFFFFFFFFFFFFFFFFFF17960E2CDC
:1059F000AC130E2CBEF7FFFFFFFFFFFFFFFFFFFF03
:105A00009EEF58A6336D90440E2CCD1BAC1B0E2C74
:105A1000D5859DE7FFFFFFFFFFFFFFFFFFFFFFFFB4
:105A2000FFFFFFFFFFFFFFFFFFFFFFFFD68DAC1360
:105A3000AC13AC13F15CBEEFFFFFFFFFFFFFBDFF38
:105A400028E5C4E4C4E4C4E4C4E4C4E4C4E4C4E4B1
:105A500072F6FFFFFFFFFFFFFFFFFFFFEEEDC4E465
:105A6000C4E4C4E4C4E4C4E4C4E4C4E4ACEDDEFFD0
:105A7000FFFFFFFFFFFF9DE72E34AC13AC13CD1BE0
:105A800099B6FFFFFFFFFFFFFFFFFFFFFFFFFFFFD5
:105A9000FFFFFFFFFFFFFFFFFFFFFFFFFFFFFFFF16
:105AA000FFFFFFFFFFFFFFFFFFFFFFFFFFFFFFFF06
:105AB000FFFFFFFFFFFFFFFFFFFFFFFFFFFFFFFFF6
:105AC000FBC6CC1BAC13AC13AC13B04CDFFFFFFF19
:105AD000FFFFFFFFFFFFFFFFFFFFFFFFFFFFFFFFD6
:105AE000FFFFFFFFFFFFFFFFFFFFFFFFFFFFFFFFC6
:105AF000FFFFFFFFFFFFFFFFFFFFFFFFFFFFFFFFB6
:105B0000FFFF4F3CAC13AC130E2CBEF7FFFFFFFFA3
:105B1000FFFFFFFFBEEF9EEFFFFFFFFFBABEB585A1
:105B20007DDFFFFFFFFFFFFFFFFFFFFFFFFFFFFF27
:105B3000FFFFFFFFB585AC13AC13AC134E341265F9
:105B4000F25C336DB58558A61BCF9EEFFFFFFFFFBC
:105B5000FFFFFFFFFFFFFFFFFFFFFFFFFFFFFFFF55
:105B6000FFFFFFFFFFFFFFFFFFFFFFFFFFFF99B6F4
:105B70009044B04C179E9EEFFFFFFFFFFFFFFFFF1B
:105B8000FFFFFFFFDFFF7475AC13AC13AC13AC1356
:105B90001265FFFFFFFFFFFFFFFFFFFFFFFFFFFF9C
:105BA000FFFFDFF7BEEF7DDF5CDFBEEFFFFFFFFF34
:105BB000FFFFFFFFFFFFFFFFFFFFFFFFFFFFFFFFF5
:105BC000FFFFFFFFFFFF1BCFED23AC13AC13AC13A4
:105BD000F25CBEF7FFFFFFFFFFFFBDFF28E5C4E457
:105BE000C4E4C4E4C4E4C4E4C4E4C4E472F6FFFF5F
:105BF000FFFFFFFFFFFFFFFFEEEDC4E4C4E4C4E4DA
:105C0000C4E4C4E4C4E4C4E4ACEDDEFFFFFFFFFF82
:105C1000FFFF9DE72E34AC13AC13AC134F3CBEEF2B
:105C2000FFFFFFFFFFFFFFFFFFFFFFFFFFFFFFFF84
:105C3000FFFFFFFFFFFFFFFFFFFFFFFFFFFFFFFF74
:105C4000FFFFFFFFFFFFFFFFFFFFFFFFFFFFFFFF64
:105C5000FFFFFFFFFFFFFFFFFFFF99B62E34AC1BD6
:105C6000AC13AC13AC13AC13B04C78AE5CDFDFF705
:105C7000FFFFFFFFFFFFFFFFFFFFFFFFFFFFFFFF34
:105C8000FFFFFFFFFFFFFFFFFFFFFFFFFFFFFFFF24
:105C9000FFFFFFFFFFFFFFFFFFFFFFFFDFF70E2C00
:105CA000AC13AC13AC13F695FFFF9DE758A6536DEC
:105CB0004F3C2E341265B14CAC13AC13D68DFFFFA4
:105CC000FFFFFFFFFFFFFFFFDEF73CD778AE126557
:105CD000AC13AC13AC13AC13AC13AC13AC13AC13CC
:105CE000AC13AC13AC132E34336D179E1BCFFFFFD8
:105CF000FFFFFFFFFFFFFFFFFFFFFFFFFFFFFFFFB4
:105D0000FFFFFFFFFFFFFFFFFFFFFFFFFFFFFFFFA3
:105D1000FFFFFFFFFFFFFFFFFFFFFFFFFFFFFBCEC8
:105D2000B04CAC13AC13AC13AC13AC13AC13B14C00
:105D3000DAC6FFFFFFFFFFFFFFFFFFFFFFFFFFFFD1
:105D4000FFFFFFFFFFFFFFFFFFFFFFFFFFFFFFFF63
:105D5000FFFFFFFFFFFFFFFFFFFFFFFFFFFFFFFF53
:105D6000FFFFF25CAC13AC13AC13AC13F25CBEF7E8
:105D7000FFFFFFFFFFFFBDFF27E5C4E4C4E4C4E469
:105D8000C4E4C4E4C4E4C4E472F6FFFFFFFFFFFF11
:105D9000FFFFFFFF0FEEC4E4C4E4C4E4C4E4C4E4C2
:105DA000C4E4C4E4ACEDDEFFFFFFFFFFFFFF9DE7AF
:105DB0002E34AC13AC13AC13AC13947DFFFFFFFF78
:105DC000FFFFFFFFFFFFFFFFFFFFFFFFFFFFFFFFE3
:105DD000FFFFFFFFFFFFFFFFFFFFFFFFFFFFFFFFD3
:105DE000FFFFFFFFFFFFDFF7BEEF5CDFDABE58A665
:105DF000D68D53759044AC13AC13AC13AC13AC13E9
:105E0000AC13AC13AC13AC13ED234F3CD15453750E
:105E1000B585179678AE99AEDABE1BD73CD77DE72D
:105E2000BEEFFFFFFFFFFFFFFFFFFFFFFFFFFFFFD3
:105E3000FFFFFFFFFFFFFFFFFAC6AC13AC13AC136D
:105E4000AC13AC134F3C2E34AC13AC13AC13AC13EB
:105E5000AC13AC13AC13AC131BCFFFFFFAC6536DDE
:105E6000125DB14C4F3CED23AC13AC13AC13AC132F
:105E7000AC13AC13AC13AC13AC13AC13AC13AC132A
:105E8000AC13AC13AC13AC13AC131BCFFFFFFFFF71
:105E9000FFFFFFFFFFFFFFFFFFFFFFFFFFFFFFFF12
:105EA000FFFFFFFFFFFFFFFFFFFFFFFFFFFFFFFF02
:105EB000FFFFFFFFFFFF5CDF7475CC1BAC13AC135F
:105EC000AC13AC13AC13AC13AC13AC13AC1B536DD1
:105ED0003CD7FFFFFFFFFFFFFFFFFFFFFFFFFFFFBD
:105EE000FFFFFFFFFFFFFFFFFFFFFFFFFFFFFFFFC2
:105EF000FFFFFFFFFFFFFFFFFFFFFFFFBABEAC1377
:105F0000AC13AC13AC13AC13F25CBEF7FFFFFFFF96
:105F1000FFFFBDFF28E5C4E4C4E4C4E4C4E4C4E472
:105F2000C4E4C4E472F6FFFFFFFFFFFFFFFFFFFFC3
:105F30000FEEC4E4C4E4C4E4C4E4C4E4C4E4C4E4CC
:105F4000ACEDDEFFFFFFFFFFFFFF9DE72E34AC133C
:105F5000AC13AC13AC13ED235CDFFFFFFFFFFFFFBF
:105F6000FFFFFFFFFFFFFFFFFFFFFFFFFFFFFFFF41
:105F7000FFFFFFFFFFFFB9B6B58574755375125D5E
:105F8000B14C6F442E2CCC1BAC13AC1BAC1BAC1314
:105F9000AC13AC13AC13AC13AC13AC13AC13AC1309
:105FA000AC13AC13AC13AC13AC13AC1BAC1BAC13E9
:105FB000AC13AC1BAC13AC13AC13CC1B0D24F25CB8
:105FC0009EEFFFFFFFFFFFFFFFFFFFFFFFFFFFFF52
:105FD000FFFFFFFF5375AC13AC13AC13AC13AC1342
:105FE000AC13AC13AC13AC13AC13AC13AC13AC13B9
:105FF000AC13D154FFFFFFFF9044AC13AC13AC13B0
:10600000AC13AC13AC13AC13AC13AC13AC13AC1398
:10601000AC13AC13AC13AC13AC13AC13AC13AC1388
:10602000AC13CD1B947DBEEFFFFFFFFFFFFFFFFF13
:10603000FFFFFFFFFFFFFFFFFFFFFFFFFFFFFFFF70
:10604000FFFFFFFFFFFFFFFFFFFFFFFFFFFFFAC69E
:10605000536DCC1BAC13AC13CC1BB585B9B6B9B61C
:1060600017963365ED23AC13AC13AC13CC1B947DA6
:106070003CD7FFFFFFFFFFFFFFFFFFFFFFFFFFFF1B
:10608000FFFFFFFFFFFFFFFFFFFFFFFFFFFFFFFF20
:10609000FFFFFFFFFFFFFFFFF25CAC13AC13AC137D
:1060A000AC13AC13F25CBEF7FFFFFFFFFFFFBDFFB9
:1060B00027E5C4E4C4E4C4E4C4E4C4E4C4E4C4E43C
:1060C00072F6FFFFFFFFFFFFFFFFFFFF0FEEC4E4CD
:1060D000C4E4C4E4C4E4C4E4C4E4C4E4ACEDDEFF5A
:1060E000FFFFFFFFFFFF9DE72E34AC13AC13AC1393
:1060F000AC13AC13947DFFFFFFFFFFFFFFFFFFFF1B
:10610000FFFFFFFFFFFFFFFFFFFFFFFFFFFFFFFF9F
:10611000F264CC13AC13AC13AC13AC13AC13AC13D0
:10612000AC13AC13AC13AC13AC13AC1BAC1BAC1367
:10613000AC1BAC13AC13AC13AC13AC13AC1BAC1B4F
:10614000AC1BAC13AC13AC13AC13AC13AC13AC134F
:10615000AC13AC13AC13AC13AC13CC13179EFFFFF2
:10616000FFFFFFFFFFFFFFFFFFFFFFFFFFFF9DE7B9
:10617000CD23AC13AC13AC13AC13AC13AC13AC13F6
:10618000AC13AC13AC13AC13AC13AC13AC1358A6D8
:10619000FFFFFFFF4F34AC13AC13AC13AC13AC13C5
:1061A000AC13AC13AC13AC13AC13AC13AC132E3454
:1061B0001265536D12656F3CAC13AC13D1543CD7D0
:1061C000FFFFFFFFFFFFFFFFFFFFFFFFFFFFFFFFDF
:1061D000FFFFFFFFFFFFFFFFFFFFFFFFFFFFFFFFCF
:1061E000FFFFFFFFFFFF79AED154AC13AC13AC132C
:1061F000AC13D1541BD7FFFFFFFFFFFFFFFFFFFFD3
:106200005CDF3365AC13AC13AC13AC13CD1B747DE6
:106210005CDFFFFFFFFFFFFFFFFFFFFFFFFFFFFF51
:10622000FFFFFFFFFFFFFFFFFFFFFFFFFFFFFFFF7E
:10623000FFFF1BCFCC1BAC13AC13AC13AC13AC13D4
:10624000F25CBEF7FFFFFFFFFFFFBDFF27E5C4E4E1
:10625000C4E4C4E4C4E4C4E4C4E4C4E472F6FFFFE8
:10626000FFFFFFFFFFFFFFFF0FEEC4E4C4E4C4E441
:10627000C4E4C4E4C4E4C4E4ACEDDEFFFFFFFFFF0C
:10628000FFFF9DE72E34AC13AC13AC13AC13AC136F
:106290004F3C9DE7FFFFFFFFFFFFFFFFFFFFFFFFFB
:1062A000FFFFFFFFFFFFFFFFFFFFBEEFED1BAC1384
:1062B000AC13AC13AC13AC13AC13AC13AC13AC13E6
:1062C000CC13AC13CD1B0D242E344E344F3C9044D4
:1062D000D154F25C3365336D3365125DF154D15C9A
:1062E000D15490444F3C2E34CD1BAC13AC1BAC139B
:1062F000AC13AC13AC13CC13B585FFFFFFFFFFFF4E
:10630000FFFFFFFFFFFFFFFFFFFF7475AC13AC1330
:10631000AC13AC13AC13AC13AC13AC130E2C4F3C3E
:106320000E2CAC13AC13AC13ED237DDFFFFFFFFF8E
:10633000F25CAC13AC13AC132E3433651696F68DA9
:10634000B04CAC13AC13AC13F25C9EEFFFFFFFFF3D
:10635000FFFFBEF73CD73CD7FFFFFFFFFFFFFFFF6C
:10636000FFFFFFFFFFFFFFFFFFFFFFFFFFFFFFFF3D
:10637000FFFFFFFFFFFFFFFFFFFFFFFFFFFF99B6DC
:10638000B04CAC13AC13AC13AC13ED23F68DFFFF84
:10639000FFFFFFFFFFFFFFFFFFFFFFFFFFFFFFFF0D
:1063A000179ECC1BAC13AC13AC13AC13ED23D585EB
:1063B0009EEFFFFFFFFFFFFFFFFFFFFFFFFFFFFF5E
:1063C000FFFFFFFFFFFFFFFFFFFFFFFFFFFFD58581
:1063D000AC13AC13AC13AC13AC13AC13F25CBEF740
:1063E000FFFFFFFFFFFFBDFF27E5C4E4C4E4C4E4F3
:1063F000C4E4C4E4C4E4C4E472F6FFFFFFFFFFFF9B
:10640000FFFFFFFF0FEEC4E4C4E4C4E4C4E4C4E44B
:10641000C4E4C4E4ACEDDEFFFFFFFFFFFFFF9DE738
:106420002E34AC13AC13AC13AC13AC13AC13379EBB
:10643000FFFFFFFFFFFFFFFFFFFFFFFFFFFFFFFF6C
:10644000FFFFFFFFFFFFDFFF4F3CAC13AC13AC13AC
:10645000AC13AC13AC1BAC1B6F3CF264B58578AECF
:10646000FBCE5CDF9EEFDFF7FFFFFFFFFFFFFFFFCD
:10647000FFFFFFFFFFFFFFFFFFFFFFFFFFFFFFFF2C
:10648000DFFFBEF73CD7947DAC13AC1BAC13AC1351
:10649000AC13AC1399AEFFFFFFFFFFFFFFFFFFFF41
:1064A000FFFFFFFFDABEAC13AC13AC13AC13AC139D
:1064B000AC13AC130E2C379E9DE7FFFF7DDF4F3CE6
:1064C000AC13AC13D154FFFFFFFFFFFF3CD71265A5
:1064D000537599AEBEF7FFFFFFFFFFFFFFFF125D91
:1064E000AC13AC13FAC6FFFFFFFFFFFFFFFFFFFF78
:1064F000FFFFFFFFFFFFFFFFFFFFFFFFFFFFFFFFAC
:10650000FFFFFFFFFFFFFFFFFFFFFFFFFFFFFFFF9B
:10651000FFFFFFFFFFFFB9BED154AC13AC13AC13A8
:10652000AC13AC1390441BCFFFFFFFFFFFFFFFFF37
:10653000FFFFFFFFFFFFFFFFFFFFFFFFFFFFDAC6C9
:106540000E2CAC13AC13AC13AC13AC132E3478AECE
:10655000FFFFFFFFFFFFFFFFFFFFFFFFFFFFFFFF4B
:10656000FFFFFFFFFFFFFFFFBEF79044AC13AC132C
:10657000AC13AC13AC13AC13F25CBEF7FFFFFFFF20
:10658000FFFFBDFF27E5C4E4C4E4C4E4C4E4C4E4FD
:10659000C4E4C4E472F6FFFFFFFFFFFFFFFFFFFF4D
:1065A0000FEEC4E4C4E4C4E4C4E4C4E4C4E4C4E456
:1065B000ACEDDEFFFFFFFFFFFFFF9DE72E34AC13C6
:1065C000AC13AC13AC13AC13AC13336DFFFFFFFF74
:1065D000FFFFFFFFFFFFFFFFFFFFFFFFFFFFFFFFCB
:1065E000FFFFFFFF3265AC1BAC13AC13AC13AC1B4D
:1065F00033651BCFBEF7FFFFFFFFFFFFFFFFFFFF6E
:10660000FFFFFFFFFFFFFFFFFFFFFFFFFFFFFFFF9A
:10661000FFFFFFFFFFFFFFFFFFFFFFFFFFFFFFFF8A
:10662000FFFFFFFFF685AC13AC1BAC13AC13AC1B28
:106630003CD7FFFFFFFFFFFFFFFFFFFFFFFF3CD740
:10664000ED23AC13AC13AC13AC13AC13AC13CD23D0
:106650003CD7FFFFFFFFFFFFFFFF747DAC13AC13C0
:10666000B585FFFFFFFFFFFFFFFFFFFFFFFFFFFFFE
:10667000FFFFFFFFFFFFFFFFFFFF7475AC13AC13BD
:10668000D68DFFFFFFFFFFFFFFFFFFFFFFFFFFFFB5
:10669000FFFFFFFFFFFFFFFFFFFFFFFFFFFFFFFF0A
:1066A000FFFFFFFFFFFFFFFFFFFFFFFFFFFFBABE80
:1066B000B14CAC13AC13AC13AC13AC13AC13B58529
:1066C000DFF7FFFFFFFFFFFFFFFFFFFFFFFFFFFF02
:1066D000FFFFFFFFFFFFFFFFFFFFFFFF5DDF4F3CFF
:1066E000AC13AC13AC13AC13AC13AC13F25C3CD7CF
:1066F000FFFFFFFFFFFFFFFFFFFFFFFFFFFFFFFFAA
:10670000FFFFFFFF3CD7CC1BAC13AC13AC13AC1397
:10671000AC13AC13F25CBEF7FFFFFFFFFFFFBDFF42
:1067200027E5C4E4C4E4C4E4C4E4C4E4C4E4C4E4C5
:1067300072F6FFFFFFFFFFFFFFFFFFFF0FEEC4E456
:10674000C4E4C4E4C4E4C4E4C4E4C4E4ACEDDEFFE3
:10675000FFFFFFFFFFFF9DE72E34AC13AC13AC131C
:10676000AC13AC13AC136F3C7DE7FFFFFFFFFFFFE3
:10677000FFFFFFFFFFFFFFFFFFFFFFFFFFFFFFFF29
:10678000D68DAC13AC13AC13AC133265FFFFFFFF17
:10679000FFFFFFFFFFFFFFFFFFFFBEF75CDFDABE7B
:1067A00037A6D68D947D947DD68D379E99B61BCF16
:1067B0005CDF9DE7DFF7FFFFFFFFFFFFFFFFFFFF4E
:1067C000FFFFD154AC1BAC13AC13CC1B5CDFFFFF41
:1067D000FFFFFFFFFFFFFFFF1BCF2E34AC13AC13F7
:1067E000AC13AC13AC13AC13AC13947DFFFFFFFFE1
:1067F000FFFFFFFFFFFFB14CAC13AC1358A6FFFF28
:10680000FFFFFFFFFFFFFFFFFFFFFFFFFFFFFFFF98
:10681000BEF73CD7F68DAC1BAC13AC13AC13747540
:1068200058A637A699B61BCF7DE7DFF7FFFFFFFF1E
:10683000FFFFFFFFFFFFFFFFFFFFFFFFFFFFFFFF68
:10684000D68D379EFFFFDABED154AC13AC13AC1318
:10685000AC13AC13AC132E34B9B6FFFFFFFFFFFF30
:10686000FFFFFFFFFFFFFFFFFFFFFFFFFFFFFFFF38
:10687000FFFFFFFFFFFFFFFFFFFF7DE79044AC132B
:10688000AC13AC13AC13AC13AC13AC1B957D3CD761
:10689000FFFFFFFFFFFFFFFFFFFFFFFFFFFFFFFF08
:1068A00058A6AC13AC13AC13AC13AC13AC13AC13B1
:1068B000F25CBEF7FFFFFFFFFFFFBDFF27E5C4E46B
:1068C000C4E4C4E4C4E4C4E4C4E4C4E472F6FFFF72
:1068D000FFFFFFFFFFFFFFFF0FEEC4E4C4E4C4E4CB
:1068E000C4E4C4E4C4E4C4E4ACEDDEFFFFFFFFFF96
:1068F000FFFF9DE72E34AC13AC13AC13AC13AC13F9
:10690000AC13CC1BBABEFFFFFFFFFFFFFFFFFFFF73
:10691000FFFFFFFFFFFFFFFFFFFFFFFF99B6AC1375
:10692000AC13AC13AC131BCFFFFFFFFFFBC6179ECE
:10693000D68D536DF15C6F3CED23AC13AC13AC13EF
:10694000AC13AC13AC13AC13AC13AC13CD1B2E3483
:106950009044F15C536D379EBEF7FFFFFFFF58AECA
:10696000AC13AC13AC13CD1B5CDFFFFFFFFFFFFFCD
:10697000FFFF379ECD1BAC13AC13AC13AC13747577
:106980003265AC13AC13B9BEFFFFFFFFFFFFFFFF83
:10699000BEEF0D2CAC13AC13B9BEFFFFFFFFFFFF22
:1069A000FFFFFFFFFFFFFBC6F68D12656F3CAC1BC0
:1069B000AC13AC13AC13AC13AC13AC13AC13AC13DF
:1069C000AC13AC130D2C7044F68DFFFFFFFFFFFFDF
:1069D000FFFFFFFFFFFFFFFFFFFF9DE7CD1B2E34F3
:1069E000D15CAC13AC13AC13AC13AC13AC13AC1341
:1069F000947DDFF7FFFFFFFFFFFFFFFF5CDFBABE05
:106A0000379ED68DB585D68D379E99B61BCF7DE73F
:106A1000DFFFFFFFFFFFFFFFFFFF536DAC13AC1362
:106A2000AC13AC13AC13AC13AC13CC1B1265379E78
:106A30003CD7BEF7FFFFFFFFFFFFFFFF947DAC13C6
:106A4000AC13AC13AC13AC13AC13AC13F25CBEF7C9
:106A5000FFFFFFFFFFFFBDFF27E5C4E4C4E4C4E47C
:106A6000C4E4C4E4C4E4C4E472F6FFFFFFFFFFFF24
:106A7000FFFFFFFF0FEEC4E4C4E4C4E4C4E4C4E4D5
:106A8000C4E4C4E4ACEDDEFFFFFFFFFFFFFF9DE7C2
:106A90002E34AC13AC13AC13AC13AC13AC13AC135B
:106AA000179EFFFFFFFFFFFFFFFFFFFFFFFFFFFF3F
:106AB000FFFFFFFFFFFFFFFF3CD7CC1BAC13AC1366
:106AC000CC1B7DDFFFFFFFFF4F3CAC13AC13AC13BF
:106AD000AC13AC13AC13AC13AC13AC13AC13AC13BE
:106AE000AC13AC13AC13AC13AC13AC13AC13AC13AE
:106AF000AC13AC139044DFF7FFFF1BCFAC13AC1308
:106B0000AC13ED237DE7FFFFFFFFFFFF58A6AC139B
:106B1000AC13AC13AC13AC1B947DFFFFFBC6AC13E2
:106B2000AC13FBCEFFFFFFFFFFFFFFFF9EEF0D2C1F
:106B3000AC13AC1BFAC6FFFFFFFFFFFFFFFFDAC677
:106B40006F44CC1BAC13AC13AC13AC13AC13AC1331
:106B5000AC13AC13AC13AC13AC13AC13AC13AC133D
:106B6000AC13AC13B585FFFFFFFFFFFFFFFFFFFF77
:106B7000FFFFFFFFFFFFF695AC13AC13AC13AC1394
:106B8000AC13AC13AC13AC13CC1B16969EEFDABE51
:106B9000179EB585F25C4F3C0D24AC13AC13AC13BF
:106BA000AC13AC13AC13AC13CD1B0E2C4F34B04C48
:106BB0001265957D78AE9EEF1696AC13AC13AC13B0
:106BC000AC13AC13AC13AC13AC13AC13ED232E34D9
:106BD0009044B14C0E2CF695F25CAC13AC13AC1394
:106BE000AC13AC13AC13AC13F25CBEF7FFFFFFFFAA
:106BF000FFFFBDFF27E5C4E4C4E4C4E4C4E4C4E487
:106C0000C4E4C4E472F6FFFFFFFFFFFFFFFFFFFFD6
:106C10000FEEC4E4C4E4C4E4C4E4C4E4C4E4C4E4DF
:106C2000ACEDDEFFFFFFFFFFFFFF9DE72E34AC134F
:106C3000AC13AC13AC13AC13AC13AC13957DFFFFCA
:106C4000FFFFFFFFFFFFFFFFFFFFFFFFFFFFFFFF54
:106C5000FFFFFFFF9EEF2E34AC1BAC13CD239DE74F
:106C6000FFFFFFFFD68DAC13AC13AC13AC13AC130A
:106C7000AC13AC13AC13AC13AC13AC13AC13AC131C
:106C8000AC13AC13AC13AC13AC13AC13AC13AC130C
:106C9000AC13179EFFFF9EEFED23AC13AC130D2C2E
:106CA0007DE7FFFFFFFFBEEF0E2CAC13AC13AC1360
:106CB0006F44BABEFFFFFFFFDAC6AC13AC131BCFA5
:106CC000FFFFFFFFFFFFFFFF9EEFED23AC13CC1B89
:106CD0003CD7FFFFFFFFFFFFFFFFF68DAC13AC13A8
:106CE000AC13AC13AC13AC13AC13AC13AC13AC13AC
:106CF000AC13AC13AC13AC13AC13AC13AC13D58DF9
:106D0000FFFFFFFFFFFFFFFFFFFFFFFFFFFFFFFF93
:106D1000FFFFB14CAC13AC13AC13AC13AC13AC13FE
:106D2000AC130D2CFAC69EEFAC13AC13AC13AC1322
:106D3000AC13AC13AC13AC13AC13AC13AC13AC135B
:106D4000AC13AC13AC13AC13AC13AC13AC13AC134B
:106D5000AC132E2C3CD779AEAC13AC13AC13AC13E4
:106D6000AC13AC13AC13AC13AC13AC13AC13AC132B
:106D70000E2CDABEB04CAC13AC13AC13AC13AC138A
:106D8000AC13AC13F15CBEEFFFFFFFFFFFFFBDFFD5
:106D900028E5C4E4C4E4C4E4C4E4C4E4C4E4C4E44E
:106DA00072F6FFFFFFFFFFFFFFFFFFFF0FEEC4E4E0
:106DB000C4E4C4E4C4E4C4E4C4E4C4E4ACEDDEFF6D
:106DC000FFFFFFFFFFFF9DE72E34AC13AC13AC13A6
:106DD000AC13AC13AC13AC13536DFFFFFFFFFFFFFD
:106DE000FFFFFFFFFFFFFFFFFFFFFFFFFFFFFFFFB3
:106DF000DEF79044AC1BAC13ED239DE7FFFFFFFFD4
:106E0000DFFF9044AC13AC13AC13AC13ED239044F0
:106E1000D154B14C904490447044904490444F3CC1
:106E2000ED23AC13AC13AC13AC13AC13AC13F6954D
:106E3000FFFFDEF74F3CAC13AC130D247DE7FFFFE3
:106E4000FFFFFBCEAC13AC13AC1BD58DDEF7FFFF01
:106E5000FFFFFFFFDABEAC13AC13379EFFFFFFFF4F
:106E6000FFFFDABED154AC13AC132E2CDFF7FFFFBB
:106E7000FFFFFFFFFFFFBEEFB14CAC13AC13AC1B29
:106E8000AC1BAC13AC13AC13AC13AC13AC13336D21
:106E9000379E1796747D957DFBC6FFFFFFFFFFFFB2
:106EA000FFFFFFFFFFFFFFFFFFFFFFFFFFFF4E346E
:106EB000AC13AC13AC13AC13AC13AC1390447DDF28
:106EC000FFFFBEEF4F3CAC13AC13AC13AC13AC13D1
:106ED000AC13AC13AC13AC13AC13AC13AC13AC13BA
:106EE000AC13AC13AC13AC13AC13AC13AC13AC13AA
:106EF0002E34FFFFBABEED23AC13AC13AC13AC13AE
:106F0000AC13AC13AC13AC13AC13336DDFF7FFFF52
:106F10006F3CAC13AC13AC13AC13AC13AC13AC138D
:106F2000F154BEEFFFFFFFFFFFFFBDFF28E5C4E404
:106F3000C4E4C4E4C4E4C4E4C4E4C4E472F6FFFFFB
:106F4000FFFFFFFFFFFFFFFF0FEEC4E4C4E4C4E454
:106F5000C4E4C4E4C4E4C4E4ACEDDEFFFFFFFFFF1F
:106F6000FFFF9DE72E34AC13AC13AC13AC13AC1382
:106F7000AC13AC131265FFFFFFFFFFFFFFFFFFFF26
:106F8000FFFFFFFFFFFFFFFFFFFFFFFFDFFFD14C12
:106F9000AC13AC13ED237DE7FFFFFFFFFFFF78AEDF
:106FA000AC1BAC13AC13B04C9DE7DFFFFFFFFFFF42
:106FB000DFFFDFF7DFF7DFF7DFF7DEF77DE71265EB
:106FC000AC13AC13AC13ED23F695FFFFFFFFDFFF0F
:106FD000904CCC1BAC130D2C7DE7FFFFFFFF58AE90
:106FE000AC13F25C1BCFFFFFFFFFFFFFFFFFFFFFB4
:106FF00078AEAC13AC13ED23D585D5856F44AC1BAF
:10700000AC13AC13AC133365FFFFFFFFFFFFFFFFB3
:10701000FFFFFFFFDFF7DABEB9BE3CD75DDFFBC67F
:10702000B04CAC13AC13AC13D585FFFFFFFFFFFFD3
:10703000FFFFFFFFFFFFFFFFFFFFFFFFFFFFFFFF60
:10704000FFFFFFFFFFFFFFFFDFFF2E34AC13AC138A
:10705000AC13AC13AC13125DBEF7FFFFFFFFFFFFD5
:10706000BABECC1BAC13AC13AC13AC132E2C4F3CE0
:107070004F3C4F3C2E342E2C2E342E342E340E2CDE
:10708000AC13AC13AC13AC13AC13AC13AC139DE743
:10709000FFFFFBCEED23AC13AC13AC13AC13AC135E
:1070A000ED23F25CDAC6FFFFFFFFFFFF4F34AC13A6
:1070B000AC13AC13AC13AC13AC13AC13D154BEEF84
:1070C000FFFFFFFFFFFFBDFF48E5C4E4C4E4C4E4E5
:1070D000C4E4C4E4C4E4C4E473F6FFFFFFFFFFFFAD
:1070E000FFFFFFFF0FEEC4E4C4E4C4E4C4E4C4E45F
:1070F000C4E4C4E4ACEDDEFFFFFFFFFFFFFF7DE76C
:107100002E34AC13AC13AC13AC13AC13AC13AC13E4
:10711000F25CFFFFFFFFFFFFFFFFFFFFFFFFFFFF2F
:10712000FFFFFFFFFFFFFFFFFFFFD154AC13AC13C6
:10713000AC1B3CD7FFFFFFFFFFFFBEEF0E2CAC13D5
:10714000AC1379AEFFFFFFFFFFFFFFFFFFFFFFFF65
:10715000FFFFFFFFFFFFFFFFFFFF3CD7AC1BAC13A0
:10716000ED233CD7FFFFFFFFFFFFFFFFD154CC1BF8
:10717000AC130E2C9DE7FFFFFFFF5CDFBABEFFFFE5
:10718000FFFFFFFFFFFFFFFFFFFFFFFFD585AC13F2
:10719000AC13AC13AC13AC13AC13AC13AC13AC13F7
:1071A000AC1B1BD7FFFFFFFFFFFFFFFFFFFFFFFF32
:1071B000FFFFFFFFFFFFFFFFFFFFFFFFFBCEAC1353
:1071C000AC13CC1B3CD7FFFFFFFFFFFFFFFFFFFF10
:1071D000FFFFFFFFFFFFFFFFFFFFFFFFFFFFFFFFBF
:1071E000FFFFFFFFFFFF6F44AC13AC13AC13CD1BCD
:1071F000F695FFFFFFFFFFFFFFFFFFFFFFFFD154EB
:10720000AC13AC13AC1374757DE7DFFFFFFFDFF742
:107210009EEF7DE79DE79EEF9EEF7DE799B62E34CA
:10722000AC13AC13AC136F3C99B6FFFFFFFFFFFF2D
:107230005CDF336D6F3C6F44F25CD68D3CD7FFFF53
:10724000FFFFFFFFFFFFFFFF4F3CAC13AC13AC137E
:10725000AC13AC13AC13AC13B14C9EEFFFFFFFFFAC
:10726000FFFFDEFF48EDC4E4C4E4C4E4C4E4C4E4C6
:10727000C4E4C4E430EEFFFFFFFFFFFFFFFFFFFFAA
:10728000ACEDC4E4C4E4C4E4C4E4C4E4C4E4C4E4CD
:10729000CDEDFFFFFFFFFFFFFFFF7DE72E34AC13B7
:1072A000AC13AC13AC13AC13AC13AC13F25CFFFF18
:1072B000FFFFFFFFFFFFFFFFFFFFFFFFFFFFFFFFDE
:1072C000FFFFFFFFFFFFD154AC13AC13AC13FBC6A1
:1072D000FFFFFFFFFFFFFFFF4F3CAC13AC13DABE15
:1072E000FFFFFFFFFFFFFFFFFFFFFFFFFFFFFFFFAE
:1072F000FFFFFFFFFFFF1BCFAC1BAC13125DFFFFB7
:10730000FFFFFFFFFFFFFFFF125DAC13AC1B0E2C56
:107310007DE7FFFFFFFFFFFFFFFFFFFFFFFFFFFF17
:10732000FFFFFFFFFFFFFFFFB04CAC13AC13AC132C
:10733000AC13AC13AC13AC13AC134F3CBABEFFFF91
:10734000FFFFFFFFFFFFFFFFFFFFFFFFFFFFFFFF4D
:10735000FFFFFFFFFFFFFFFFF68DAC13AC13CC1B4D
:107360003CD7FFFFFFFFFFFFFFFFFFFFFFFFFFFF18
:10737000FFFFFFFFFFFFFFFFFFFFFFFFFFFFFFFF1D
:10738000FFFF99B6ED232E34B5855CDFFFFFFFFFCD
:10739000FFFFFFFFFFFFFFFFFFFF179EAC13AC13C4
:1073A000ED23FFFFFFFFFFFFFFFFFFFFFFFFFFFFDB
:1073B000FFFFFFFFFFFFFFFFFFFFB585AC13AC131F
:1073C0002E2C7DE7FFFFFFFFFFFFFFFFFFFFFFFF0B
:1073D000BEF7BEF7FFFFFFFFFFFFFFFFFFFFFFFF4F
:1073E000FFFFFFFF7044AC13AC13AC13AC13AC1332
:1073F000AC13AC136F447DE7FFFFFFFFFFFFDEFF21
:107400006AEDC4E4C4E4C4E4C4E4C4E4C4E4C4E48D
:1074100027E539FFFFFFFFFFFFFFF7F6E6E4C4E4CF
:10742000C4E4C4E4C4E4C4E4C4E4C4E4EEEDFFFF93
:10743000FFFFFFFFFFFF5DDF0E2CAC13AC13AC139F
:10744000AC13AC13AC13AC133365FFFFFFFFFFFFAE
:10745000FFFFFFFFFFFFFFFFFFFFFFFFFFFFFFFF3C
:10746000FFFFB14CAC13AC13AC13DAC6FFFFFFFF48
:10747000FFFFBEF72E34AC13AC13FBCEFFFFFFFFB4
:10748000FFFFFFFFFFFFFFFFFFFFFFFFFFFFFFFF0C
:10749000FFFF79AEAC13AC137475FFFFFFFFFFFF66
:1074A000FFFFFFFF336DAC13AC1B0D2C7DE7FFFF1F
:1074B000FFFFFFFFFFFFFFFFFFFFFFFFFFFFFFFFDC
:1074C000FFFF3CD7CC1BAC13AC13AC13AC13AC1309
:1074D0002E34126578AEDFF7FFFFFFFFFFFFFFFFDF
:1074E000FFFFFFFFFFFFFFFFFFFFFFFFFFFFFFFFAC
:1074F0003CD7F695CC1BAC13AC13AC133365FFFF34
:10750000FFFFFFFFFFFFFFFFFFFFFFFFFFFFFFFF8B
:10751000FFFFFFFF9DE7B5857DE7FFFFFFFFFFFF53
:107520007DE7BEF7FFFFFFFFFFFFFFFFFFFFFFFF4E
:10753000FFFFFFFFFFFF99B6AC13AC134F3CFFFFFB
:10754000FFFFFFFFFFFFFFFFFFFFFFFFFFFFFFFF4B
:10755000FFFFFFFFFFFFD58DAC13AC139044FFFF7F
:10756000FFFFFFFFFFFFFFFFFFFFFFFFFFFFFFFF2B
:10757000FFFFFFFFFFFFFFFFFFFFFFFFFFFFFFFF1B
:10758000B14CAC13AC13AC13AC13AC13AC13AC13C5
:10759000ED233CD7FFFFFFFFFFFFFFFFEEEDC4E44D
:1075A000C4E4C4E4C4E4C4E4C4E4C4E4C4E428E536
:1075B00094F6F7F652F606E5C4E4C4E4C4E4C4E481
:1075C000C4E4C4E4C4E4C4E473F6FFFFFFFFFFFFB8
:1075D000FFFFFBCEED23AC13AC13AC13AC13AC1319
:1075E000AC13AC135475FFFFFFFFFFFFFFFFFFFF5E
:1075F000FFFFFFFFFFFFFFFFFFFFFFFFBEF790440E
:10760000AC1BAC13AC13FAC6FFFFFFFFFFFFDAC6DB
:10761000CC1BAC13AC131796FFFFFFFFFFFFFFFF60
:10762000FFFFFFFFFFFFFFFFFFFFFFFFDFF7B04C94
:10763000AC13AC13B585FFFFFFFFFFFFFFFFFFFF9C
:107640005475AC1BAC13ED237DE7FFFFFFFFFFFF7D
:10765000FFFFFFFFFFFFFFFFFFFFFFFFFFFF78AE12
:10766000AC13AC13AC13AC13904478AE9DE7FFFFA2
:10767000FFFFFFFFFFFFFFFFFFFFFFFFFFFFFFFF1A
:107680007DE7B9B61696947D125D9044ED23AC1358
:10769000AC13AC13AC13AC13AC139044D68DFBCE2F
:1076A000DEF7FFFFFFFFFFFFFFFFFFFFDFF7379E64
:1076B0002E342E34BEF7FFFFFFFFFFFFFFFFFFFF5B
:1076C000FFFFFFFFFFFFFFFFFFFFFFFFFFFFFFFFCA
:1076D000FFFF78AEAC13AC13B04CFFFFFFFFFFFF12
:1076E000FFFFFFFFFFFFFFFFFFFFFFFFFFFFFFFFAA
:1076F000FFFF125DAC13AC139044FFFFFFFFFFFFD1
:10770000FFFFFFFFFFFFFFFFFFFFFFFFFFFFFFFF89
:10771000FFFFFFFFFFFFFFFFFFFFFFFF3265AC131F
:10772000AC13AC13AC13AC13AC13AC13AC13BABEA8
:10773000FFFFFFFFFFFFFFFFD6F6C4E4C4E4C4E48D
:10774000C4E4C4E4C4E4C4E4C4E4C4E4C4E4C4E4F9
:10775000C4E4C4E4C4E4C4E4C4E4C4E4C4E4C4E4E9
:10776000C4E4E5E439FFFFFFFFFFFFFFFFFF379EA3
:10777000CC1BAC13AC13AC13AC13AC13AC13AC13E9
:10778000D58DFFFFFFFFFFFFFFFFFFFFFFFFFFFFA5
:10779000FFFFFFFFFFFFFFFF9EEF0E2CAC13AC13AC
:1077A000AC131BCFFFFFFFFFFFFF7475AC13AC13CF
:1077B000AC13CD1BB58579AE78AE58A6379EF6953D
:1077C000D58D957D747533654F3CAC13AC13AC13FC
:1077D000D154FFFFFFFFFFFFFFFFFFFF747DAC1BD6
:1077E000AC13CD1B5DDFFFFFFFFFFFFFFFFFFFFFC0
:1077F000FFFFFFFFFFFFFFFFFFFFB585AC13AC13DB
:10780000CC1BF68DDFF7FFFFFFFF379E4F3C78AEB6
:107810009DE75DDF99B6D68D336D90440E2CAC1389
:10782000AC13AC13AC13AC13AC13AC13AC13AC1360
:10783000AC13AC13AC13AC13AC13CC1B2E34B04C48
:10784000125D33651265D1542F34AC13AC1358A6B6
:10785000FFFFFFFFFFFFFFFFFFFFFFFFFFFFFFFF38
:10786000FFFFFFFFFFFFFFFFFFFFFFFFFFFF747D35
:10787000AC13AC132E34BEEFFFFFFFFFFFFFFFFF83
:10788000FFFFFFFFFFFFFFFFFFFFFFFF1BD7ED2302
:10789000AC13AC13B14CFFFFFFFFFFFFFFFFFFFF77
:1078A000FFFFFFFFFFFFFFFFFFFFFFFFFFFFFFFFE8
:1078B000FFFFFFFFFFFFFFFFD585AC13AC13AC1339
:1078C000AC13AC13AC13AC13AC13F68DFFFFFFFF7E
:1078D000FFFFFFFFBDFF07E5C4E4C4E4C4E4C4E464
:1078E000C4E4C4E4C4E4C4E4C4E4C4E4C4E4C4E458
:1078F000C4E4C4E4C4E4C4E4C4E4C4E4C4E4ACED57
:10790000DEFFFFFFFFFFFFFFFFFF3365AC13AC138C
:10791000AC13AC13AC13AC13AC13AC1358AEFFFFE9
:10792000FFFFFFFFFFFFFFFFFFFFFFFFFFFFFFFF67
:10793000FFFFFFFF3CD7AC1BAC13AC13CC1B7DE7A8
:10794000FFFFFFFFBEEF4E34AC13AC13AC13AC1310
:10795000AC13AC13AC13AC13AC13AC13AC13AC132F
:10796000AC13AC13AC13AC13AC13AC13AC1B99B687
:10797000FFFFFFFFFFFFFFFF9585AC13AC1BAC13B0
:107980003CD7FFFFFFFFFFFFFFFFFFFFFFFFFFFFF2
:10799000FFFFFFFFFFFF99B6AC134F3CFAC6FFFF96
:1079A000FFFFFFFF9EEFCD1BAC13AC132E2CCC1BA7
:1079B000AC13AC13AC13AC13AC13AC13AC13AC13CF
:1079C000AC13AC13AC13AC13AC13AC13AC13AC13BF
:1079D000AC13AC13AC13AC13AC13AC13AC13AC13AF
:1079E000AC13AC13AC13AC130E2CBEEFFFFFFFFFB8
:1079F000FFFFFFFFFFFFFFFFFFFFFFFFFFFFFFFF97
:107A0000FFFFFFFFFFFFFFFFDFF74F3CAC13AC139F
:107A1000AC13B04C99B63CD7FBC6DABE99B658A6A3
:107A20001796D68DD585B5850E2CAC13AC13AC133B
:107A3000F25CFFFFFFFFFFFFFFFFFFFFFFFFFFFF06
:107A4000FFFFFFFFFFFFFFFFFFFFFFFFFFFFFFFF46
:107A5000FFFFFFFF99B6AC13AC13AC13AC13AC1320
:107A6000AC13AC13AC13D154BEF7FFFFFFFFFFFF05
:107A7000FFFF93F6C4E4C4E4C4E4C4E4C4E4C4E48F
:107A8000C4E4C4E4C4E4C4E4C4E4C4E4C4E4C4E4B6
:107A9000C4E4C4E4C4E4C4E4C5E417F7FFFFFFFF93
:107AA000FFFFFFFFBEEF2F34AC13AC13AC13AC13CE
:107AB000AC13AC13AC13ED23FBCEFFFFFFFFFFFFB6
:107AC000FFFFFFFFFFFFFFFFFFFFFFFFFFFFFFFFC6
:107AD00078AEAC13AC13AC132E2CBEEFFFFFFFFF40
:107AE000FBCEAC13AC13AC13AC13AC13AC13AC1394
:107AF000AC13AC13AC13AC13AC13AC13AC13AC138E
:107B0000AC13AC13AC13AC13AC132E347DE7FFFFF6
:107B1000FFFFFFFFB58DCC13AC13AC1BDAC6FFFF24
:107B2000FFFFFFFFFFFFFFFFFFFFFFFFFFFFFFFF65
:107B3000FFFFFFFF1BCF9EEFFFFFFFFFFFFFFFFFDA
:107B40001BCFAC13AC13AC13AC13AC13AC13AC1312
:107B5000AC13AC13AC13AC13AC13AC13AC13AC132D
:107B6000AC13AC13AC13AC13AC13AC13AC13AC131D
:107B7000AC13AC13AC13AC13AC13AC13AC13AC130D
:107B8000AC13AC13B585FFFFFFFFFFFFFFFFFFFF47
:107B9000FFFFFFFFFFFFFFFFFFFFFFFFFFFFFFFFF5
:107BA000FFFFFFFFB9B6AC13AC13AC13AC13AC13AF
:107BB000AC13ED23AC1BAC13AC13AC13AC13AC1374
:107BC000AC13AC13AC13AC13AC13AC132F34BEF723
:107BD000FFFFFFFFFFFFFFFFFFFFFFFFFFFFFFFFB5
:107BE000FFFFFFFFFFFFFFFFFFFFFFFFFFFFFFFFA5
:107BF0007DE7ED23AC13AC13AC13AC13AC13AC1397
:107C0000AC13CC1BFAC6FFFFFFFFFFFFFFFFDEFF39
:107C1000ACEDC4E4C4E4C4E4C4E4C4E4C4E4C4E433
:107C2000C4E4C4E4C4E4C4E4C4E4C4E4C4E4C4E414
:107C3000C4E4C4E430EEFFFFFFFFFFFFFFFFFFFFE0
:107C4000179EAC1BAC13AC13AC13AC13AC13AC133E
:107C5000AC13D154DFF7FFFFFFFFFFFFFFFFFFFF74
:107C6000FFFFFFFFFFFFFFFFFFFFFFFF7475AC1378
:107C7000AC13AC13904CDFF7FFFFFFFF1BCFAC132F
:107C8000AC13AC13AC13AC13AC13AC13AC13AC13FC
:107C9000AC13AC13AC13AC13AC13AC13AC13AC13EC
:107CA000AC13AC13AC13AC1399B6FFFFFFFFFFFF8F
:107CB000F695AC13AC13AC1378AEFFFFFFFFFFFFDC
:107CC000FFFFFFFFFFFFFFFFFFFFFFFFFFFFFFFFC4
:107CD000FFFFFFFFFFFFFFFFFFFFFFFF5CDFAC1BAE
:107CE000AC13AC13AC13AC13AC13AC13AC13AC139C
:107CF000CD1B2E346F44B04C12657475B585B585B7
:107D0000B58574753265B04C2E34AC1BAC13AC1316
:107D1000AC13AC13AC13AC13AC13AC13AC130E2CF0
:107D2000BEEFFFFFFFFFFFFFFFFFFFFFFFFFFFFFB4
:107D3000FFFFFFFFFFFFFFFFFFFFFFFFFFFFFFFF53
:107D4000B585AC13AC13AC13AC13AC13AC13AC13C0
:107D5000AC13AC13AC13AC13AC13AC13AC13AC132B
:107D6000AC13AC13AC13AC13AC13F68DFFFFFFFFD9
:107D7000FFFFFFFFFFFFFFFFFFFFFFFFFFFFFFFF13
:107D8000FFFFFFFFFFFFFFFFFFFFFFFFDFF7F25CDB
:107D9000AC13AC13AC13AC13AC13AC13AC13AC13EB
:107DA000536DDFF7FFFFFFFFFFFFFFFF9CFF6AED53
:107DB000C4E4C4E4C4E4C4E4C4E4C4E4C4E4C4E483
:107DC000C4E4C4E4C4E4C4E4C4E4C4E4C4E4CDED61
:107DD000DEFFFFFFFFFFFFFFFFFFBEF77044AC13A6
:107DE000AC13AC13AC13AC13AC13AC13AC13B58520
:107DF000FFFFFFFFFFFFFFFFFFFFFFFFFFFFFFFF93
:107E0000FFFFFFFFFFFFFFFF4F3CAC13AC13AC1BAA
:107E10003265FFFFFFFFFFFFFFFF58A67475336D4C
:107E2000336D536D536D536D536D536D7475747520
:107E30007475547554757475947DB585D585D58DD7
:107E4000957DD58D9EEFFFFFFFFFFFFF379EAC13A3
:107E5000AC13AC1B1796FFFFFFFFFFFFFFFFFFFFF9
:107E6000FFFFFFFFFFFFFFFFFFFFFFFFFFFFFFFF22
:107E7000FFFFFFFFFFFFFFFFFFFF6F3CAC13AC13E3
:107E8000AC13AC13AC132E2C747578AE1BCF9DE7DE
:107E9000FFFFFFFFFFFFFFFFFFFFFFFFFFFFFFFFF2
:107EA000FFFFFFFF9DE7FBC658A674754F3CAC1360
:107EB000AC13AC13AC13AC13CD1B1BCFFFFFFFFFF8
:107EC000FFFFFFFFFFFFFFFFFFFFFFFFFFFFFFFFC2
:107ED000FFFFFFFFFFFFFFFFFFFFFFFFD58DAC138D
:107EE000AC13AC13AC13AC13AC13AC13AC13AC139A
:107EF000AC13AC13AC13AC13AC13AC13AC13AC138A
:107F0000AC13AC13AC13ED23BEEFFFFFFFFFFFFF7D
:107F1000FFFFFFFFFFFFFFFFFFFFFFFFFFFFFFFF71
:107F2000FFFFFFFFFFFFFFFFFFFF58A6AC13AC13DF
:107F3000AC13AC13AC13AC13AC13AC13CC1BDABE48
:107F4000FFFFFFFFFFFFFFFFFFFF9CFFCCEDC4E43F
:107F5000C4E4C4E4C4E4C4E4C4E4C4E4C4E4C4E4E1
:107F6000C4E4C4E4C4E4C4E430EEDEFFFFFFFFFF7A
:107F7000FFFFFFFFFFFFD68DAC1BAC13AC13AC13A0
:107F8000AC13AC13AC13AC13ED23BABEFFFFFFFF71
:107F9000FFFFFFFFFFFFFFFFFFFFFFFFFFFFFFFFF1
:107FA000FFFF3CD7CC1BAC13AC13AC13D68DFFFF3B
:107FB000FFFFFFFFFFFFFFFFFFFFFFFFFFFFFFFFD1
:107FC000FFFFFFFFFFFFFFFFFFFFFFFFFFFFFFFFC1
:107FD000FFFFFFFFFFFFFFFFFFFFFFFFFFFFFFFFB1
:107FE000FFFFFFFFFFFFFFFF58A6AC13AC13AC135E
:107FF000B585FFFFFFFFFFFFFFFFFFFFFFFFFFFF55
:10800000FFFFFFFFFFFFFFFFFFFFFFFFFFFFFFFF80
:10801000FFFFFFFFFFFFB9BEED23AC13AC1390448D
:1080200058A69DE7FFFFFFFFFFFFFFFFFFFFFFFFDA
:10803000FFFFFFFFFFFFFFFFFFFFFFFFFFFFFFFF50
:10804000FFFFFFFFFFFFFFFFBEEFFBC6D585B14C73
:108050004F3433651BCFFFFFFFFFFFFFFFFFFFFF25
:10806000FFFFFFFFFFFFFFFFFFFFFFFFFFFFFFFF20
:10807000FFFFFFFFFFFFFFFFBEF7B585D154F154AF
:10808000F15CF25CF25CF25CF25CF25CF25CF25C81
:10809000F25C125D12653365336D336D536D12659D
:1080A0009044D68DDFFFFFFFFFFFFFFFFFFFFFFFC5
:1080B000FFFFFFFFFFFFFFFFFFFFFFFFFFFFFFFFD0
:1080C000FFFFFFFFFFFF7DE72E34AC13AC13AC13B3
:1080D000AC13AC13AC13AC13AC1390447DE7FFFFAF
:1080E000FFFFFFFFFFFFFFFFDEFF93F607E5C4E49E
:1080F000C4E4C4E4C4E4C4E4C4E4C4E4C4E4C4E440
:1081000049E5D6F6FFFFFFFFFFFFFFFFFFFFFFFF81
:10811000DAC60E2CAC13AC13AC13AC13AC13AC130B
:10812000AC13AC13D154FFFFFFFFFFFFFFFFFFFFB6
:10813000FFFFFFFFFFFFFFFFFFFFFFFFFFFF58A64F
:10814000AC13AC13AC13AC1379B6FFFFFFFFFFFF0A
:10815000FFFFFFFFFFFFFFFFFFFFFFFFFFFFFFFF2F
:10816000FFFFFFFFFFFFFFFFFFFFFFFFFFFFFFFF1F
:10817000FFFFFFFFFFFFFFFFFFFFFFFFFFFFFFFF0F
:10818000FFFFFFFF58AEAC13AC13AC13536DFFFFF2
:10819000FFFFFFFFFFFFFFFFFFFFFFFFFFFFFFFFEF
:1081A000FFFFFFFFFFFFFFFFFFFFFFFFFFFFFFFFDF
:1081B000FFFFFFFF3CD7169699B6FFFFFFFFFFFFBB
:1081C000FFFFFFFFFFFFFFFFFFFFFFFFFFFFFFFFBF
:1081D000FFFFFFFFFFFFFFFFFFFFFFFFFFFFFFFFAF
:1081E000FFFFFFFFFFFFFFFFFFFFFFFFFFFFFFFF9F
:1081F000FFFFFFFFFFFFFFFFFFFFFFFFFFFFFFFF8F
:10820000FFFFFFFFFFFFFFFFFFFFFFFFFFFFFFFF7E
:10821000FFFFFFFFFFFFFFFFFFFFFFFFFFFFFFFF6E
:10822000FFFFFFFFFFFFFFFFFFFFFFFFFFFFFFFF5E
:10823000FFFFFFFFFFFFFFFFFFFFFFFFFFFFFFFF4E
:10824000FFFFFFFFFFFFFFFFFFFFFFFFFFFFFFFF3E
:10825000FFFFFFFFFFFFFFFFFFFFFFFFFFFFFFFF2E
:10826000FFFFFFFFB585AC13AC13AC13AC13AC131D
:10827000AC13AC13AC13AC133365BEF7FFFFFFFFB9
:10828000FFFFFFFFFFFFFFFFBCFF93F68BED28E52D
:10829000E6E4E5E407E549EDEEEDD5F6BDFFFFFFC9
:1082A000FFFFFFFFFFFFFFFFFFFF5DDF9044AC1309
:1082B000AC13AC13AC13AC13AC13AC13AC13AC1BBE
:1082C00037A6FFFFFFFFFFFFFFFFFFFFFFFFFFFFDF
:1082D000FFFFFFFFFFFFFFFFFFFF957DAC1BAC1310
:1082E000AC13AC131BCFFFFFFFFFFFFFFFFFFFFF30
:1082F000FFFFFFFFFFFFFFFFFFFFFFFFFFFFFFFF8E
:10830000FFFFFFFFFFFFFFFFFFFFFFFFFFFFFFFF7D
:10831000FFFFFFFFFFFFFFFFFFFFFFFFFFFFFFFF6D
:1083200037A6AC13AC13AC13536DFFFFFFFFFFFF79
:10833000FFFFFFFFFFFFFFFFFFFFFFFFFFFFFFFF4D
:10834000FFFFFFFFFFFFFFFFFFFFFFFFFFFFFFFF3D
:10835000FFFFFFFFFFFFFFFFFFFFFFFFFFFFFFFF2D
:10836000FFFFFFFFFFFFFFFFFFFFFFFFFFFFFFFF1D
:10837000FFFFFFFFFFFFFFFFFFFFFFFFFFFFFFFF0D
:10838000FFFFFFFFFFFFFFFFFFFFFFFFFFFFFFFFFD
:10839000FFFFFFFFFFFFFFFFFFFFFFFFFFFFFFFFED
:1083A000FFFFFFFFFFFFFFFFFFFFFFFFFFFFFFFFDD
:1083B000FFFFFFFFFFFFFFFFFFFFFFFFFFFFFFFFCD
:1083C000FFFFFFFFFFFFFFFFFFFFFFFFFFFFFFFFBD
:1083D000FFFFFFFFFFFFFFFFFFFFFFFFFFFFFFFFAD
:1083E000FFFFFFFFFFFFFFFFFFFFFFFFFFFFFFFF9D
:1083F000FFFFFFFFFFFFFFFFFFFFFFFFFFFFFFFF8D
:108400005CDF0E2CAC13AC13AC13AC13AC13AC137D
:10841000AC13AC13AC13536DBEEFFFFFFFFFFFFFB8
:10842000FFFFFFFFFFFFFFFFFFFFBDFF7BFF7BFFA6
:108430009CFFDEFFFFFFFFFFFFFFFFFFFFFFFFFFD0
:10844000FFFFFFFF7DE7B14CAC13AC13AC13AC13D3
:10845000AC13AC13AC13AC13AC13B04CBEF7FFFFB2
:10846000FFFFFFFFFFFFFFFFFFFFFFFFFFFFFFFF1C
:10847000FFFFFFFFFFFF78AEAC1BAC1BAC1BF25C39
:10848000FFFFFFFFFFFFFFFFFFFFFFFFFFFFFFFFFC
:10849000FFFFFFFFFFFFFFFFFFFFFFFFFFFFFFFFEC
:1084A000FFFFFFFFFFFFFFFFFFFFFFFFFFFFFFFFDC
:1084B000FFFFFFFFFFFFFFFFFFFFFFFF1BCFAC1B17
:1084C000AC1BAC1399B6FFFFFFFFFFFFFFFFFFFFE1
:1084D000FFFFFFFFFFFFFFFFFFFFFFFFFFFFFFFFAC
:1084E000FFFFFFFFFFFFFFFFFFFFFFFFFFFFFFFF9C
:1084F000FFFFFFFFFFFFFFFFFFFFFFFFFFFFFFFF8C
:10850000FFFFFFFFFFFFFFFFFFFFFFFFFFFFFFFF7B
:10851000FFFFFFFFFFFFFFFFFFFFFFFFDEFFFFFF8C
:10852000FFFFFFFFFFFFFFFFFFFFFFFFFFFFFFFF5B
:10853000FFFFFFFFFFFFFFFFFFFFFFFFFFFFFFFF4B
:10854000FFFFFFFFFFFFFFFFFFFFFFFFFFFFFFFF3B
:10855000FFFFFFFFFFFFFFFFFFFFFFFFFFFFFFFF2B
:10856000FFFFFFFFFFFFFFFFFFFFFFFFFFFFFFFF1B
:10857000FFFFFFFFFFFFFFFFFFFFFFFFFFFFFFFF0B
:10858000FFFFFFFFFFFFFFFFFFFFFFFFFFFFFFFFFB
:10859000FFFFFFFFFFFFFFFFFFFFFFFFFFFFF6955E
:1085A000AC13AC13AC13AC13AC13AC13AC13AC13D3
:1085B000AC13AC13F25C5CDFFFFFFFFFFFFFFFFFBC
:1085C000FFFFFFFFFFFFFFFFFFFFFFFFFFFFFFFFBB
:1085D000FFFFFFFFFFFFFFFFFFFFFFFFFFFF1BCFBF
:1085E0009044AC13AC13AC13AC13AC13AC13AC137E
:1085F000AC13AC13AC1B79AEFFFFFFFFFFFFFFFF17
:10860000FFFFFFFFFFFFFFFFFFFFFFFFFFFFFFFF7A
:10861000FFFFFFFF79AE335D747D9EEFFFFFFFFF2D
:10862000FFFFFFFFFFFFFFFFFFFFFFFFFFFFFFFF5A
:10863000FFFFFFFFFFFFFFFFFFFFFFFFFFFFFFFF4A
:10864000FFFFFFFFFFFFFFFFFFFFFFFFFFFFFFFF3A
:10865000FFFFFFFFFFFFFFFFFFFFDABED67DBAB6C9
:10866000FFFFFFFFFFFFFFFFFFFFFFFFFFFFFFFF1A
:10867000FFFFFFFFFFFFFFFFFFFFFFFFFFFFFFFF0A
:10868000FFFF7BFF72F65AFFFFFFFFFFFFFFFFFFB9
:10869000FFFFFFFFFFFFFFFFFFFFFFFFFFFFFFFFEA
:1086A000FFFFFFFFFFFFFFFFFFFFFFFFFFFFFFFFDA
:1086B000FFFFFFFFFFFFB4F669ED93F6FFFFFFFF3B
:1086C000FFFFFFFFFFFFFFFFFFFFFFFFFFFFFFFFBA
:1086D000FFFFFFFFFFFFFFFFFFFFFFFFFFFFFFFFAA
:1086E000FFFFFFFFFFFFFFFFFFFFFFFFFFFFFFFF9A
:1086F000FFFFFFFFFFFFFFFFFFFFFFFFFFFFFFFF8A
:10870000FFFFFFFFFFFFFFFFFFFFFFFFFFFFFFFF79
:10871000FFFFFFFFFFFFFFFFFFFFFFFFFFFFFFFF69
:10872000FFFFFFFFFFFFFFFFFFFFFFFFFFFFFFFF59
:10873000FFFFFFFFFFFFFFFFFFFF9EEF9044AC1323
:10874000AC13AC13AC13AC13AC13AC13AC13AC1331
:10875000AC134F3C78AEBEF7FFFFFFFFFFFFFFFFFC
:10876000FFFFFFFFFFFFFFFFFFFFFFFFFFFFFFFF19
:10877000FFFFFFFFFFFF9EEF379EED23AC13AC130F
:10878000AC13AC13AC13AC13AC13AC13AC13AC13F1
:10879000336DFFFFFFFFFFFFFFFFFFFFFFFFFFFF47
:1087A000FFFFFFFFFFFFFFFFFFFFFFFFFFFFFFFFD9
:1087B000FFFFFFFFFFFFFFFFFFFFFFFFFFFFFFFFC9
:1087C000FFFFFFFFFFFFFFFFFFFFFFFFFFFFFFFFB9
:1087D000FFFFFFFFFFFFFFFFFFFFFFFFFFFFFFFFA9
:1087E000FFFFFFFFFFFFFFFFFFFFFFFFFFFFFFFF99
:1087F000FFFFFFFFFFFFFFFFFFFFFFFFFFFFFFFF89
:10880000FFFFFFFFFFFFFFFFFFFFFFFFFFFFFFFF78
:10881000FFFFFFFFFFFFFFFFFFFFFFFFFFFF30F640
:10882000C4E40FEEFFFFFFFFFFFFFFFFFFFFFFFFAF
:10883000FFFFFFFFFFFFFFFFFFFFFFFFFFFFFFFF48
:10884000FFFFFFFFFFFFFFFFFFFFFFFFFFFFFFFF38
:10885000FFFFEEEDC5E4CDEDFFFFFFFFFFFFFFFFE4
:10886000FFFFFFFFFFFFFFFFFFFFFFFFFFFFFFFF18
:10887000FFFFFFFFFFFFFFFFFFFFFFFFFFFFFFFF08
:10888000FFFFFFFFFFFFFFFFFFFFFFFFFFFFFFFFF8
:10889000FFFFFFFFFFFFFFFFFFFFFFFFFFFFFFFFE8
:1088A000FFFFFFFFFFFFFFFFFFFFFFFFFFFFFFFFD8
:1088B000FFFFFFFFFFFFFFFFFFFFFFFFFFFFFFFFC8
:1088C000FFFFFFFFFFFFFFFFFFFFFFFFFFFFFFFFB8
:1088D000FFFFFFFFFFFFFFFFFBCECD23AC13AC1369
:1088E000AC13AC13AC13AC13AC13AC13AC13AC1390
:1088F000AC131265BABE9EEFFFFFFFFFFFFFFFFF45
:10890000FFFFFFFFFFFFFFFFFFFFFFFFFFFF7DE711
:1089100099B6B14CAC13AC13AC13AC13AC13AC1391
:10892000AC13AC13AC13AC13AC134F3C7DDFFFFFA7
:10893000FFFFFFFFFFFFFFFFFFFFFFFFFFFFFFFF47
:10894000FFFFFFFFFFFFFFFFFFFFFFFFFFFFFFFF37
:10895000FFFFFFFFFFFFFFFFFFFFFFFFFFFFFFFF27
:10896000FFFFFFFFFFFFFFFFFFFFFFFFFFFFFFFF17
:10897000FFFFFFFFFFFFFFFFFFFFFFFFFFFFFFFF07
:10898000FFFFFFFFFFFFFFFFFFFFFFFFFFFFFFFFF7
:10899000FFFFFFFFFFFFFFFFFFFFFFFFFFFFFFFFE7
:1089A000FFFFFFFFFFFFFFFFFFFFFFFFFFFFFFFFD7
:1089B000FFFFFFFFFFFFFFFFFFFF51F6C4E451F68B
:1089C000FFFFFFFFFFFFFFFFFFFFFFFFBDFF7BFF7D
:1089D0009BFFDEFFFFFFFFFFFFFFFFFFFFFFFFFF2C
:1089E000FFFFFFFFFFFFFFFFFFFFFFFFFFFFDEFFB8
:1089F0007AFFDEFFFFFFFFFFFFFFFFFFFFFFBDFF6F
:108A00007BFF9CFFFFFFFFFFFFFFFFFFFFFFFFFF5D
:108A1000FFFFFFFFFFFFFFFFFFFFFFFFFFFFFFFF66
:108A2000FFFFFFFFFFFFFFFFFFFFFFFFFFFFFFFF56
:108A3000FFFFFFFFFFFFFFFFFFFFFFFFFFFFFFFF46
:108A4000FFFFFFFFFFFFFFFFFFFFFFFFFFFFFFFF36
:108A5000FFFFFFFFFFFFFFFFFFFFFFFFFFFFFFFF26
:108A6000FFFFFFFFFFFFFFFFFFFFFFFFFFFFFFFF16
:108A7000FFFFFFFFFFFF379EAC13AC13AC13AC132B
:108A8000AC13AC13AC13AC13AC13AC13AC13AC13EE
:108A9000AC13D1541696FAC65DDFBEEFDFFFFFFFC1
:108AA000DFFFBEEF5CDFDABED58D9044AC13AC13B4
:108AB000AC13AC13AC13AC13AC13AC13AC13AC13BE
:108AC000AC13AC13CD1BDABEFFFFFFFFFFFFFFFFB0
:108AD000FFFFFFFFFFFFFFFFFFFFFFFFFFFFFFFFA6
:108AE000FFFFFFFFFFFFDDFF30F672F6FFFFFFFF26
:108AF000D5F60EEE5AFFFFFF9CFF0FEEB4F6FFFF18
:108B0000FFFF18F70EEE17F7FFFFBDFF30EE72F60E
:108B1000FFFFFFFFD5F60EEE7AFFFFFFDEFF51F6F7
:108B200030EEDEFFFFFF17F7EEED39FFFFFFBDFF71
:108B30000FF693F6FFFFFFFFFFFFFFFFFFFFFFFFB3
:108B4000DEFF0FEECCEDCDEDCDED0EEEB4F6FFFF7A
:108B5000FFFF73F6CDED07E5C4E427E5CDED52F652
:108B6000FFFFFFFFDEFF0FEE07E5C4E4C5E469E5A4
:108B700051F6FFFFFFFFBDFF0FEE73F6FFFFFFFF94
:108B800093F60FEE9CFFFFFFFFFF5AFF51F6F6F63C
:108B9000FFFFFFFFFFFF9BFF0FEEE6E4C4E4E5E409
:108BA0006AED52F6FFFFFFFF17F7EEED18F7FFFF34
:108BB0009CFFEEEDB4F6FFFFFFFFFFFFFFFFFFFF9F
:108BC000FFFFFFFFFFFFFFFFFFFF39FF93F6D5F623
:108BD0009CFFFFFFFFFFFFFFFFFFB4F68AED8BED69
:108BE00093F6FFFFFFFFFFFFFFFFFFFFD5F60FEE3E
:108BF000CDED0FEE30EEEEEDACED0EEED5F6FFFF67
:108C0000FFFFFFFFFFFFFFFFFFFFFFFFFFFFFFFF74
:108C1000FFFFFFFFB585AC13AC13AC13AC13AC1363
:108C2000AC13AC13AC13AC13AC13AC13AC13AC134C
:108C3000AC13AC136F3CF15C3365536D3365D154A9
:108C40004F3CAC13AC13AC13AC13AC13AC13AC1360
:108C5000AC13AC13AC13AC13AC13AC13AC13AC131C
:108C6000379EFFFFFFFFFFFFFFFFFFFFFFFFFFFF3D
:108C7000FFFFFFFFFFFFFFFFFFFFFFFFFFFFFFFF04
:108C8000FFFF7AFFC4E4C4E49CFFFFFF8BEDC4E464
:108C900051F6FFFF17F7C4E406E5FFFFFFFF0FEEF5
:108CA000C4E4EDEDFFFF5AFFC4E4C4E4BCFFFFFFE2
:108CB0006AEDC4E493F6FFFF9CFFC4E4C4E47BFFC9
:108CC000FFFFEEEDC4E40FEEFFFF39FFC4E4C4E4A0
:108CD000BDFFFFFFFFFFFFFFFFFFFFFF9CFF06E55C
:108CE000C5E4C5E4C5E4C5E4C5E4EEEDFFFFACEDC5
:108CF000C4E4C4E4C4E4C4E4C4E46AEDFFFFDEFFFA
:108D00006AEDC4E4C4E4ABED28E5C4E4E5E4BDFFEA
:108D1000FFFF59FFC4E4C5E4DEFFFFFF06E5C4E43E
:108D2000D6F6FFFFFFFF72F6C4E48BEDFFFFFFFFF7
:108D30009CFF28E5C4E4C4E46AED07E5C4E4E6E486
:108D4000DEFFFFFFEEEDC4E4EEEDFFFF17F7C4E436
:108D500006E5FFFFFFFFFFFFFFFFFFFFFFFFFFFF36
:108D6000FFFFDEFFCDEDC4E4C4E4C4E40EEEFFFF7C
:108D7000FFFFFFFFEEEDC4E4E5E4C4E4C4E4EEED80
:108D8000FFFFFFFFFFFF72F6C4E4C4E4C4E4C4E4E1
:108D9000C4E4C4E4C4E4C4E4C4E450F6FFFFFFFF49
:108DA000FFFFFFFFFFFFFFFFFFFFFFFFFFFFFFFFD3
:108DB000FFFF7475AC13AC13AC13AC13AC13AC1352
:108DC000AC13AC13AC13AC13AC13AC13AC13AC13AB
:108DD000AC13AC13AC13AC13AC13AC13AC13AC139B
:108DE000AC13AC13AC13AC13AC13AC13AC13AC138B
:108DF000AC13AC13AC13AC13AC13F695FFFFFFFF31
:108E0000FFFFFFFFFFFFFFFFFFFFFFFFFFFFFFFF72
:108E1000FFFFFFFFFFFFFFFFFFFFFFFFFFFF7BFFE6
:108E2000C4E4C5E49CFFFFFFCDEDC4E472F6FFFF90
:108E300038FFC4E448E5FFFFFFFF51F6C4E42FEE1E
:108E4000FFFF7AFFC4E4E5E4BDFFFFFFACEDC4E43F
:108E5000B4F6FFFFBDFFE6E4C4E47BFFFFFF30EEA6
:108E6000C4E430F6FFFF5AFFC4E407E5BDFFFFFF8F
:108E7000FFFFFFFFFFFFFFFFFFFFFFFFDEFFFFFF23
:108E8000FFFFBDFF06E5C5E47BFFDEFFBDFF10EE83
:108E9000C4E4EEED9CFFBDFFFFFF0FEEC4E407E569
:108EA0005AFFFFFF17F7C4E427E5BDFFFFFF5AFF96
:108EB000C4E407E5DEFFFFFF49EDC4E4F7F6FFFF7A
:108EC000FFFFB4F6C4E4CDEDFFFFFFFFEEEDC4E419
:108ED00027E57BFFFFFFD5F6C4E448EDFFFFFFFF6A
:108EE00030EEC4E451F6FFFF38FFC4E449EDFFFF64
:108EF000FFFFFFFFFFFFFFFFFFFFFFFFFFFF0FEE83
:108F0000C4E407E593F672F6F6F6FFFFFFFFF7F607
:108F1000C4E4CDEDFFFFDEFF8BEDC4E418F7FFFFE7
:108F2000DEFF48E5C4E493F6DEFF0FEEC4E40EEE88
:108F3000BDFFD5F6C4E406E5DEFFFFFFFFFFFFFF40
:108F4000FFFFFFFFFFFFFFFFFFFFFFFFFFFFFFFF31
:108F5000B585AC13AC13AC13AC13AC13AC13AC139E
:108F6000AC13AC13AC13AC13AC13AC13AC13AC1309
:108F7000AC13AC13AC13AC13AC13AC13AC13AC13F9
:108F8000AC13AC13AC13AC13AC13AC13AC13AC13E9
:108F9000AC13CC1B179EFFFFFFFFFFFFFFFFFFFF80
:108FA000FFFFFFFFFFFFFFFFFFFFFFFFFFFFFFFFD1
:108FB000FFFFFFFFFFFFFFFFFFFF7BFFE4E4E4E4B1
:108FC0009CFFFFFFCDEDC4E493F6FFFF38FFC4E440
:108FD00048E5FFFFFFFF51F6C4E430EEFFFF7BFFE3
:108FE000C4E4E5E4BDFFFFFFACEDC4E4B4F6FFFF6D
:108FF000BDFFE6E4C4E47BFFFFFF30EEC4E451F6BE
:10900000FFFF5AFFC4E407E5BDFFFFFFFFFFFFFFBF
:10901000FFFFFFFFFFFF18F751F6EEEDEEEDEEED6F
:1090200006E5C5E417F7FFFFFFFF72F6C4E452F64A
:10903000FFFFFFFFFFFF28E5C4E493F6FFFFFFFFFC
:10904000F7F6C4E428E5DEFFFFFF7AFFC4E427E576
:10905000DEFFFFFF49EDC4E417F7FFFFFFFFB4F6A3
:10906000C4E4CDEDFFFFBDFFE6E4C4E4B5F6FFFFC9
:10907000FFFFB5F6C4E448E5FFFFFFFF30EEC4E4B0
:1090800051F6FFFF38FFC4E46AEDFFFFFFFFFFFF6B
:10909000FFFFFFFFFFFFFFFFBDFFE5E4C4E459FF53
:1090A000FFFFFFFFFFFFFFFFFFFF30EEC4E45AFFAB
:1090B000FFFFFFFF17F7C4E450F6FFFFDDFF27E5D2
:1090C000C4E49CFFFFFF51F6C4E451F6FFFFBDFF6F
:1090D000C4E4C4E49BFFFFFFFFFFFFFFFFFFFFFFB0
:1090E000FFFFFFFFFFFFFFFFFFFFFFFFFFFF179ED9
:1090F000ED23AC13AC13AC13AC13AC13AC13AC1327
:10910000AC13AC13AC13AC13AC13AC13AC13AC1367
:10911000AC13AC13AC13AC13AC13AC13AC13AC1357
:10912000AC13AC13AC13AC13AC13AC132E2C99B61C
:10913000FFFFFFFFFFFFFFFFFFFFFFFFFFFFFFFF3F
:10914000FFFFFFFFFFFFFFFFFFFFFFFFFFFFFFFF2F
:10915000FFFFFFFFFFFF7BFFC4E4E5E4DEFFFFFF4F
:10916000CDEDC4E493F6FFFF59FFC4E448E5FFFFEB
:10917000FFFF51F6C4E451F6FFFF7BFFC4E405E5B1
:10918000BDFFFFFFCDEDC4E4B4F6FFFFBDFF06E574
:10919000C4E49CFFFFFF30EEC4E451F6FFFF7BFF09
:1091A000C4E407E5BDFFFFFFFFFFFFFFFFFFFFFF79
:1091B0009CFFE6E4C5E4E6E4E5E4C5E4C5E4E5E4F3
:1091C00018F7FFFFFFFF30EEC4E451F6FFFFFFFF8B
:1091D000DEFF27E5C4E417F7FFFFFFFF18F7C4E43D
:1091E00028E5DEFFFFFF7AFFC4E428E5FFFFFFFF6D
:1091F0006AEDC4E4F7F6FFFFFFFFB4F6C4E4CDED7B
:10920000FFFF9CFFC4E4C4E439FFFFFFFFFFD6F675
:10921000C4E448E5FFFFFFFF30EEC4E452F6FFFF71
:1092200039FFC4E469EDFFFFFFFFFFFFFFFFFFFF12
:10923000FFFFFFFF9CFFC4E4C4E4DEFFFFFFFFFF6E
:10924000FFFFFFFFFFFF0FEEC4E45AFFFFFFFFFF2A
:1092500017F7C4E430EEFFFFBDFF27E5C4E459FF74
:10926000FFFF30EEC4E42FEEFFFF7BFFC4E4C5E454
:109270007BFFFFFFFFFFFFFFFFFFFFFFFFFFFFFF82
:10928000FFFFFFFFFFFFFFFFFFFFFFFFFAC6B14C2D
:10929000AC13AC13AC13AC13AC13AC13AC13AC13D6
:1092A000AC13AC13AC13AC13AC13AC13AC13AC13C6
:1092B000AC13AC13AC13AC13AC13AC13AC13AC13B6
:1092C000AC13AC13AC13F25C3CD7FFFFFFFFFFFF06
:1092D000FFFFFFFFFFFFFFFFFFFFFFFFFFFFFFFF9E
:1092E000FFFFFFFFFFFFFFFFFFFFFFFFFFFFFFFF8E
:1092F000FFFF9BFFC4E4E4E45AFFFFFF0EEEC4E46B
:1093000094F6FFFF17F7C4E448E5FFFFFFFF51F6AF
:10931000C4E4CDEDFFFFBDFFE4E406E5FFFFFFFF82
:10932000ABEDC4E493F6FFFFBDFFE6E4C4E439FF10
:10933000FFFF72F6C4E472F6FFFF59FFC4E406E5CE
:10934000BDFFFFFFFFFFFFFFFFFFFFFF7BFFC5E448
:10935000ACEDDEFFDEFFBDFF49EDC5E438F7FFFFF2
:10936000FFFF30EEC4E430EEFFFFFFFFFFFF49E5F3
:10937000C4E4EEEDFFFFFFFF30EEC4E428E5DEFFBE
:10938000FFFF5AFFC4E4E6E4FFFFFFFF48E5C4E443
:10939000F7F6FFFFFFFFB4F6C4E4CCEDFFFFDEFFFE
:1093A00028E5C4E430EEFFFFFFFFEEEDC4E449ED35
:1093B000DEFFFFFF30EEC4E40FEEFFFF18F7C4E45A
:1093C00048EDFFFFFFFFFFFFFFFFFFFFFFFFFFFF76
:1093D000DEFF28E5C4E430EEFFFFDDFF9CFFFFFF6A
:1093E000FFFF93F6C4E4F6F6FFFFFFFF72F6C4E456
:1093F000B4F6FFFFDEFF47E5C4E459FFFFFF30EEA0
:10940000C4E430EEFFFF7BFFC4E4E5E49CFFFFFF14
:10941000FFFFFFFFFFFFFFFFFFFFFFFFFFFFFFFF5C
:10942000FFFFFFFFFFFFFFFFFFFF9EEFF68D0E2CFC
:10943000AC13AC13AC13AC13AC13AC13AC13AC1334
:10944000AC13AC13AC13AC13AC13AC13AC13AC1324
:10945000AC13AC13AC13AC13AC13AC13AC134E3451
:1094600058A6BEEFFFFFFFFFFFFFFFFFFFFFFFFF5D
:10947000FFFFFFFFFFFFFFFFFFFFFFFFFFFFFFFFFC
:10948000FFFFFFFFFFFFFFFFFFFFFFFFFFFFDEFF0D
:1094900028E5C4E406E530EE27E5C4E448E5EEED52
:1094A000E5E4C4E4EEEDFFFFFFFFF7F6C4E4C4E437
:1094B000CDEDEDEDC4E4C4E4CDEDABEDC4E4C4E426
:1094C00038FFFFFFFFFF8BEDC4E4E5E40FEE28E576
:1094D000C4E407E5EEED06E5C4E4ACEDFFFFFFFFF5
:1094E00059FF93F6DEFFFFFF7BFFC5E4E5E4EEEDF9
:1094F00030EE0FEEC5E4C5E4F7F6FFFFFFFF94F68C
:10950000C4E4C4E48BEDF6F6FFFFB4F6C4E4C4E4AF
:1095100049E528E5C4E4C4E449EDDEFFFFFFDEFFD2
:1095200006E5C4E46AED8BEDC4E4E5E49BFFFFFFD0
:10953000FFFF72F6C4E48BEDFFFFFFFF73F6C4E498
:10954000C4E46AED28E5C4E4C4E469E5DEFFFFFF96
:10955000D6F6C4E4C4E48BEDE6E4C4E4EEEDFFFF2C
:10956000FFFFFFFFD5F618F7FFFFFFFFFFFFD5F660
:10957000C4E4C4E406E5C4E4EEEDFFFFFFFFBCFF76
:1095800006E5C4E430EEEEEDC4E407E5BDFFFFFF01
:10959000BDFFE5E4C4E438FFFFFF0EEEC4E4EEEDEA
:1095A000FFFF7AFFC4E4C4E49BFFFFFFFFFFFFFF60
:1095B000FFFFFFFFFFFFFFFFFFFFFFFFFFFFFFFFBB
:1095C000FFFFFFFFFFFFFFFFFFFF5CDFB5852E34CE
:1095D000AC13AC13AC13AC13AC13AC13AC13AC1393
:1095E000AC13AC13AC13AC13AC13AC13AC13AC1383
:1095F000AC13AC13AC134F3C17967DE7FFFFFFFF96
:10960000FFFFFFFFFFFFFFFFFFFFFFFFFFFFFFFF6A
:10961000FFFFFFFFFFFFFFFFFFFFFFFFFFFFFFFF5A
:10962000FFFFFFFFFFFFFFFFFFFFFFFF39FFABED76
:1096300006E506E527E528E507E5E5E406E5CDEDE1
:10964000BCFFFFFFFFFFFFFF51F648E5E5E406E53D
:1096500048E528E506E5E5E469EDB4F6FFFFFFFF20
:10966000FFFF5AFFABED06E5E6E407E528E507E571
:10967000E6E406E5ACED7BFFFFFFFFFFD5F6ABEDC3
:10968000BDFFFFFFDEFF0FEE27E5E5E406E506E59B
:1096900007E528E539FFFFFFFFFFDEFFEEED07E5F9
:1096A000C5E430F6FFFFFFFF72F627E5C4E406E5E8
:1096B0008AEDC4E448EDDEFFFFFFFFFF18F78BEDF6
:1096C000C5E4C5E46AEDF6F6FFFFFFFFFFFFF6F61F
:1096D00027E50FEEFFFFFFFFFFFF30F607E5C4E4CD
:1096E00028E58BEDC4E449EDFFFFFFFFFFFF52F6D5
:1096F00028E5C4E406E5CDEDBCFFFFFFFFFFFFFF5B
:1097000010EE93F6FFFFFFFFFFFFFFFFF7F6ACED54
:1097100028E58AED17F7FFFFFFFFFFFF39FF69ED2F
:10972000C4E4C4E48AED5AFFFFFFFFFFDEFFCCED87
:1097300027E55AFFFFFF72F606E551F6FFFF9CFF93
:1097400047E569EDBDFFFFFFFFFFFFFFFFFFFFFFE5
:10975000FFFFFFFFFFFFFFFFFFFFFFFFFFFFFFFF19
:10976000FFFFFFFFFFFFFFFFFFFF7DE758A6F25C53
:10977000ED23AC13AC13AC13AC13AC13AC13AC13A0
:10978000AC13AC13AC13AC13AC13AC132E34536D3D
:1097900099B69EEFFFFFFFFFFFFFFFFFFFFFFFFFF9
:1097A000FFFFFFFFFFFFFFFFFFFFFFFFFFFFFFFFC9
:1097B000FFFFFFFFFFFFFFFFFFFFFFFFFFFFFFFFB9
:1097C000FFFFFFFFFFFFFFFFFFFFFFFFBDFFBDFF2D
:1097D000BDFFBDFFBDFFBDFFBDFFFFFFFFFFFFFFE3
:1097E000FFFFFFFFFFFFDEFFBCFFBDFFBDFFBDFFB3
:1097F000BDFFBDFFDEFFFFFFFFFFFFFFFFFFFFFF1E
:10980000FFFFBDFFBCFFBDFFBDFFBDFFBDFFBDFF37
:10981000FFFFFFFFFFFFFFFFFFFFFFFFFFFFFFFF58
:10982000FFFFFFFFBDFFBCFFBDFFBDFFBDFFBDFFD5
:10983000FFFFFFFFFFFFFFFFFFFFBDFF9CFFFFFFDD
:10984000FFFFFFFFFFFFDEFF7BFFFFFF18F7C4E412
:1098500048E5DEFFFFFFFFFFFFFFFFFF9CFF9CFFD0
:10986000FFFFFFFFFFFFFFFFFFFFFFFF9CFFDEFF8C
:10987000FFFFFFFFFFFFFFFFDEFF7BFFFFFFD6F6CF
:10988000C4E469EDFFFFFFFFFFFFFFFFDEFF9CFF6A
:10989000BDFFFFFFFFFFFFFFFFFFFFFFFFFFFFFF1A
:1098A000FFFFFFFFFFFFFFFFFFFFFFFFFFFFFFFFC8
:1098B000FFFFFFFFFFFFFFFFFFFFFFFF7BFF7BFFC0
:1098C000FFFFFFFFFFFFFFFFFFFFFFFFBCFFFFFFEB
:1098D000FFFFFFFF9BFFDEFFFFFFFFFFBDFFDEFF80
:1098E000FFFFFFFFFFFFFFFFFFFFFFFFFFFFFFFF88
:1098F000FFFFFFFFFFFFFFFFFFFFFFFFFFFFFFFF78
:10990000FFFFFFFFFFFFFFFFFFFFDFF77DDF99B6E0
:10991000D68D3365B14C6F444F3C4F3C4F3C904427
:10992000D154536DF695DABE9DE7DFF7FFFFFFFFD9
:10993000FFFFFFFFFFFFFFFFFFFFFFFFFFFFFFFF37
:10994000FFFFFFFFFFFFFFFFFFFFFFFFFFFFFFFF27
:10995000FFFFFFFFFFFFFFFFFFFFFFFFFFFFFFFF17
:10996000FFFFFFFFFFFFFFFFFFFFFFFFFFFFFFFF07
:10997000FFFFFFFFFFFFFFFFFFFFFFFFFFFFFFFFF7
:10998000FFFFFFFFFFFFFFFFFFFFFFFFFFFFFFFFE7
:10999000FFFFFFFFFFFFFFFFFFFFFFFFFFFFFFFFD7
:1099A000FFFFFFFFFFFFFFFFFFFFFFFFFFFFFFFFC7
:1099B000FFFFFFFFFFFFFFFFFFFFFFFFFFFFFFFFB7
:1099C000FFFFFFFFFFFFFFFFFFFFFFFFFFFFFFFFA7
:1099D000FFFFFFFFFFFFFFFFFFFFFFFFFFFFFFFF97
:1099E000DEFFFFFFFFFFFFFFCDEDC4E48BEDFFFFC8
:1099F000FFFFFFFFFFFFFFFFFFFFFFFFFFFFFFFF77
:109A0000FFFFFFFFFFFFFFFFFFFFFFFFFFFFFFFF66
:109A1000FFFFDEFFFFFFFFFFFFFF8BEDC4E4CDED97
:109A2000FFFFFFFFFFFFFFFFFFFFFFFFFFFFFFFF46
:109A3000FFFFFFFFFFFFFFFFFFFFFFFFFFFFFFFF36
:109A4000FFFFFFFFFFFFFFFFFFFFFFFFFFFFFFFF26
:109A5000FFFFFFFFFFFFFFFFFFFFFFFFFFFFFFFF16
:109A6000FFFFFFFFFFFFFFFFFFFFFFFFFFFFFFFF06
:109A7000FFFFFFFFFFFFFFFFFFFFFFFFFFFFFFFFF6
:109A8000FFFFFFFFFFFFFFFFFFFFFFFFFFFFFFFFE6
:109A9000FFFFFFFFFFFFFFFFFFFFFFFFFFFFFFFFD6
:109AA000FFFFFFFFFFFFFFFFFFFFFFFFFFFFFFFFC6
:109AB000FFFFFFFFFFFFFFFFFFFFFFFFFFFFFFFFB6
:109AC000FFFFFFFFFFFFFFFFFFFFFFFFFFFFFFFFA6
:109AD000FFFFFFFFFFFFFFFFFFFFFFFFFFFFFFFF96
:109AE000FFFFFFFFFFFFFFFFFFFFFFFFFFFFFFFF86
:109AF000FFFFFFFFFFFFFFFFFFFFFFFFFFFFFFFF76
:109B0000FFFFFFFFFFFFFFFFFFFFFFFFFFFFFFFF65
:109B1000FFFFFFFFFFFFFFFFFFFFFFFFFFFFFFFF55
:109B2000FFFFFFFFFFFFFFFFFFFFFFFFFFFFFFFF45
:109B3000FFFFFFFFFFFFFFFFFFFFFFFFFFFFFFFF35
:109B4000FFFFFFFFFFFFFFFFFFFFFFFFFFFFFFFF25
:109B5000FFFFFFFFFFFFFFFFFFFFFFFFFFFFFFFF15
:109B6000FFFFFFFFFFFFFFFFFFFFFFFFFFFFFFFF05
:109B7000FFFFFFFFFFFFFFFFFFFF9CFF28E56AEDF0
:109B8000EEED6AEDC4E4C4E4D5F6FFFFFFFFFFFF8E
:109B9000FFFFFFFFFFFFFFFFFFFFFFFFFFFFFFFFD5
:109BA000FFFFFFFFFFFFFFFFFFFFFFFF59FF28E55C
:109BB0008AEDEEED48E5C4E4C4E417F7FFFFFFFFCC
:109BC000FFFFFFFFFFFFFFFFFFFFFFFFFFFFFFFFA5
:109BD000FFFFFFFFFFFFFFFFFFFFFFFFFFFFFFFF95
:109BE000FFFFFFFFFFFFFFFFFFFFFFFFFFFFFFFF85
:109BF000FFFFFFFFFFFFFFFFFFFFFFFFFFFFFFFF75
:109C0000FFFFFFFFFFFFFFFFFFFFFFFFFFFFFFFF64
:109C1000FFFFFFFFFFFFFFFFFFFFFFFFFFFFFFFF54
:109C2000FFFFFFFFFFFFFFFFFFFFFFFFFFFFFFFF44
:109C3000FFFFFFFFFFFFFFFFFFFFFFFFFFFFFFFF34
:109C4000FFFFFFFFFFFFFFFFFFFFFFFFFFFFFFFF24
:109C5000FFFFFFFFFFFFFFFFFFFFFFFFFFFFFFFF14
:109C6000FFFFFFFFFFFFFFFFFFFFFFFFFFFFFFFF04
:109C7000FFFFFFFFFFFFFFFFFFFFFFFFFFFFFFFFF4
:109C8000FFFFFFFFFFFFFFFFFFFFFFFFFFFFFFFFE4
:109C9000FFFFFFFFFFFFFFFFFFFFFFFFFFFFFFFFD4
:109CA000FFFFFFFFFFFFFFFFFFFFFFFFFFFFFFFFC4
:109CB000FFFFFFFFFFFFFFFFFFFFFFFFFFFFFFFFB4
:109CC000FFFFFFFFFFFFFFFFFFFFFFFFFFFFFFFFA4
:109CD000FFFFFFFFFFFFFFFFFFFFFFFFFFFFFFFF94
:109CE000FFFFFFFFFFFFFFFFFFFFFFFFFFFFFFFF84
:109CF000FFFFFFFFFFFFFFFFFFFFFFFFFFFFFFFF74
:109D0000FFFFFFFFFFFFFFFFFFFFFFFFFFFFFFFF63
:109D1000FFFFFFFFFFFF9CFFE6E4C4E4C4E4C4E4EC
:109D2000E6E452F6FFFFFFFFFFFFFFFFFFFFFFFF2D
:109D3000FFFFFFFFFFFFFFFFFFFFFFFFFFFFFFFF33
:109D4000FFFFFFFFFFFFFFFF5AFFC5E4C4E4C4E4C9
:109D5000C4E407E5B4F6FFFFFFFFFFFFFFFFFFFFCF
:109D6000FFFFFFFFFFFFFFFFFFFFFFFFFFFFFFFF03
:109D7000FFFFFFFFFFFFFFFFFFFFFFFFFFFFFFFFF3
:109D8000FFFFFFFFFFFFFFFFFFFFFFFFFFFFFFFFE3
:109D9000FFFFFFFFFFFFFFFFFFFFFFFFFFFFFFFFD3
:109DA000FFFFFFFFFFFFFFFFFFFFFFFFFFFFFFFFC3
:109DB000FFFFFFFFFFFFFFFFFFFFFFFFFFFFFFFFB3
:109DC000FFFFFFFFFFFFFFFFFFFFFFFFFFFFFFFFA3
:109DD000FFFFFFFFFFFFFFFFFFFFFFFFFFFFFFFF93
:109DE000FFFFFFFFFFFFFFFFFFFFFFFFFFFFFFFF83
:109DF000FFFFFFFFFFFFFFFFFFFFFFFFFFFFFFFF73
:109E0000FFFFFFFFFFFFFFFFFFFFFFFFFFFFFFFF62
:109E1000FFFFFFFFFFFFFFFFFFFFFFFFFFFFFFFF52
:109E2000FFFFFFFFFFFFFFFFFFFFFFFFFFFFFFFF42
:109E3000FFFFFFFFFFFFFFFFFFFFFFFFFFFFFFFF32
:109E4000FFFFFFFFFFFFFFFFFFFFFFFFFFFFFFFF22
:109E5000FFFFFFFFFFFFFFFFFFFFFFFFFFFFFFFF12
:109E6000FFFFFFFFFFFFFFFFFFFFFFFFFFFFFFFF02
:109E7000FFFFFFFFFFFFFFFFFFFFFFFFFFFFFFFFF2
:109E8000FFFFFFFFFFFFFFFFFFFFFFFFFFFFFFFFE2
:109E9000FFFFFFFFFFFFFFFFFFFFFFFFFFFFFFFFD2
:109EA000FFFFFFFFFFFFFFFFFFFFFFFFFFFFFFFFC2
:109EB000FFFFFFFFBDFF17F7F6F617F79CFFFFFF49
:109EC000FFFFFFFFFFFFFFFFFFFFFFFFFFFFFFFFA2
:109ED000FFFFFFFFFFFFFFFFFFFFFFFFFFFFFFFF92
:109EE000FFFFFFFFFFFF9CFF18F7F6F618F7BDFF17
:109EF000FFFFFFFFFFFFFFFFFFFFFFFFFFFFFFFF72
:109F0000FFFFFFFFFFFFFFFFFFFFFFFFFFFFFFFF61
:109F1000FFFFFFFFFFFFFFFFFFFFFFFFFFFFFFFF51
:109F2000FFFFFFFFFFFFFFFFFFFFFFFFFFFFFFFF41
:109F3000FFFFFFFFFFFFFFFFFFFFFFFFFFFFFFFF31
:109F4000FFFFFFFFFFFFFFFFFFFFFFFFFFFFFFFF21
:109F5000FFFFFFFFFFFFFFFF00104001E001011BBB
:109F60003245D0343245734D324DF13C7355735503
:109F7000534D124573555355124DF1447355535576
:109F80001245F2447355334DF144124D5355124D61
:109F9000F14411453255F14CF144534D945D124D4D
:109FA0009144D25CD46C568DD895F895D895D895B7
:109FB000B895B795D895F895D895B78DB795B78DCD
:109FC0005685D46C31548E3B8D336C2B2B1B6B1B05
:109FD000AD23CC236F3C8F3C324D3255D14C3255A2
:109FE000535D735D325D325D7365535D335552551C
:109FF000735D525D8F440D3C325D736D4F44ED33A4
:10A000000E3C4E3C4E3C4E344E34B03C4E2C0A0B73
:10A010002B0B4F344E348B1B8B236E3C735D93653F
:10A02000535D335D946D9465135D535D9565955DEA
:10A030003355745DD56D535DB04CF15CF274538D46
:10A04000959595959695B79DD89DF89DF89DF89D09
:10A05000F89DF89DD89DF895D7959685557DD26445
:10A060000F446C238D232F342F2C6F34903CF24CF3
:10A07000945DD56DB5655355535D945D745D735DA9
:10A08000B565D55D9455F13C744DB4557355735514
:10A09000945D745D33555455B65DB65D344D534D86
:10A0A00074555455534D955DD6659565745D545DF5
:10A0B000B565745D54551245124512453355D66544
:10A0C000176ED6655455345574555355F244325570
:10A0D000536554759685D795B795968D778D978DE1
:10A0E000B795B795D79DB79D9695B69DD69DF69D8C
:10A0F000D69D958DD2747054704450342F2CD24418
:10A10000F24C1355F34C955D13551355B565D66D4B
:10A11000D665134D134D334D745D745DD665F66D84
:10A12000B565745D9565B665955DB565D66DD56D9E
:10A13000545D1255335D7465545D745DB565D565C8
:10A1400095651355F24C903C703C134D5455545545
:10A15000745D9565D665B565134DF34C545D955D9D
:10A16000F34CF244344DD244513C30443054916469
:10A17000337D5385948DB49DB4A593AD52AD72B526
:10A1800073BD72B572AD71ADEF9C4D8C4D8CED6BA6
:10A190008C430F3CB23CD234912CD234F33CB23CD1
:10A1A000D3445555555D34551455755D7565355D0C
:10A1B000345D76659665355D345D556575653455F8
:10A1C000755D9565956534553455755D755D134DB3
:10A1D000D344F344344DF344144D75555555144D43
:10A1E0005245D0343245534D3245F13C7355735589
:10A1F000534D124573555355124DF14473555355F4
:10A20000124512457355534D1145324D735D124D34
:10A21000F144114D3355F14CF144534D7455F24C0A
:10A220009144F35C1475978DD895D895B78DB795F3
:10A23000B7959795D895D895D895B78D978DB78DB3
:10A2400076851575725CCF438E334C2B0A1B6B1BC6
:10A25000CD2BCC238F3C8F3C324D3255F14C3255B7
:10A26000525D535D325D325D746573653355525591
:10A27000935D735D8F440D3C115D73656F4CED33E1
:10A280000E3C2E3C4E3C2D340D2C2E2CED230A037F
:10A290002B0B4F344E346A1B6B236E3C7365B465D5
:10A2A0005365535DB46D9465135D545D9565955D1F
:10A2B000134D1355D565335DB04C1265F274548D52
:10A2C000959595959695B79DD89DD89DF89D189E86
:10A2D000F89DF89DF89DF895B78D7685347DB2642C
:10A2E0000F448D2BCD2B4F344F2C7034903CD144E8
:10A2F000124D745D535D3355735D9465745D5355B4
:10A30000B465B55D7455D13C744DB45573557355F2
:10A31000945D745D34555455B65DB55D534D5455DB
:10A32000955D7455534D745DB565955D745D545D73
:10A33000D665745D54551245334D134D33559565AF
:10A34000D66D955D34555455945D7455F244124D57
:10A35000135D346D9585B7959795768D778D978D2F
:10A36000D89DD795D79DD79DD79D17A617A6F79DA2
:10A37000B6957485D26C50540F3C2F2C2F2CD244A0
:10A38000D24CF34CD24C755D135513559565B6659B
:10A39000D665134D134D134D545D745DB665F66D62
:10A3A000B5659565D66DF66D95659565D66DD66D79
:10A3B0007465335D7465956D74657465B565D56553
:10A3C000B56554553355124DF24C3355745D745D7B
:10A3D000745DB565D66DB66513551355545D955DC1
:10A3E000F34CF2441345B23C303C30443054916459
:10A3F000337D5385748D7495B4A5D4B531A58F9CE8
:10A400006F9431ADB3B5B2B530A58E8CCC7B8B6378
:10A41000AD432F3CB23CB2349134D234F33CB23C25
:10A42000D3445555755D34551455755D7665355D68
:10A43000355D76659665555D555D96659565545DAA
:10A44000755D9565956534553455755D755D134D30
:10A45000D344144D5555F44C144D55553555F44CC5
:10A460005245D0343245534D3245D13C534D534D76
:10A47000324D114553555355F144F14473555355DD
:10A48000124512457355534D1145324D735D32558A
:10A49000D144124D5355F24CF144524D7455F24C87
:10A4A0007144F364157D768DB795D895B78DB795C2
:10A4B000B7959795D895D895B78D978D978D978D9A
:10A4C0007685567DD36CEF4B8E334C23EA124B1BB3
:10A4D000CD23CC238F3C8F3C124D3255F14C32555D
:10A4E000735D735D535D535D94657465535D535D3A
:10A4F000735D525DB0442E3CF1547365904CCD3386
:10A50000EE330E3C4E3C4E34EC23CC1BAC1B0A030A
:10A510004B134F344E344A1B4A1B6E3C9365B46553
:10A5200053655365B56D9465335D545DB565955D53
:10A53000124D124DD5653255904CF15C1275548D0B
:10A54000959595959695B79DD89DF89DF89DF89D04
:10A55000D89DF89DF89DF895B78D7685357DD264A8
:10A56000304C8D2BCD2B2F342E2C6F34903CD1447E
:10A57000F14C335533553255735DB465945D535D7D
:10A580009465B55D7455D13C544D945573555355F0
:10A59000745D745D34555455B65DB55D544D745558
:10A5A000B55D955D54557455B55D955D745D745D8F
:10A5B000D66D955D74551245334D134D3355955DEC
:10A5C000B665955D3355545D955D7455F244124DF5
:10A5D000135D346D9685B695968D768D778DB7958E
:10A5E000D89DD795D79DF79DF7A5F7A5F7A5D79D3A
:10A5F000B6955485F374715C0F340F2C2F2CD24414
:10A60000D244F244D244755D3355134D745DB56543
:10A61000D66D134D134D334D545D745DB565F66DB8
:10A6200095657565D66DF66D95659565D56DD56D38
:10A6300074655365946DB56D94659465D56DD66DEF
:10A640009565545D33555355134DF24C3455545D57
:10A6500034559565F66DD66D33553455745D955DFD
:10A66000F34CF2441345B23C513C304430547164D5
:10A67000F3743385958DB59DB4A593AD11A5AF9CAD
:10A68000D09C32AD72AD92AD71AD4D8C29632A5321
:10A69000CD4B5044913C9234B134D234D23C923CB4
:10A6A000D2445555755D34551455755D7665355DE7
:10A6B000355D96659665555D555D96659665555D06
:10A6C000545D9565956534553455755D755D144DCE
:10A6D000F34C34557555144D344D55553555144D71
:10A6E0005245D0343245534D3245D13C534D534DF4
:10A6F000324DF14453555355F144F144735553557C
:10A700001245F2447355334DF144324D735D124D91
:10A71000D144124D5355124DF144324D7355F24C04
:10A720009144F35CF4745685978DD895D895D89557
:10A73000B7959795B895D895B78D978D978D978D37
:10A7400076857685F46C104C8E3B4C23EA124B1BBD
:10A75000AC23CC238F3C8F3C124D3255D14C32551B
:10A76000735D735D535D535D746573655355535DE0
:10A77000735D5255D04C4E44F15452656F4CAC2B26
:10A78000CD33ED336F3C6E3CED23CC1BCC1B0A0B61
:10A790006C136F3C2E344A1B4A1B6E3C9365B465A8
:10A7A00053657465B56D9465335D7465B565955D88
:10A7B000334D5355D565535590449054337D748D26
:10A7C000959595957695B795F89DF99DF89DD79DAA
:10A7D000D79DD89DF89DD895978D7685357DB264A7
:10A7E0000F4C8D2BAD2B0E340E2C6F34B03CD1445E
:10A7F000334D745D53553355745DD565945D735D0C
:10A80000B565B5655455B13C544D945D535553559C
:10A81000745D745D54555455B55DB55D54557455AE
:10A82000D565955D5455745DB55D955D755D745DDB
:10A83000D66DB55D74551245124512453355B56553
:10A84000D66D955D33555455955D7455F244124D52
:10A85000135D346D9585B68D968D768D9795D895CB
:10A86000D895D895D79DD79DD79DD79DD79DB6957F
:10A8700096955585F37471542F3C2F2C2F2CD24470
:10A88000D244F244D24C955D745D1355545D955D90
:10A89000D665134D134D3355745D745DB565D66D36
:10A8A0009565745D9565D66DB5659565D66DD56D07
:10A8B00074657465B56DB56D74659465D66DD66D4A
:10A8C000945D335513551355D24CB144F24C135586
:10A8D0001355955DF66DD66D545D545D9565956522
:10A8E000F34CF34C144DD2447144304430547164F1
:10A8F000D274F37C948DF69DD5A573A552A572AD47
:10A9000093B573B552AD51AD71AD4D84E85A0A534C
:10A91000CD4B5044913C9234B234D234D23C923C30
:10A92000B2445555755D34551455555D7665355DA4
:10A93000355D966596655565555D96659565545D7D
:10A94000545D755D755D34551355545D755D344DBD
:10A95000344D75557555344D5555765D5555144DD9
:10A96000534DD034324D534D1245D13C534D534D80
:10A97000324DF14453555355124DF14473557355AF
:10A980001245F244534D324DF13C124D735D124D60
:10A99000D144124D5355124DD144324D7355F24CA2
:10A9A0009144F36414755685978DD895D895F8958C
:10A9B000B895B795B895D895B78D978D978D978D94
:10A9C0007685767DF46C104C8E334C230A1B4B1B22
:10A9D000AC23CC238F3C903C124D1255D0441255E1
:10A9E000525D535D325D535D746573653355535DE0
:10A9F000735D5255F14C6F44F1545265904CCD3318
:10AA0000CD33ED334F3C6F3C0D24ED23CD230A03B2
:10AA10006C134F340D2C6A1B4A1B6E3C9365B46556
:10AA2000535D7465B56D9465135D7465B565945D2E
:10AA3000324D5355D5653355704490541375548534
:10AA4000758D758D768D9795D89DF89DD89DD795E8
:10AA5000D795D795B795B795768D7585147D715C2B
:10AA6000CE434C2BAD2B2F342F2C9034B13CD14402
:10AA70005355945D745D5355735DB45D945D735D22
:10AA8000B565B565545DB1443455955D545D335538
:10AA9000545D745D33555455B55DB55D545574556D
:10AAA000B565955D7455945DB5659565755D745D29
:10AAB000D665955D745512451245134D3355B565F0
:10AAC000F66D955D34555455955D7455D144F24CF1
:10AAD000F25C136D557D768D768D768DB795D89514
:10AAE000D895B795B795D79DD79DF8A5D79D96953D
:10AAF000758D5585B26C304C2F342F2C2F2C13456F
:10AB0000D244F244F24CB55D955D13555455745DD5
:10AB1000B565F24C124D334D945D945DD665D66D9E
:10AB200095657465B665D66DB565B565F66DF675F2
:10AB300094657465946D946D545D7465D66DD66D31
:10AB4000956533553355F24CB24CD24CF24C1355FB
:10AB5000345D9565F66DD66D545D755D956595654D
:10AB6000F34CF34C344DD2445144314C3054716465
:10AB7000F374F27C5485B595D5A5D5ADB3AD73AD61
:10AB800072AD73B572AD72AD71ADAE948B6B4A534D
:10AB9000CD435044923CB234B234D23CB23C923CAD
:10ABA000B2445555555D34551455555D755D355D4B
:10ABB000355D9665B66D7565555D96657565345DF3
:10ABC000555D755D755D34551355545D755D345532
:10ABD0005455B65D755D34555555965D5555144DB6
:10ABE000534DD13C324D534D324DD13C534D534DCD
:10ABF000324DF14453555355124DF144735573552D
:10AC0000124512457355334DF144324D735D124D6B
:10AC1000D144124D5355F14CD144324D7455F24C40
:10AC200091441465357D778DB78DB78DB78DD895E7
:10AC3000B895B795B895D895B78DB78D978D978DF1
:10AC40005685357DD36CEF4B8D334C2B0B1B4B1B3B
:10AC5000CD23CD2BB044B04412551255B0441255FB
:10AC60005255535D535D7365946D7465535D735DAB
:10AC7000935D5255F154B04C11555265904CED3BDB
:10AC8000EE33ED334E3C6E3CED230D24ED23E90213
:10AC90004B13EE2BAC236A1B6A1B4E3C9365B465C9
:10ACA000535D535DB56D9465135D535DB565945DFE
:10ACB000124D124DD56533559044F25CD26C13851C
:10ACC00096959795B795B895D895D895D895D79DD9
:10ACD000D795D7959695968D768D7685147D715CF2
:10ACE000CE434C2BAD2B2F342F2C7034903CD144C1
:10ACF0003355945D7455334D5355945D73553355A9
:10AD0000955DB565545DB244545D9565545D335DA4
:10AD1000545D745D534D744DB555B55D534D7455CB
:10AD2000B565955D7455945DB565B565755D545DA6
:10AD3000D665955D74551245334D334D3355956544
:10AD4000D665955D3455545DB55D7455F244F24C4D
:10AD5000135D346D7585968D768D968D9795B79527
:10AD6000B78D9795B795D79DD79DD79DB79D96954C
:10AD7000758D5585B26C304C2F342F2C2F2C1245ED
:10AD8000D244F244F244955D955D134D5455745D83
:10AD9000955DD244F244134D7455745DD665F66DDD
:10ADA000B56D9565D66DF76D9565955DD66DF67546
:10ADB0007465536574657465535D7465D66DF66D21
:10ADC000B565335553551355F24C545D545D755D5F
:10ADD0009565D66DF66DD66D545D755D9565956519
:10ADE000F34CF34C134DB244303C304C515CB26CDC
:10ADF000F37CF37C7485B595D59DF5ADB4AD73AD9D
:10AE000052AD72AD93AD72AD71A5EF9C0D7C6B5BD5
:10AE10008C432F3C913C92349134D23CD23CB23C96
:10AE2000B2445555555D34551455555D755D355DC8
:10AE3000345D9665B66D7565756596659565545D09
:10AE4000555D9565755D34551355545D955D545547
:10AE50007555D665955D3455545575555455144DF5
:10AE6000534DD13C324D534D324DD13C535553553A
:10AE7000124DF14473555355124DF144935573558A
:10AE8000324512457355534DF144324D735D124DA9
:10AE9000D144124D5355F14CD144524D945D124D55
:10AEA0009144F3641575768D978D978D978DB89530
:10AEB000B7959795B795B895B78DB78D978D978DB1
:10AEC00056851575B364104C8D334C2B2B1B4B1BC7
:10AED000AD23CD2BB044B0441255124DB0441255A1
:10AEE000535D735D535D7365946D7465535D735D00
:10AEF000945D5255F154D04C325D5265904C2E3CCD
:10AF0000ED33CC2B4E3C8F3C2D2C0E2C0E24EA0224
:10AF10002B138C1B2A134A1B8B234E3C735DB46589
:10AF2000535D545DB56D94651255535D945D945DAC
:10AF3000334D124DD5653355B14C1365B26C148544
:10AF40009695B795D895D895D895F895F895F7959D
:10AF5000D795D7959695968D968D968D357D9164DE
:10AF6000EF436D2BAE2B0F340E2C7034B13CF244FA
:10AF7000334D745D7355324D535573555355335599
:10AF8000955DB55D5455B24434557565545D335D7A
:10AF9000535D745D544D744DB55595553355745589
:10AFA000D665B55D7455945DB55D955D745D545D14
:10AFB000D665745D54551245334D134D3355956523
:10AFC000D665945D3355545DB55D7455F2441355A3
:10AFD00034657575B68DB7959795968D97959795B8
:10AFE000768D968DB795D79DB79DB79597957695A4
:10AFF000768D5585F36C7154303C4F2C2F2CF244D8
:10B00000F244F244D24454557455134D7455955D31
:10B01000B565F244F244134D7455745DD665F66D12
:10B02000B5659565B66DD66D9565745DB565D66D7E
:10B030007465535D7465946D54657465B56DD66DB6
:10B04000B565545D335513551355755DB66DD66DA5
:10B0500075659565B66DB56D545D75659565956558
:10B06000D34CF34C144DB244303C304C515CD27450
:10B07000F37CF37C748DD595B59DB49D93A5B3AD4C
:10B0800093B552AD32A572A571A5CF942D84AC6352
:10B09000AD430F3C713C9134712CD23CF344D23C13
:10B0A000D3445555755D34551455755D7665355DDC
:10B0B000345D766596657565755D96659665555DD5
:10B0C000555D755D755D34551355545D755D54550D
:10B0D0005455D6657555334D3455755D5455144DDD
:10B0E000534DD13C324D534D324DD13C7355735578
:10B0F000124DF14473555355124DF1449355735508
:10B10000324512457355334DF13C12455355124D9E
:10B11000D144124D5355F14CD144524D945D124DD2
:10B120007144B25CD36C3585768D978D978DD895AB
:10B1300097959795B795B795B78DB78DB78D978D2F
:10B1400056851475B364104C8D334C232B1B4B1B4D
:10B15000AC23CC23903C903C124D124DD044325540
:10B16000735D735D535D335D7365535D3255735D20
:10B17000945D52551155D054525D5265904C2E3C01
:10B18000CD33AC2B4F3CF0446F344F2C2E2C0A0B9C
:10B190002B0B4B13E90A4A138B236E3C735DB4658A
:10B1A000535D535DB56594651255335D945D945D53
:10B1B00053555355D56533559044F264D26C34855C
:10B1C000768D768D978DD895F99D199EF89DD7959A
:10B1D000D79DD7959695768D768D768D347D7164D5
:10B1E000CF438D33CE332F342F2C9034B13CD14408
:10B1F0005355945D7455324D53557355735573556E
:10B20000B55DB55D5455913C1455755D335D335551
:10B2100053557455744D744D95559455334D745D17
:10B22000D665B55D74557455B55D955D745D545DB9
:10B23000B665745D545512451245F2441355B56513
:10B24000F66D955D335534557455534DD2441355B1
:10B250003465757DB78DD795B795978D978D978DFB
:10B26000978D968D9695B79DD79DD79D9795768D01
:10B27000768D5585147592542F342F2C7034134DC0
:10B2800012451345D244334D5455134D955DD66543
:10B29000D665134D124D334D7455745DB565D66D3D
:10B2A0009565545D9565D66D95659565D66DF67514
:10B2B000956D7465B56DB56D74657465B56DD56D59
:10B2C000B565545D13551255F354745DF66DF76D05
:10B2D0001355345D745D9565545D7565956595652B
:10B2E000F34C134D3455D34C5144314C515CD37411
:10B2F000137DD2743385958D9495B4A5B4A593AD83
:10B3000073AD52AD31A572AD71ADEF9C4E84ED6B56
:10B31000EE4B2F44913C9134712CD23CF344D23CFF
:10B32000D344755D755D35551455755D7665355D30
:10B33000355D76659665555D555D9665B665555D79
:10B34000545D755D755D34551355545D755D3455AB
:10B350003455B55D344D134D5455965D755D34557A
:10B360001245D13C73557355124DD13C534D535535
:10B37000324DF14473555355124D124D945D735532
:10B38000124512457355334DF144524D735D124DC4
:10B39000F144324D735D124D124D534D7455F24CC4
:10B3A0007144F364F4741585978D978DB78DD89596
:10B3B000B89DB795978DB78DD895B78DB78D768594
:10B3C0007685357DB364EF438D334C23EA126B1BD6
:10B3D000CD2BED2B4E34B044D14C1255D14CF15401
:10B3E000535D525D1255335D7365335D535D935DFF
:10B3F000935D5255F14CD04C325D5365B04C0E3CD0
:10B40000CD33AC234E34B0448F3C6F340E2C0A0B3A
:10B410002B130E2C2E34CC238B236F44735D73655A
:10B42000535D535DD56D94651255535D945DB45D68
:10B43000334D334DB5653255B14C1365F374147DFE
:10B440005585968DB795D895F99DF895F89DF79502
:10B45000D795B695968D978D978D978D55859264D6
:10B46000AF436D2BAD2B2F340F2C4F2C903CD14480
:10B470003355945D3355124D735D945D535D535553
:10B48000945DB55D5455B23C3455955D545D53554E
:10B49000745D94557455544D9555B55D7455745DF2
:10B4A000D665B55D7455955DB565955D745D545D06
:10B4B000D66D955D534D1245334D134D3355745D27
:10B4C000B55D745D3355545D955D334DF244F24C7A
:10B4D000546D967DB78DB795978D968D978D978D79
:10B4E000B78D978D97959795B79DB79D9795568DE5
:10B4F000768D978D1475314CEF2B2F2C2F2CF24419
:10B50000F244F244F2449555134D3355955DD6659A
:10B51000745D134DF244334D54557455D665F66D34
:10B52000B5659565D66DF76DB565B565D66DF66D86
:10B53000746553657465B56D5465535DB565D66DB9
:10B540009565545D13551255F24C7565F66DF66DA3
:10B55000545D335D545D745D345D756595659565C9
:10B560001355134D134DF34C303C304C515CD27499
:10B57000147DF37C137D9595B59D949D73A573A55E
:10B5800093B552AD93AD72AD92AD109DCC7BAC63D3
:10B590000E540E3C713C91349134D23CF344D3446C
:10B5A000F3445555965D55553455555D755D555D5E
:10B5B000555D9665B6657565755D96659565545D71
:10B5C000345596659665555D3455755D9565755D23
:10B5D0003455755D5455134DF34C75555455144DF4
:10B5E000324DD13C7355734D1245D13C5355735573
:10B5F000324DF14473555355124D124D945D7355B0
:10B60000124532457455534DF13C324D5355124D50
:10B61000F144324D5355F24CF144524D7355F24CB6
:10B620007144F35CF4743685B795B78D978DB78DFB
:10B63000B8959795978DB78DD895D895B795768508
:10B64000567D557DD36C104C8E334C2BEA126B1B00
:10B65000CD2BED2B4E34B044D14C1255D14CF1547E
:10B66000535D525D3255535D7465535D535D935D1B
:10B67000935D52551155D054325D5365B04C0E3C1C
:10B68000CD33CD2B6F3CB0448F3C8F342E2C0A0B26
:10B690006C13903C8F3CEC2B8B238F449365B465EB
:10B6A000535D545DD56D94651255535D945DB45DE5
:10B6B000334D324D945D1255B14C1265F37434859F
:10B6C000758D968DB795D895F99DF895F89DD79578
:10B6D000F79DB7959795B7959795768D3585926433
:10B6E000CF4B6D2B8D2B0F340E2C4F34B13CD144EE
:10B6F0003355945D3355124D735D945D535D735DA9
:10B70000945DB55D7455D2445455955D545553556B
:10B7100074559455744D744DB555B55D7455745D3F
:10B72000B565B55D74557455B55D955D545D545DF5
:10B73000D66D955D534D1245334D134D1355745DC4
:10B74000B55D7455335554559555334DF2441355E5
:10B75000346555757685768D968D9795B795B795A1
:10B76000B78DB79597959795979597957695568DAB
:10B7700056857685F47451542F342F2C2F2C124576
:10B78000F244F244D23C7455134D5455955DD66540
:10B79000745DF244D244134D7455745DD665D66D14
:10B7A00095657565B66DF76DB565B565F66DF6753C
:10B7B000946553657465956D5465545DB56DD66D2E
:10B7C0009565545D13551255F24C755DD66DD66D69
:10B7D000545D345D74657565345D75659565956515
:10B7E00013553455344DF34C303C304C515CB26CF5
:10B7F000137DF27C337DB595B59D949D93A593AD56
:10B8000093B532AD31A531A571ADEF9C0C84CC6BF5
:10B81000ED4B0E3C913C91349134D23C1345D344D2
:10B82000F3445555965D555D3455555D755D555DD3
:10B83000355D766596657565755D96659565545D4E
:10B840003455755D755D34551355545D755D3455CE
:10B850005455955D5455134D134D75555455134D11
:10B86000524DD13C5355534D1145D13C5355735511
:10B87000324D114573555355124D114D9355735516
:10B88000124532459455534DD13C124D5355124DEE
:10B89000F144324D5355F14CD144324D7355F24C75
:10B8A0007144F35CF4745685B795B78DB78DB79531
:10B8B000B89DB89DB78DB78DB78DD895B79556857E
:10B8C000557D357DF46C304CAE334C2BEA126B1B3E
:10B8D000CD2BED2B4E34B044D14C1255D14CF154FC
:10B8E000535D535D325D73659465535D735D945D27
:10B8F000935D52551155D054325D5365B04C0E3C9A
:10B90000CD2BAC2B6F3CB0448F3C903C4F2C0A0BA2
:10B910004C13B0448F3CAC238B238F449365B465A8
:10B92000535D735DD56D94653255535D945D945D43
:10B93000324D324DB5651255B04CD25CD26CF37CB1
:10B94000558D768D978DB895D895199E199EF7953A
:10B95000189EF79DB795D89DB795768D3585B26CB5
:10B96000EF4B6D2B8D2B0F340F2C7034B03CD1442A
:10B970003355745D33551255535D735D535D735D7F
:10B98000B45DB55D9455F244534D9455745553557B
:10B99000745594557455744D9555B55D54557455FD
:10B9A000B55DB55D74557455955D955D545D545D9B
:10B9B000D66D955D54551245334D134D3355955DF8
:10B9C000B565745D335554557555334DF244135573
:10B9D0001465146D357D35857685968DB78DB79553
:10B9E000B78D978D97959795B79DB79DB79DB7954F
:10B9F000968D76851475715450342F2C2F2CF3446A
:10BA0000F244F244D13C5455334D33555455B56549
:10BA1000745DF244F244334D955D5455D665D66D50
:10BA200095657565B66DD66D9565955DD66DF66D4A
:10BA3000946553655465946D5465545DB56DD66DCC
:10BA40009565545D1355F24CD24C545DD66DB66D70
:10BA5000545D545D75659565545D95659565956511
:10BA600013553455344D134D5044304C515CB26C29
:10BA7000137DF37C5485B595D59D94A593A5B4AD60
:10BA800094B552AD31A551A592B510A56E8C0D742B
:10BA9000ED532F44914491349134F23C1345D244F8
:10BAA000D3445555965D55553455755D755D555D59
:10BAB000355D76659665755D755DB6659665545DB3
:10BAC0003455755D755D3455F34C3455545D3455BE
:10BAD0005455955D755D134D134D75555455134D66
:10BAE000524DD13C5355534D1245D1445355735586
:10BAF000324D114573555355124D114D9355735594
:10BB0000324532457355534DF13C324D5355124D2C
:10BB1000F144324D5355F24CF144324D7455124DAF
:10BB20009144F35CF4743685B795B795B895D8957C
:10BB3000D89DD89DB895B78DB78DB78D978D358524
:10BB4000357D3575F36C304C8E334C2BEA126B1B04
:10BB5000CD23ED2B4E34B044F14C1255D14C12553F
:10BB6000735D735D325D7365946D7365735D935D35
:10BB7000935D5255F154D04C325D5365D1542E3CF7
:10BB8000CD2BAC234F3CB0446F346F342F2C0A0BB9
:10BB90002B13903C4E346A1B8B238F449365946522
:10BBA000535D735DD56D94653255535D945D945DC1
:10BBB000324D324DD5653355B14CD15CB16CD27C30
:10BBC000758D758D768D9795B895F89D199EF7951D
:10BBD000189EF89DD895F89DB795768D5585B36CD0
:10BBE000EF436D2BAE2B2F342F34903C903CB04460
:10BBF00012557465335D1255325D325D325D325DD2
:10BC0000945D945D7455F244334D94557455535579
:10BC100074557455744D534D95559555535553550D
:10BC2000B55DB55D74557455B55D955D545D345520
:10BC3000D665955D54551345334D134D3355955D7C
:10BC4000B565945D335554557455334DF2441355D1
:10BC50001465F46CF474157D5585768D768D768D2E
:10BC60007685768D768D9795D79DD79DD79DD79DD7
:10BC7000B795968D14757154503C2F2C2F2CF2448F
:10BC8000F2441245D244544D334D334D5455D6658C
:10BC90007455D244D244134D955D5455D665F66D16
:10BCA00095657465B665D66D9565755DD56DD56D13
:10BCB000946553657465956D7465545DB565D5651A
:10BCC00095653355F24CF24CD24C545DB565956593
:10BCD000345D545D95659565545D756595659565AF
:10BCE00013553455544D134D513C304C505CB26C8F
:10BCF000137D137D5485B595D5A594A573A593B5EE
:10BD000093B552AD52AD92AD91B5EF9C8F944E7CF0
:10BD1000CD4B2F44B244B23CB234F23C1445D34430
:10BD2000D3445555965D55553455555D755D555DF6
:10BD3000355D755D9665755D755DB665B665555D18
:10BD4000545D95659665345513553455545D1455B9
:10BD50003455755D5455134DF34C75555555134D6C
:10BD6000324DB03C53557355324DF14453555355F4
:10BD7000324D114573555355124D114D9355735511
:10BD800032451245534D334DF144534D735D124DC1
:10BD9000F144324D735D124DF144324D7455124DE4
:10BDA0009144F364F4745685B795B795D895F89592
:10BDB000D89DD89DD895B78DB78DB78D978D568561
:10BDC000357D3575D364104C6D334C230A1B6C23C1
:10BDD000CD23ED2B4E34B044F14C1255D14C1255BD
:10BDE000735D735D325D73659465535D535D935D03
:10BDF000935D5255F14CD04C325D5365D1542E3C7D
:10BE0000CD338C234E348F3C0D2C0D24EE230A0BA6
:10BE10004B13B0444E344A1BAC236F44935D94657E
:10BE2000535D735DF56D94653255535D945D945D1E
:10BE3000334D334DB5655355B04CF25CF274548DAF
:10BE4000B69DB69596959795B795D895F89DD79543
:10BE5000F89DF89DD895D895B78D768D55859264C7
:10BE6000CF436D2BAE2B2F342F347034903CB14424
:10BE70001255946D5365F254F154F15CF15CF15C30
:10BE8000125D32553355D144334D945D745573551D
:10BE9000945D74555455544D74559455535553559C
:10BEA000B55D955D74557455B55D955D545D3355BF
:10BEB000B565945D54551245134512453355955D4E
:10BEC000B55D7455335533557455334DF34413559F
:10BED0001465F46CF47435857685768D768D76856B
:10BEE00056855685768DB795D79DB79D969596952F
:10BEF000B68D968DF47451543034502C2F2CD2447E
:10BF0000D23CF244D24433553355134D5455D66583
:10BF10007455913C7034D244955D745DD665D66D90
:10BF200095657565B665D66D95659565D56DD56D67
:10BF300074655465946DB56D7465535DB565D5656F
:10BF400095653355F24CF24CD24433559565955D69
:10BF50003355745D9565B565545D755D95659565FD
:10BF6000F34C134D344DF344513C3044505CB26CAF
:10BF7000137D137D748D9595B5A574A552A573ADEC
:10BF800073B552AD31AD51A5EFA40C842D8C2E7C30
:10BF9000AC4B0F44713C9134B23CF23C1445F34439
:10BFA000D3445555755D55551455555D755D3555DD
:10BFB000355D755D9665755D755D9665B665755D96
:10BFC000545D966596653455F34C3455545D34553F
:10BFD0003455755D5455F34CD34455557555F34C54
:10BFE000324DB03C534D7355324DF144735553555A
:10BFF000324D114573555355124D114D935573558F
:10C0000032451245534D324D11455355735D124D16
:10C01000D144324D735D124DF144324D7355F24CA3
:10C0200091441465157D768DD895D795B895D8959A
:10C03000D89DD89DB895B78DB78DB78DB7957685B6
:10C04000357D1575D364104C6D334C230A1B6C235E
:10C05000CD23ED2B4E34B044F14C1255D14C12553A
:10C06000735D735D325D53659465535D535D935DA0
:10C07000735D3255F14CD04C325D5265B04C0D348D
:10C08000CD2B8C232E342E348B1B6B13AC1B0A0B45
:10C090004B13B0446F3C8B1BEC2B6E3C735D946573
:10C0A000535D735DD56594651255535D945D945DE4
:10C0B000134D134DB565335DB04CF164F274748D5E
:10C0C000D69DD69DB79DB79DD89DD89D189EF89DAD
:10C0D000F89DD89DD895B795778D778D5585B264A5
:10C0E000EF436D2B8D2B0F340E2C7034B03CD144AC
:10C0F0001255946D5365D154B054D15CD15CB05499
:10C10000D154F2541255D1445355B45D735553551F
:10C11000945D945D7455344D7555955554557455CD
:10C12000B55D955D54557455B55D955D545D33555C
:10C13000B565945D54551245134512453355955DCB
:10C14000B565945D335554557455334DF244F34CF5
:10C150001465146D357D5685978DB78D978D978DA8
:10C1600076857685768DB795D79D9695768D558D06
:10C17000968D968DF3745154303C5034302CD2440B
:10C18000B13CD13C913C334D5455334D5455D6655B
:10C19000755DB13C913CF244745D5455B565D6650E
:10C1A0009565745DB665D66D95659565D66DD56DED
:10C1B00074655465946DB56D7465535DB565D66DE4
:10C1C000955D3355F24CF24CB2443355755D745D58
:10C1D0003355745D95659565545D745DB56595657C
:10C1E000F34C134D344DD244503C30445054B16C58
:10C1F0001375127D748D7495D5A574A532A552ADB5
:10C2000052B532AD31AD10A58D946973CB7BCC7333
:10C210008C4B0F44703C9134B23CD23C1345F344F8
:10C22000D3445555755D34551455555D755D555D53
:10C23000355D76659665755D555D9665B665755D2A
:10C24000545D956596653455F34C1455545D3455DD
:10C250003455545D5455F34CD24455557555F34CF3
:10C26000324DB03C53555355324DF14473557355CF
:10C27000324D114D73555355124511459355735514
:10C2800032451245534D324D1145534D735D124D9C
:10C29000F144324D5355124DF144324D7355F24C29
:10C2A00091443465357D768DD895D795B895D895D8
:10C2B000D89DD89DD895B78D978D978DB78D778D53
:10C2C000567D3575F36C304C6D336C2B0B1B6C232A
:10C2D000CD2BED2B4E34B044F14C1255D14CF154D2
:10C2E000535D525D325D53659465535D535D935D5F
:10C2F000935D5255F14CD04C125D5265904CED332C
:10C30000AD2B6B1BED2B0D2C6B136B13AC1BEA02CF
:10C310002B13703C4F3CAC232D346E3C9365B465BD
:10C32000535D735DD565945D1255535D945D945D69
:10C33000134D124DB565335DB04CD15CD174338D66
:10C34000B59DD69DB69DD79DF8A5F99D19A639A690
:10C35000F89DD89DF895978D5685768D357DB3647B
:10C36000104C6D2B8D23EE2B0E2C7034B144D14C20
:10C37000135D7465125D904C70549054905C4F54F2
:10C38000B054D154D14C703C124D73555355535544
:10C39000945D945D54555455955D955D5455545533
:10C3A000B565955D54557455B565955D545D3455C9
:10C3B000B565745D54551245124512453355955D6A
:10C3C000D565955D545554557555334DD244D24C71
:10C3D0001465146D5585768D978DB795B795B78D86
:10C3E000768D7685968DB795B79D7695558D558DBD
:10C3F000968D968D14757154303C5034302CD24447
:10C40000B13CB13C913C335554551355545DD66500
:10C41000955DF34CF2443355745D33559565D6659F
:10C420007565545DB565D66D9565955DD56DD56DB4
:10C4300074657465946DB56D7465545DB565D66D40
:10C4400095653355124DF24CD2443355955D745D6C
:10C450003455745D956595655455745DB565956500
:10C46000F34C134D344DD244503C30445054B16CD5
:10C470001275127D748D538DB5A594AD52AD52AD2C
:10C4800032B511AD31AD10A56D94486B6A738B6BED
:10C49000AC4B2F44913C9134B134D23C1345D3443E
:10C4A000D3445555755D55551455555D755D555DB0
:10C4B00035559665B665755D555D955D9565755D9A
:10C4C000555D95659565345513553455555D345511
:10C4D0003455755D5555134DD34475557555F34415
:10C4E000524DD03C524D524D124DF144735573553F
:10C4F000324D114D73555355124D1145935573558A
:10C50000324512455355334DF144324D735D124D52
:10C51000F144324D5355F14CF144524D7355F24CA8
:10C520009144346D557D768DB795B795D895D8954E
:10C53000F99DF89DD895B795978D778D978D778DC7
:10C540005685357D146D304C8D336C2B2B1B6C2335
:10C55000CD2BED2B4F34D044F14C1255D14CF1542E
:10C56000525D525D3255536594657365735D935D9D
:10C57000935D525DF154D04C325D5265B04C0E3C2F
:10C58000CD2B6B1BED2B0E2CAC1BCD1BEE23EA022F
:10C590002B134F3C4F3CCC2B4E3C8F449465B465E1
:10C5A000535D535DB465735D1355745D945D945D27
:10C5B000124DF24C9465335DB04CF15CF274548DC5
:10C5C000B69DF7A5D69DD79D19A6189E199E39A68A
:10C5D000F89DD895D89D778D36855685147DD36C7A
:10C5E000104C8D338D2B0E2C0E2C903CB144D14C25
:10C5F000125D1265B0542F4C4F4C6F544F542E4C5B
:10C600006F5490544F4CED339044124D124D52558F
:10C61000945D945D74555455755D755D34555455F0
:10C62000B55D955D5455945DB565955D345D335547
:10C630009565745D5355F244F244F2441355745DAC
:10C64000B55D745D335554557555334DD244D24C58
:10C65000F35C146D557D5685768D978D978D978DEE
:10C66000978D768D978DB7959795758D358D558D61
:10C67000968D968D14757154303C2F34302CF244C5
:10C68000B23CB13CD24454555455134D545DD6651B
:10C69000755DF24CD2443355745D545DB565D66D0D
:10C6A0009565745DB665D66D955D755DD56DD66D18
:10C6B000946574659465B56D7465745DD56DD56567
:10C6C00095653355124D124DD24C3355955D755DC0
:10C6D0005455755D956595653455745DB56595657D
:10C6E000134D134D344DD244503C30447054B16C12
:10C6F000127D127D738D338DB4A594AD53AD52B5BB
:10C7000032AD11AD31ADEFA46D9C487349738B63AD
:10C710008C4B4F4C91449134B134D23C3445F3446A
:10C72000F3445555965D55553455755D755D555DAC
:10C73000555D9665B665755D555D955D9665755DEE
:10C74000555D95659565545D3455555D555D34551C
:10C750003455755D755D144DF344755D755DF34C31
:10C76000324DF13C7355534D324DF14453555355B1
:10C77000124DF14453555355124D124D935D73555F
:10C7800012451245534D5355F14C3255735D325598
:10C79000F144324D7355124D1145534D7355F24CC2
:10C7A00091441365557D7695B795B795D895F895CD
:10C7B000F99D19A6D895978D978D978D978D77852B
:10C7C0005685567D146D304C6D336C2B2B1B4B1BDB
:10C7D000CD2B0D2C6F3CB044F14C1255D044F1548C
:10C7E000535D535D325D73659465535D535D946530
:10C7F0009465525DF154F14C325D5365B04C2E3C62
:10C80000AD2B6C1B0E2C0E2C0E1C0D148C0B4B0B1D
:10C810008C1BB0440E3CED332E3C8F447365946505
:10C82000535D735DD565735D1255745D945D945D64
:10C8300033553355745D335DF154F15CF2745485B6
:10C84000B595D69DD69DF79D18A6F89DF99D19A67C
:10C85000F99DF99DF99DD89D768D3585157DD3740B
:10C860000F4C8D33AD2B2E340E244F34914C9154FC
:10C87000B15C2F4C50542F542E546F5C4E54ED53DA
:10C880000D54ED53CD4BED4B2E4CD054114D7355F3
:10C89000945D74553455755D755D955D3455134DD6
:10C8A000B55D4F347034955D9565545D33553355A2
:10C8B000745D53555355124DD144124D3355956502
:10C8C000955D545D334D544D9555544DB244713C76
:10C8D0009254146D557D55855685968D968D978D00
:10C8E00097959795978D978DB78D558D558D758D9E
:10C8F000D79D7585F37471542F342F2C0F2CF3446E
:10C90000B23CB23CB13C134D334D134D5455B5655B
:10C91000745D134DD24CF34C745D545D9565B66DEA
:10C92000755D745DB665D66D95659565B565D66DB5
:10C93000746574659465B46D7465535D95659565AE
:10C940009465535D1355F24CD2445455B5659565C5
:10C95000545D745D95659565545D555D9565555D52
:10C96000F34CF34C334DF244503C5044305450643B
:10C97000F27C1285538D1285D5A5739D53A573AD99
:10C9800010A510A5AE9C6D9C0C940C8C6A732A5B50
:10C990008B4B4F4C9144B23CB23CF23C3445133D7E
:10C9A000D23C1345755575553455755D9665555D85
:10C9B000355D765D9665755D555D755D765D555544
:10C9C0003555755D755D55553455755D755D3455D9
:10C9D0003455755D755D3455144D5555755D144D63
:10C9E0003245D13C534D534D324DF144735573553F
:10C9F0003255124D735D53553255124D945D73553A
:10CA0000324D1245534D3355F14C1255735D324D35
:10CA1000F144324D53551145F144534D7355F24C89
:10CA20009144136535857695B795B795D895D89582
:10CA3000D89DF89DB8959795978D978D978D77850B
:10CA40005685357DB364304CAE3B6C2B0A1B6C2392
:10CA5000ED2BED2B6F3CD044F14C124DB044114DF9
:10CA6000535D535D325D73659465535D535D9365AE
:10CA70009365525DF14CF14C325D535DD04C2E3CD0
:10CA8000AD2B6B1B0E2C0E240E1C2E14CD0B8C0B01
:10CA90002F2CF2544E3C0D3C6E44AF4473659465AC
:10CAA000535D735DB465735D1255745D945D945D03
:10CAB000124D124D735D325DD14CD15CF26C3385F9
:10CAC000B595B695B695D79D189EF89DF99D19A672
:10CAD000F99DF99DF99DF89D978D3585F47CB26C93
:10CAE000EF4B6C33AD2B2E342E2C6F34714C7054B5
:10CAF0000F4C2F4C705C0E4CED4B4E5C2E54ED5396
:10CB00002E5C0D5CCD5B0E5C90641165114D524D39
:10CB1000B55D94555455755D755D755D3355F2443D
:10CB2000F244AD1B0E2C53559465745DD14C3355B6
:10CB30009465535DF24C124DF24CF24C3355745DDA
:10CB4000545D3455134D334D544D334DB13C303C51
:10CB50009254146D758555855585768D978D97956D
:10CB600077957795B78DB78DB78D758D758D7595D3
:10CB7000B6955585F37471542F342F2C0F2CF24435
:10CB8000B23CB23CB13C334D5455334D745DB56548
:10CB9000745D1355F24C1355745D545D9565D66DF7
:10CBA0007565745DB565D66D95659565B56DD56D25
:10CBB00074657465946DB56D74657465B56DB56DAA
:10CBC000956D535D1355F24CD2445455956595655A
:10CBD000545D745D95659565545D545D966D5565C0
:10CBE0001355F34C334DF244503C304430545064B0
:10CBF000D174127D52857395739DF18C129553A556
:10CC0000109D30ADCEA4AEA4CFAC4D946A734A5BF8
:10CC1000AC4B0E44713C9134B23CF33C343DF334A4
:10CC2000502C9134144D55553455755D9665355DD0
:10CC3000D34CF34C3455555D5555965D966534553A
:10CC40003455555D755D34553455755D755D345598
:10CC50003455755D755D5555144D5555755D144DBF
:10CC60005245F13C734D734D324D1245735573551A
:10CC70005355324D735D735D324D124D735D735577
:10CC8000324D1245534D324DF14C3255735D324D9C
:10CC9000F144124D524D1145F144534D735DF24C28
:10CCA0009144136535859795B89DB795D795D895D7
:10CCB000B895B89597959795B895978D978D7685F2
:10CCC0005685357D925CEF43CE3B6C2BEA128C236C
:10CCD000ED2BED2B6F3CD044F14C3255D044114D2F
:10CCE000535D535D325D9465B465735D525D9365CC
:10CCF0009365325DF14CF14C325D535DD04C2E3476
:10CD0000AD234B13ED230D1C0D142E14CD0BAC0BCA
:10CD1000703412552E3C0D346E3CAF447365B465CF
:10CD2000735D735DB465735D1255735DB45D945D41
:10CD3000124D124D7465325DB04CB154D26C3385D6
:10CD400095959595B695D79DF89D189E19A619A607
:10CD5000F99DF99D199E199E97955685147D926CA3
:10CD60000F4C6C2B8D2B2E342E2C6F3C704C505452
:10CD70002F4C9054D15C2E4C8C436B438B4B4E64A8
:10CD8000127DB0742E644F64B06CD15CB044114D10
:10CD9000945D745D545D755DB6659565745D134D08
:10CDA000334DB03CB03C124D9465745D1355125533
:10CDB000535D9465D14CB144124DD144124D745D14
:10CDC000545D1355F34CF344544D334DB244303C51
:10CDD0009254346D768555853585568D978DB895E9
:10CDE0007895778DB88DD895F795B6959695959554
:10CDF00076953485D36C704C2F342F2C0F24D2446D
:10CE0000B23CB23CB13C344D545533557455955DEC
:10CE1000745D134DF24C1355545D34559565B66DE4
:10CE2000755D745DB565D66DB5659565B56DD56D8A
:10CE300074657365946DB56D74657465B56DD66D07
:10CE4000956D535D1355F24CD2445455B665B66D8D
:10CE5000545D755DB5659565545D545D956D7565FD
:10CE60001355F24C134DD244303430443054506496
:10CE7000D27412855285D49D7395F18C129532A58A
:10CE8000F09CEFA4EEACEFACCFA46A73C862095378
:10CE90008B4BCD3B91447134913CF33C3445F33C96
:10CEA0009134B23C134D34551455555D9665355D3E
:10CEB000D34CB344F44C34553455755DB665545574
:10CEC0005455755D755D54553455755D755D3455B6
:10CED0003455755D755D5555144D755D765D144D14
:10CEE000524D113D93557355524D1245945D945DCD
:10CEF0005355324D735D5355324D124D7355535545
:10CF0000324D1245534D324DF14C3255735D325511
:10CF1000F144324D524DF144F144324D7355F24CCF
:10CF2000B14C136555859795D89DB895D895D895EA
:10CF3000B89597959795B895D895B895978D768526
:10CF400076857685B364CF438D334C2BEA124B1B29
:10CF5000CD2BED2B6F3CD044F14C3255D14C1255BA
:10CF6000735D535D325D9465B465735D525D736549
:10CF70009365325DF14CF14C325D535DB04C2E3413
:10CF80008C1B2B13ED230E1C0E140E0CCD038C03E7
:10CF90007034124D2E34ED334E3C8F44735DB465C6
:10CFA000735D735DB465735D1255735D945D945DDF
:10CFB0003255124D9465535DB04CB154F26C3385CB
:10CFC000958D9695B695B79DF89D189EF99D19A6D5
:10CFD000F99DF89D199E199EB795768D3585D36C70
:10CFE0000F4C6C2B6C2B0E340E2C4F3C704C504C59
:10CFF000704CD15CB05CAC3B671AC5114622ED5356
:10D000001285F17C2F6C2F6490648F546F44114D06
:10D01000945D745D135534559565955D745D134D40
:10D02000945D7455124DB144F25412551255B14CE1
:10D03000F254535DD24C9044B144703CF24C745D58
:10D0400074653455F34C134D334D134DB144503C7E
:10D05000B25434757585357D3585568D978DB89567
:10D0600098957895B78DF895189ED69D9595B59D10
:10D07000969D5485D26C504C2F342F2C0F2CF2449B
:10D08000D23CB23CB13C344D5455334D5455755D92
:10D090005455F24CF24C134D545D33559565B66DB5
:10D0A0007565745D9565D66D95659465B565B56D69
:10D0B000546553657465946D7465535DB56DD66D37
:10D0C0009565335DF24CF24CD2445455B565B66566
:10D0D000345D745D95659565545D545DB66D75659B
:10D0E0001355F24C1345D24430343044305451641B
:10D0F000F27C3385538D9495B49D739D74A553A58F
:10D1000031A5EFA410B5EEACCB83865AC85AC84AF5
:10D110006B430E44B144713C913CF3443445F33CC1
:10D12000D23C1345555534551455555D7665555DBE
:10D1300034553455555D34553455755DB665755D5A
:10D14000555D755D955D54553455755D755D34550A
:10D150005455955D755D5555144D755D765D144D51
:10D160005245F13C934D734D324D124573557355F5
:10D170005255324D73557355324D124D935573556B
:10D18000324D324D534D334DF14C3255735D525546
:10D19000F144324D534DF144D144324D7355F24C6C
:10D1A000B14C136535859795D89DD89DD895D89560
:10D1B00097959795B895D89DD895B895978D56859C
:10D1C0007685B7851475104C6D334C2B0A1B4B1BA1
:10D1D000CD23ED2B6F3CB044F14C3255F14C125540
:10D1E000735D535D325D7365B465735D535D9365C7
:10D1F0009365525DF14CF14C325D535DB04C0E3491
:10D200006C1B2B0BED1B2E1C2E140D0CAC038C0376
:10D21000502C124D2E3CED332E346F3C735DB465B3
:10D22000735D735DB465735D1255735D945D745D7C
:10D23000124DF24C7465335DB04CD15CF2743485A0
:10D240009595B695B695D795F89D189EF99DF99D3B
:10D25000F89DF89D199E199EB795968D5585137565
:10D26000304C4C2B6C2BEE330E2C4F3C504C2F4C37
:10D270002E448F542E4C4A33E51142018409094350
:10D280006F6C90742F6C4F6C906C905C6F4CF25480
:10D29000745D745D1355F3543455545D545D5355AA
:10D2A0007455324D5355B044B14CD154904C914CBF
:10D2B000B14C914CD14CB14C703CEE2B91449565E6
:10D2C00095653455F34C134D1345D244913C503C75
:10D2D000B254346D557D357D5685768D978DB895D4
:10D2E00098959895978DD795F79DD69D959DD5A5A1
:10D2F000F6A59595D26C504C2F3C2F2C2F2CF34437
:10D30000F244D244B23C334D544D334D5455955DA7
:10D310005455F34CF24C134D745D54559565D66DD0
:10D320009565755DB565D66D9565745DB565D56DAD
:10D33000746553657465B56D7465535DB56DD66D73
:10D340009565335DF24CF24CD24433559565956545
:10D350001355545D9565B565545D745DB66D956501
:10D360001355F24C1345D244303C30443054516490
:10D37000F37C137D738D538DB49DD5A594A573ADAA
:10D3800092B550AD30B5CEA48A7B296B6A73E95251
:10D390006B432F447144713CB23CB244D344923C41
:10D3A0007134344D755D34551455555D755D555D5D
:10D3B000755DD76DF76D955D755D95659565755D69
:10D3C0005455755D755D54555455955D955D545531
:10D3D0005455955D955D555D1455755D755D144DA0
:10D3E0005245F13C734D734D324D11457355735594
:10D3F0005255124D73557355324D124D9355735509
:10D40000324D3245534D334DF1443255735D5255D3
:10D41000F144324D7355F144D144124D5355F14C02
:10D42000B14C136535859795F89DF89DD895D8959D
:10D430009795B895D89DF99DD895B895978D5685AF
:10D44000357D557D147551546D334C232B1B4B1B6F
:10D45000AD23ED2B6F3CB044D14C1255D14C12553D
:10D46000735D535D325D73659465535D735D936564
:10D470009465525DF154F14C325D525DB04C0E3406
:10D480006C1B2A0BED1B2E1C2E14ED0BAC038C0B0E
:10D490004F2C124D2E3CCC2B0D346F3C735DB4657C
:10D4A000735D735DD565945D1255735D945D745DB8
:10D4B000124DF24C745D335DD14CD25C13755485C2
:10D4C000B695D79DD79DD79DF89D19A619A619A6E3
:10D4D000F99DF99D199E189EB795968D75851475C1
:10D4E00030546C336C2BEE33EE334F3C4F4C2E4CA0
:10D4F0002E444E4C2D4CAC43672262014201A832AF
:10D500004F6C90744F6C7074D16CB164904CB14C92
:10D5100012553355F254135533555355334D335536
:10D52000124DB04432556F3CB14C4F44704C504C8E
:10D530002F444F44904C7044703CEE2B0E34545D9D
:10D5400074651355F24CF34CF24CB144713C5044A9
:10D550009154146D557D35855685978DB78DB89549
:10D5600078957895978DB68DB695B595959DD5A5F9
:10D57000D5A59595F274504C2F3C2F2C2F2CF344AD
:10D58000F244D244B13C334D334D334D5455955D47
:10D59000745D134DF24C134D745D54559565D6650D
:10D5A0009565755DB565D66D95659565D66DF675B0
:10D5B000946D74657465B56D7465535DB56DD66DA8
:10D5C0009565335D1255F24CD24454559565956579
:10D5D000345D745DB565B565745D745DB66D756516
:10D5E0001355F2441345F244503C30441054515CFE
:10D5F000D374137D548D73957395B4A5539D93ADDA
:10D6000092B551AD30B50FAD6D940C848B73095349
:10D610004A3B2F44503C913C9244713C713C713CDC
:10D62000713C3455755D34553455755D755D555D8A
:10D63000555DF76D176E955D755D95659565755DC5
:10D640005455755D755D54555455955D955D5455AE
:10D6500054559565955D755D3455755D755D144DD5
:10D660003245F13C734D734D324D11457355935511
:10D67000534D324D93557355324D32459355735535
:10D6800032453245534D334DF14C3255735D325571
:10D69000F144324D73551145D144324D7355F14C1F
:10D6A0009144F364357D9795F89DF89DD895D8956C
:10D6B000B795B895D89DF99DD895B895B78D5685ED
:10D6C000F474F474D36C51548D334C230B1B6B1BCB
:10D6D000CD2BED2B4F34D044F14C124DD04412558C
:10D6E000735D535D335D74659465535D535D9465FF
:10D6F000B465525DF14CF14C325D535DB04C0E346B
:10D700006B1B0A03CD1B0D1C0E0CED0BAC038C0B1D
:10D710004F2CF24C0D34AC2B0D346F3C735DB46563
:10D72000735D735DD565945D1255735D945D945D15
:10D73000124D1255745D335DD154F25C13755485EE
:10D74000B695D79DF79DD79DF89D19A619A619A640
:10D75000199E199E199E189EB78D76855585F3746E
:10D7600030546D336C33EE3B0E344E3C4F4C2F54E3
:10D770004F544E542E542D5CC83263094209A732CF
:10D780004E646F6C2E64906CD16CD164B054D14CEB
:10D79000F254F24CD24C1255134D3355903CB13CDF
:10D7A0005255325532552F3C904C0E3C9154504CB2
:10D7B0000E3C0E3C0F3C4F447044EE33AD2BB14C4D
:10D7C0001355D24CB14CD24CD24CB14471442F3C85
:10D7D0007154F36C557D55857685968D978D978D13
:10D7E000578D578D7685B68D958DD59DB5A594A50C
:10D7F00053959495F2744F542F3C2F2C302CF344B6
:10D80000F244D23C913C1345134D134D7455B55D14
:10D81000955D134DF244F24C74555455B565D6657B
:10D820009565745D9565D66D95659565D66D16762D
:10D83000946D53655365946D5465535D9565D66DD0
:10D840009565535D1355124DF24C5455B665D66D22
:10D85000745D955DB565D665745D745DB56D746513
:10D860001355F2441345F344513C31441054515C78
:10D87000D3741385548DB49D539594A5539D73AD66
:10D8800031ADEFA430AD71B510A56D8C6A6B295325
:10D890004A3B0E447144713C713C713C9244B34C20
:10D8A000B3443555755D35551455755D9665755D93
:10D8B000555DB665B6657455545D955D9565755D48
:10D8C000545D955D955D545D5455755D955D5455FC
:10D8D00054559565955D555D1455755D765D14558A
:10D8E0003245F13C734D734D324D1245935593556E
:10D8F0007355324D93557355524D3245935573556B
:10D9000032451245534D5355124D3255735D324DCC
:10D91000F144324D53551145F1443255735DF14C8C
:10D920007044F364357D9795D89DD895D895D89552
:10D93000B795B895D89DF89DD895B895B88D56856A
:10D94000F474F474B3645154AE3B6C2B0A1B6B1B20
:10D95000CD2BCD234E34D044F14C114DB044125553
:10D96000535D535D335D74659465535D535D94659C
:10D97000B465525DF14CF14C325D535DB04C2E34C8
:10D980006B1B0A03CC130D1C0D14ED0BAC038C0B9D
:10D990007034F254ED338B2B0D346F44735D94650A
:10D9A000735D735DD565945D3255745DB55DB45D31
:10D9B00033553355745D335DF154F25CF36C34854B
:10D9C0009695D79DD79DD795D89DF89D199E199E60
:10D9D000199E199E199E189EB78D7685557DD36C1C
:10D9E00030546D336C330E3C0D344E446F544F54F1
:10D9F0004F544E542E5C2D5CE83A0522462A8B4B40
:10DA00006F6C906C4F6CB174F26C1265125D325594
:10DA1000535D1255B144F24C124D7355903CB044D5
:10DA2000945D735D12552E3C0E3C2F4C0F44705488
:10DA3000504C4C2B8D3391547044CE33AD2B0E3C57
:10DA4000D154914C914CB24CD24CB14C5044EE3B21
:10DA50005054F36C7585558555857685778D978DF2
:10DA6000778D56859685B68D959516A6F5AD539509
:10DA7000F18C9495327D6F542E342F2C302CF23C47
:10DA8000F244D23C913C1345134513455455B55DC2
:10DA9000955D134DF244F24C54555455B565D66519
:10DAA0009565545D955DB66595659465B56DD56D67
:10DAB000946D53655365946D5465535D956DD66D46
:10DAC000956533551355124DD2445455B565B66D11
:10DAD000545D745DB565B565745D745DB56D7465F3
:10DAE0001355F2443345F344513C314411545164CD
:10DAF000F37C3485748DD59D749DB5A594AD73ADBF
:10DB000011A5CF9C30AD50B530A5CF94CC736B5BD5
:10DB10004A3BED3B91443034713CD34C355D145558
:10DB2000D34CF454555D555D1455755D9665555D42
:10DB30005455755D955D7455545D9565B565545D39
:10DB40005455755D955D545D3455755D955D5455C1
:10DB50005455955D755D3455F44C555D965D345561
:10DB60003245F13C3245734D32453245535573557C
:10DB7000524D324D94557355524D324D9355735508
:10DB800032451245334D324DF144124D5355324D0D
:10DB9000F144324D7355324DF1445355735DF14CA0
:10DBA0007044F35C35859795B79DD795D895D895F2
:10DBB000B895B795B795D89DF99DD895978D568509
:10DBC00076857685B364EF438E336C2B0A1B6B1B13
:10DBD000ED2BCC236F3C8F3C114DF14CB044114DDB
:10DBE000535D32553355745DB465735D535DB465F3
:10DBF000B4653255D14CD14C325D7365D14C0E3485
:10DC00006B1B2A0B8C130D1C0D14ED13CD0BAC13D9
:10DC10004F34125D0E3C8B2B2E3C4E3C735DB46535
:10DC2000735D945DF56D945D1255745DB465B45D7E
:10DC300032553255B465335DB14C125D1375147DA8
:10DC4000968DD795D79DD795D89DF89D199EF99D0E
:10DC5000F89D199ED895B78DB68D9685347D9264C2
:10DC600010546D3B6C2BED3B0E3C4E444F546F5C9F
:10DC70004E5C0D5C0D642D640D642D646E6C8F6CB8
:10DC8000AF6C906CB06C12753375536DF2543255A5
:10DC9000B565745DB144903CD1443255F24CF14CC1
:10DCA000D14CF154904C4F448D33EE43CE430F4C46
:10DCB00070544C330B23705491542F444C2B2B2312
:10DCC0002F44EE3B4F442F44704C9154504CEF4343
:10DCD0007154347575857685968D7685568536852D
:10DCE000578D778DB68DB68DF69D16AEF5AD129526
:10DCF000128DD5A5337D4F546F442F2C4F2CB13C42
:10DD0000F244D13CD23C1245B13C13457455955D6B
:10DD10005455134D134DF24454555455B55DD665C5
:10DD2000955D545D9565B565756595659565535DBE
:10DD300053655365946DB56D5365535D956DB56DC4
:10DD40009565545D1355D144D2445455B665B665B6
:10DD5000545D745DB565B55D745D745D95657465A0
:10DD60003355F244544DF344513C3144114C7264E8
:10DD7000F374F37C948DB49DB5A5B4A594AD93AD27
:10DD800072B530AD0FAD50AD51ADCF94EC7B295392
:10DD90002A3BED3B7144713C9244D34C355DF454C5
:10DDA000B24C1455755D345514553555755D555542
:10DDB0003455755D9565755D545DD66DD665755D3B
:10DDC0003455B565B66554553455755D745D745DEF
:10DDD00054559565955D545554559665755D555DDD
:10DDE0003245113D3245734D12451245324D534D6A
:10DDF000114511457355534D524D324D9355734D49
:10DE000032451245324D324DF14432555355124D83
:10DE1000F144324D534D124DD144324D5355D14CF6
:10DE20007044F364357D768DB795D895F895D8957F
:10DE3000F89DD89DB895D89DD895B895B78D77851C
:10DE400076857685D36C104CAE3B6C2BEA124B1B5F
:10DE5000ED2BCD2B6F3C8F3C114D114DD044125505
:10DE6000735D535D535D945DB465735D535D9465FF
:10DE7000B465525DF154F14C3255535DB04C0E34E3
:10DE80006B1B2A0BAC1B2D242D1C2D14ED13CD1355
:10DE90000E34F1540D3C4A23ED336F44946D946578
:10DEA000735D945DD56D945D1255735DB465B45D1D
:10DEB0003255325594653255B14CF25CF36C147D99
:10DEC000768DB695B795B795D795F89DF89DF89D41
:10DED000D895D895978D768D9685758514759264AD
:10DEE000EF4B6D3B8D330E3C0E342E3C4F54906403
:10DEF00090644F642E642E6CB07C72959395317D46
:10DF0000D06CB06CD16C537DB47D536DF2543255EE
:10DF1000745D745DF24C90449044D14C90444F44F5
:10DF20000E3CCD33AD338C338D3B6C3B4C3B2C33B3
:10DF3000AD43EB2A8922AD430E4CAD3BEA220A23C6
:10DF4000AD3B8D33CE3BCE3B0F44504C0F4CEF4B93
:10DF5000715C347D55855585B78D968D357D157DE4
:10DF6000568576859685D69517A616AEB4A53295B4
:10DF70003295D59D127D6F544F3C2F2C4F2CD23CA7
:10DF8000F244D13CD13CF23CB13CF244545594555E
:10DF9000745D334DF24CF244134D5455B55DB56587
:10DFA000955D54559565D66D9565745D746574651C
:10DFB00074657465946DD5757465535DB56DB56D97
:10DFC0009565545D134DB144B1445455D665D6653D
:10DFD000545D755DB565B5655455545D956595653C
:10DFE0003355F244544DF344513C3144104C726467
:10DFF000D374F37C748D9495B5A5B4A594AD73AD2D
:10E0000073B551B530AD30AD30A5AE8CCB73094B87
:10E010002A3BEE3B7144723C9244D34C155DD45480
:10E020009244F454555D1455F34C3455755D755D4B
:10E030005555755D755D755D545DD66DD665956597
:10E0400054559565B665545D3355545D755D745D85
:10E05000755D9565955D755D3455755D755D355579
:10E060003245113D324D734D1245F144324D334D21
:10E07000F144F144534D524D524D324D9355734D31
:10E0800032451245334D324D124D324D5355124DDE
:10E09000F144324D52551145D144324D5355D14C76
:10E0A00070441365347D558DB795D89DF895F895D6
:10E0B000F89DF89DD89DD895D895B795B78D77855B
:10E0C0005685567DD364104CAE3B6D2BEA124B1B2C
:10E0D000ED2BED2B8F3C903C114D124DD14C125538
:10E0E000735D53553355745D9465535D325D94652E
:10E0F000B465535D1255F1541255325DD14C2E3C2E
:10E100002B130A0BED234E2C2E240D14AC0B8C1369
:10E110000E346F4CCD334A2BCC336E449465B46DC2
:10E12000735D945DF56DB4653355945DB465B45D10
:10E1300032553255946532559144D254F36C147D66
:10E14000768D9695B795B795D795F89DF89DF89DDE
:10E15000D89DD895968D968D968D7685347D9264D2
:10E16000EF4B6D3B8D330F3C2E344E3C6F4CB06407
:10E17000D16C6F640E642E74B0845295728D72856A
:10E18000527DF16CB0643375D57D946D1255D24CCF
:10E19000D24C914470442F3C0E340E3CEE3BEE3B8F
:10E1A000ED3BAD3B2B2BEA2AEA2A0B33CA3268221D
:10E1B000CA32892A271ACA2A4C3B2B338922CA22FF
:10E1C0004C3B2B334C330B334C336D438D43AE4BB5
:10E1D000305CF374558555857585768D978D978D53
:10E1E000157D5685B68DD69517A6F6A5D5AD94A501
:10E1F000739D7495D1746F544F3C2F2C2F2CB13CD0
:10E20000F244B13CB13CF244134D134D344D5455DE
:10E210005455134D134DD244913C124DB565176EB4
:10E22000B55D74559565F66D9565745DB565F67566
:10E23000B56D7465946DD5759465535DB565B56DB3
:10E24000B565545D134DD144B13C5455B5659565E4
:10E250003455745DB565B565745D745D95657565BA
:10E260003455F244334DF2445134303C104C525C3E
:10E27000D374F37C748D9495B59DB4A594AD73ADB2
:10E2800073B551B530ADEFA4109D8E8C8B6BE94A00
:10E290004B3BEE439144923CB244D34C1455D34C87
:10E2A0007244F34C555D144DF34C3455755D755DFA
:10E2B000555D755D755D555D13553455755D956599
:10E2C000545D755D9565545D1355545D755D555D83
:10E2D000555D95659665755D3455555D755D35552E
:10E2E00032451245534D734D12451245334D534D32
:10E2F000F144F144534D324D524D324D9355734DCF
:10E3000032453245534D534D124D324D735D324DB2
:10E31000F14C324D52551145D144324D5355D14CEB
:10E320009144346D357D558DB79DF89DF895F895E0
:10E33000D89DF89DD89DD895B895B795978D768539
:10E34000357D357DB364104CAE3B6C2B0A134B1BF3
:10E35000EE2BED2B903CB03C114D114DD044114DA6
:10E36000535D33553255735D9465535D325D73650E
:10E370009465325D1255F1543255535DD14C2F3CAA
:10E380006B1B2B13ED23ED23CC13ED138C0B8C1394
:10E390002E344F44ED3B6A2BCC336E447365B46D21
:10E3A000535D945DF56DB4653355945DD565B45D8D
:10E3B00033555355B56533559144D254D36C147DC0
:10E3C000768D9695B795B795D89DF89DF89DF89D53
:10E3D000F99DF89DD895D795B78D9685347D926433
:10E3E0000F4C6C338D330E3C2E346F3C6F4C90547D
:10E3F000D16490642F6C2E6C8F7C118D318D317DAA
:10E400001175D0644F54D16494755365D14C703CF0
:10E41000503C0E34EE33AD336C2B4C2BEA22EA2AFF
:10E420004C3B6C3BCA2A6822071A48222822C7198B
:10E4300028222822071A4822892A692A271A4822CC
:10E44000AA2A89226822281A2822692A692AAA3235
:10E450002C43AE533064B2741485B795F89D978DF4
:10E460003685157D347D958D16A6F6ADF6ADF6ADE7
:10E4700094A5338DB16C70544F3C2F2C2F2C913CB4
:10E48000F244B13CB13CD23C134D13455455955D1B
:10E49000955D134DB13C703C913C134DD565166EA6
:10E4A000955D7455D6653776D66D745DB565F67530
:10E4B000B56D53657465D56D7465535D9565B565CA
:10E4C000B565545D124DB13CB13C5455B56595658B
:10E4D0005455545D9565B55D745D955DB56575651F
:10E4E0005455F244344DF344513C303C104C515C93
:10E4F000D374F37C748D738D949D94A594AD73AD9A
:10E5000052B551B530B5CE9C109D8E8C8B6B094B9E
:10E510006B3B0E3C703C7134713CD2441455F44C4E
:10E5200092441455555D144D144D5555965D5555F1
:10E530003455755D9665555DB244D24C3455755D64
:10E54000755D755D755D5455345554553455135589
:10E55000345595659665755D3455755D765D555D8B
:10E5600032451245534D7355324D124D5355735527
:10E57000124DF144534D324D324D32457355734D6A
:10E5800032453245734D534DF144124D535532557A
:10E59000F144324D5255114DD144124D5355D14C89
:10E5A0009144346D5585558DB79DF89DD895D79577
:10E5B000D89DF99DF99DF89DD895D895B78D76850C
:10E5C000357D1575B364104CAE3B6C2BEA124B1BBA
:10E5D000EE2BED2B8F3CB044114DF14CB044125555
:10E5E000535D33553255735DB465735D535D94650A
:10E5F000B465325DF154F1543255325DB044EE33BE
:10E600006C1B6B1B0E2CAC1B8B0BED13CD13AC13C7
:10E610000E34904C4E446A2BAB2B8F44B4659465FA
:10E62000535D745DD56D945D1255735DB45DB45DDD
:10E6300032553355B565535DB14CD254F36C347DCE
:10E64000768DB795B795D89DF89D19A6189EF89D1B
:10E65000189E189E189EF89DB78D7685347D92641D
:10E660000F4C4C334C2B0E342E2C6F347044704CAA
:10E67000F15C126DD17470744F748F7CB07CF07C3F
:10E68000527D3275D164336D9475335DB14C7044F5
:10E69000704450442F44AD3B6C332B338922E71137
:10E6A000271A4822482AE719E7218511C621861929
:10E6B000A619C621C721C721C721C619A619A6199F
:10E6C000C619C6198511A611A619C619A619C61903
:10E6D000E721482A692A0C43516C558DD79DD7955F
:10E6E000568DF374347DB58DF6A5D5A5F6AD17B668
:10E6F00095A5338D127570544F3C2F2C4F34703CC0
:10E70000D13C913CB13CB13CF244D244344DB6656D
:10E71000B665134DB13C713CF24C334D955DD565FA
:10E72000B565945DD565F66D9565545D7465D56D7B
:10E73000956D535D5365B46D7465335D9565B565D1
:10E74000B5655355124D903490345355D665B66522
:10E75000545D745D9565955D745D9565B66595656B
:10E7600054551345344DF344713C303C304C715C8E
:10E77000F374137D748D538D949D94A594AD74ADF5
:10E7800052B551B550ADEF9C30A5CF94CC734A53E0
:10E790006B43EE3B5034302C7134B2443455145535
:10E7A000D34C14555555344D34557555965D5555C6
:10E7B000555D755D9665345DD34C13553455555D87
:10E7C000555D965D765D3455134DF34C92449144FE
:10E7D000F34CB6659665545D3455755D9665755D0B
:10E7E0003245F144334D7355324D324D53557455C6
:10E7F000124D124D534D324D12451145734D534D2F
:10E8000012453245534D324DD144124D5355324D80
:10E81000F144324D5355124DD144124D5355D14C04
:10E8200070441365357D768DB79DF89DD895D79545
:10E83000F89D199EF89DF89DF895D895B795768521
:10E84000357D1475B364304CAE3B6C2B0A1B4B1BEF
:10E85000ED2BCD2B6F3CB03C124DF14CB04412551A
:10E86000735D53553255945DB465735D535D946526
:10E87000B465325DF154F14C3255535DB044EE2B2A
:10E880006C1B4B13EE232E24ED1BED138C0B6B0B2B
:10E890000E34B14C6F4C6A23AB2BAF44B465B465F6
:10E8A000535D735DD56D945D124D5355945D945DCC
:10E8B000124D124DB565535DB14CD254F36C357D9C
:10E8C000968DB795D79DF89D19A619A6F89DF89D28
:10E8D000189E189E189EF89DB68D7685547DB26C54
:10E8E000EF4B4C2B6D2B2F344F2C9034B044B04455
:10E8F000D1541265F274706CEE6B0E74B084328574
:10E9000073855275F26C336D546D3365B254914C0E
:10E910009154304CCE436C332C3BCA32282AC61952
:10E920008511C619E721A6198519451165196519BB
:10E930006519651986218619862186218621651922
:10E940008519851965196519862186216519651945
:10E95000651986198511C719AA3AAF5B9274F484B8
:10E96000B374D3749585D695D59DD6A517B6F6B54F
:10E97000759D338D548570542F3C0E2C4F34913C33
:10E98000D144B13C913CD13CF244F244334D955DCD
:10E990007455134D134DF24C3355F2443355B55D58
:10E9A000B565945D945D955D3355335595651676E3
:10E9B000946D335D335D946D7465535D9565D66D6F
:10E9C000B5655355124D90347034334D955D745D7B
:10E9D0003455755DD665D665755D955D9565545DF7
:10E9E00054551345344DF344713C303C304C715C0C
:10E9F000F374337D738D538D739D94A594AD74AD75
:10EA000052B531B530AD30A530A5EF940C746A53D2
:10EA10006B43EE3B5034502C9134D2445555345511
:10EA2000F34C34557555344D344D7555965D555DE3
:10EA3000755D9665B665555DF34C555D755D555DC7
:10EA40003455966596653455D34C92443034503CD9
:10EA5000D34CD66D966534553455755D9665755DA8
:10EA60001245F144324D7355324D1245535573558D
:10EA7000124D124D5355324D32451145734D534D84
:10EA800012451245534D324DD144124D3255124D5F
:10EA9000F144324D5355124DD14432555355D14C5A
:10EAA0007044F364357D768DB79DD89DF895F895C3
:10EAB000F89DF89DD89DD89DF895D895B78D768509
:10EAC0001575F46CB364304CAE3B6D2B0B1B6B1B9C
:10EAD000ED2BCD2B6F3C903C124D114DD14C12556E
:10EAE000735D53553255735D9465735D325D736527
:10EAF0009465325DF154F14C3255325DD14C2E3477
:10EB00002F348C1BED236F2C4E1CED0B6C036C0B08
:10EB10002E34B04C4E444A23AC2B8F3C945DB465EC
:10EB20005355735DF56D945D3255735DB45D945DC1
:10EB3000124D124D946533559144B254D364357DD2
:10EB4000B68DB795D79DD89DF89DF89DF89DF89DF9
:10EB5000F89D189EF89DD795968D968D7585D36CEA
:10EB6000EF4B4D2B8D2B50344F2CB034D13CD14436
:10EB700032557365326D4F64AD5B0E749084907C3A
:10EB8000327D3275D164F264D25C1365914C0F44CE
:10EB9000CE3B2C2B691A491A6922C7198619861986
:10EBA0008619A621A6216519041145194519452183
:10EBB0006521451945194519A6298621862145193A
:10EBC00065198521241945194521652125194519FE
:10EBD000A621851965118511A719292A8A328A3239
:10EBE000AB322C3BEE532F5CD27CB5A538B637B692
:10EBF000959D348D347D50540E34EE2B2F34B13C22
:10EC0000134DD13C913CB13CD244F24C5455B55DCE
:10EC10005455F34CD244134D5455134D5455945DF3
:10EC200074555455945DB55D745D545D9565F56D91
:10EC30007465325D335D946D7465745DB56DD565D5
:10EC4000945D5355124D903C7034134D745D3455A2
:10EC50001355545DB665B665755D755D7565545D36
:10EC60003455F3441345F344503C0F3C304C715C35
:10EC7000F374337D5385538D739D94A594AD74AD1A
:10EC800032B5F0ACEFA430A50F9DCF8C0D746A5354
:10EC90006B430E3C703C71349134D23C344D144D76
:10ECA000F3443455755D344D344D5555965D555D81
:10ECB000555DB665B76D755DF34C555D755D755DFC
:10ECC0001455765D96655555F34CB2449244924482
:10ECD000F34CD66DB665555D3455555D7665555D1D
:10ECE0001245F144324D534D12451245534D535583
:10ECF000124D124D5355324D324D1145734D534DFA
:10ED000012451245324D324DF144124D5255114DBE
:10ED1000F144124D524D124DD14433555355D14CFF
:10ED20005044F35C357D9795D795D89DF89DF89D17
:10ED3000F89DD89DD895D895F895D895978D5685F6
:10ED4000357D1475D3645154CE3B8D2B0B136B1B47
:10ED5000ED2BED2B6F3C8F3C114D1255D14C124DCC
:10ED6000735D33553255735D9465535D3255735DF4
:10ED70009465325D1255F14C12553255D14C6F3CB1
:10ED8000D1442F2C2F2C6F2C4E24ED138C0B4B0BBE
:10ED90002E2CD14C2E3C2A1BAC2B8F3C735D945DEA
:10EDA000535D735DD565945D3255945DD565B45DF5
:10EDB000124D124D946533559044B154D364347D53
:10EDC0009695B795D795D79DD89DD89DD89DF89DF8
:10EDD000F89DF89DD895B7957685968D7585D36CF9
:10EDE0000F4C4C2B8D2B30344F2C9034D13CD13CDC
:10EDF000F144F254F1646F64AD5B8C5B0E6C4F6C4C
:10EE0000B06CF274D16C705CEE43504C4D33891A87
:10EE1000481A081286098611E721651966216621BC
:10EE200086216519A621652166214521452186296E
:10EE30006621452124192419A62986214521241952
:10EE400004194519041924192521452124194519A6
:10EE50006521A62165196519A61986196619661115
:10EE60008611A611E7190722EA42EF6BF38C96A5EB
:10EE7000969D3485137D2F4CCE33CE2B0F34914489
:10EE8000D244D244D244F244D13CF244334DB55D35
:10EE9000955DD244B13C134D33555455745D745D4A
:10EEA000745D7455B55DD665955D5455745DB56DED
:10EEB0007465125D335D946594657465B565B5657B
:10EEC000745D5355124D90347034334DB56595656E
:10EED00033553455545D54553455755D9565755DA0
:10EEE000134DD2441345D244503CEF3B0F4C515C80
:10EEF000F2741285538D328D739D94A574AD73B5E4
:10EF000031B5CFACAE9C30A5EF94AE8C0D744A53A6
:10EF10006B430E3C703C71349134B23C1345F34466
:10EF2000D344344D965D3455344D544D955D755DE7
:10EF3000555D9665B76D555DF34C555D755D755DB9
:10EF40003455555D9665555D145514551455D34C7F
:10EF50001355B665B665755D1455555D765D3555C9
:10EF60003245F13C3245734D114512457355735589
:10EF70001145324D534D324DF1441245534D7355A9
:10EF800032451245534D324DF144324D5355124DD9
:10EF9000F144124D324DF144F144124D5355B144F8
:10EFA000503CD35C357D9795D89DD895F89DF89DBC
:10EFB000D89DD89DD895D895D895B895978D7685B4
:10EFC000357D557DF46C104CCF3B8D2BEA0A8C1BA4
:10EFD000ED2B0E2C6F34B044F144124DD144124D40
:10EFE000735D53553255735DB465535D3255735D32
:10EFF000945D3255F254D14C124D3255903C903CB8
:10F00000545590342F2C90344E240D1C8C0B8C0BAB
:10F010002E2CB0442D3C6A23AB238F3C935D935D33
:10F020005355735DB465735D3255945DD565945DDC
:10F03000124D124D94653355B14CB154D26C347DA0
:10F04000B695B695B795B795B795B795B795D89D39
:10F05000F89DD89DD795978D758575855585D36C09
:10F06000EF436D338D2B0F342F34703470344F34A5
:10F07000B144D154B15C4F5CEE5BEE630E6C4F6CEF
:10F08000B174B16CEE532B3BAA2A6922E711A61189
:10F090006611E721651904114519652104118621BE
:10F0A000E731652124198621C7312519A629652153
:10F0B00086292419251925196521862945194519F7
:10F0C0004521451924192519251966214521452170
:10F0D00066218629652145196519862186216519CC
:10F0E000651986218519651965190732693A6D5BBD
:10F0F0000F6C506C7164915C0F44EE3BEE33503CEE
:10F10000B13CD23CF244D23C1345F244334D9555C8
:10F110007555134DD2443455755D33553355545D93
:10F12000955D74557455955D54553355545D745DB6
:10F1300074651255535D94657465545DB565956548
:10F14000545D5455334DD244713C335595659565A6
:10F150003455135554555455545D755DB665955DDC
:10F16000134DD244F34CD24C503CEF3B0F4C505C0F
:10F17000D27C338D328D128D939D93A573AD32ADBC
:10F18000F0B4CFACCFA40FA50F9DCF94EC732A4B56
:10F190004B430F4C704450347134B234133DD23C65
:10F1A000D33C144D765D3555F3445555965D7555F4
:10F1B00054559565B665966514555455755D755DE0
:10F1C0003455755D9665755D1455755D555D3455A1
:10F1D00034559665B665755D3455755D755D5455E8
:10F1E0005245F13C3245734D1245124573557355E6
:10F1F000124D324D534D324D11451245534D734D05
:10F20000334D3245534D534DF1443245534D124D1C
:10F21000F144124D324DF144F244124D534DD2445B
:10F22000503CD35C357D9795D89DD895F89DF89D39
:10F23000D89DD89DD89DF89DF89DD895B795768591
:10F24000567D3575D36C1044AE338D2B0B136C1B70
:10F25000EE230E2C6F34B03CD144124DD144124DEC
:10F26000735D535D3255735DB465735D3255945D66
:10F27000945D3255F254F14C32553255903CB03CCD
:10F28000B55DB13C0F2C70342E24ED138C0BAC0B00
:10F290004F2CD0442E3C6A23AC2B8F44935D945D5D
:10F2A0005355735DD565945D1255735DB45D7355AB
:10F2B000124D1255946533559044B154D26C347D3F
:10F2C00096959695B795D79DB79DB795B795D895CF
:10F2D00019A6F89DD795978D7685968D7585F374CB
:10F2E0000F4C4C336D2B0F3C0E340F342F344F3CEE
:10F2F0009044F25CD164705C2F640E648C53EA42DB
:10F30000CA3ACA322722E611E611A611C619A61971
:10F31000C721A6216621452125194521C31086292B
:10F32000E73145192419A6290832041986214521F7
:10F330008629451945192519652186294521452123
:10F340006521452124192419041945214521452108
:10F350004521662165214519652186218621652182
:10F360008621C729C629A6218621C7298621A6214B
:10F37000082A0722CA328D4B6C3BAD3BCE3B2F3C5B
:10F38000703CB13CD244D244F24413451345544D31
:10F390007455F344D2443455755D33553355545543
:10F3A00054555455955D955D54555455545D535D74
:10F3B000125512557465B56D7465335D745D3355C2
:10F3C00054555355334DD1447034134D745D545DD1
:10F3D00034553455755D755D745D955DD665B6655E
:10F3E000344DF344134DD24C5044EF430F4C505C1A
:10F3F000917C128D12953295729D93AD52AD31B5BF
:10F4000011B510B5EFA4CE9C8E946E8CAC6BC94236
:10F41000EA32CE437144713C9134B234F33CF2345D
:10F42000712C923C144D3555344D75559555755587
:10F4300054559665B665966513555455755D755D5D
:10F440003455755D9665755D3455B6659565755D24
:10F45000545D9665B665755D3455755D755D34555D
:10F460003245F13C324D7355124532457355735553
:10F47000324D324D534D324D1245324D534D534D59
:10F4800032453245734D534DF1441245534D324D83
:10F49000F144324D5355124DF244124D534DD24466
:10F4A0007144D35C1575978DD895D895F895D895F6
:10F4B000D89DF9A5F89D199E199EF895B795768562
:10F4C000367D1575D3641044AE33AE2B2B136B1BF6
:10F4D000CD23ED236F34B03CD144124DD144124DB5
:10F4E000735D53553255735D945D53553255945D3C
:10F4F000945D1255F24C3255535D735DD144D14445
:10F50000D65DB13C2F2C913C2E24ED13AC0BAC0BF3
:10F510002E2CD0442D3C6A2BAC2B8F449465B465C3
:10F520003255735DD565945D124D3355945D7355B9
:10F53000124D125594653355B04CB154F36C55854A
:10F54000B6959695B795D79DD89DD79DD89DD89DB2
:10F55000F89DF89DD895B795978D968D5585F37440
:10F56000EF4B4C336C330E3CCE33CD2BEE332F3C74
:10F57000504470542F548D4BEA3A472AE621C52156
:10F58000C621C6196511650985114411A619861988
:10F5900086212519862145212519251986214519F8
:10F5A00086218629652165210832041945216521B6
:10F5B00086294521652145216521A6294521452129
:10F5C0006521652145192419041924194519652156
:10F5D00045218621662145216521A62986214519D7
:10F5E0008621A629A621C729A629E731E729C7210F
:10F5F00065192409A61948226822AA224C33EE4331
:10F60000EF3B0F3C7044B144D244F24C334D74553F
:10F610007455F244D23C334D955D335533553355D3
:10F6200054555455955DD6659565745D755DB565A4
:10F63000946512551255535D7465335D545D745D68
:10F640005455534D334DD13C7034134D745554556E
:10F650003355345595659565755D755DB565955DF5
:10F66000144DF34C1355D34C3044EF43EE4B0F5C29
:10F670002F6CB184D18C329D529D93AD52AD52B559
:10F6800030B5EFB4CEA48D9C6D942D848B6BE94A7C
:10F690002B43EE43914491349134B234F33CD23451
:10F6A00071347234F44C3555544D554D754D955556
:10F6B0009555955D755D345D1355755D955D755D0D
:10F6C0003455755D9665755D34559665755D9565C2
:10F6D000345595659665755D1455555D755D144D8C
:10F6E0003245F13C524D7355324532457355735591
:10F6F000324D324D534D324D1245324D734D534DB7
:10F7000012451245534D534DF14412455355324D58
:10F71000114D324D5355124DF244124D5455F24491
:10F720007144D35CF474768DB795B795D895B89538
:10F73000D89DD89DF89DF99DF99DF895B79576854A
:10F74000357D1575D364F0438E338D2B0B134B1B16
:10F75000CD23ED236F34D144F14C124DD144124DE1
:10F76000535D32551255535D945D53553255945D3A
:10F77000745D1255124D3255735D735DD044B03CCB
:10F78000534D502C5034D23C4F24ED1BAC0B8C13FA
:10F790002E2CB0442E3C6A2BAC2B8F449465946580
:10F7A0003355535DD565945D12555355945D73552E
:10F7B000F24C1255745D335DB14CD25C1375758D8E
:10F7C000B695B695B795B795B79596959795B7951C
:10F7D000F89DF89DB895B78D968D5585147DB36CC1
:10F7E000AE4B4C336D3BEE438D33AD33CE3BEE3BF6
:10F7F000504C0F4C6C43892A0722C621A521A52114
:10F80000A519A61986198519651965198619651925
:10F8100086212519862145196521A729E73165210A
:10F820006521C729C7298621A62924192419C72992
:10F8300086216521862986218629C729652165219A
:10F84000662186296521451904192419652186290F
:10F850006621A629A62965218621C729A629451939
:10F86000451965216521C729A629C7290832E72935
:10F87000862186198619A619C619E711481ACA2AB7
:10F880000C334C33EE3B504C7044B24C134D54553A
:10F890005455F244B13CF2445455134D134D334D7D
:10F8A000D244F24C5455955D545D134D545DD66D64
:10F8B0007465F24C12559465B56D745D9565B565CA
:10F8C000945D5455334DD13C7034134D745554559B
:10F8D00033555455B5659565755D755DB565955D33
:10F8E000144DF344134DD24C303CCE3BAE43AD539C
:10F8F000EE639084D08C319D72A593AD72B551B5F5
:10F9000051BD0FB5EEACAD9C8E9C2C8CAB732A53C5
:10F910004B430E44914491349134B234133DF33C43
:10F92000B23CF34455555555344DF344F33C3445FE
:10F93000544D545534551455134D755D955D755D95
:10F940003455755D9665555D1455755D555D755DF0
:10F95000555D95659665955D3455755D955D345538
:10F96000324DF144524D7355124D124D735573552E
:10F97000124D324D5355324D1245324D7355734D24
:10F9800012451245534D534DF14412457355524D96
:10F99000114D324D5355124DF244334D7455F244CE
:10F9A0007144D35CF474568D9795B78DD895B795FF
:10F9B000D89DF9A5F89DF89DF99DF895D895768D77
:10F9C000367D567D146D104CAE336D23EA0A6C1BE8
:10F9D000CD23ED236F3CD144F14C124DD144124D57
:10F9E000735D32553255735DB465735D5355945DE7
:10F9F000945D3255124D3255735D735D8F3C0E240C
:10FA00004F2CEE1B2F2CD13C4E24ED13AC13AC131A
:10FA10004F2CD0442E446B2BAC2B6F4494659465D3
:10FA2000535D735DB565945D1255735DB465945D0A
:10FA3000F24C1255745D335DB14CD25C1475758D0A
:10FA4000D69DD79DD79DB79D7695768D9795B89580
:10FA5000D89DF89DD895B78D7685147DB36C315CB3
:10FA6000AE4B4C3B6D43AE434C336C334C332C3379
:10FA70000C33EB32692AE721A621A521A521C6294D
:10FA8000A621A621A62966212519662166214519E8
:10FA9000862986218621A629E8314942E310862954
:10FAA000493A65218621E731A62986216521083258
:10FAB000A6298621C729C729C7290832A629A62928
:10FAC000E731E731A629652124194519C729E7310E
:10FAD000A629E731E731C729C7290832E729652177
:10FAE000451966218621E729C729C7290832C72970
:10FAF000A629862165198619E721C721C619E719A4
:10FB0000081A49220B33AE3BCE3B30447044D244FA
:10FB1000F24CD244D13C12457455134DF244F24498
:10FB2000134DF34C134D134D134D134D1355F24C10
:10FB3000B14CB14C335D9465745D545DD66DB56563
:10FB4000B55D74551245913C502C13457455745550
:10FB5000345534559565955D755D755DB565955DF7
:10FB6000334DF344134DD24C3044EE43CE4BCD5B7A
:10FB70000E6CB08C1195319D72A572AD51B530B53A
:10FB800050BD6FBD4FB5EEACCEAC8E9CEC836B5BC5
:10FB90004B430E44D24CD23C9134B234F33CF33C50
:10FBA000D23C344D965D755DF344502C2F24702C5F
:10FBB000D23C344D555D555D3455755D755D755D53
:10FBC0003455755D9665755D1455755D755D755D2E
:10FBD000545D755D9665955D3455755D96653455D6
:10FBE000324DF144524D9355124D124553555355D4
:10FBF000324D5355735553551245324D7355735508
:10FC000012451245534D534D1145324D7355324DEA
:10FC1000F144324D324DF144F244334D7455F24CBF
:10FC20007144D35C1575768DB795B795D895D895F1
:10FC3000D89DF9A5F99DF89DF99DF895D895978DD2
:10FC4000568576851475304CAE336D2BEA128C1BBD
:10FC5000CD23ED236F3CD144F14C1255D144124DCC
:10FC6000535D32551255535DB465735D3255735D06
:10FC700094653355124D3255735D73558F3CCC1BD3
:10FC80008C0B8C0B0F24B13C0E1CCC13AC13AD139E
:10FC90004F2CB0442E446B2BAC3390449465B46528
:10FCA000535D735DB565745D1255735DB465735DC9
:10FCB000125533557465335DB14CD15C1375558560
:10FCC000D69DB695B695B795B795B795D89DF89D3D
:10FCD000F89DF89DD895B795768D3585D374516488
:10FCE000AE532C432B3B4C3BEB32CB328A2A69225E
:10FCF000081AE719E721E721A62145196521E62918
:10FD0000C629A729E731A6294521A7296621662109
:10FD1000662186218621E831493A493AE310862155
:10FD2000694286216521E731C729E7316521283AF3
:10FD3000A629A6290832E731E7310832C729E73179
:10FD4000493A493AE731862165216521E731283A68
:10FD5000A629283A283AE7312832493A0832A62912
:10FD60008621A6218621A629A629E731693A283AC3
:10FD7000C729652125198621A621A621C721A621EB
:10FD8000661986110822AA2A0B2BAE3B2F44914CF0
:10FD9000D24CF24CD244F2445455334D334D534D72
:10FDA0007455134DF34C134D334D5455545D545D00
:10FDB0001255B14CF254335D335D535DD56DB5656D
:10FDC000955D3355F2447034502C1345955D955D27
:10FDD00033553355755D745D74557455B55D955DDA
:10FDE000344DF344F34CD24C2F440E440E540E6465
:10FDF0002E74D08C52A572A572AD51AD71B550B5AF
:10FE00004FBD6FBD4FBD2EBDEEB46DA4EC8BAB6B83
:10FE10008B4B0E4CD24CD244B234B234D33CD23C95
:10FE2000D23C344D965D755DD23CCE1B8D0B0F1CC4
:10FE3000D23C544D955D755D5455755D755D755D30
:10FE40003455755D9665755D1455755D555D755DCB
:10FE50003455755D755D755D3455755D955D3455CD
:10FE6000324DF144524D9355124D12455355535551
:10FE7000324D5355735553551245324D7355735585
:10FE8000334D3245534D534D1245524D7355324DFE
:10FE9000F144324D324DF144F244124D5455F24486
:10FEA0007144D35C1575778DB895B795D895D89D65
:10FEB000D89DF9A5F89DF895F89DF895D895978D5A
:10FEC0005685567DF46C314CCE3B8D2B0B13AD23F8
:10FED000EE2BED2B4F34B144F14C1255D144124D61
:10FEE000535D3255124D5355945D53553255735DE4
:10FEF000935D3255F14C3255735D935D8F3CAC1B75
:10FF00004B036C0B0E2490340D1CCC138C0BAC13D8
:10FF10002E2CB0442E446B2BAC33904C9465B56DB5
:10FF2000535D745DB565745D1255535DB465945D44
:10FF30003255535D9465335DB14CB15C1375558595
:10FF40009695758D5585758DB795D89DF89DF89DBD
:10FF500039A6F99DB795978D56855685147D5164C0
:10FF60006D4BEA3AA932AA32692A692A2822082264
:10FF7000E721E821C721862186218621A621A629FD
:10FF8000A6298629C731C731A731A731A731C83182
:10FF9000A729A729A621E7292832E731083286298F
:10FFA000C7292832E7298621E729C7294519493A6F
:10FFB0008621A6212832283208320832E729283241
:10FFC000693A493A0832E731E7298621E7290832B8
:10FFD000C729493A283AE731283A493A0832C72925
:10FFE000A729C729A629A621A621C729283AE7318A
:10FFF00086296521241966216521862186216621AD
:020000040801F1
:1000000086214519A621E72169220B2BCE43504CAE
:10001000B14CB14C703C703CF244124D7455D55DFE
:10002000955D745575555455F244B13CF34C745D6F
:10003000745DF254F254335D9465545D9565B56515
:10004000545D134DD244903C5034134D955D955DF5
:1000500054555455955D955D74559455D55DB5557C
:10006000334DD244D24CB14C2E44EE430E542E6C40
:100070004E7CD094119D92AD92B591B571B550BDA5
:100080006FC54EC50DBDEDB46CACCA936A7BAB7346
:100090008B53ED4B914CB13CB23CF33C133DF33CE4
:1000A000D23C344D965D5555D23C0F24CE1350248E
:1000B00013457555955D755D54557555545D755D64
:1000C0003455755D955D755D134D755D545D555D7C
:1000D000555D9665955D755D3455755D96655455B0
:1000E000324D1145524D93551245124553555355B6
:1000F000124D324D5355324DF1441245734D734DEF
:10010000534D1245324D534D1245524D7355124DBC
:100110001145324D5355F144F2441245534DD244EA
:10012000303CB35C1575778DB895B895F895F89D0A
:10013000B89DF9A5F89DF895F895F895D895768D20
:100140007685357DD46C314CAE338D2B2B138C23BF
:100150000E2CEE2B4F34B044F14C1255D144124DBD
:10016000735D53553255535D945D53553255735DF0
:10017000935D3255F14C3255735D93558F3CAC1302
:100180006C0B8D0B0F2491340D24CC136B036B0B74
:100190002E2CB0440D444B2B8C336F447465946506
:1001A000535D9465D56D945D1255735DB565945D31
:1001B0001255535D7465335D904CB154137555857C
:1001C000958D758D758D758D768DB795D89DF99DAD
:1001D000B795978D768D56853585147D926C8E4BAF
:1001E000EB428932282A072A282A4932082AE82994
:1001F000C721C729C729A721A629A629A629C62913
:10020000C7298629A729C731C8398731C831093A92
:10021000E831A729A62108320832083208326521C0
:10022000E731693AE7294519493A28328621E72911
:100230006521A621493A493A28322832E731493A1C
:10024000283A08320832493A493A8621C729E7292B
:10025000E731693A283AE729283A493A0832E7313A
:10026000C729C729C729E729E729E729083208321A
:100270008621A629241945218629A73165214521F2
:100280006621452186218619C619281AEB2A6D3B5D
:10029000AE3BEF3BEE3B2F3CD14CF24C334D745513
:1002A000745D745D755D5455134D134D134DF24CD3
:1002B000F24C12551355335D745D1355335D9465DF
:1002C0003455134DF24C913C5034F24C7455745DDE
:1002D00054555455755D745554557455B5557455EC
:1002E000134DB144D14CB04C2E44ED43ED530D6C45
:1002F0004E848E94AE9471B571B570B50FB5EEB4F1
:10030000EDBCEDBC8BB44AA4A8934883287B8A73C8
:100310008B5BED4BB154B144913CB234F33C133D93
:10032000D23C5555965D7555134591345024912C0A
:10033000F33C7555B65D955D54555455755D955DA9
:100340003455755D955D755D1455755D555D755DCF
:10035000555DB665955D755D3455755D955D555D0D
:10036000324DF144334D53551245124D53555355AB
:10037000124D324D534D324DF1441245534D534DB4
:1003800032451245324D32451145324D53551145D6
:10039000D144114D324DF144D1441245534DD24414
:1003A000503CD35C157D778DD895B795D895F89D41
:1003B000B89DD89DF89DD895D895F895D895978DE6
:1003C000778D367DB364304CCF3B8D2B2B1B8C232C
:1003D000EE2B0E2C4F34B044F14C1255D144124D3B
:1003E000735D53553255735D945D53553255735D4E
:1003F000735D3255F14C324D735D935DB03CAC1B77
:100400008C0B6C0B2F249134ED1BAC13AC13CC1B59
:100410006F34B04C0D446B33AC33904C946DB56D70
:10042000535D745DB565735D1255945DD565945DDE
:100430003255535D9465335DB04CD25C347D347D70
:1004400055857585B695968D968DB795B795D89542
:10045000978D5685D895189E558572648F4BEC3ACA
:100460006932282A072A072A082A2832083208323D
:10047000C729C729C729C729C729E731C729E731AC
:10048000E731C729C729083A083A083AE831283A33
:10049000E729C729E729283208320832C731A629B7
:1004A000493A493AE7298621693A283208322832FE
:1004B000A6218621693A493A0832493AE729493A58
:1004C0002832283208322832693AE729A621E7295A
:1004D000493A693A493AE729293A493A293A2832C0
:1004E000E731C729C7290832C729E729C729E831D1
:1004F00086218629041945216529083AA6296521FE
:10050000A63145216521A6212411651128220B3B26
:100510002C3B4C33AE3BCE3BB14C91441255745DF9
:100520005455134D5455955D745554555455F24CCE
:10053000D24CB14CB14CF2541255335D545D745DE4
:10054000545D134DF24C913C5034F24C34553455BB
:10055000134D13555455745D7455955DB55D955D9A
:10056000124D9044904C4F4CED43ED53AB53CC6B3C
:10057000EC7BCB832C8CCEA4EEAC0EB56CA42BA460
:100580004BB44BB44AAC4AAC6BAC0B9C8983296B23
:100590002A53ED5391547144703CB134133DD2341D
:1005A000D23C544D965D7555344D1345133DF23490
:1005B000F33C554D955D955D34557555755D755D8F
:1005C000144D755D555D34551455755D555D755DFE
:1005D000555D955D9665955D5455955D9665555D42
:1005E000324DF144324D534D1245124D7355535512
:1005F000124D324D7355334DF1441245534D534D09
:1006000012451245324D3245F1443245524D1145A5
:10061000F144114D324DF144D1441245534DD24471
:100620009144F464357D978DD895D895F89DD89DE3
:10063000B89DD89DF89DD895D895199ED895778D59
:100640007785567DD364304CCF3B8D2B2B138C1B81
:10065000EE2B0E2C4F34B044F14C3255D14C124D90
:10066000735D535D3255735D9465535D3255735DB3
:10067000735D1255F14C3255735D735D8F3CCC1B2D
:10068000AC0B8C0B0F249034ED1BCC130D244E2C93
:10069000B03CB04C0D448B3BCD3B904C73659465A6
:1006A000535DB465F66D94651255735DB465B45DC4
:1006B000124D3255745D335DB14CB1541375347DB8
:1006C0007585758D968DD795D795968D978D7685F1
:1006D00056853585968D768D936CCF53EC3A492AA5
:1006E000E721E621072A0832083208320832E831C9
:1006F000E829E829E831E8310832083AC731C72942
:10070000E729E729C7290832083A083A493A28323E
:10071000C72908322832072A28322832C729C72990
:100720008A4228320832C7292832493A8A42283276
:10073000E729C7292832493AE729493A493AE729B6
:100740002832493A28322832693AE729E72908321B
:10075000693A693A493A0832693A6942493A293A62
:100760000832E831E8310832E7290832C72928324F
:10077000C7298629452186296529E731C731A62958
:10078000C7318629662186212411A61908228A32BA
:100790000B3B2C3B8E43CE432F4C7044D25413550D
:1007A0003355134D335554553355134D134D335560
:1007B00091442F3C2F3C9044D24C535D956DB565D0
:1007C000955D334DD24470342F2CD244134D134DCC
:1007D000D24CF34C33553355F34C134D54555455BB
:1007E000F24C70440E3C0E442E54B074AF7C6E84B8
:1007F0006E940C8C0B946DA4EEB470C52FC5EEC432
:10080000EDCC0ED52ECD0EC5B0D5F2D571BDAF9CB9
:10081000ED6B0E5C7054914CD244F23C3345133D69
:10082000F3445455965D755D544D544D954D954D1D
:1008300034457555955D955D34555555755D755DBA
:10084000144D755534551455F34C755D555D955DD6
:10085000555D755D955D755D3455755D955D54555A
:100860001245F144324D534D124512457355534DC7
:100870001245324D7355534DF2441245534D324596
:10088000F23C1245534D3245F13C1245524D124D4A
:10089000F144324D5355124DF244124D534DD24452
:1008A000914414657685B895D89DF895199ED89D84
:1008B000B89DD89DF89DF895F89D199ED895768D90
:1008C0005685357DB364104CCF3BAE2B0B138C1B80
:1008D000EE2B0E2C4F34D144124D3255D14C124DCB
:1008E000735D53553255735D9465535D3255745D38
:1008F00073651255F14C3255735D935DB03CED2339
:10090000CD13AC0B0F2C9034EC1BEC1B4E2CB034E5
:10091000B0446F440D44AC3BCD3B4F44325D535D1E
:10092000735DB465166E945D124D3355945D735DC1
:10093000124D3355745D1255B14C9154F36C347DA6
:10094000968DD795B68D968DB78DD795978D147D4D
:10095000147D3585D47C1164AF530C43492A082299
:10096000E721E6290732083208320832E831E83157
:10097000E729E72908320832293A2832E831C7291D
:10098000E729082AC729E729C729E7296942493AF7
:10099000082A28322832C721693A4932A621E72994
:1009A0008A420832E72908322832493A493A28323D
:1009B000493A2832C729493A2832693A493A08322D
:1009C0002832493A28322832493A08322832283225
:1009D0002832693A8A420832293A493A293A283271
:1009E0000832083208320832E72928320832493AF8
:1009F000493AA629A629C7318629E731C731A62950
:100A0000C731C729A62985212411A621C721082A73
:100A10008A32692AAA2A4C3B8D3B0F447054B15448
:100A2000D2541355F254B144B144B144B14CF254D0
:100A30004F3CCD330E3C904C914CD24C545DB5653F
:100A40005455F244B13C4F2C0F2CD244134D135546
:100A5000134D1355345D345DF354F34C1355135556
:100A60007044CD330A234B33AC4B8F74319552A570
:100A700093BD71C5B2CDB2CD70CDCEBC0BAC89A348
:100A8000279B0693268B888B2A9C4B9C4D9C6E94AF
:100A90006F844F6C50544F44703CF23C5345534567
:100AA000F33C544D955D755D344D544D954D954DCC
:100AB000544D7555965D755D34557555755D755D0F
:100AC000345575555455144DF34C755D755D955DF4
:100AD0005455755D955D755D1455755D955D545501
:100AE000324DF144324D534DF1441245534D324D88
:100AF0001245334D7355534D12453245534D3245D2
:100B000012453245734D324DF1441245524D124D4E
:100B1000F144124D324DF144D144F244334DB13CD5
:100B2000503C1465B78DF89DD895B795F895D89534
:100B3000B89DD89DF99DF89DF895199ED895768514
:100B40005685357DB364CF43AE33AE2B0B138C1B70
:100B5000EE2B0E2C6F34D144124D3255D14C124D28
:100B6000735D53553255735D9465535D3255745DB5
:100B7000535D1255F14C1255525D935DAF3CEC1B29
:100B8000CC13AC132F2C903CEC23EC1B4E2CB03C24
:100B9000B0444E440D44CC43CC3B4E44325D535D97
:100BA00012555355945D5355F24C5355B45D945DB5
:100BB00033555355946512559044914C136D55859A
:100BC000B68DD795B78D968D978D768D157D35859C
:100BD000D474526C3164CF5B0C436A32292A282AC0
:100BE0002832072A0732E731E731E731C731C72911
:100BF000C729C729283228322832E831083208327A
:100C0000082AE729E729E7298621A621493A493A0E
:100C100008322832E729C721493A493A8621E7298B
:100C2000693A2832E7292832083228320832E7297F
:100C3000693A493AE729693A493A493A2832493AF8
:100C40000832493A28322832693A493A493A493A07
:100C50000832693A8A422832293A493A283A08320F
:100C6000E83128320832493AE7290832493A28322D
:100C70008A428629C731C731C731283AA729A7290F
:100C8000E7310732E731A6218621E729E729E7295D
:100C9000082A082A28228A2ACB32AE4B0F540F4C3E
:100CA0002F44914CB14C914CD254D14C904470444F
:100CB0000F3C0E3C5044904C50445044D24C335561
:100CC000134DD23CB13C70342F2C13455455345540
:100CD000F24CF34C1355345D13551355345D335DAD
:100CE00070446C2B88120A2B2A3B4B4B6A5B8B6B34
:100CF000CB83497B087BC672856A236A2472247A77
:100D0000858AC68A278B477B677B2773E76AE862F9
:100D10008742A9322B33CD332F34F23C744D5345E7
:100D20001345544D955D755D144D3445754D744DA9
:100D300034457555965D755D5455755D955D755D6C
:100D40005455955D755D54551455755D755D755DAE
:100D50005455755D955D755D3455755D955D54555E
:100D60003245F13C324D534DF144F244534D324D36
:100D70001245334D7355534D12453245534D52452F
:100D800032453345734D534DF1441245324D1145B3
:100D9000F144124D324DF144D1441245334DB13C32
:100DA000503C1465B78DF99DB895768DB795B8957B
:100DB0009795B89DF89DD895D895F895D895978D25
:100DC0007685567DB364AF3BAE33AE2B0A136C1BF6
:100DD000EE2B0E2C6F34D144124D324DD144124DB6
:100DE000735D53553255535D945D53553255735D64
:100DF000535D1255F14CF14C325572558F3CAC1B82
:100E00008B138C132F2CB03C0D24EC236E2CD03C78
:100E1000B0446F446E540D4CED3B6F44535D935D95
:100E2000114D12555355324DF24C7355B45D945DCE
:100E300033553355B565125570449154146D147D76
:100E40005585357D568556855585147D93749374E7
:100E5000726C10648E53CB3A292A082A082A082A71
:100E6000483A0732E731C631C729E731C729C729D0
:100E7000C729E729283228320832C729293A6A4285
:100E80002832082A493A2832C729082A2832083243
:100E9000E72928322832E729E729493AA6212832CA
:100EA000693A493A0832493AA621283228320832AA
:100EB00028322832493A693AE7292832493A493AE8
:100EC0000832493A28320832693A493A0832283217
:100ED000493A493A493A2832693A493A0832283275
:100EE0000832493A2832693AC729E729693AE72995
:100EF0006A42C729A729E731083A283AA729C7290A
:100F0000E73107320732C629E731083208320832A2
:100F10002832082A082A492A492A892A0B338D436C
:100F2000CE43EE432F4C9154B154704C2F44504457
:100F3000904C914C704C4F4450447044914CB1448F
:100F4000134D1245F24490345034334D54553355BB
:100F5000F24CF24C13551355F354F35433551355C7
:100F6000D2548D2BA91AA91AA822C832A83A295BF3
:100F70004A73A7626562A66A4883AA93EBABEBABA0
:100F8000ABABEBAB2B9C2B946C948D942D8C8B7317
:100F900088422722681A4C23EE2B913453459455EE
:100FA000344D7555965D755D134D3445754D754DD4
:100FB000344D5555755D755D3455755D955D955D23
:100FC0005455955D965D955D3455955D755D755D82
:100FD0003455755D955D755D3455755D755D34553C
:100FE0001245F13C324D534DF144F244534D324DD4
:100FF0001245324D734D534D113D3245534D3245DF
:10100000F23C1245534D3245F13C1245524D1145CB
:10101000F144324D324D124DF244334D534DD244D2
:10102000714414659785D89DB895778DB78DB79520
:101030009795B89DD89DD895B895F895D895B78DC2
:101040007685767DB364AE3BAE33CE2B0B136C1B33
:10105000EE230E2C4F34D144124D324DD144124D5B
:10106000735D535532555355945D53551255735D09
:10107000535D1255F14C1155325552558F3CCC1BD6
:101080008B136B130E2C903CEC230C246E34F04429
:10109000B04C8F4C8F540D4CEC3B6F44735D93659B
:1010A00053555355945D5355F14C5355945D7355B9
:1010B000124D325594651255503C714C9264926CAD
:1010C000D374147D5685768D1585F47CD47CF063BD
:1010D000F063F063CB3AC721082A4932082A283244
:1010E000493A283A0732C631A629C731E731E731F4
:1010F000C729C729082A0832C729A729293A8A42B5
:1011000028322832693A0832082A693A4932E729EE
:10111000C729083A283A283AE731283AE7298A4283
:10112000693A493AE729493A083228320832693A95
:10113000283228328A42693A08320832493A693AF2
:1011400028322832493A0832493A493AC7290832FE
:101150002832283228320832493A283208322832D6
:10116000493A693A493A693AC721082A8A42083213
:10117000493A493AA7290832293A0832C729A62903
:10118000A629C729283AE7290832E7292832493A07
:101190002832283228322832082AC7192822EB3A66
:1011A0006D438D3BEE4B0F4C0F44EF43504C70544E
:1011B000B15491544F444F44B14CD14CD24C125580
:1011C0003355134DF24C70342F2CF2443355134DDC
:1011D000F24C134D545D545D1355F34C1355335578
:1011E000B1448D2BAA12E601060A09338B534E7CBB
:1011F000AF94EC83497B487BAA8B0B9C2CAC0CAC4A
:10120000ECB32DACCEACEEA4EE9CAE946E8C0D8403
:101210000A530722E601CA128C1B502CF23CF23C06
:10122000F244544D965D755D144D13453445544D4F
:10123000344D5555755D755D34557555955D955DA8
:101240005455955D965D955D3455755D755D755D1F
:101250003455755D955D755D3455755D755D3455B9
:101260001245D13C3245534DF1441245534D324D58
:1012700012453245534D3245F13C1245534D5245CE
:10128000F13CF23C324D3245F13C1245524D114594
:10129000D144114D324DF144D1441245334DB13C4E
:1012A000714434657685B895D895B795D895B89535
:1012B000B89DB89DD89DD895D895F895F895B78DD7
:1012C000367D767DB3648E33AE33EF330B136C1BF8
:1012D000ED230E244F34D144114D324DD144124DE3
:1012E000535D335532555355945D53553255735DA7
:1012F000735D125511553255525552558F3CED23A1
:10130000AC138B130E2C903C0D240C246F34F04442
:10131000D04CAF4C8F540D4CEC3B6F44525D935D01
:1013200052557355B45D7355124D5355945593559D
:10133000124D3355745D125570447044104C516415
:10134000F47C5685978D9795568D3585D47CF063C2
:10135000CC424932C721C721082A2832E731073257
:10136000283A073A0732C631A629C729E731083299
:10137000C729E729E7290832C729E831493A6A42EB
:10138000293A283A493A082A28328A3A693A0832E8
:1013900008320832E831293A083A283A08328A42B3
:1013A00028322832C7292832693A2832E7298A4266
:1013B000493A693A693A493A693A2832493AAA4275
:1013C000493A2832493A2832493A493A08322832C9
:1013D0000832693A693A083228322832083228320B
:1013E000693A893A493A493AE72928328A42293AF8
:1013F0002932493AC729083A2932293A0832E729D5
:10140000A629E731493A08320832E7292832693AF1
:101410000832693A493A082AE829283249326932B9
:10142000AA320B3B6D43AE43AE430F4C5054705445
:101430002F4C2F445044B154F254F2541355946538
:101440001355F24CD24C703C0F34D244134D134D13
:10145000D244F34C5455745D5455334D544D54554A
:10146000F34C0F346C23680288126B3BCC534E6CE8
:101470008F8C6E8C0C8C2C8C2C946DA4AEB48EB492
:10148000AFC4AFB40FAD2FA550A5109D8E8CCD73FA
:101490000A5327220702CA0A6C1B502CB13C913414
:1014A0009134334DB65D955D144DF3441345344589
:1014B000344D5555755D755D34557555955D955D26
:1014C0003455755D955D755D144D755D755D755D26
:1014D0003455755D955D755D3455755D955D5455F7
:1014E0001245D13C1245534DF1441245534D324DF6
:1014F0001245324D534D3245F13C3245734D534DFB
:10150000123D1245534D3245D13C1245324DF14406
:10151000D144124D324DF144D1441245334D913CEA
:10152000503C346576859795D89DD895D895D895B3
:10153000B89DB89DD895D895D895F89DD895768DB5
:10154000357D767DD3648E33AE33EF33EA0A4B13A9
:10155000ED230E244F34D144114D324DD144124D60
:10156000535532551255535D9465735D52559465CC
:1015700073653255115532553255114D4E34ED23A8
:10158000AC1B8C132E34B0442D2C2D2C8F3CF04CE6
:10159000F04CCF54AF542D440D3C8F44525D935DBD
:1015A00052557355B465735D124D5355945573552B
:1015B0005355535553551355B14C714CEF4B9264E1
:1015C000157D978D768DD374558DB79D526CEC42F9
:1015D000092A29322932E829E729E731C729E731E1
:1015E0000732E73107320732E73108320832E73194
:1015F000E729072AE72928320832493A6A4249424C
:10160000493A493A493A493A493A693A493A2832CB
:10161000283A283AE83108320832083208322832AB
:1016200028320832E83128322832493A493A493AD0
:10163000493A693A693A28322832693A8A42693A1B
:10164000283208322832283228322832693A2832A1
:101650000832493A493A0832283A0832C729E72974
:10166000693A893A493A2832E7294932293A293AE6
:101670006A3A493A0832083A08326A420832E72997
:10168000E731E731283A0832083208322832283266
:10169000493A493A493A493A283228324932693A6C
:1016A0008A3AAA3AEB3A0C3B6D43AD43CE43EE4344
:1016B0000F4C704CB154D154B14CD14C12553355E0
:1016C0001355D24CD24C9144503CF24C33553355C7
:1016D0003355335554557455334D334D544D544D46
:1016E000F3445034CE23CA0AC9122B2BCD4BAF740E
:1016F000D08CAF946D8C6D946D94AEA4EFB4CFB4D8
:10170000F0BCF0B451AD71A5509D10958F8C0E7446
:101710004B4B6822890AAD230F2C9134B23CD23C4A
:10172000B13C5455D665B65D344DF3441445554D22
:10173000344D5455755D755D5455755D955D7555A4
:1017400034557555955D7555134D755D755D755DB4
:101750003455755D955D955D5455955DB665755DC2
:101760001245D13C3245534D12451245534D334D30
:101770003245334D534D3245F23C1245534D534D96
:10178000123D1245534D3245F1441245534D11451A
:10179000D144124D334DF244F244334D534DB13CDC
:1017A0009144556D978DB895D89DB795D895D89596
:1017B000D89DB895D895D895F895B895B895978D42
:1017C000357D567DB364AE3BAE33CE330B138C1BED
:1017D0000E2C2E2C4F2CB03CF144324DD144124DE6
:1017E000535532551255735DB465735D3255735D53
:1017F00093653255114D525532558F444E340D2C50
:10180000CC1B8B132E34903C4E2C2D2C6E3CAF4CAD
:10181000D04CCF4C8E4C6E4CED3B4E44535D935DA3
:10182000325553559465535DF14C5355B45D735522
:10183000124D3255535DF25470440F44CE43EF5372
:10184000515C726C726C726C726CAF5BCB424A32E0
:10185000082A493A693A0832C7290832E731C729C4
:10186000E729E731E731E731E731C729E7290832CE
:10187000283228320832083228320732E729083263
:101880000832283A283208320832283A283A283AC8
:101890000832283A0832E731E8310832E731E831D6
:1018A00008320832E831E729083228320832083293
:1018B000493A493A493A6942693A493A693A483AA9
:1018C0000832493A2832283208320832283208329F
:1018D000E7290832083208320832283AA629C729EF
:1018E000493A693A493A283228322832493A493A3B
:1018F000693A693A0832283A0832693A0832E831D6
:10190000E7310832283A0832E73128320832083203
:10191000493A493A493A693A493A693A693A893A0F
:101920008A3A8A3AAA3AEB422C436D43AD4BEE4BCE
:101930004F549054B15CD15CD154F254335574552A
:10194000134DB144713C503C303CF34C345D345544
:101950001355134D54557455334D134D334D544D4C
:10196000F34471340F2C4C13EA124C2B2F54907407
:10197000D18CB08C8F8CAF94AE94F0A451AD10ADDF
:1019800011AD51AD51A5729D529D3295B0844F6CF1
:101990008D4BEA222B1BCD23502CD23C344D344DA1
:1019A000544D7555B65D7555F344D344344D544D7F
:1019B000344D54557555755D34555455745574559D
:1019C000344D75557555755D344D7555755D755D41
:1019D00034559565755D755D3455B665F76DD6659D
:1019E0001245D13C12453345F13CF244534D32454A
:1019F0001245334D534D334DF23C1245534D534D2B
:101A00001245123D12451245F144324D534DF144F9
:101A1000D144124D334DF244F244334D534DD13C39
:101A20009144556D978DD89DD89DB895D895D895EA
:101A3000F89DD89DD89DD895D895D895B78D7685A1
:101A4000367D3575935C8E33AE33CE330B138C1BE2
:101A50000E2C2E2C4E2C9034F144324DD144124D8C
:101A6000535532553255735D946552553255735DF9
:101A7000B465525D11555255114D6F3C2E342E34C4
:101A80000D2C8B1B0E2C6F342D242D2C6F44CF4C22
:101A9000AF4CCF4C8E4C6E44ED334E44535D945D51
:101AA00032553355745D3355F144324D735573558A
:101AB000124D3255B565B14C8D2BCE3BCF43CF4B3C
:101AC000F0538E4BF05BD3741064AA3A293249323A
:101AD000283228320832083208322832493A693A24
:101AE000283A2832E729A621A621A629E729083283
:101AF000493A2832E729E72908322832493A8A4206
:101B0000AA428A42493A0832E7310832E731C72906
:101B100008320832493A69426A42E729E7292832FD
:101B2000293A293A08320832083208320832083293
:101B3000E729E731E83128322832283228320832C2
:101B4000E729483A2832083208320832E731E729D3
:101B50000832E731C729E731283A283AA629C729A8
:101B6000493A693A693A293A283208320832083241
:101B700028322832E731E7310832493A0832083250
:101B80000832E731283A283AE7310832E73108329B
:101B9000483A493A493A693A693A8A3A693A8A3A4C
:101BA000693A693A8A3AAA42CB422B438D4BEE4BB3
:101BB0005054905CB15C9154B154F2545355945DBF
:101BC000945D334DD244703C303CD24C1455345566
:101BD0001455144D54555455334D134D334D344D08
:101BE000D2449134502CAD1B0B134C232F54B174A1
:101BF000F28CD194AF8C109D109D51A572AD31A582
:101C000011A552A5529D729D5295328DB17C506C9A
:101C10008D432B23AD230F2C702CB1341345144569
:101C2000D23CF344344DF344D23CD23C344D544D79
:101C3000344D545575557555345554557455545542
:101C4000344D755575557555134D7455755D755DE8
:101C50003455955D545D545D14559665D76D966504
:101C60001245D13C12453245D13CF13C334D324511
:101C700012453245534D334DF23C1245534D3345D9
:101C80001245F23C1245F23CF144324D534DF144C1
:101C9000D144124D124DF144F2443345534DB13C01
:101CA000703C14657685B795B895B795D895D89555
:101CB000B895D895D895B895D895D895D89556858E
:101CC000367DF56C52548E338E33CE330B136C1B32
:101CD000EE2B0E2C2E2C8F34D144124DD144124DAC
:101CE000535553555355735D945D53553255946513
:101CF0009365325511553255325590444E344E3419
:101D00000D24AC1B2E2C6F342D242D2C6F3CAF4C8E
:101D1000CF4CAF4C6E444E440D3C4F44535D735D0D
:101D200032553355745D3355124D534D7355D45D53
:101D3000324DF24C335D2F3C8D2BEF433054D26C3F
:101D4000926CEF5B306414857274CB4249328A3AEC
:101D5000493AE831C7290832283A0832E729E72901
:101D6000073228322832283A283A28320832E73116
:101D7000E731E729E7290832283228322832283289
:101D8000493A693A693A493A69428A426942493A62
:101D900008320832E7310832E831283A083208328E
:101DA00008320832283A293A293A493A493A493A0E
:101DB000283A283A2832283A283208320832E729C5
:101DC000E729483A2832083228320832E731E73129
:101DD0000832E729C729E7310832283AA629A62977
:101DE0000832493A493A2832283228320832083231
:101DF00029320832E729E7290832493A28320832DD
:101E0000283AE731283A493A08322832E731E731AF
:101E10002832493A493A693A693A8A3A693A8A3AF1
:101E2000693A8A428A3A893A8932AA322B3B8C43F0
:101E3000EE4B2F54915CB15CD254125D745DB5656C
:101E40005455F24C91443034CF2B7144F34C13551C
:101E5000F34C134D344D344D134D334D5455344DD7
:101E6000D24471347134EE232C134C230F4CB174D3
:101E7000F28CF194D09452A551A592AD72AD31A5DA
:101E800011A532A5319552955295338DB17C2F64B1
:101E9000AD436C2BCE232F2C2F24502C9134B234F5
:101EA0007134923CF344D23CD23CF34454555455E3
:101EB000144D344D54557555344D755595557555CE
:101EC000344D755575555555F34C54555455755DF0
:101ED0003455955D955D755D144D55555555D344F7
:101EE0003245F13C32453345F13C1245534D534D9B
:101EF000F2443245534D334DF23C1245534D334578
:101F00001245123D12451245D13C1245534D124522
:101F1000D144124D334DD13CD23C12453345B13CF6
:101F2000503CF35C56859795B895B795D895D8955C
:101F3000B795B895D895B895D895B895B78D768555
:101F4000567DF56C31548E33AE33AE2B0B136C1BB8
:101F5000ED230E2C4F2CB03CD144F144B03C124D3B
:101F6000735D32553255735D945D735D5255946562
:101F7000735D3255115532553255B0444E342E34BE
:101F8000ED23AC1B4E348F3C2D2C2D2C6F3CCF4CB5
:101F9000F054CF4C8E4C6E440D3C6F44535D735DDA
:101FA000125532559465745D535593559455D55DCE
:101FB000F1444F3CB14C70442F44504C9164347DFB
:101FC000B27451643064CF5BEC426932283208321B
:101FD0000832083208320832E729C729C729E73111
:101FE000073208320832073208320832E731E73167
:101FF000E729C729E729E729083228322832283279
:102000002832493A493A293A28322832493A493A53
:10201000283A083208320832293A0832083208329F
:10202000E831E73108320832E83108322832283204
:10203000493A293A2832283A283A283A493A28325D
:102040002832493A283228322832083208320832F7
:10205000E729083208320832283A283AC729A6293F
:10206000E731283208320832083228322832293241
:10207000493A2932E729E72908322832083208325A
:10208000283AE731283A493A0832283A08320832E1
:10209000283228322832493A693A693A693A8A3A02
:1020A000693A693A693A693A49326932AA320B3B6C
:1020B0006C3BCE4B3054915CD15C125D3355535523
:1020C000124DD144703C0F34AE2B513CD24CD34C0A
:1020D000D244F34C344D544D334D344D5455345556
:1020E000D24471347134EF236C1B4C230F4CB16C10
:1020F000F2841295F19472A552A593AD73AD32A5F9
:1021000032A532A5129552955395538DD27C5064C9
:10211000AD434B238D1BEE232F24702CB234B234ED
:10212000B23CD344344D144D144D544D955D75550A
:10213000344D344D544D5455344D54557555755595
:10214000344D755575555555134D54555455755D4C
:102150003455955D955D755DF34CF34C144DD3444A
:102160003245F13C32455245F13C113D534D334D22
:1021700012453245534D334DF13C1245534D3345D5
:10218000123D123D33451245D13CF244334D1245C8
:10219000F144324D334DF144D23C12453345B13C0C
:1021A000714414657685D89DD89DB895F895F895B5
:1021B000D89DD89DD89DD895B795978DB78D7685A4
:1021C000978515753154AE3BAE33CE330B136C1B74
:1021D000EE2B2E2C4F2CD03CD144124DB03C124D46
:1021E000535532553255735D945D535D3255735D71
:1021F000935D32553255325511558F442E344E343D
:102200000D24AC1B4E34903C4E2C4D2C8F44F0547E
:10221000F054EF54AF4C8F4C0D3C4F44535D745D04
:102220001255124D745D3355D144124D534D534DDB
:10223000B0446F3C736553650E44EE43D26C347DFD
:10224000916C516C92740C43A619E721082AC72996
:10225000C729E72908320732E729C629E7290732C3
:102260000732083208320832E731E729E729E73137
:10227000E831E729E73108320832493A693A6942D8
:10228000693A69426942493A0832E731083208320C
:1022900008320832283A493A493A493A283A283A1B
:1022A0000832E731E731E731C729C729E731E7319C
:1022B00008320832083208320832283A693A693A54
:1022C000493A28322832493A08320832283A083244
:1022D000E731083208320832283A493AE731C7294B
:1022E000083228320832E7290832283208322832E8
:1022F000693A2832E729283208322832C7290832B9
:10230000493AE7312832293A0832283A0832E73187
:10231000083228322832493A493A693A693A8A42B7
:10232000693A493A493A493A693A8932AA3AEA3A1B
:102330002B3B8D43EF53705CB15CD154D14CF14CCD
:10234000F244913C503CEF2BAE23703CD24CF34C0A
:10235000D34C134D54555455334D344D5455345579
:10236000D23C51347134302C8D1B6D232F4CB26C08
:10237000F27C3395329D73A573A593AD73AD32A5F1
:1023800053A5539D3295538D538D538DD27C30641C
:102390008D3B2B1B8C1BEE1B2F24B134133DF33CC8
:1023A000D23CF344554D344D344D344D755D555547
:1023B000144D144D344D3455344D75559555955532
:1023C000344D755575557555344D55557555755D67
:1023D0003455955D965D7555F44C144D144DF3448C
:1023E0001245D13C12453245D13CF13C32451245B3
:1023F00012451245534D3245D13CF244534D3345BD
:10240000123D123D33453245F1441245334DF244FD
:10241000D144124D334DD13CD13C1245534DD13CAA
:10242000714414657685D89DD89DB795D895D89573
:10243000F89DD89DD895B795B78D778DB78D978D29
:10244000B88D36755154AE3BCF3BCE330B138C1B3E
:10245000EE2B2E2C4F2CB03CF144324DB044F14CBD
:10246000535553555355945D945D53553255935D73
:10247000946512551155735D525DD04C6E3C6E3CA7
:10248000ED238B130E2CB03C6E2C4E2C8F3CD04C7D
:10249000F054CF4C8E446E440D3C6F44535D535DFD
:1024A000124D124D545D3355B03CF144324DD14480
:1024B000903CB04C7365125D0E448C3B7064D274DA
:1024C0007174506C506C0B43072A2832E729E729B6
:1024D000C729C729C729E731E729C629A6218621A7
:1024E000A629E7310832493A693A283A08322832AF
:1024F000293A293A283A28320832E729C729A72950
:1025000008322832493A493A694269426942694285
:10251000283A0832C729E731C729283A493A694297
:10252000493A283A083208320832283A283A283AF2
:10253000283228320832083208320832493A283A1A
:10254000283A28322832493A283A2832493A083279
:10255000283A0832C729E73108320832E731E73133
:10256000083228320832E729083208320832283285
:10257000693A2832E729283208320832C629083257
:10258000293AE73108320832E7290832E731E729EA
:10259000283228322832493A2832493A693A893A67
:1025A000693A493A283A293A493A693A8932A93284
:1025B000AA320B3BAE4B505C915CB154B14CD14450
:1025C000903C50342F34EE2BAE2391441455545587
:1025D000144D344D54555455134D134D3355334DFF
:1025E000B2447134B23C5134AE238D232F44B164D4
:1025F000D27C3395739D94A594AD94AD73AD53A5E2
:1026000074A5539D128D338D548D548DB2740F5417
:102610006C332B1B8D1BEE1B2F24912CF33CF33CB6
:10262000B234F33C544D344DF34413455455545592
:10263000F34C144D344D5455344D7555B55DB55D61
:10264000344D755575557555344D555575557555EC
:10265000144D5455755D5555144D144D144DD344BA
:102660001245F13C3245534DF13CF144534D324556
:1026700012453245534D1245D13CF244534D33453A
:10268000123D124533453245F1441245334DF14474
:10269000D144124D334DD13CB13CF2443345D13C91
:1026A000503CF35C5685B895B895B78DD895D895BC
:1026B000D895D895D895B795B795978DB78D9785B7
:1026C000B88D367531548E33CF3BAE2B0B138C1B2C
:1026D000EE2B0E2C6F349034F144124DD144D14482
:1026E00053555355535D735D945D53553255946501
:1026F000935DF14C1155735D7365325DB0446E3C72
:10270000ED236B130D2CB03C6F344E2C8F3CF054EA
:10271000F054CF4C6E446E440D3C4F44325532550C
:10272000F24C3355946594653355334D7355F144EC
:102730006F3C9044B04C2E442E4CAD438C4BAD536B
:10274000CE5B4D53CA3A072AC721C6218621C62926
:10275000C729C729C729C729A629A629C6290732F3
:10276000A629A629A629E731083208320832493AB3
:10277000293A493A293A283A493A494249426A4269
:102780000832083208320832283A283A493A493A97
:10279000493A0832283A283A0832C729283A694281
:1027A00069426942483A283A283A483A483A283A27
:1027B000283A283A0832083208320832283A0832D1
:1027C00008320832E7310832283A2832283A283AC3
:1027D000483A0832C729E731E731E731C729C62926
:1027E000E72928320832E72928320832E729083257
:1027F000493A483A2832483A08320832C629E72985
:10280000493AE731E7310832E731E731C729C729CB
:10281000283208322832493A08322832493A493AAD
:10282000283A28320832283228322832282A482AE0
:102830002822692A0B3BCE4B2F544F4C70449044B6
:10284000903C703C703C0F34CE2BB144545D956588
:102850003455345554553455134DF34C134D134DD5
:10286000B244923CD33C7134AE238D230F44915C2F
:10287000B174128D339594A594A594A553A553A531
:1028800074A5539D128D338D748D748DB2740F5455
:102890006C332B1BAD1BEE1B2F1C912CF33CF33C1C
:1028A000D23CF33C544D344D1345134555555555C5
:1028B000144D345555555555344D5455755575551C
:1028C000344D555555555555134D5455545555552D
:1028D000134D34557555344DF344144D344D144D4A
:1028E0001245D13C32455245F13CF144534D324DF5
:1028F0003245334D534D334DF2441245534D534DF4
:102900003245324533451245D13C1245324DF144F2
:10291000D144124D334DD13CB13CF2443345B13C2E
:10292000713CF35C5685B895B895B795D895D89510
:10293000D895D89DF89DD895D895B895B78D557DE3
:1029400097853675114C6D33AE33AE2BEA128C1B66
:10295000EE2B2E2CB03C903C124D124DF14CF24C13
:10296000735D535532555355735D535552559465A8
:1029700094651255525D525D3255325DD04C6E3CBD
:102980002D2C8B130E2CB03C4E2C2E2C8F44315DF5
:10299000F054F054CF548F4CED330E341255335560
:1029A0001255545D535D3355124D324D945D945D17
:1029B0009044125532650E44ED438C434B434C4BCF
:1029C0004C4BEB424932072AC621A621E729E731C1
:1029D000E731E731E731C629C729E7312832283204
:1029E000E731C629A629E731E731C729A729C73129
:1029F00008320832E731E731083A283A283A493AAA
:102A0000693A693A69426942493A283A283A0832A9
:102A10000832283A493A69426942AA4A6942283A40
:102A2000283A493A283A0732283A493A283A283A7D
:102A3000283A283A283A283A083208320832C72970
:102A4000E7310832C729E7292832E731C729083298
:102A5000283A483A08320832E7310732E731A629E6
:102A6000E72928320732E72908320732E7292832D6
:102A7000283228322832283208320732C629E7297C
:102A8000493AE731E7310832E731E7318621C72992
:102A9000E731C7290832283AE7290832493A28326B
:102AA000C729E729E73108320832E731082A2832F6
:102AB000282A482AAA322C438D43AD3BEE3B4F3C9B
:102AC000F24CF24CD244503CCE2B713C1355545D29
:102AD0003455134D34553455134D134D134D134D7B
:102AE000D244923CD23C502CAE1B8D230F44705CE0
:102AF000B16CF27CD184949D74A574A5539D339DD3
:102B0000339D739D5395748D748D748DF37C7164B6
:102B1000EF43AD2B0F2C2F245024912C133DF33C6D
:102B2000F33CF33C544D344D144D13453455555539
:102B3000F34C144D344D5455134D5455755575552E
:102B40003455755575555455F34C34555455755584
:102B5000144D5555B65D7555144D14451445F44442
:102B60001245F13C1245324DD13CF13C324D1245FB
:102B700012453245334D1245D13C1245334532455D
:102B80001245334533451245D13C1245324D12456D
:102B9000F144324D334DF244D23C12453345D13CE1
:102BA0007144D35C5685B895B895978DB78DD895F7
:102BB000F89DF99DD89DB795B795B895B78D768551
:102BC0007785357531546E33AE33AE2B0B136C1BDA
:102BD000ED232E2C903C903C124D124DF14C124D99
:102BE000735D535532555355945D53553255946525
:102BF000946512553255525D325D735DF154B044A7
:102C00006E34AC1B0E2CB03C4E2C2E2CAF44315DE0
:102C1000CF4C8E4C8F4C4E440D3C6F44735D5355DE
:102C200033553355745D3355D144F24CD144F1449E
:102C300090446F442F448C33CD434F5C91744F6C60
:102C40008D5B893AE729C629A621C629E731E731F4
:102C5000A629C729E731E731C629C629E731073256
:102C6000E731C729A629C62908320832E731C72922
:102C7000C729E83108320832283A283A0832283A77
:102C8000283A283A283A493A6942694269428942CF
:102C90008A42AA4A6942283A07320832283A073259
:102CA000E731283A0732E73107320732E731073A8E
:102CB000E731E731E731C629A629C6290832C629F6
:102CC000A629E731C729C6290832283AE731E73172
:102CD0000732283A283AE731283A073AE731283AC2
:102CE00007320732E7310732E731E731C7290732C8
:102CF000E7310732283AE729283AE731E731C62990
:102D0000283AE731E731C629283AE731C72908329E
:102D100008320732073228326942483A0832E72936
:102D2000C729E729E731E731E731E7312832693A46
:102D3000483249324932EB3A6D43EE4BD15CF25C9A
:102D4000B14C0E340F340F2CEE2BB13CF34C134D21
:102D5000F34C134D75555455134DF34C3455134DD9
:102D6000B244713491347134EF23CE2B0F3C915C1B
:102D7000F2741385128D739D949DB5A574A5539D12
:102D800074A5539D53951285D17C9174916C305CE0
:102D90008E3B8D2B0F2C5024502C912CF33CF33C6C
:102DA000D234D23C344D544D344D144D55555555B7
:102DB000144D344D34553455134D544D755574558B
:102DC000144D545575555455134D34555555755D21
:102DD000144D144D144DF344D344F344F444F33CE4
:102DE0001245F13C1245324DD13CF13C324D124579
:102DF000F2441245334D1245D13CF23C3245124566
:102E0000F23C12453245F23CD13C1245324DF14480
:102E1000F144324D334DF244D23C12453345D13C5E
:102E2000703CB2545685D89DD89DB895D895F895E4
:102E3000F89DF99DD895D895B795B78DB78D97859D
:102E40007685157531548E33AE33AE2BEA126C1B7A
:102E5000CD232E2C903C6F34124DF14CD144F24CCA
:102E6000735D53553255735D945D53553255745DA2
:102E70009465325532553255525D93651155B044C3
:102E80006F34EC1B2E2C8F3C4E2C6F34F15472653A
:102E9000315DAF4C8F4C6E440D3C4E3C5255735DD2
:102EA000124DF24C545D3355903CB144F144F14C19
:102EB0009044ED339054F164B164127D2F648D5BC6
:102EC000A942072AA621E629E629E729E731A6290A
:102ED000A629A629C731E731C729A629C629E7317E
:102EE000283AC729A629C729E731C7298621A62953
:102EF000C729E831E831C731E731C729E73108325E
:102F000007320832283A283A483A69426942694207
:102F10006942694269428A428942493A6942494260
:102F2000483A694269424842483A483A283A283A77
:102F3000283AE731E731E731E731C731E731A629F0
:102F4000A629E731C731C631283A6942283A073203
:102F5000C6290732283AE731073A273A4842484219
:102F6000E63107320732E731E731E731C631A629CA
:102F7000C731E7310732E731073AE731E731A529B1
:102F80000732E631C631A629C731C631C63108320B
:102F9000083AE731E731E7310732E729C729E7295E
:102FA0000832283A493A493A283A283A2832083227
:102FB000E72908324932AA3AEB3A4C3BCE43EE3B82
:102FC0000E3C9044D14C2F34EE2BB144134D334D75
:102FD000F34CF34C54555455344D134D344D134D5F
:102FE000B24471349134702CCE23AD23EF3B705436
:102FF000D26C127D12857395749DB5A5749D549DF8
:10300000539D739D7395538DD174506C5064305C97
:10301000AE3BAE2B0F2C502C702C912CF33CF33C80
:10302000D23CD23C344D544D344D144D555555552C
:10303000344D345555555555344D54557555545595
:10304000134D545555555555344D545554555555A6
:10305000D344F34C144D1445F344F344F344F33C8C
:103060001245D13C1245324DF13CF144334D1245ED
:10307000F244124533451245F13C123D33451245A9
:10308000F23C123D3245F23CD13C1245324DF14406
:10309000D144124D124DD13CD13CF2443345B13CA8
:1030A000503CD35C7685F99DF99DF895F895F89597
:1030B000F89DD89DB895D895D895B78DB78DB78D13
:1030C000567DF46C31548E3BAE338D2BEA126C1B63
:1030D000CD232E2C6F346F34124DF14CD144F24C71
:1030E000535552553255735DB465735D3255735DFA
:1030F0007365325D32551255525DD46D11558F3C5A
:103100004E34EC232E34B03C6F346E34D04C5265C8
:10311000115DD0548F4C6F440D3C4E3C32553355AD
:10312000F24CD1441355124D903CB13CF144B044A3
:103130006F442E3CB15CB05CC92A6822EA42693A0D
:10314000062AA521C6290732E731E731C731A6296A
:103150008629A629A629C729C729A629A629E7318C
:103160000732E731A629C629E731E731C729C72940
:10317000C7310832283A283A283A283A293A4942A7
:10318000493A493A483A283A283A08320732E73168
:10319000C7290732283A483A49428A4ACB52CB4A91
:1031A000AA4AAA4ACA52CA4A894289426942283A64
:1031B000283A073A083A283A283A283A4842073A39
:1031C000C631E731E731E731073A4842483A073A32
:1031D000C631E631073AE739073A4842694A684258
:1031E000C631E631283A0732E731E631C631A62941
:1031F000C631E631E7310732E6310732283AC629CF
:10320000073AE631E731C631C631C631E731E73139
:10321000E731C631E7310732E731C629C72907321E
:103220002832493A6942494249426942493AE731BA
:10323000E73108322832483289324C43AD43EE43FD
:103240002F442F3CEE2BAD23EE2BD244F244134DF2
:10325000D244B244134D344D134DF34C344D144D00
:10326000B24491349134712CCE23AE23EF3B705491
:10327000D26CF37C128574957495949D749D539DC6
:103280003395739D7395738D127DB174506C505C42
:10329000AE3BAE2B0F2C502C502C912CD33CD33C5E
:1032A000B234D23C3445344D14451445554D555532
:1032B000144D344D55557555344D555575557555F9
:1032C000134D545554555455134D34555555755546
:1032D000134D344D5555344DF344F344F344F33C0E
:1032E000F144D13C3245534DF1441245534D334DD9
:1032F000F2441245534D3245F13C124533453245B7
:10330000F23C12453245F23CD13C1245324DF2447A
:10331000D144F2441245D13CD13CF2443345B13C56
:10332000713CD35C7685F99DF99DF89DF895F895EB
:10333000D89DD895B795D895F895D895B78D978598
:10334000567DF46C11548E3B8E338D2BEB126C1B1F
:10335000CD232E2C6F346F34124DF14CD144124DCD
:10336000535552555355945DD565945D5355745DD1
:103370007365535D125512559365F575F1544E3CC6
:103380002D2CCC1B2E34B0446F344E34B04C5265CF
:10339000F154D054AF4C8F4C2E3C8F445355325582
:1033A000124DF24C3355F24CB144D1445355124DA9
:1033B000F2544F447054CD4368224822CA424832E6
:1033C000E629C629E7290732C629A629A629A6295A
:1033D000A629C629A629A629E731C729C629E73182
:1033E000E7310732E731E731083A283A293A283AF3
:1033F0000832083A293A494269426A4269426942B6
:1034000069426942283A07320732283A493A493A2A
:1034100069426942493A0832E731483A69426942A9
:10342000483A694289428942694269424842283A97
:10343000073A073A073AE731E731283A483A273A54
:10344000E731073A283A073AE731073A273A273A65
:10345000073AE631073A273A284227422842894A62
:103460004842C631E631E631C631C629A529C6290A
:10347000A631E631073A073AC631483A894A073A4F
:10348000073AE631073AE631E631E6312742073AB4
:10349000C631A629C631283A283A493A283A28326C
:1034A0002832283A0832E731E831493A493A283A8D
:1034B000283208320832E729282A0B3BAD4B0F4C43
:1034C00050442F3CEE2B8D23CE2BB144D244B23C42
:1034D000B244B23CF34C134DF34CF344344D344DF1
:1034E000D244913CB23C9134EF23CE230F3C715433
:1034F000B26C137D13859495959DB59D74955395E8
:103500005395949D738D938D748D5485B274305CF6
:10351000AE3BAE2BEF2B302C502C912CD33CD33C1C
:10352000B234D23C1445344514451445554D344D00
:103530001445144D544D5555344D555575555455E8
:10354000344D545555555455F34C345554557555C3
:10355000144D55557555344DD33CB23CD33CF33CDA
:10356000F144D13C1245534DF2441245534D334D75
:103570001245124533451245F23C123D3345323D6A
:10358000123D12453245F23CD13CF244324DF244F8
:10359000D144124D124DD13CD23CF2443345B13CA2
:1035A0009144F35C7685D89DD89DB895D895D895EB
:1035B000B895D895B895D895F895D895D895968515
:1035C0005685F46C31548E3B8E338D2B0B136C1B54
:1035D000CD232E2C6F346F34124DF14CD144124D4B
:1035E000535552555255935DB465945D535D946542
:1035F0009465325D1255325DB46DF575D0544E3C14
:103600004E34CC232E34B0444F344E34F154D47560
:103610005265D0548F4CAF4C8F44D14C535D5355B1
:10362000124D124D124DD144B144B144124DD1440A
:103630004F44ED3BEE43AD432B3B2B43CA42273275
:10364000C629A521A629A6298629A629A62986292B
:10365000A729C731A6298629C731E731C729C72934
:10366000C629E7310732073207320832083A283ACA
:103670004942493A283A083AE731E731C731C62981
:10368000A629E731E7310732283A493A69426942C7
:10369000AA4A6942493A283AE731C631C631C631A9
:1036A000C631073A073A0732273A283A073A073A23
:1036B000283A2842283AE731A631C631E739E739B6
:1036C000E739073A2842273AC631C631073A284235
:1036D000484227422742684A894A47422742CA52FB
:1036E0000B5B273AA529C531C631E631C631E63133
:1036F000C631073A273A4742E639C9520B5B47427F
:10370000073AC631E639073AC639E7392742E73979
:10371000E631073A273A483A0732283A0732073261
:1037200007320832283A283A283A283A083AE73144
:10373000E731E731E729C729072A89324C43EE4BA5
:103740000F442F3C5044503CEE2B703CD244B23CD2
:10375000D23CD2443455344DF344F344344D134DEC
:10376000D244B13CD23C9134EF23AE23EF3B5154D1
:10377000B26CF27C137D9495B59DD59D749553954F
:10378000749D949D748D748D958D5485D374305C27
:10379000CF43AE330F2C3024502C712CD33CD33C70
:1037A000B234D23C3445344514451445554D554D3D
:1037B0001445344D344D5455144D345554555455C9
:1037C000144D555575555555134D3455545554553F
:1037D000134D344D344DF344B23CB23CF33C1345ED
:1037E000F244D13C1245334DF244F244534D32453C
:1037F0001245124533451245F13C123D5345323DC9
:10380000124533453245F23CD13C1245324D12450A
:10381000F144124D124DF144D23CF2443345B13CD7
:103820009144F35C7685B7959795978D978DB78D75
:10383000B795D89DD89DD895B895B895B78D9685EC
:103840007785157531548E3B8E338D2B0B136C1B86
:10385000ED2B0E2C6F346F34F14CF14CD14C124DDA
:10386000735D535532555255945D735D5355946550
:10387000746532551255535DD46DF575D0544E3C78
:103880006F3C2E2C2E348F3C4E344E34325DF57D01
:10389000736DD054AF4CAF4CB04C12553255124DE5
:1038A000F24CF24CF24CB144903CB13CD144D14486
:1038B0004F3C9054B15CAD430A33A9322732E73113
:1038C000A521A521A629A6298629A629A6298521DB
:1038D0008629C731A6298629A629C731C629862166
:1038E0008529C631E731C629C729E731E731E731F4
:1038F0000832083A083AE831C629A629A629A62995
:10390000A629C6310732073A083208320732E731B2
:10391000E731E7310732E731E7310732E731E731A5
:1039200007324842273AE731273A283A073A073A16
:103930002842283A073AE739A631A631A631E631BE
:10394000073AE739073A073AE639C631073A2742D4
:10395000684A684A27424742C952A952474AC9524F
:103960002B63884AE639E639E639273A2742274267
:103970002742274227424842273A0B5BAD6BA94AB0
:10398000063AE6394742884AE639063AC631C63130
:10399000E739284228420732A629A629C629073234
:1039A0002832483A49424942283A0732C729A629CB
:1039B000A629E731E7310832082A482A2B430E4C62
:1039C0000F440F3C5044503CCE2B4F34B23CB13CE2
:1039D0007134B23C144D344DF344F344334D13452C
:1039E000D23CB23CD23C91340F24CF23103C7154D2
:1039F000D26CF374F37C748DB595D59D94955495E4
:103A000054957495748D748D758D137DF37C9264CB
:103A10000F44CE330F2C30243024712CD33CD23CB5
:103A2000B234D23C3445344514451445554D544DBB
:103A30001445344D344D5555144D34555455545545
:103A4000144D555575555455134D345554555555BC
:103A5000134D134D144DF344B23CD23CF33CD33CD4
:103A6000F244D13C124D334DF144F244534D3245B2
:103A70001245124533451245F23C123D534532453D
:103A8000123D334533451245F1441245324DF2445F
:103A9000F144124D124DD13CD23CF24412459134C6
:103AA0009144F35C7685B8959795978D978DB78DF2
:103AB000B795D89DD895B795B795B895B78D968594
:103AC0007785357551548E3BAE33AE2B0B136C1B83
:103AD000EE2B0E2C6F346F34F144F14CF14C124D3F
:103AE000735D535532555255735D53555355946517
:103AF000746512551255535DD46DD575F1548F44CC
:103B0000B0446E344E3490446F346F3C325DF57582
:103B10005265B054B054B04CB04C1255F14CF14415
:103B2000B03C703C9044903C4F34B03CD144F14C9C
:103B3000EE33CD3B2F4C0A330B3B0B430732E731BF
:103B4000C629C629C629A62986298629662145218E
:103B500065218629A62986298621A629A6298629BE
:103B6000A629E631E731C629C63107320732E731E7
:103B7000A629C731083A283A083A083A283A283A92
:103B8000283A283A283A073A073207320832283AC0
:103B9000283A483A4942083A073A48424842283ABD
:103BA000484269424842073A283A2842283A073AA6
:103BB000E739E739E739E739C631C631A631C631C9
:103BC000073AE739E739073A073A063A27422742E0
:103BD000684A884A27424742A952EA5A8852A9525B
:103BE0000A5BC9524742274227422742684A884A0D
:103BF000684A684A684A8952684A4B630E7C2A635D
:103C000047422642E95AEA5A484A0742E6392742D9
:103C10002842273AE739C631E7310732283A283AAD
:103C2000693A493A083AC731A629A629C729C729B6
:103C3000C729E7310832E831E729282ACA32CE4BB2
:103C4000504C504C50440F348D235034D244913456
:103C5000302C302CB23CF344F344F344144D134560
:103C6000D23CB234D33CB2341024EF2B303C9254CB
:103C7000B26CF374F27C748D9595D69D9595749580
:103C800054955495748D74855485137DF374B26C7A
:103C90001044CF330F2C3024502C712CD234D23C12
:103CA0009234B23C1445144513451345554D344DDB
:103CB00013451445344D5555344D555555555555A9
:103CC000344D555555553455134D3455545555555A
:103CD000134D134D134DF344B23CB23CD23CB234BD
:103CE0001245D13C1245334DF2441245534D334DEC
:103CF0001245124533451245F23C123D5345323DC3
:103D0000F23C124533451245F2441245124DF1443E
:103D1000F1441245124DD13CD23CF244124590344C
:103D200091441465B78DF89DD895B795D895D895D9
:103D3000B895B895B78DB78DD895D895B795768540
:103D400056853575525C8E3BAE33AE2B0B138C1BF8
:103D5000EE23ED236F346F34D144F14CF14CF14C30
:103D60005355525532555255735D535D535D9465AD
:103D7000946532551255525DB46DD475F15C8F4C1B
:103D8000F04C6E342E34B044B044AF447365368684
:103D90007365AF4CD054F054B04CF14CD1445355F2
:103DA000124D6F34903CF24C124D5355B0440E2CD2
:103DB000AD2BEE3BAD3BCE4B4C438932072AE72976
:103DC000A629A629852185218629A629A629652136
:103DD00045218521A629862965216521A629C6298F
:103DE000E631C629A629C629E731C631C629E731F9
:103DF000283A283A283A283A073A083A283A083A14
:103E0000283A283A283A483A483A283A49428942D0
:103E10004942493A6942483A283A283A28424842AF
:103E200048424842484248424842894A894A4842B0
:103E300048426842484228422742684A274227426D
:103E4000073A073AE739E639063A27424842684ACC
:103E50008852CA5AC952A952A9520A63EA5AEA5A5E
:103E60006C6B2A63684A474A884A674AC95AE95AC2
:103E70008852A952EA5A4B632A63AD73708CAC73B3
:103E8000684A27424B63EA5AA952274289522B6358
:103E9000684A884A684A273A483A273A483A69427B
:103EA000483A483A073AC631A629C729E7310832C5
:103EB0000832E7310832E731E729482A89328D4351
:103EC00050540F44EE3B2F3CEE2B703CF244D24456
:103ED0005034302C7134B23CD244D344144D144D80
:103EE000D23CB234D33CB2341024CF2B103C7254A9
:103EF0009264B274D274748D9595B59D95955495D0
:103F00007495759554855485137D147DD374315CF7
:103F1000104CEF330F2C502C502C912CF23CD23CF7
:103F20009234B23C14451445F3441345554D344D79
:103F300013451445344D5555344D54555555555527
:103F4000344D555555555555134D345534553455F7
:103F5000F34C344D5555344DD23CB23CD23CD33C5D
:103F6000F23CF23C33453345F23CF23C33451245DA
:103F7000F23C124533453245F23C123D3345123D89
:103F8000D23C12453345F23CF13C12451245D13C3E
:103F9000D13C1245334DF244D23CF24413459134A6
:103FA0009144346DB78DF99DF895B795D895B78D37
:103FB000D895D895B78DB78DD895B795B78D5685C7
:103FC0005685567D925CAE3B8E338D230B136C1B56
:103FD0000E2CCD236F344F34D144F14CD14CF14CE5
:103FE0003255535532553255745D535D335D945D92
:103FF000945D324D7355D46D157ED47D316D6E4C0C
:10400000D04C4E342D34D04C1155F054536DF57DB9
:10401000936DAF4CCF548E448F44F14C735D535528
:10402000B03C2F34124D9465B144EE2B2E342F3416
:10403000703C904C504CCE43CA320822C721C7294D
:10404000A62965216521862165218521A62965216D
:1040500065216521A629A629A52985298529A629BD
:10406000C629C629C629C629C631E7310732073213
:10407000283A284248422842273A273A4842694289
:104080006942694A694A694268424842283A283A7C
:10409000283A283A083A073AE739074207420742DE
:1040A0002842684A894A48422842273A484A4842B0
:1040B00089520B5BEB5A894A684A684A2842074290
:1040C0000742074207422742E639E639474288520B
:1040D000A952EA5AC95AC95A6C6B6B6B0A636C7362
:1040E0002E84CD7BEA5A674AA8524B6BAD732B6383
:1040F000C952E95A8C6BCD734B63909412A5ED7B3A
:104100002A63684A2B632F8C2B6BEA62EA626B6B23
:104110008852C9528952A94A694A4842284269428A
:104120006842483A283A283A283A283A283A28321F
:104130000832E731E731E731E731E729482A2B3BFD
:10414000CE4BCE3B2F442F3CEE2B9144134D1355B9
:10415000D244913CF344F34CD244B244F344134D63
:10416000D3449234B234B234102CAE23CF3B31540A
:104170007264B26CF37C758D9595B5957595549573
:104180007495748D54853485147DF37C936C31540F
:10419000EF43AE2B0F2C2F2C502C712CD33CD23C48
:1041A0009234D33C14451445F3441445354D344DF5
:1041B00014451445344D5555344D344D55555555CC
:1041C000144D345555555555144D134D344D144D0E
:1041D000F34C3455344DF344B23C923CB23CB23CC7
:1041E000F23CF23C32453345F23CF23C1245F23CA3
:1041F000F23C124533453245F23C123D323D123D10
:10420000F23C12451245F23CD13C12451245F144B4
:10421000D13C1245334DF244F23CF2441345913CFB
:104220009144346DB78DF99DF895D895D895D8956A
:10423000D895D895D895D88DB78D978D978D56856B
:1042400076857685B364AE3B8E2B8D230A0B6B137C
:104250000E2CED236F346F34F24C124DD144F24CDE
:104260003355535532553255535D335D3255745D78
:104270007355324D114D325DB375F4853175CF5C98
:10428000F0544E342D34525DF475F0543265168678
:10429000936DD04CAE4CAF4C8F4C12555355903C57
:1042A000EE23903C5355B1449044703C124DD144A0
:1042B0002E34CD338C330B33692AE719A721C72954
:1042C000862145216521862165216521852165217C
:1042D000442164218529A629A52985298529A5297F
:1042E000C631C631E631E731073A273A273A073A6D
:1042F000273A28424842484248426842894AA94AE5
:10430000894A894A894A894A694A48424842283A38
:104310004842283A073A2742284227420742484A59
:10432000894AA952894A0742073A2742684A2742DE
:10433000073A894AEA5AA952484A48422842E63985
:10434000E639E639073A4742484247428852A9527D
:10435000CA5A0A63EA620A634B6B4B6B6B6B6B73F3
:104360000D842E84EE836B6B6B6BED7B0E842E8441
:10437000ED7BAC734F8C6F8C2E8412A552A56F8C85
:104380004B6B0A5B2F8CD19CCD7B6C734B6B6C732E
:104390008852C952E95A0A5BA952684248424842C7
:1043A000273A4842273A073AE739C631C629C6298B
:1043B000C629C729C731A629A629E72948320B43B0
:1043C0006C3B4C338D338D2BAD2B703C134D135503
:1043D000B244913CF34CF34CF344B244F344144DD7
:1043E000B33C9234B234B1340F2CCE2BF043515C39
:1043F0007264B26CF374758D9695969D759554950F
:104400007495748D548D3485147D147DB36C515C1A
:104410001044CE330F2C2F2C502C712CD33CD33C7A
:104420009234D33C14451445F3441445344D344D73
:10443000144D144D344D344D144D344D5555555582
:10444000144D344D3455344DF344F34C344D144D28
:10445000144D344D344DF344D344D344F344144DFC
:10446000D13CF23C32453345F23CF23C1245F23C41
:10447000F23C124533453245123D123D3345123D63
:10448000F23C13453345F23CF13C1245324DF144C8
:10449000B13C1245334DF244F23CF24413459134A1
:1044A000914C356DB78DF89DD895D895D895F895E0
:1044B000F89DF89DF895D895B78D978D978D568571
:1044C00056857685D364AF3B8E2BAD2B0B136B13C8
:1044D0000E2C0E244F346F34F24C124DB144124D59
:1044E00053555355324D3255535D335D1255735DFF
:1044F000B45D73553255325D736D937DF06C106D04
:1045000072652D340D2C525D1576D0543265568E61
:10451000B46DD04CCF4CAE4C8F44D14C903C903CC1
:10452000F1443355F24C703C703C2F344F34ED2B3A
:10453000CD23AD2B0F448D43892AA6198619A621B8
:1045400086214419452186298521652165218521FA
:104550002421442165218529852965296529852905
:1045600085218529A529C6310732273A073A073A16
:10457000073A273A4842694A894AA94ACA52CA525E
:10458000CA52AA52AA52894A894A68424842273ADC
:104590004842484227422742684A48422742274227
:1045A000684AA952CA5AA952684A4742A952A9520E
:1045B00047422742894AEA5AEA5AA952684A474278
:1045C00006420642274247422742274288520A6350
:1045D0002B634B6B6C6B6C6BEE7BED834B6B4A6BA5
:1045E000ED7B2E846F8C0D842E84B0944F8C6F8C59
:1045F0009094CD736F8C4F8C12A594B553AD6F8C86
:10460000ED7BCD7BB19CF2A40E842E840E842E848F
:104610008C738C736C6B8C6B0A5B894A4842273AAB
:10462000273A483A073AC631E731A629852185213C
:104630008521A629C6298629A629E729282AA9325B
:104640000B3B0B330B2B2B236C230F347144703C2F
:10465000503C503CD244F344F34CD244F344F34C2A
:10466000D33C9234B234912C0F2CCF2B304C92642B
:10467000926CB26CF374758D9595969D7595549565
:104680007495748D548D34853485147DD36C515C50
:104690001044CF330F2C2F2C5024712CD33CD33CFF
:1046A0009234D33C14451445F344F344344D344D13
:1046B000144D144D344D344DF44C144D5455555542
:1046C000F34C144D144D144DF34C134D5455344DBF
:1046D000D344144D144DD344D344F344144D344DBA
:1046E000D13CF13C32453345F23CF23C3345124576
:1046F000F23C124533453245123D32455345323D79
:10470000F23C124533451245F13C12451245F14445
:10471000D13C1245334DF244F23CF2441245903400
:10472000914C356D978DD89DD895B78DD895D895E6
:10473000F89DF99DF895F895D895D895B78D76851B
:104740005685567DD364CF3BAE2BAD2B0B136C1B24
:104750002E2C0E244F346F34D144124DB144124DDF
:1047600053555355324D3255735D335D1255735D5C
:104770007355324D325552655275527D317D148ECE
:10478000F47DED2B4E343255D36DF0543265167EE8
:104790009365AF4CAF548E4C2E3C6F4490443255D1
:1047A000124D903C0E2C503C4F3CCD2BCD230E2C6B
:1047B0000E342F3C70548D43282285116519A62193
:1047C0006521441945218629852165216521852199
:1047D00044212421442165296529642964298529E6
:1047E000852985298529A529A529C631E631E631FE
:1047F000E631073A4842894AA94AA94AAA52CA5206
:10480000AA52AA52AA52894A894A4842273A273AC2
:10481000273A4842484248428952684A484A4742F1
:104820004742684AA952A952A952A8520A5B2A6370
:10483000C952A8528952C952EA5A2A632B632B6380
:10484000C95A8852474A474A684A684A8852C95AE8
:104850000A634B6BAD7B4F8C6F8C4E8C4F8CED7B1A
:10486000CC7B2E84D09C6F94B09C53ADF2A4D19C91
:1048700012A5D19432A573ADB4B516C652A58F8CCE
:1048800012A590949094F19C0E842E84CD7BAC73F1
:104890004B6BAC7BCD73CD7B2B63884A684A884ACF
:1048A00068424842073AC631E631C631A529A529F2
:1048B000A629C629A6298521A629E729072A272A64
:1048C000EB3A6D438D3B6C334C238D230F34EF3328
:1048D000EF2BEF2B913CB244D244F344F34CF3441E
:1048E000B23CB234D234912C0F24CE2B1044925CC3
:1048F000B26CD374F37C758D9595959D7595549593
:10490000548D548D548514851485147DB36C515C7D
:104910001044CE330F2C502C502C912CD234B23466
:104920009234B23C14451445F344F344344D344DB1
:10493000F444144D344D344DF44C144D3455545509
:10494000F34C144D344D3455144D144D5455344DD1
:10495000D344144D344DF344B33CF344354D7555B5
:10496000D13CD13C12453345F23C124533453345E9
:104970001245124533451245F23C32455345324506
:10498000D13CF23C1245F23CF13C12451245D13C7F
:10499000D13C1245324DD13CD13CF24412457034E9
:1049A0009144556DB78DD895D895B78DB78DD8955D
:1049B000D89DF89DF895F895F895F895D895978D28
:1049C0005685567DD364EF43AE338D23EA0A6C13CC
:1049D0002E2CED236F346F3CD144F24CB144F24C99
:1049E00033555255324D5255735D335D1255735DDB
:1049F000735D114D11553165937D159676AEF8B600
:104A0000936DEC2B6F3C3255925DAF44D054736D77
:104A100072658E444D448E4C0D3C6F3C945D335515
:104A20004F34EE2B4F3C9144703C0E2CB044D1449B
:104A30006F3C2F3CEE43A92A8511A62186218621B1
:104A400065214421442165216521652144214421BA
:104A500044214421442165298529852985298529E1
:104A6000C631C631C631A5298529A529A631C63149
:104A7000C631073A483A6842694269428942894ADE
:104A8000894A894A894A894A684A4842484247428B
:104A9000484247426842684A89524742674A884AC0
:104AA000884A88528852684A8852A852EA5AC95A93
:104AB000C95AE95AC95AC952EA5A2B636C6BAC738A
:104AC0006C6B2A63E95AA95AC95AA85A8852C95A1A
:104AD0002B6B6B6B0D844F8C90946F942E846F8C2A
:104AE0008F948F948F940D842E8432ADB4BDB4B561
:104AF00053AD52AD94B5F5BD36C615BED5BD73AD3B
:104B000073ADD19CF1A4F19C0E842E8CCD7BCD7B1A
:104B1000AC730E84ED7BCD736B6BC95AA952EA5A04
:104B2000C952884A4742073AC631C631E731E731B0
:104B3000E731E73186298529A629C729E729E72111
:104B4000AA3A6D4BAE4B8D3B6D2BCE332F3CEF33E2
:104B5000EF2BCE2B513C713C913CD244134DD244AF
:104B6000B23CB234D234B2340F24AE23F043515CA1
:104B7000B36CD374137D758D7595959D759554950E
:104B8000548D548D33851385F47CF47CB36C515C67
:104B9000304CCF330F2C502C702C912CD234B2349B
:104BA0009134B23C14451445F3441345344D344D0F
:104BB000F344144D35553555144D144D344D344D85
:104BC000F34C344D55555555144D144D344D134D2E
:104BD000F444144D344DF344B23CD344344D555554
:104BE000D13CD13C123D1245F23CF23C33453345B9
:104BF000F23C12453345123DF23C324553453245B5
:104C0000D13C123D1245F23CF13C12451245F144B3
:104C1000D13C12451245D13CD13CF244124570348E
:104C20009144556DB78DB895D895D895D895D895A8
:104C3000D895D89DF895F895F895D895B895768536
:104C400056853575D364F043AE338D23EA0A6C1371
:104C5000EE23CD236F346F3CD144F24CD144F14C60
:104C60003255324D124D5255735D33551255735DA9
:104C7000945D114D11551165D48577A697B6159E93
:104C8000AF540D344E3C3155725D6E3CD04C736563
:104C9000525D4E444D448F4C0D3C4F3C5355F24CAD
:104CA000703C703CF24CD14C4F3C903CF14CB044C9
:104CB0002F3CEE3B8D3B281A6511E729A62965217B
:104CC00045214421442144214521442124212421FA
:104CD000442144214421642985298529A531A6310F
:104CE000C631C631C631A631A529A529C631E6315E
:104CF000E739073A483A48424842484269428942BD
:104D00006842894A894A894A894A884A884A884A37
:104D100068426842684A684A674A474A8852C952A4
:104D2000C95AC95AC95AE95A0A63E95A0A63E95A77
:104D3000EA62E962C95AE95A2B6B4B6B4B6B8C7375
:104D40004B6B6B738C736B734B6B2A6BE9622A6BC7
:104D5000CD7B8C73AC7B4E8C4E8C4E8CF1A4F1A42D
:104D6000B09CAF94AF944E8C4E8C32A515C616C62F
:104D700056CEF5BDB4B516C657CEF5BD16C6D5BDD3
:104D800053ADD19C94B532A5F19C12A5909490940A
:104D90006F94D09C0E84CD7BAC736B6B4B6B8C6B28
:104DA0004B63A952684A2742C631C631073AE731F8
:104DB000E731C731C631E731E731C729E729E729AC
:104DC0002832EB3A4C434C338D332F3C7044503CEB
:104DD000303C0F34503450345034923CD34CB244B5
:104DE000B23CB234F234B2340F24AE23F043725CDE
:104DF000B264D36CF3745585758D969D75957595D4
:104E0000548D338D1385F37CF37CF47CB36C515C4F
:104E1000304CEF332F2C502C7024912CD234D234C0
:104E20009234B23C14453445F344F344344D344D8C
:104E3000F344F44435555555144D144D344D144D2B
:104E4000134D344D55555455144D134D344D144D8B
:104E5000F344F444344D1445B23CB23CD33C923C50
:104E6000F23CD13C123D123DD13CF23C334512455F
:104E7000F23C12453345123DF23C33455345324531
:104E8000F23C12451245F23CF13C12451245F14408
:104E9000D13C1245324DD13CD13CF23C12459134CB
:104EA00091447575B78DB795D895D895D895D895FF
:104EB000D895D895D895D88DD88DB78D978D56859E
:104EC000567D3575D3641044AE33AD2BEA0A6C1BA6
:104ED000CD23ED234F346F34B144F24CB144F24C46
:104EE0003255324D324D5255935D32551255735DE8
:104EF0005355114DD054F15CF174F17CD07C4E646B
:104F00000D4C0D3C4E3C3155314D6E34D04C7365DB
:104F100011554E3C6E4C8F4C0D3C2E3C9044F24C47
:104F2000B0449044904490444F3CF24CD144B0443F
:104F30000E34AD3BAD43071A8511A621A629852164
:104F40004421442144214421442144212421442159
:104F500044214429442944296429852985318531FE
:104F60008529A531C631C631A631C631C631E739EA
:104F7000073A273A2842484248426842894AA94AA1
:104F8000894A894A894A894A894A884A884A884A8C
:104F90004742674A884A684A674AC95A0A630963A6
:104FA0000A63C85AC85A2A6B8B736B738C738C73E1
:104FB0006B736B732A63E95A2A638C73AC7B8B73B4
:104FC0006B6B6B73AC7BAC7BED83ED834B734A6B8C
:104FD000AC7BAC7B2E8C6F948F946E944E948F9C94
:104FE000D0A4F0A432AD11A5AF9CD09C73B5D5BDB3
:104FF00056CE56CEF5BDB8DE36CE36C6F5BDB4B506
:1050000053ADF1A4B4BD93B5B4BD93B5D19C4E8C52
:105010002E8CD09C4E8C0D84CC7BAC73ED7B2E847F
:10502000CD732B63A952684A47422742073AC631DB
:10503000C631E631E731083A0732C629C629C62902
:10504000C72169322C436D3B6C33EE3B7044B14455
:10505000503C3034503430345134713C9244B2447A
:10506000D23CB234D234B12C0F24AE23104492641B
:10507000B264B36CD3745485758DB695759554959B
:10508000548D338D1385F37CF47C147DB36C3154D3
:10509000EF43CE330F2C502C50247124D234D23411
:1050A0009234D23C14453445F344F344144D144D2A
:1050B000F344F44434555555144D144D344D344D8A
:1050C000F34C144D344D344DF344134D544D344D85
:1050D000F344F344344D344DF344F344D33C92341D
:1050E000F23CF13C123D123DD13CF23C33451245BD
:1050F0001245124533451245123D3345734533453C
:10510000F23CF23C1245F23CF13C12451245D13CD6
:10511000D13C1245334DF144D13CD23C1245913C37
:1051200091449675B78D9795B795B78DB78DB78D17
:10513000B795B895B78DB78DB78DB78DB78D5685A7
:10514000567D3575F46C1044AE33AD2B0B136C1BD0
:10515000ED230E2C4F346F34B044124DB144124D38
:1051600053555255324D5355935D52551255735DFB
:10517000735D3255D054B05CAC4BE93A09434A4BAD
:10518000CC43CC2B4E3C314DCF446E348F3CD04C75
:10519000B0446E3C6E4CAF54CD332E3CD14CF24CEF
:1051A000903CB144F24CB14412553355B044B04434
:1051B0002F3C8D336D43C619A621A629862965216A
:1051C00044194419242144214421442144216521C6
:1051D00044296529652944294429652965296429C3
:1051E000A531C631E639E639C639C631E631E63190
:1051F000073A273A273A484248426842894AA94A28
:10520000A94AA94A894A884A684A68426842674A5C
:10521000684A4742474A88526752C85AC95AC85AC8
:10522000E962E9620A6B2A6B2A6B2A6B6B736B73F8
:105230006B738B7BAC7B8B7B4A6B4A73AC7BCC8375
:10524000CC7BAC7B8B7B4A738B7BCD83AC7BCC8361
:10525000ED83EC832E8CAF9CF0A4F0A4D0A4D0A45A
:10526000F0A4F0A4B3BD15C6F5C5B4BD93BD15C675
:1052700077D656CE57CE77D677CEF5C516C6B4B507
:10528000D09C12A5B4BDD4BD93B5F1A411A5D19CF9
:10529000D09C12A58F942E84CC7BCC7B2E8C6F8CD3
:1052A0004F84ED7B4C6BEA5AA9524842073AE631EB
:1052B000E731E731C731E731C6298521A6298521A4
:1052C000C729282AEB3A2C3B6C33CE3B0F3C2F3CB2
:1052D0000F342F3430343034913C513C303CB244A4
:1052E0009134712CB12CB22C2F2CCE2B1044925C0B
:1052F000B364D36CD3743485758DB6957595549518
:10530000548D348D3385148534853485B36C305495
:10531000AE3B8E2B0F2C502C50247024D234D23420
:105320009234D23C14453445F344F34414451445B7
:10533000F344144D34553555144D144D3455344DF6
:10534000F34C144D144D144DF344F344344D134DAC
:10535000F344F344344D344DF3441445344D144573
:10536000F23CF13C123D3245F23CF23C1345124511
:10537000F244124533451245F23C3345534512453C
:10538000F23C123D1245F23CF2443245324DD13CE2
:10539000D13CF1441245D13CB13CD13C1245913C49
:1053A000B24C9675978DB895B895B795B78DD89539
:1053B000B895B795B795D895F895B78D978D357DF4
:1053C000357D1575F4641044AE33CE2B0B138C1B56
:1053D000ED230E2C4F346F3CD144124D903CF14CD8
:1053E0003355324D124D5355935D52553255735DC1
:1053F000935D1155F1546F542A3B46226732093BA5
:10540000AC3BCC2B4E34AF3C8E346E348F3C8F444F
:105410008F3C8F448F4C4E44AC2BED33125533559B
:1054200090449044F24CF24C124D903C2E34EE33AA
:105430000E3CEE434C4365116519C629652165296B
:1054400024192419242144212421242144214421E4
:1054500064296529442944294429652985318531F0
:10546000A531A5318531A631C639E739073AE73983
:10547000073A073A073A4842694A684A6842894AFD
:105480006842684248426842684A684A684A684ACC
:10549000884A685267528852A85AC962E962096B01
:1054A0002A6B2A6B6B736B738C7B8B7BCC83EC834B
:1054B000AC7B6B736B73AC7BAC7B4A736B73ED83B0
:1054C0004E946F942E94CC836B7B4A734A734A73C9
:1054D0006B7B8B7B8B7BEC8B4E946E9C8F9CF0ACB0
:1054E000F0A4F0A411AD93BD15CE35CEF5C5F4C52D
:1054F00036CE56CE56CE57CE56CED5BD73B573B535
:1055000073B511A5F1A4B4BD32A5F1A4F1A411A500
:10551000AF94AF948F946F8C2E8CAC7B8B73CC7BC1
:105520004F8C708C2F848C6BEA5A884A0742C631A4
:10553000C631A5298529A529C62985296521A62938
:105540008621E72189322C3B8D33CE3B0F3C2F3C0B
:105550000F340F2C50342F2C3034513C513CB2447A
:10556000923C712CB22CD2342F2CAE2310447254A6
:105570009264D36CF3745485758D96957595549596
:10558000548D548D3485148534853585D374F04B12
:105590008E33AE2B30342F2C50247024D234D2349E
:1055A0009134B23C14453445F344F344F444144D6F
:1055B000F344F444344D344DF444144D344D344DDF
:1055C0001345344D344D144DD344F344344D1345F9
:1055D000F3441445344D144D1345344D554D755514
:1055E000F23CF13C123D1245F23CF23C334513458E
:1055F0001245334533451245F23C3345534D124570
:10560000123D124512451245F2443245324DF144E5
:10561000D13CF1441245D13CB13CD13C1245913CC6
:1056200091447575978DB795B795B795B78DD89502
:10563000B895B895B795B78DD895B78D978D3585B1
:10564000567D567DF46C304CAE33AD2BEA0A6C1BA4
:10565000CD230E2C4F346F3CD144124D9044F24C6C
:105660005355324D124D534D935D52553255735D26
:10567000535D1255115D905C2A3B0622462A093B78
:10568000AC33AC2B2E34CF3CAF348E348F3C6F3CDC
:105690006F3CD044AF4C2D3CCC2B2E345355324D67
:1056A000703C703C3355535DB1444F346F3C2F3CDC
:1056B0004F4CCE43CA322411A621A62965212421AC
:1056C0002419031923192319031923192421232128
:1056D00044294429642964296529A531A631A631C4
:1056E000852985298531A631C639E739073A073A30
:1056F000073A073A073A073A073A063A073A27427B
:10570000273A27422742474227422742474A884AA8
:1057100068528852885AA85AC962C962E96A2A73CB
:105720002A736B7B6B7B4B7B4A73AC83AC838B7B29
:10573000AC83AC83AC838B7B6B7B6B7B6B7B8B7B1E
:105740000D8C4E946F9C6F9C4E94ED8BAC838B8331
:105750008B83AB838B838B83AB83EC8B4E9CAFA40F
:10576000D0A4AFA4D0A472B5F4CD15CEF5C515C69E
:1057700056CE97D615CED4BD15CE56CE94BD11A516
:1057800073B511A56F9412ADD4BD93B552ADF19C14
:10579000D09C8F946F8C4E8C6B73AC73CC7BAC7B3A
:1057A000ED7B0E84EE7B6C6B0A5BA9522842E739D5
:1057B000A631A5298529A529A629A6298629C6298C
:1057C000C729C721482AEA328C3B0F44704C9144C8
:1057D000503C5034713C913C50341034303C714456
:1057E000B23C9134B134912C0F24CE2B104451543F
:1057F000725CB264D36C347D558D969575955495D5
:10580000548D748D3485148514853485B374EF4BB1
:105810002C2B8D2B2F2C502C5024912CD234D23465
:105820009234B23C13451445F344F3441445144DEB
:10583000F344F444344D344DF444144D344D344D5C
:10584000F344344D344D344DF344F344344D134557
:10585000F3441445344D144DF344F344F344F344FA
:10586000F23CF13C123D1245F23C1245334D3345BA
:105870001245334D534D1245F23C3345534D1245BD
:10588000F23C124533451245F13C3245324DF1446C
:10589000D13CF2441245D13CB13CD13C124591344B
:1058A0007144556D7685978D978DB78DB78DB7956A
:1058B000D89DD895D895B78DD78D978D778D357D17
:1058C000367D357DD364304CAE33AD2B0A0B6C1B6B
:1058D000CD230E2C4F346F34D144124D903CF14CFB
:1058E0005355324D1145524D935D53553255735DAD
:1058F000735D3255125D4F4CE92AE5112622E932DB
:105900006B2B6B1B0D2C8F348E346E346F3C4E34EE
:105910006E34AF446E3C0C34ED336F3C5355124D36
:10592000703CF24C745DF24C4F342F34703C4F4459
:105930002F4C2B3307222411C629652164214421D1
:1059400023190319031923190321032124212321D6
:10595000242144214429442944296529852985296C
:105960008531A631E639E639C631A531A531A531F3
:10597000C631C639E639C639C639C539A531C53942
:10598000E639063A2742474227420642274A674AF3
:105990006752A85AE96A2A734B732A730A732A73E7
:1059A0006B7BAC83AC83CC8BAC83CC83AB838B83A2
:1059B000CC8B0D942D940D944E944E9C0D94AC83F1
:1059C000AC83CC8BEC8B2D944E944E942E944E9CA9
:1059D0004E9C0D940D944E9C4E9C2D942D946E9C3B
:1059E000D0AC10AD51B593BDB3C5B3C5D4C515CEBC
:1059F00015CE35CEF5C5B4BD94BD36CEF5C511A5D1
:105A000011AD32ADF1A46F948F9473B552AD52AD18
:105A1000D09C4E8C11A56F94AC7BAC7BCC7BED8382
:105A20006C738C738C6B6B6B0A5BA9522842E639E2
:105A3000C631A5298521A52185298629A629C63112
:105A4000C629E729282289222B2B0F44B14CB14CBF
:105A5000503C30343034B244913C503C9244713C20
:105A600050349134B12C702CEF23CF2B104451546F
:105A7000525C9264B36C147D558D969575955495D2
:105A80007595758D548D348514851485936CCF4B25
:105A90000C2B6D232F34502C702C912CD234B2341B
:105AA0009234B23CF3441345F344F3441445344D6B
:105AB000F344144D344D344D144D144D344D344D88
:105AC000F344144D344D344DF344F344344D1345F5
:105AD000F344144D554D144DD344D33CD33CB23C08
:105AE000F23CF13C123D1245F23C1245334D334538
:105AF0001245534D544D1245F23C3345734D1245FA
:105B0000F23C12453345F23CD13C1245324DF14452
:105B1000D1441245334DD13CB13CD13C1245703497
:105B20007144556D7685778D978D978DB78DB79527
:105B3000F89DD89DD895D895D78D978D778D357D43
:105B4000357DF574D364304CAE33AE2BEA0A6C1B52
:105B5000ED232E2C4F346F34B144124D903CD14480
:105B60003255124DF144324D735553553255735DD4
:105B7000735D3255904C8C3327128401C511671A1E
:105B80004A234A13AC1B0D242D244D2C4E344F3484
:105B90006F346E342D34EC2B2E34B044124D124D34
:105BA000B144124DF24C4F3C4F34904490444F441A
:105BB0008D3B8922A6192411C62924214421442180
:105BC00023192319231923212421242144212421A9
:105BD000442964294429442944296529852985299A
:105BE000C639C631A6318531852985298531A5314A
:105BF000A531A531A531A531C639E639C639E63911
:105C0000E6390642264A674A674A474A4652675279
:105C1000A85AE9622A738B83CD8BCC8B8C838B83C0
:105C20008B838B83ED8B0D942E9CED93ED930D94D4
:105C3000ED930D940D946F9CD0ACD0AC8FA44E9C82
:105C40002D942D942D944E9C6F9C8FA4AFA4D0AC1A
:105C50008FA44E9C2D940D940D944E9CAFACCFAC64
:105C6000D0AC11B552BDB3C5D4C5B3C5D4C5F5CDFF
:105C7000D4C5B4BDD4C5B3BD52B5B4BDD5C553B5F7
:105C8000D0A411AD11ADB09C0D844E8CB09472AD0A
:105C900011A5B09C8F948F944E8CAC7B6B736B73FF
:105CA0006B734B6B6C6B8C736C6B0A5BA9524842C9
:105CB000073AC6298529A521852185218629A6316E
:105CC000A629E729482A6822C9228C332F44704428
:105CD000503C0F34CE2B5034713C913CD34C924409
:105CE0003034302C702C702C0F24CF2BEF3B314CE8
:105CF000525C9364D36C347D558D96957595548D17
:105D00007595758D348514851485147D726CAE433C
:105D10000C238D2B2F34502C502C912CB2349234D8
:105D20009234B23CF344F344D33CF3441445344D31
:105D3000F344144D344D344D144D144D344D344D05
:105D4000D344144D344D344DF344F344344D144D89
:105D5000F344144D554D144DF344F344F344D344EC
:105D6000F23CF23C12453245F23C1245334D33458C
:105D70001245534D744D1345F23C3345534D124576
:105D8000F23C12453345F23CD13C12451245F144F8
:105D9000D13C1245334DF244D13CF23C12457034B3
:105DA000714475757685778D768D978DB78DD8957D
:105DB000D89DD89DD895D895D88DB78D978D357DA0
:105DC000357DD46CB364104C8E33CE2BCA0A6B1B5A
:105DD000ED230E2C2E2C4F34B13CF24C903CD14490
:105DE000324D124DF144324D73553255124D735DA3
:105DF0007355124D4F3C2B23C5012201A401881A73
:105E00008B236B136B13AC1B0D242D242E2C903C79
:105E10008F342D2C2D340C2C4E34D144F144124DA2
:105E2000B144703C903C903CB144D144B14C704C76
:105E30004C334822C61903116529442144212319F2
:105E400023192319231923212321442144294421DF
:105E5000442964296429652985298531A531A6311C
:105E6000A6318529642964298529A53185318531A3
:105E70008529A531C639C639E64106420642064A99
:105E80000642064A464A8752885A875AA85AC86222
:105E9000E96A09734A736B7BCC8B0D940D940D9456
:105EA0002D942D944E9C2D944E9C6E9C8FA48FA46B
:105EB0008FA44E9C0D944E9C8FA48FA48FA4D0AC25
:105EC000D0ACAFA48FA4AFA4AFA4CFACAFACD0ACD8
:105ED000D0ACD0ACD0ACAFAC6EA48EA4AFACAFACF9
:105EE000D0AC11B552BD93C5B3C5B3C5B4C515CEBD
:105EF000B4C5B4C5B3C552B552B532B573BD73BDE3
:105F0000F1A48F94F0A46F94D09C4E8C2E8CD09CD6
:105F1000B09C4E8C4F8CED834F94AC7B6B738C7329
:105F20000A63EA620A634B6B4B630A5BCA52894A93
:105F30002842E631C629A521852185218529852983
:105F40008629C629282A692ACA2A4B2BCE3B0F4408
:105F50000F3CEF33EF2B2F34303430349244F34C7A
:105F6000913C0F242F24502CEF238E23AF3BF04382
:105F7000515C9364D36C347D758D96957595758D54
:105F8000758D548D34851485147DF37C51644D3B9F
:105F9000EB226D2B2F34502C702C712C92349234B8
:105FA0007134B23CF344F344D344D3441445144D08
:105FB000F3441445344D344D1445144D344D344D93
:105FC000F344144D344D344DF344F344344D144DE7
:105FD000F344F344144DF444D344144D144D144D80
:105FE000F23CF23C12453345F23C1245334D334509
:105FF0001245534D544D1345F23C3345534D124514
:10600000F23C12453345F23CD13C1245324DF1444D
:10601000B13C1245334DF244D13CF2441345903427
:1060200091449675978D768D7685978DB78DB795BA
:10603000B895B895D895B78DD88DB78D778D157DD6
:10604000F4749364725C10448E33CE33CA0A6C1BB2
:10605000CD230E2C2E2C4F34B13CF24C903CD1442D
:106060005355324D1245324D73555355124D73559C
:10607000945D124D4F3C2B1BC5012301060A4B2B8F
:10608000ED2BAC1B8B13CC1B2D242D24ED2B903C26
:106090008F342D246E34EC2B0D2CD144F144124D51
:1060A000903C903CD144D144F24CD14C904C704C3B
:1060B0006C3BE71965190311442144212319431945
:1060C00023192319231923212321242144212421A5
:1060D00044294429442944296429652965296529D5
:1060E00064296429852985298531852965296429BB
:1060F0008531C639074206420642E541E641064A75
:1061000026524652675AA862A862C862E96A4A7370
:106110008B83CC8BEC8BEC8B0D944E9C8FA4B0AC12
:10612000F0ACF0ACD0ACAFA48FA4D0ACF0AC11B557
:1061300011B5F0ACAFA48FA48FA48FA4AFA4F0AC22
:1061400051B531B511B510AD11B531B531B552BD3F
:1061500011B5F0B4F0B4F0B4CFAC8EA48EA4AFAC53
:10616000D0AC11B531BD52BD52BD52BD93C5F4CDB9
:1061700093C5D4C5F4CD52B532B511B532B511AD14
:10618000D0A4D0A46E944E8C8F944E8CD09C2D8431
:106190000D8490946F8C6F94CD7B8C736C734B7368
:1061A0000A63EA62EA5A0A5B0A5B0A5BCA5AA952A4
:1061B00048420732C629A521A521852165294529FF
:1061C00065298629E7292822A92A6C3BEE43CE3B84
:1061D000AE33CE33503C913C50340F2C3034D2444B
:1061E000913C0F2C3024702C0F246D238F33F04BF7
:1061F000525CB364F374357D758D96957595759580
:10620000548D548D348534851485F37C31644D3B35
:106210000C2B6D2B2F3470349134913471347134D4
:106220007134B23CF3441345D344D3441445144D64
:10623000F344F344344D344DF3441445344D344D5C
:106240001345344D344D344DF344F344144D134D44
:10625000D344F344F444D344D344144D144D144D67
:10626000F23CF23C12453245F23C1245334D334D7F
:106270001245334D534D1245F23C3345534D1245B3
:10628000F23C12453345F23CD13C1245324DD13CF3
:10629000B03CF244334DF244D13CF24413459034C7
:1062A000B24C9675978D778D768D978DB78DB78D0E
:1062B000B895B895D895B78DD78D978D7685F57C9F
:1062C000B36C93643154104C8E33AD2B0A136C1B9A
:1062D000CD230E2C2E2C6F34D144F244903CF2444A
:1062E0005355324D1245324D73555355124D53553A
:1062F000945D124D2F344B232702A50147128C3396
:106300000D2CAC1BED1B2E242E24ED23ED236F341E
:106310006F2C2D246E34EC23CC238F3C324D334D27
:10632000B144F24C124DD144D144B14470442F4495
:10633000EB32851124112419442124210319431916
:10634000231903190319231923212321242124218B
:1063500044294429442944294429442944294429D5
:10636000642964296529652964296529A531C63907
:10637000E639E641E641C641C541C541264A675A6C
:10638000A862A862E96A29734A7B4A7B8B83CC8B1B
:106390000D946E9CAFA4AFA4CFACD0AC10B531B50A
:1063A00052BD52BD32B552BD31B552BD52BD93C57D
:1063B00052BD72BD52BD52BD52BD32B531B531B5BF
:1063C00072BD92BD93BD93BD93C593C572BD72BDA1
:1063D000B3C5D3CD92C531BD31BD10B5CFAC8EA400
:1063E000F0B4F0B4F0B411B552BD93C5B3C5B4C5A3
:1063F00093C5D4CDF5CD93BDF1AC11B552BDD0ACA4
:10640000B0A4AF9C8F9C6F94ED832E8C6F942E8CD8
:106410008C73CC7B4F8C0E84EE83AD7B6B730A6BDD
:10642000EA62EA62CA5AC952CA52CA52A952694AAF
:1064300028420732A5218521852185214529452925
:1064400045298529A629C62148224C33EE43CE3B57
:10645000AE33CE337144B244913C50345034913C0D
:106460005134502C502C502C0F2C8E23AF333154E0
:10647000725CB36CD36C347D758D96957595558D26
:10648000548D748D548534851485F47C72648E43E8
:106490004D338E3330347034B23C913471345134D6
:1064A0007134B23CF344F344D344D344144514450B
:1064B000F344F344144D144DF3441345344D344D1B
:1064C000F3441345344D144DF344F344144D134D2C
:1064D000D344D344F444D344D344F34C144D144D27
:1064E000F23CF23C12451245F23C1245334D334D1D
:1064F00012453345334D1245F23C3345534D124559
:10650000F23C12453345F23CD13C12451245D13C98
:10651000B03C1245334DF144D13CF23C124570344D
:1065200091449675978D9795B78DB895B78D978D42
:10653000D895D89DF895D895D895B78D978D157D18
:10654000B36CB36C1154314C8E338D2B0B134B1336
:10655000CD230E2C4F34903CD144F244903C124D4C
:106560005355324D1245324D73555355124D3355D7
:106570007455124D4F3C8C23C912680AC91A6B23FB
:10658000CD238C134E2CB0342E2CCC1BCD236F344A
:106590006F2C2D2C6E2C0C24AB1B2E2C53557455AC
:1065A000124DB03C124D124DD144B144904CAD3B14
:1065B000271A65114419441924214421442103193F
:1065C000031903190319032103190321232123218B
:1065D00024212321242124214421442964296529BB
:1065E000852964294421442164298531A631C6398D
:1065F000A539A539A539A539E541064A675AC86ABA
:106600002A7329736A7BCC8B0D940D942D942D9C49
:106610008FA4F0AC52BD93C5B3C5B3C5B3C5D4CD3B
:10662000F4CDF4CDF5CDD4CDF4CDB4C5D4CDF4CDE9
:10663000F4CDD4CDB4C5B3C5D4CDD4CDB4C5B3C5D4
:10664000B3C5F4C5F4CDF4CD15CE15CE15CE15D603
:1066500035D635DE15D6F4D5D4CD92C551BD72C52B
:1066600031BD52BD52C572C5B3CDD4CDD4CDF4CD5C
:10667000F4CDF5CDB4C573BDF1AC32B532B511ADC5
:10668000B0A4B09CAF9C4E942D8C0D84ED836F8C88
:10669000AC7B6B6BCC7B8C732E84AC7B4B6BEA62DC
:1066A000CA5AEA62CA5AA952A952A952694A484A20
:1066B000484207328521642185218529652965297C
:1066C00065296529A629C621071AAA2A8D3B0F44E8
:1066D000EF3B303C9144913C5034913CB23C71349E
:1066E000713C5034EF23CE1B0F24CF2BAF3B3154E2
:1066F0007264B36CD36C147D5585968D558D548D15
:10670000548D548D34851485147DF47C936CEF4B3B
:106710006E33AE330F347034D23C91345134513433
:106720007134B23CF344F344D344F3441445144568
:10673000F344F344144D144DF344F344344D344DB9
:10674000D344F34414451345F344F344344D144DFA
:10675000D344F344144DF344D344F44C144D144D3A
:10676000D13CD13C12451245D13CF23C3345334536
:1067700012453245334D1245F2443245534D1245D0
:10678000D13CF23C1245F23CD13CF23C1245D13CAA
:10679000B03C12453245F13CD13CD23CF24470341D
:1067A0009144756D978DB795B795D895F895D8950F
:1067B000D895D89DF895D895B795B78DB78D357D77
:1067C000D474936C5264AF436D33AE2B4C1B4B139C
:1067D000AD1B2F2C2F2C4F34D13CF244B13CF24452
:1067E000334D324DF24C334D7455334D124D53559C
:1067F0007355324D4F34AD232B1BEA120A134B1B3A
:10680000ED23AC132E248F340D240D240D242E2CB7
:106810002D240D242D2CEC23AC1B4F34324D945DD4
:10682000F24C903CF244124DD1449044B1540B2BA5
:10683000A61145116521852164210311231903192E
:10684000E3180319032123212321032103212321F9
:1068500024212421242144296529853165294429BD
:1068600044214429442944296429653185318531ED
:10687000A531A439A439064A2652875AE86A6A7BA8
:10688000CC8B0D942D9C6E9C8FA4D0ACF0AC10B52D
:1068900031B552BDB3C515CE36D636D636D656D658
:1068A00077DE76DE77DE77DE77D656D656D656D6C4
:1068B00077D656D656D676DE77DE76DE36D635D61F
:1068C00015CE35CE36D656D656D656D677DE98E67F
:1068D00097E677E677E676DE56DE15D615D615DE30
:1068E00014D6D3CDD3CDD3CDD3CDF4D515D615D69F
:1068F00035D615D6D4CD52BD11B511B5D0ACB0A496
:10690000D0AC6E946E944E940D8C2E8CAC7BEC7B44
:106910004E8CED838C734B6B6C738C736C73EA626F
:10692000C95AEA5A0A63CA5A8952684A684A484A9E
:10693000073AC631C631A529442124218529652974
:10694000652986298621A619C7194822EB2AAE3B5C
:10695000CE3BEF333034D244913C913CF344B23CD3
:10696000913C923C0F24EF23EF2B8E23CF3B5154CD
:1069700093649364D36C147D558555853485138554
:10698000348554855485348514853585F47C30549C
:10699000AE3B8D2BCE2B7034B13C9134713491349D
:1069A00071347134B23CF344D344D344F444144DB1
:1069B000F344F3441445144DF344F344144514458F
:1069C000F344F344344D344DF344F3441445F34459
:1069D000D344F344144DD344D244F344134D1345EC
:1069E000D13CD13C12451245D13CF23C32453245B6
:1069F00012453245334D1245F2443245534D12454E
:106A0000D23C12453345123DD13C12451245D13C92
:106A1000D13C12453245F13CB13CD13CF24470349A
:106A2000913C556D978DB895B895D895F895D895B2
:106A3000D895D895D895D895D895B78D978DF47465
:106A4000F474D474515C2D33AE3BAE2BEA0A6B1355
:106A5000AD1B2F2C4F2C7034F2441245B13CF24444
:106A6000124D1245F2441355745D3355124D735552
:106A7000535533554F348C234B1BEA0A0A0B6B13C7
:106A8000CD1B8C132E2CB0340D24ED23EC230D24C0
:106A90000C240C242E2CED23AC1B4F34124D5355DB
:106AA000F244B13C3355324D903C70440E44681A68
:106AB00065114519241924196421031903190319AF
:106AC000E318E318032103212321032103210321D8
:106AD00023212321242144296529652944292321AF
:106AE0000321242124212429442964296431843167
:106AF0008439C539E5416752A76209734A7BCB8B5C
:106B00004E9C8FA4F0AC31B572BD93C5B3C5B3C56F
:106B1000D4CDD4CDF5CD36D657D677DE77DE98DE18
:106B2000B8DEB8E6B8E6B8E6B8DE97DEB7DEB8DEBF
:106B3000D8E6B8DEB8E6D8E6D8E6B8E697DE77DE7F
:106B400056D676D697DE97DE97DE97DE98DEB8E6E5
:106B5000D9E6B8E698E6B8E6B8E697E677E656DE10
:106B600055DE14D6F4D514D634DE35DE35DE35D612
:106B700035D635D6D4CD73BDF1B411B5AFAC4E9C7E
:106B80008FA46E9C0D8C2D940D8C4E8CCC7BCC7B6D
:106B90002E8C2E8CCC7B09632B6B8C736C730A63ED
:106BA000EA5AEA5AEA5AC95A8952684A684A894AE4
:106BB0002742C639C631C6316529442165214421A1
:106BC0006521852186218519E7218A2A2C334D33B9
:106BD000CE330F340F34913CB13C70347134D24415
:106BE000B24450347134302CCE23CF2BCF3B515490
:106BF0009364936CD36C347D558575853485148589
:106C00003485548555853485147D1485F47C515C18
:106C1000CE43AE33CE2B5034B13C91347134B23CC0
:106C200071349134D33CF344D344D344F444144DED
:106C3000D344D3441445144DF344F3441445F3446E
:106C4000F344F344344D144DF344D344F344F34438
:106C5000D33CD344144DD344D344F344134D134D88
:106C6000F13CF13C32453245F13CF23C3245324593
:106C700012453245534D1245F2443245534D1245AB
:106C8000D23C12453345123DD13C12451245D13C10
:106C9000D13C12453245D13CD13CD23CF244703417
:106CA00071443465978DD89DB895B795D895D8958A
:106CB000F89DF89DF89DF895F895B78D978D157D01
:106CC000147D147592642D33EF3BCE2BCA026C13E6
:106CD000CD1B2E2C2F2C7034F2441245B13CF244C3
:106CE000334D124DF244134D74553355124D5355D7
:106CF000735553554F348C236C230A130A0B6B13B3
:106D0000AC1B8C132E2C90340D24ED23ED230D247D
:106D1000EC23ED234E34ED2BAC1B4F34124D335589
:106D2000124DD1445355124D6F3C4F3C6C330712FA
:106D3000441165212419031944212319031903213E
:106D40000321E318E2180321032103210319E218A8
:106D500003212421442144294429442123210321BE
:106D60002321242124214429642964318431A53933
:106D7000E541264A875AE96A4A7BAB830C946EA4A4
:106D8000AFACF0B452BD72C5B3C5D4CD15D635D6AF
:106D900076DE56DE56D677DE97DE98DEB8E6B8E6C3
:106DA000D9E6F9E6F9E6F9E6D8E6B8DED8E6D8E6B7
:106DB000D9E6D9E6F9E6F9EEF9EED9E6B8E6B8E6AD
:106DC00098DEB8DED8E6D8E6B8E6B8E6B8E6D9E6A2
:106DD000D9EED9E6B8E6B8EED8EED8EE97E676DE8C
:106DE00056DE56DE55DE76E676E676E635DE14D6F7
:106DF00055DE56DE15D693C5F0AC31BDAFAC2D9C3B
:106E00006F9CAFA4ED8BED8B0D8C2E8CED83CC7B2A
:106E1000CC7BED83ED7B2A634B6B2A6B2B634B6B37
:106E2000EA5AC95AA952A9528952684A684A694A13
:106E30002842E739E631C6318529652144212421DC
:106E4000652165218621A621E721AA326D3BCE432B
:106E50008D2BAE2B0F2C913C7034302C7134913C27
:106E6000503450345034302CEF23AE23CF3B5254A7
:106E700093649264D36C347D7585958D558D348D76
:106E80005485548554853485F47C147DF474515CA8
:106E9000CF43AE2BAD232F2CD23CB1347134B23C56
:106EA00071349234D344F344D33CD344F444144572
:106EB000D344D3441445144DF344F3441445F344EC
:106EC000F344F344144D1445D344D344F344F344FE
:106ED000D33CF344144DF344F344F344134D1345AE
:106EE000F13CF13C32453245F13CF13C3245124532
:106EF000F23C1245334D1245F13C1245534D1245BB
:106F0000D23C13453345123DD13C12451245D13C8C
:106F1000D13CF1441245D13CD13CF23C1245903475
:106F2000914434657685D89D9795978DD895B78D82
:106F3000D895F89DF99DF89D199EB78D9785567D3A
:106F4000D374D374B36CCF43CF3B8D2BEA026C0B5D
:106F5000AD1B0E242E2C6F34D13CF244B13C1245B3
:106F6000334D334DF244134D7355334DF244334D8D
:106F7000745553554F34AD236C230A130A0B4B132E
:106F8000AC1B8C132E2C6F34ED23ED232D2C0D2CEC
:106F9000CC230D2C4E34ED2BAC1B6F343255535596
:106FA000F244D1443255D14C6F3C2E3C0B2BE611B0
:106FB00024116521442103192319031903192321DD
:106FC0000321E318E218E21803190319E218E31881
:106FD00003212421442124210321031923212321D6
:106FE000242123212321432964318431A541054AE9
:106FF000675AC86229738B7BCC8B4D9CAFAC10B5A4
:1070000051BD92C5B3C5D4CDF4CD15D636D677DEF5
:1070100077DE97DE97DEB8E6B8E6B8E6D9E6F9E6B9
:1070200019EF19EF19EFF9E6D9E6D8E6D8E6D8E670
:10703000F9E6F9E6F9E6F9EEF9EEF9EEF9EEF9EE30
:10704000D8E6D9E6F9E6F9E6F9EED9E6D9E6D9E6E1
:10705000F9EEF9EEF9EED9EED9EED8EEB8E677E62C
:1070600076E697E696E676E676E655DE35DE55DE9A
:1070700076E676DE15D693C5D0AC31BDD0AC2D9C6E
:107080006E9C8F9C0D94CC830D8CAC83CC83CC8375
:107090002A6BAC7B2E8C4A6B2A63E95AEA622B631B
:1070A0000A63C95A885288528952684A484228421B
:1070B0002842073AC631A631852965294421442151
:1070C000852185218621A621E721892A6D43304C1F
:1070D000CE336D23AD235034302C502CB13C713461
:1070E000EF2B0F2C302C302CEF23AE23CF3B7254E0
:1070F000725C7264B36C347D7585968D758D348D3C
:10710000548554853485147D147D1485F47C515C3C
:10711000CF436D2B4C130F24D23CD2347134B23C8C
:107120009134B23CF344F344D33CD344F444F444A8
:10713000D344D34414451445F344F344144514454F
:10714000F344F3441445F444D344D344F344F344A4
:10715000D344F344344DF444F344F3441345F3442B
:10716000F13CF13C123D123DD134F13C1245124547
:10717000F13C124533451245D13C1245334D124581
:10718000F23C33455345123DF13C12451245D13C8A
:10719000B03CF13C1245D13CB13CD23CF24470349D
:1071A0009144356D768597959795B795D895B78D18
:1071B000B895D895D895D895F895978D7685567DBC
:1071C000D36CB36C926410548E338D232B134C0B01
:1071D000CD1B0E240E244F2CD13CF13CB03CF2448C
:1071E000334D324DF244124D7455334DF144324D0E
:1071F0009455324D4F34AD234B1BEA0A0A132A1320
:10720000AC1B8B130D242E2CCC230D244E340D2CB3
:10721000CC23ED2B4E34ED2BAC1B6F34324D33555C
:10722000D144D144F144F14C9044CD33A922A6116C
:1072300024112421242124210319031903190321D2
:107240000321E318E218E218E218E21803190319FF
:10725000032124212421032103190319232123219C
:1072600044294429232943296431A439E549465254
:10727000A86229738B83EC8B2D948EA4EFAC31BD67
:1072800092C5B3CDD4CDF4D515D615D636D656DEA7
:1072900077DE77DEB8E6B8E6D9E6D9E6F9E61AEFA2
:1072A0001AEF1AEF1AEF19EF19E7F9E6F9E6F9E61E
:1072B000F9E6F9E6F9E619EF19EF19EF19EF1AEF08
:1072C000D9E6F9E6F9EEF9EEF9EEF9EEF9EED9E6DE
:1072D000F9EE1AEF1AEFF9EED9EEF9EED8EEB8E6BC
:1072E00097E6B7E697E676E676E655DE55DE76E68D
:1072F00097E656DEF4D593C5F0B411B5CFB44D9CE6
:107300002D9C2D940D94CC8B0D8CAC7B8B7BCC83E6
:107310006B736B73ED836B6B2A6BC95AC95AEA6244
:10732000EA5AC95A885288528852684A2742E7392D
:10733000073AE739C631A631A6318529652165218D
:107340006521862985216519C621692A2C33AE3B22
:107350000F3C8D2B6C1BEE237134913471349134BE
:107360000F2C6D1B302C502CEF23CF2BEF3B725486
:1073700092649264B36C347D7585968D558D348D91
:1073800054853385147D147D14853585F47C515CDA
:10739000AF3B4C232B130E24F23CB134512CB23CA6
:1073A0007134B234F344F344D33CD33CF444F34457
:1073B000D33CD34414451445F344F3441445144DCD
:1073C000F344D344F344F344D344F3441445F34423
:1073D000D344F344344DF344D344F344F444F444E9
:1073E000F13CF13C123D123DD134F13C32451245A5
:1073F000F23C124533451245F13C1245534D33459D
:10740000F23C12453345123DD13CF23C1245D13C91
:10741000D13CF1441245D13CB13CD13CD23C50343A
:107420007144556D768597959795D895F895D8952B
:10743000D89DD895B895B895D895B78D9785357D51
:107440001475D474515CF04BAE338D234B136C1315
:10745000CD1B2E242F2C4F2CD13CF13C9034F144E9
:1074600032453245F244124D7455334DF244324D9B
:107470007455124D4F34CD232B130A0B4B1B8C1B11
:10748000AC1B6B13ED234E2CED230D2C6E340D2C09
:10749000CC230D2C6F340D2CAC236F34124D334D97
:1074A000F144903CB04412557044EA220712A511F1
:1074B0002419041904212421032123210319031968
:1074C0000319E218E218E218E218E2180319031986
:1074D000242103210319E318031923212321022165
:1074E0002321232923296431A441E549465A87628F
:1074F00009736A83CB8B2C946D9CCFAC30BD92C545
:10750000D3CDF4D5F4D515D635D656DE77DE98E64C
:1075100098DE98DEB8E6D9E6F9E619EF19EF19EF2B
:1075200019EF19EF19EF1AEF3AEF3AEF3AEF1AEFB6
:1075300019EF19E719EF19EF19EFF9E6F9E6F9E68E
:10754000F9E6F9EEF9EEF9EEF9EEF9EEF9EEF9EE0B
:10755000F9EEF9EEF9EEF9EEF9EEF9EEF9EED8EE14
:1075600077E677E676E676E676E655DE55DE56DEB3
:1075700056DE35D6D4CDB3CD52BD31BDF0B46EA4F8
:107580002D9CEC8BEC8BED8BED8BED8B8B7BCC8387
:10759000CC834A6B6B736B738C730A63C95AA95A99
:1075A000A95AA95AA9528852684A474A2742E73934
:1075B000E739E739E639E631C631852944214421E6
:1075C0002421652165216519C7214922CA2A4C3326
:1075D000CE3B0F34AE238D1B0F2C502C70349134C6
:1075E0000F2CAE1B0F24502C0F24CF2BEF3B9254AB
:1075F0009364936CD36C147D7585968D758D548DC5
:10760000758D548534853485147DF47CD374315C58
:10761000AE3B2C232B13EE23B134912C512CB23CD6
:1076200071349234D33CF344D33CD33CF344F3441D
:10763000D33CD34414451445D344D3441445144D8A
:10764000D344F34414451445F344F3441445F3443C
:10765000D344F344344DF344D344D344F444F44486
:10766000F23CF23C123D123DF134F23C33453245DE
:10767000123D324533451245F23C1245534D3345D8
:10768000D23CF23C1245F23CD13CF13CF144D13CBD
:10769000D13C12451245D13CB13CD13CD23C703476
:1076A00071447675978D9795B895D895D895F89536
:1076B000F89DD89DD895D895F895D895B78D357DF6
:1076C0001475D474515CCF43AE338D230B0B8C13E4
:1076D000CD1B2F2C2F2C6F34D13CF2449034D13C55
:1076E00032451245F244124D7455534D1245334DF7
:1076F000735512454F34AD234B1B2A13AC232E2C4C
:10770000ED238B130E248F344E342E2C6F3C0D2C16
:10771000CC230D2C6F340D2CAC236F34124D334D14
:1077200012457034D144F24CAD33270AE611A61944
:10773000241904190421042103192421E318E3184E
:10774000E218E218E218E218E218E2180319031925
:1077500003190319E318E318031923212321022134
:10776000232123294331A4410652675AA76AE872AC
:10777000AA8BCB8BEB934D9CAEA410BD71C5B2CD43
:10778000D3CDF4D514D615D656DE77DE97E6B8E617
:10779000D9E6B9E6B9E6D9E6F9EE1AEF1AEF19E734
:1077A00019EF1AEF1AEF1AEF3AEF3AEF3AEF3AEF12
:1077B0003AEF3AEF3AEF3AEF3AEF19EFF9E6F9E636
:1077C000F9EEF9EEF9EEF9EE1AEF1AEF1AEF1AEFF9
:1077D0001AEF1AEF1AEFF9EE1AEF1AEF1AEFF9EEA5
:1077E000B8EE97E656DE35DE35DE35DE35DE35DEE3
:1077F00015D6F4D5D4CDB3CD93CD51BD31BDCFB4D5
:107800004E9CEC93EC93EC8BAC8BED93AC83AB8305
:107810008B7B6B736B734A6B8C736C730A636852EC
:107820008852A95AA95A8852484A27420742E7393A
:10783000E639C639E731E739C631A6316529242151
:107840000319041945198621C6194922EB324C3314
:107850008D33EE333034AD1B6C13CE1B9134913429
:107860000F2C0F2CCE1B0F240F24AE23103C925C48
:10787000B364B36CD474347D7585968D7595558DD0
:10788000758D758D55853485F47CF47CB36C1054FE
:10789000AF3B4C230B0BAD1B5024502C712CB2343E
:1078A00071349234D33CF344D33CD33CF344F3449B
:1078B000D33CD34414451445D344D344F344144532
:1078C000F344F344344D344DF344F3441445F3444A
:1078D000D344F344144DD344D344F34414451445E2
:1078E000F13CF13C123D123DF134F23C324512457F
:1078F000F23C124533451245D13C1245334D1245F9
:10790000F23CF23C123DF23CD13CF13CF144F13C02
:10791000D13CF1441245D13CB13CD13CF23C7034F5
:107920009144B67DD895B89DD89DB895D895F89DC9
:10793000D89DD895F89DF895F895D895B78D357D53
:10794000F474D46CB364F04BAE336D23EA02AD1320
:10795000CD1B2F244F2C6F2CD13CF23CB034F13C8A
:1079600012451245F244124D7455334DF2441245FE
:10797000534D124D2F348C232B130A0BAC236F3431
:107980004E2CAC1B4E2CF144AF3C4E348F3C0D2C96
:10799000CC23ED2B4E34ED2BAC1B4F34124D534DFD
:1079A000B13C903453559044C91A070A28226519EE
:1079B0000419242124210319E3180321C218E31810
:1079C000E218C218C218E2180219021903190319A1
:1079D000E218E318E318E318E21802210221232138
:1079E00043296331A441E5498762E872497B8A8B68
:1079F000AA8BCA8BCB934C9CAEAC10B530BD71C575
:107A0000B3CDF4D535DE56DE97E6B8E6B8E6B8E68F
:107A1000B9E6D9E6D9E6F9E6F9E619EF1AEF1AEF71
:107A20001AEF3AEF3AEF3AEF3AEF3AEF3AEF3AEF2E
:107A30003AEF3AEF3AEF3AEF3AEF1AEF19EFF9EE81
:107A4000F9EEF9EEF9EEF9EE1AEF1AF71AEF1AEF6E
:107A50001AEF1AEF1AEF1AEFF9EEF9EEF9EE19EF45
:107A6000F9EEB8E677E656DE35DE15D635DE15D604
:107A700014D6F4D5D4CDB3CDB3CD51C551C510BDB9
:107A80006EA40D94EC93AB8B6B83AC8BAC8B4A7B6D
:107A90006B7B8B7B6B734A6B8B734B6BEA62A95A64
:107AA00068528852A95A8852684A474A0742E639BA
:107AB000E739C631C631C631C631C63185294421C0
:107AC000031903196521651985118A2A6D434C3301
:107AD0002C236D23503C5034AE1BAD1B302C502C4E
:107AE0002F2CEE230F240F24AE1BAE23103C925CF0
:107AF000D36CD36CF474347D7585758D558D558D2F
:107B0000758D748D5485147DF47C147DD37410545C
:107B1000CF434C230B0B6C0B0F1C5024712C923455
:107B200091349134B23CF344D33CD33CF344F3441A
:107B3000D344D3441445144DF344D344F344F344A1
:107B4000F3441445554D344DF344D344F344F344C6
:107B5000F344F344144DF344D344F3441445F34441
:107B6000F13CF134123D123DF13CF23C32453245DC
:107B7000F23C123D1245F23CF23C124533451245AF
:107B8000F23CF23C1245F23CD13CF23C1245D13C75
:107B9000B034F1441245F13CB13CF244F23C703453
:107BA00091449675D895D89DD89DD89DF895D8952F
:107BB000D89DD89DF895F895F895D895B78D968568
:107BC000567D357DD36C3154CF3B6D232B0B6C0B25
:107BD000AD130E244F2C702CD13CF23CB13CF13C47
:107BE00033451245F24412455355334DF244124584
:107BF000534D324D0E2C8C1B0A13C902AD236F342A
:107C00004E2CCC1B8F34324DD0446F348F3C4E34CD
:107C1000CC23ED232E2CCD23AC1B703C5355124DA1
:107C2000B13C1245124DAD2B470A8922E721441978
:107C3000E310031924210321E318C218C218E21823
:107C4000E218C218E218E3180319031903190319FB
:107C5000E218E318E218C218C218E21802214329F8
:107C60008439E54126528762097349838A8BCB9315
:107C7000CA93AA8B2C9CAEACEFB430BD71C592C533
:107C8000F3D514D656DE76E697E697E6B8E6D9EE53
:107C9000F9EEFAEEFAEEF9E619E73AEF3AEF3AEFD3
:107CA0003AEF3AEF3AEF3AEF3AEF3AEF3AEF3AEF8C
:107CB0003AEF3AEF3AEF1AEF3AEF3AEF3AEF1AEFBC
:107CC0001AEF1AEFF9EEF9EEFAEE1AEF1AEF1AEFD1
:107CD0001AEF1AEF1AEF1AEFFAEEFAEEF9E6F9EEEA
:107CE000D9EED8EED8EED8EE97E676E676E656DE12
:107CF00055DE35DE14D6F4D5B3CD92CD92CD51C537
:107D0000CFB44EA4EC936B836B838B836B7B6B7BC9
:107D1000AB836A7B6B736B734A734B6B0A63A95AB1
:107D2000885A685288528852484A27422742E63980
:107D3000E739A631A631A631A631C631A629652973
:107D40000319442145196519851148228D43AE3B1D
:107D50002C236C23EF2B913C502CCE1B6D13EF2367
:107D6000302CCF23EF230F24AE1BCE23103C7254B4
:107D7000B364D46CF474347D558596957595548DA3
:107D8000758D748D3485F37CD47C147DB36C315443
:107D9000F0438E2B0B0B6C0B2F24702C712C712C41
:107DA000712C9134D33CF33CD33CD33CF344F344A7
:107DB000D33CD33CF344F344D344D344F344F3449B
:107DC000D33CD33C1445F344F344D3441445F34427
:107DD000D344D344144DF344D33CD344F344F34449
:107DE000F13CF134123D123DF134F23C3245324562
:107DF000123D123D1245F23CF23C12453345F23C35
:107E0000F23CF23C123DF23CD13C12451245F13CB1
:107E1000B034F13C1245F13CD13C12451245B13C25
:107E20009144B67DD895D89DD89DF89DF895D89564
:107E3000D89DD89DF895F895F895D895B78D9785E4
:107E40007685557DD46C3154CF3B6D230B0B6C0B79
:107E5000AD130E242F2C4F2CD13CF23CD13CF244DC
:107E60003345334512451245534D334DF2441245C7
:107E7000534D334D2F348C1B0A0BC902AD23903C5C
:107E80004E34AC1B4E2CF144D03C6F348F344E3406
:107E9000CC23ED2B4F34ED2BCD23903C334DF244CE
:107EA000D13C324D703C0A1368120B3BA6194519A0
:107EB000E318E31803190319E318C218C218E218EB
:107EC000E218C218E21803190319E318E218E218BD
:107ED000E318E318E2180221232123296331A4398E
:107EE000E5412652675AA76AE872287B698BCA93D4
:107EF000EB930B9C8DAC0FB510BD51BDD3CD14D6FB
:107F000035DE35DE56DE76DE77E697E6D8EEF9EE3C
:107F1000F9EE1AEF1AEF1AEF1AEF3AEF3AEF3AEFDB
:107F20003AEF3AEF3AEF3AEF3AEF3AEF3AEF3AEF09
:107F30003AEF1AEF1AEF1AEF1AEF1AEF3AEF1AEFB9
:107F40003AF73AF73AF71AEFFAEEFAEE1AEF1AF7AB
:107F50003AF73AF71AEF1AEF1AEF1AEFF9E6D9E6FD
:107F6000F9EEF9EEF9EEF8EED8EED8EE97EE76E609
:107F700056DE56DE55DE35DEF4D5D3D5D3D592CDDB
:107F800010BD8FAC0D9C8B8B4A7B8B8B6B836A7B7C
:107F9000EC8B8B7B296B4A736B730A6B0A63EA6207
:107FA000A85A675268528852484A27420742E7391E
:107FB000C639A631A6298529A629A631A631852943
:107FC0004421241924198521A61928226D43AE3B8A
:107FD000AE33CE2B4C1BEE23302CAE1B2B0BAE1B2B
:107FE0000F2C0F2CEF23302CCE23CE23F03B9254BA
:107FF000B36CD36CD374147D7585B6957695558D19
:10800000548D74855485147DF47C157DB37431547E
:10801000CF436D230B0B6C0B30247124712C9134E6
:10802000712C712CD33CF33CD33CD33CF344F3444C
:10803000D33CD344144D344DF344F344F344F3445C
:10804000D33CD33CF344D344D33CD33C14451445F4
:10805000D33CD33C1445D344D33CD344F344F344FE
:10806000D13CD13C123D123DD13CF23C124512456F
:10807000F23C124533451245F23C12453345124558
:10808000D23CF23C123DF13CD13CF23C1245F13C79
:10809000D13C12451245D13C9034B13CD13C7034B6
:1080A0009144D77DD895D89DF99DF99DF895D8959F
:1080B000D89DD89DF895F895F895D895B78D978562
:1080C0007685567DD46C1054CF3B6D230B0B4C0B37
:1080D000AD130E242F2C4F2CB13CF23CB13CF2449A
:1080E0003345334512451245534D334D1245124524
:1080F000534D334D2F346C1BEA0AC902AD234F3464
:108100000E2C6B130D24B03CB03C6E348F346F34A6
:10811000ED230D2C6F340E2CEE2BB03C134D334D54
:108120001245D13CED2BEA12891ACA32651924197D
:108130000319E3180319E318E218E218C218E21849
:10814000E318C218E21803190319E210C210E2186A
:10815000E318E218E2180221232922294331A43925
:10816000E549255266628662C7724983AA930C9CD0
:108170004DA46DACCEB430BD51C592C5D3CD14D68F
:1081800055DE55DE76E697E697E6B8E6D8EED9EE08
:10819000F9EE1AEF1AEF1AEF1AEF3AEF3AEF3AEF59
:1081A0003AEF3AEF3AEF3AEF3AEF3AEF1AEF1AEFC7
:1081B0001AEF1AEF1AEF1AEF1AEF1AEF3AEF3AEF37
:1081C0001AEF3AF73AF71AF71AEF1AEF1AEF1AEF0F
:1081D0001AF71AEF1AEF1AEF1AEF1AEFF9EED9E6BB
:1081E000D8E6F9EED8EED8EED8EED8EE97E656E619
:1081F00056DE56DE56DE55DE14D6D3D5D3D592CD17
:1082000031BDD0B44EA4EC93297BAB8B4A7B297B48
:10821000AB83EC8B4A7B096B4A732A6BE96AC962B0
:10822000A85A4752474A6852484A27420742E63905
:10823000A631A631852985298529A629A52985293B
:108240004421241944196519851928224C3BAE3B59
:10825000CE33AD2B2B138D1BAE23CE23AE1B6D1354
:10826000AE23102C0F24502CEF23AE23CF3B935C76
:10827000D46CD36CB36C147D7585B7959695558D7C
:10828000548D74855485348514851585B4743154A2
:10829000F03B6D23EB0A6D0B30247124712C92346A
:1082A000512C722CD23CF33CB23CB23CF344F3442C
:1082B000D344F344344D5555144DF344F344F3443F
:1082C000D33CD33CF344F344D344D3441445F34464
:1082D000D33CB23CF344D344D33CF3441345F3447E
:1082E000D13CD13C123D123DD13CF23C12451245ED
:1082F000F23C124553451245D13CF23C3345124500
:10830000D13CF23C123DF13CD13CF13C1245D13C18
:10831000D13C12453245D13C7034B13CD13C703433
:10832000B24CD77DD895B89DD89DF89DD895D89555
:10833000D89DD89DF89DF89DF895D895B78D978DC7
:108340007685567DD46C1054AE336D230B0B6C0BBD
:10835000AD130E242F2C2F2CB13CD13CB134D13C89
:1083600012451345F244F244334D334D1245124544
:10837000534D334D2E2C6C1BEA0AC9026B13CD23CF
:108380008C1B4A0BCD238F344E2C0D248F34AF34ED
:108390000D240D248F340E2C2E2CF14433555455BE
:1083A000124D0E2CAD238C2BA922C6194519241968
:1083B0000319E318E210E210E218E218C218C2181A
:1083C000E318C218C218E218E218C210C210E2186C
:1083D000C218C218E218022143316331A441255268
:1083E000A762E86A497B8A8BEB932CA46DAC6DACD9
:1083F000CEB4EEB40FBD51C5B2CDD3CDF3D514D6A6
:1084000055DE55DE76E697E6B7E6B8E6D8EED8EE66
:10841000F9EEF9EEF9EE1AEF3AF71AEF1AEF1AEF52
:108420003AEF3AEF3AEF3AF73AEF3AEF1AEF1AEF3C
:108430003AEF3AEF3AEF1AEF1AEF1AEF3AEF3AEF54
:108440003AF71AF71AEF1AF73AF73AF73AF71AEF34
:10845000FAEEFAEEFAEEFAEE1AEF1AEFFAEED9EEBB
:10846000D9EE19EFF9F6D8EED8EEB7EE97E676E644
:1084700076E676E676E656DE14D6D3CDD3D5B2CD03
:1084800031BDF0B4AFAC4EA44A838B8B4A7B297BC1
:108490008B83EC8B8B834A7B2A73E96AC962A8625F
:1084A000885A4752474A674A474A4742073AC631BD
:1084B000A631A5298529652965298529A529652943
:1084C00024214421441944196511E7190B3BEF4B52
:1084D000AE334C236D1B8D236D1BEF23302C4D13BE
:1084E0006D1BEF2BEF235134EF238E23CF3BB35C77
:1084F000F474D474B36C147D7585B6957595548DEC
:10850000548D54855485348514851585B47431543F
:10851000F0436D230C0B8D1330247124712C923495
:10852000712C722CD23CF33CD33CB23CF344F34468
:10853000D344F344344D5555144DF344F344F344BC
:10854000D33CD33C1445F344F344D3441445F3449F
:10855000D33CB23CF344D344D33CF3441445F344FA
:10856000D13CD13C12451245D13CF23C124512455A
:10857000F13C123D3345123DD13CF23C1245123DD7
:10858000D13CF23C1245F23CD13CF13C1245D13C8D
:10859000B03C12453245D13C9034D13CD23C913C68
:1085A000B24CD77DB8959795B89DD895B895D89584
:1085B000D89DD89DF99D199EF895D895B78D978D22
:1085C0007685767DF4743154CF3B6D232B0B6C0B89
:1085D000AD130E242F2C4F2CB13CD13C9034B13C28
:1085E00012451245F244F244334D334D12451245C3
:1085F000534D124D2F346C1BEA0AA9020A0B2B0BA8
:108600000A030A0BCC1B2E2CCC1B8B136F2CD03CDB
:108610000D242E24B03C2E2C4F34324D335533557F
:10862000903CEE23AD2B8C2B89226511241944211B
:108630002419E318E210E210E218E218C218C21876
:10864000E318C218C210E218E210C210C210E218F9
:10865000C218C218E22023296439A4412652C76AED
:108660002973497B6A83AA8BCB930C9C4CA44DA4A1
:10867000AEACEFBC50C571C5D3CDD3D514D655DE45
:1086800055DE76DE76DE96E697E6B7E6D8EED8EEED
:10869000D8EEF9EEF9EE1AF73AF73AF71AF73AEF99
:1086A0003AEF3AEF3AF73AF73AF73AF73AF73AF752
:1086B0003AF73AF73AEF3AEF1AEF1AEF3AEF3AEFA2
:1086C0001AEF1AEF1AEF1AF73AF73AF71AF7FAEE23
:1086D000FAEEFAEE1AEFF9EEF9EEF9EEF9EEF9EE3E
:1086E000F9EE1AF719F7F8EED8EED8EE97E697E616
:1086F00097E697E676E656DE15D6F3D5D3D5D3D5ED
:1087000051C510BDF0BCAFACCC938B8B6A834A7B58
:108710006A83CB8BEC8B6A7BE96A096BC862A862BF
:10872000885A6752474A474A474A4742073AA6315A
:10873000A531852985296521442165298529652952
:1087400044214421441945198619C619AA2A0F4CF7
:10875000EF436C23CE2BAD23CE230F2C102CAE2356
:108760004D1B8E1BCF23502CCF238E23F03B925CCE
:10877000F474D474D374347D758596955595548D61
:10878000548D54855485147D147D157DB36C5154DE
:1087900010448E232C0BAE1330245124712C9234B0
:1087A000712C7234B33CF33CD33CD33CD344D3441C
:1087B000D33CD344144D344DF344D344F344F344F5
:1087C000D23CD3441345F344B23CB23CF344F344AB
:1087D000D33CD33C1445F344D33CD3441445F34435
:1087E000D13CD13C12451245D13CF23C32451245B8
:1087F000F23C123D1245F23CF13C123D1245F23C76
:10880000D13CF23C1245F23CD13CF13CF144D13C2C
:10881000D13C12453245D13C9034D13CD23C9034CD
:10882000B24CB67DB78D97959795B795B795D89576
:10883000D89DD89DF99D199EF89DD895B78D978D97
:1088400097857685F4741054AE336D232B0B6C0B27
:10885000AD130E242F2C4F2CB13CD23C9134D13C83
:1088600012451245F244F244334D334DF244124561
:10887000534D334D703CAD230A0BA902EA0A0A0B93
:10888000E9020A0BCC1B0D246B0B2A032E24D03CCF
:108890002E244E2CB03C0E2C4F34124D1355124D3D
:1088A0002F34AD23CE2B2B2BC60985198629032106
:1088B0000321E318E210E210E218E218C218C2180D
:1088C000E218C218C210E210E210C210C210C218A0
:1088D000E218E220022943318441E54987620973A5
:1088E0008A83CA8B0C9C2C9C2CA44DA46DAC6DACC3
:1088F000AEAC0FBD51C592C5B2CDD3CDF4D535D6F2
:1089000055DE56DE76DE97E6B7E6B7E6D7E6D8EE72
:10891000D8EEF8EE19EF19EF1AF73AF73AF73AF7F7
:108920001AEF3AEF3AF73AF73AF73AF73AF73AF7EF
:108930001AEF1AEF1AEF1AEF1AEF1AEF3AEF3AEFAF
:108940001AEF1AF73AF73AF71AEFF9EEF9EEFAEEEC
:108950001AF71AF71AEFF9EEF9EEF9EEF9EEF9EE69
:10896000D9EEF9EED8EEB8EEB8EEB7EE97E676E6C9
:1089700097E697E676E656DE35DEF4D5F4D5F3D500
:1089800092CD31C531BDD0B42D9CAB8B8B8B8B8BF5
:10899000297B8B832D948B8308732973E86A885A0B
:1089A000A85A885A6752274A274247420742C63187
:1089B000A6318529652944214421652185298529F8
:1089C0006429642144194419A619C6194822AE43E2
:1089D0000F44CE33303CAD23AE23CF230F2C3034A5
:1089E000AE234D1BAE1B102CCF23AF2B1044725C5B
:1089F000B36CD36CD374347D5585958D5595758D39
:108A0000758D758D3485147D147D157DB36C515431
:108A10001044AE2B4D13AE13301C5024912C9234C5
:108A2000722C7234B33CF33CD33CD33CD344D34498
:108A3000B23CD33CF344F344D344D344F344F3442F
:108A4000B23CD23C1345F344D33CB23CD344D34470
:108A5000B23CD33C1445F344D33CD33CF444F344FC
:108A6000D13CD13CF23CF23CB134D13C12451245F0
:108A7000F23C12453245123DF13C123D1245F23CAA
:108A8000D13CF23C123DF23CD13CF23C1245D13C8F
:108A9000B03CF13C1245D13CB13CF2441245913C12
:108AA000B24C9675978D979597959795B78DD89564
:108AB000D89DD89DF89D199EF99DF895B895978DEC
:108AC000978D7685F474104CAE336D232B0B6C0BA5
:108AD000AD130E242F2C4F2CD13CF23CB13CD13C99
:108AE00033451245D244F2443355334D1245324595
:108AF000534D334D703CAD230A0BC9020A0B2A0BB0
:108B00002A0B2A0BAC1B0E248B132A032D24B03402
:108B10002E246F2CD03C0E240E2CF24C3355F24CEC
:108B2000CE2B2F346C23480A071AC7212421242175
:108B3000E318E210E210E210E218C218A218C218FC
:108B4000C218E210E210C210C210C210C210C21845
:108B5000C21802214331A4410652675A09738A831D
:108B60000C940B9C2C9C6DA44DA46DACAEB4EFBCCE
:108B700030BD51C592C5B2CDB3CDF3CDF4D514D629
:108B800035D655DE76DEB7E6B7E6B7E6B7E6D8EE19
:108B9000F8EEF8EEF9EEF9EE19EF19F71AF71AEF09
:108BA0001AEF1AEF3AF73AF73AF73AF73AF71AF7AD
:108BB0001AF71AEF1AEF1AEF1AEF1AEF1AEF1AEF65
:108BC0001AEF3AF75BF73AF71AF71AEF1AF71AF7AC
:108BD0001AF71AF7F9EEF9EED9EEF9EEF9EEF9EE29
:108BE000F9EED8EED8EED8EEB8EE97E697E697E62F
:108BF00097E697E676DE56DE35DEF4D5F4D5F3D586
:108C000092CD51C531BDF0B48FACEC93CC93CC8BED
:108C10006A83297BAB8BEC8B8B830973A862A86278
:108C2000A85AA85A6852274A27422742073AE639E3
:108C3000A62985296529652144214421652985299D
:108C400065294421442124196519C619481A6D3B28
:108C50000F44CE33303CCE236D1BAE23302C50342A
:108C6000EF2B6D1BCF23EF23CE23AF2BF043725C92
:108C7000936CB36CD374347D5585958D55957595EE
:108C80009595758D54851485157D157DB36C51545E
:108C90001044AE2B4D13AE13301C5024912C923443
:108CA000722C712CB23CD33CB33CB23CD33CD34489
:108CB000B23CB23CD344D344D33CF3441445F344D4
:108CC000B23CD23C144D1345F344B23CD344D33CA4
:108CD000B23CD33C344DF344D33CD33CF344F34453
:108CE000D23CD13CF23CF23CB134D13C124512456D
:108CF000D13C124533451245D134F13C1245123D69
:108D0000D23CF23C123DF23CD13C12451245D13CE2
:108D1000D13CF13CF13CB13CB134F244F24470340A
:108D2000B24C7575778D97959795B78DB78DB7952B
:108D3000D89DD89DD89DF99D199EF89DD895978D61
:108D4000B78D9685F474104CAE336D232B0B6C13DA
:108D5000AD130E242F244F2CD13CF244B13CD23C15
:108D6000334D1245D13CF2445355334D1245334DEA
:108D70007355124D50348D230A0BC9022B0B4B1324
:108D80008C1B6B13CC1B4E2CED1B6A0B0D1C8F2CFC
:108D90000D1C6F2CF1442E2C2E2CF24C5355F24C02
:108DA0002F34EE332B1B8912692AA6216529042151
:108DB000E318E210E210E210C218C218A218C2189A
:108DC000E318E318E210C210C210C210C218C21891
:108DD000E21823298439054A875AE86A4A7BAB8B13
:108DE000CB93CA930C9C8DACAEACCFB410BD30C548
:108DF00071C592C592C5B2CDB3CDD3CDF4D514D63D
:108E000015D635D676DE96E697E6B7E6D7EEF8EED7
:108E1000F8EE18EF19EFF9EEF9EE19EF1AF7F9EE8F
:108E20001AEF1AEF3AF73AF73AF73AF71AEF1AEF5A
:108E30003AF71AEF1AEFF9EE1AEF1AEF1AEF1AEFE4
:108E40001AEF1AEF1AEF1AEF1AEF1AEF1AF71AF7CA
:108E50001AF71AF7F9EEF9EEF9EEF9EE19EF19EF44
:108E600019EFF8EEF9EEF9EEB8EE97E697E697E629
:108E7000B7EEB7EE76E656DE35DE14D6F4D5F3D58A
:108E800093CD72C531BD11BDD0B44DA4EC93CC933C
:108E9000AB8B49836A83CB8BCB8B497BE86AC862F7
:108EA000875A885A8752474A27422742073AE63963
:108EB000852985298529852944214421642165291D
:108EC000852924194421441965198511281A8D3BD7
:108ED000304CCE33AE2BEF2B8E1BAE1BEF2330343A
:108EE000102C8E1BEF23EF23AF238E23F03B925CDD
:108EF000B364B36CD374347D5585758D5495759575
:108F00009595758D558534853585157DB46C3254B0
:108F100010448E2B6D13AE130F1C501C912C922CF1
:108F2000712C7134B23CD33CB23CB23CD33CF344E0
:108F3000B23CB23CD33CB23CB23CF3441445F344A3
:108F4000B23CD23C1345F344D344D33CF344D34422
:108F5000B23CD344344D1445D344D344F444F34495
:108F6000D13CD13CF244F13CB13CD23C12451245DB
:108F7000F23CF23C12451245D13CF23C13451245FD
:108F8000F23C123D3345F23CD13C12453245D13CD6
:108F9000D13CF13C1245B134B134D13CD23C7034B7
:108FA000B24C556D7685778DB795B78DB78DD895C1
:108FB000D89DF9A5F89DD89DF89DF99DD89D9795C8
:108FC000B795978DF4743054AE3B6D230B138C130F
:108FD000AD1B0E242F24502CD23CF244913CD244A1
:108FE00012451245D144F2445355334DF244324DAB
:108FF0005355F24C2F344B1BEA0AEA0A2A0B8C1306
:10900000CD1BAD1B2E246F2C0D24AC132E246F24EE
:10901000ED1BB034D03CED232E34F24C9144B144DE
:10902000B0442A1BA912EA22CA32E72944190419BA
:10903000C210E21003190319E218C218C218E2188C
:10904000E218E318C210A210C210C218E218E220FF
:1090500002296331C441465AC86A4A7BAB8BEC9300
:109060002C9C4DA48EACCFB40FBD50C571C571C53D
:1090700092CD92C5B2CDD3CDF4D5F4D514D614D6B5
:1090800035D655DE56DE76DE97E6B7E6D8EEF8EE54
:10909000F8EEF8EEF9EEF9EEF9EE19F719F71AF71E
:1090A0001AF71AF71AF73AF73AF71AF71AEFFAEE29
:1090B0001AF71AEFFAEEFAEE1AEF1AEFFAEEFAEEE4
:1090C000FAEEFAEE1AEF1AEF1AF71AF71AF71AF77A
:1090D0001AF7F9EEF9EED9EEF9EE19EFF9EEF9EE2D
:1090E000F9EEF9EED8EED8EEB8EEB7E6B7EEB7EE99
:1090F000B7EEB7EE76E676E656DEF4D515D6F4D5BD
:10910000B3CD72C551C531BD31C58EAC2D9C0D9C02
:10911000EC93AA8B49838A83CB8BAB8B0973A762B1
:10912000875A4752264A474A474A2742E639C639AC
:109130008529642985298529442124214421642104
:1091400065216521242124214419651948228D3B7C
:1091500030440F34EF2BCF23EF23CF23CE230F2424
:10916000502CEF1B1024EF23AF1B8E23103C925486
:10917000D36CB26CD374147D758D958D9595549583
:10918000748D548D548555853585157DB36C325459
:10919000F03B8E238D1BCE13EF1B5024922C912C71
:1091A00071347134B23CD33CB23CD33C14451445C9
:1091B000F33CB23CD344144D344D144D344D554D15
:1091C000144DB23CD33C1445D33CB23CD344D33CC5
:1091D000D33CD344F344D33CB23CD33CF344144596
:1091E000D13CD13CF244F244B13CF2443345124507
:1091F000F23C124533451245D13CF23C1245123D3A
:10920000F23C123D3245F13CB134F2441245D13CBE
:10921000D13CF23C1245D134B134D13CD23C703413
:10922000B24C556D76859795D895D895D895F89583
:10923000F89DF9A5F99DD89DF89DF99DD89DB79504
:10924000B795978DF474304CCE3B6D2B0B0B6C1394
:109250008D13EE1B0F244F2CB13CD23C703CB13C23
:1092600013451245F244124D5355334D1245324DBC
:109270005355F24C2F344B1BC90AC90A0A0B6C1305
:10928000EE23CD1B2E2C8F342E2CEC1B6F2C8F2C11
:109290002F244F2C4F346B1BED2BB0442F34B04494
:1092A0004F3CA90AC9124B33AA32C62144190419EA
:1092B000C210E310E218E218C218C218C218E2186D
:1092C000C210C210A210A210C218C218E2180221C5
:1092D0002229A4392652C76A29738A83EC936DA484
:1092E000EFB4EFBC0FBD10BD30BD71C591CD92CDB7
:1092F000B2CDB2CDD3CDF4D514D615D615D615D65C
:1093000055DE56DE76DE96E6B7E6B7E6D7EED8EE61
:10931000D8EED8EED8EEF8EEF9EE19F719F719F7FE
:109320001AF71AF71AF71AF71AF71AF7FAEEFAEE07
:109330001AF71AF71AEFFAEE1AF71AF71AEF1AEFE6
:109340001AEF1AEF1AEF1AEF1AF71AF71AF7FAEEDE
:10935000F9EEF9EED9EED9EED9EEF9EEF9EEF9EE35
:10936000F9F6F8EEB8E6B7E697E6B7E6B7EEB7EE89
:10937000B7EE97E676E656DE55DEF4D515D615D669
:10938000B3CD72C552C552C552C5CFB46DA42DA47C
:109390002C9C0C9CAA8BAA8BAB8BCB8B497BE86A51
:1093A000A7624652264A464A474A2642E639C63905
:1093B0008531652985318529442944214421642149
:1093C00065214421242144214521651928226D3B32
:1093D0000F44303C1034EF230F24302CEF23AE1B0E
:1093E0000F24EE1B1024102CCF238E23F03BB25CF5
:1093F000D26CB26CD274147D758DB695959D7495B2
:109400005495548D548555853585357DB46C525CA5
:109410003144AE238D13EE1B50245024712C923412
:1094200071347134B23CD33CB234B2341445344557
:10943000F33CB23CD23CF344F344D344F344F3440E
:10944000D33C923CD33CF344B23CB23CD344D33CF7
:10945000B23CB23CD344B23C9234B23CF344F34409
:10946000F13CD13CF244F244D13CF23C334512454C
:10947000F23C124533451245D23C123D3345123D74
:10948000F23C123D1245D13CB034F13C1245D13C86
:10949000D13CF23C1245D134B134D13CF244703C61
:1094A000924C356D76859795D895D895F895F89D19
:1094B000F99DF9A5F99DD89DF895F89DD89DB7958A
:1094C000B795B78DF474104CCF3B8D2BEA0A4C1333
:1094D0008C13EE1B0E244F2CB13CD13C703CB13CA4
:1094E00013451245F24412455355334DF14412458C
:1094F0005355F24C4F3C6C1BEA0AC9020B0B6C1320
:109500000E24CD1B2E2C6F344E2C0D246F2C6F2C63
:109510000E242E24AC1B4B13ED2B4F34903C904467
:10952000CD23C90A4B23AD3B692A85192419031998
:10953000E310E310E210C218C218C218C218C21811
:10954000C210A210A210A210C218C218E218022162
:109550008431054AA76209736A83EB934D9C8EACF4
:10956000CEB4CEB4CEB4EFB410BD50C571C592CD5B
:10957000B3CDD3CDF4D514D615D615D635D635D62C
:1095800055DE56DE76E697E697E6B7E6B7E6B7E647
:10959000D7EED7EED8EED8EEF9EE19EF19F719F7A6
:1095A0001AF71AF71AF71AF7FAEEF9EEFAEEFAEED8
:1095B0001AEF1AF71AEFFAEE1AF71AF71AEF1AEF6C
:1095C0001AF71AF71AF71AEF1AF71AF7FAEEF9EE6E
:1095D000D9EEF9EED9EED9EED9EEF9EEF9EEF9EED3
:1095E000F9EED8EE97E697E697E6B7E6B7EEB7EE70
:1095F00097E696E676E656DE55DEF4CD14D615D619
:10960000B3CD72C572C572C572C5F0BC8EAC2C9C50
:109610004DA46DA40C9CEB938A8BCB936A83097346
:10962000E86A675A264A464A4752274A0642E639B6
:10963000A531642965296429442944214421442110
:1096400065214421241944214419651948226C33A9
:109650000F3C30343034EF230F245134EF23AE1B52
:10966000EF1BCE1BEF23102CF0238E23CF33B35CE4
:10967000B26C916CB274F37C758DB69595955495DA
:109680005495748D558535853585357DB474515423
:10969000EF3BCF2B8D1BCE1B502C9134712C913472
:1096A000B23C71349234B23CB234B23414453445D5
:1096B000F33CB2349134913491349234B23CD23C84
:1096C000B23CB23C1445344DD23CB23CF344F3447A
:1096D000D33CD23CF344F344D23CD33C1445F34452
:1096E000D13CD13CF13CF13CD13CF23C1245F23C46
:1096F000F23C324553451245F23C12453345123D8A
:10970000D134F23C123DD13CB134F13C1245F13C34
:10971000B134F13C1245D134B134D13CF23C703C0F
:10972000914C146D7685B795D895D895D895F89DB8
:10973000F9A5F99DD89DD895F895F89DD895B79538
:10974000B795B78DF46C104CEF3B8D2BEA0A4C0BA0
:109750008C13EE1B2F244F2CB13CD13C913CD244B6
:1097600012451245F24412455355334DF14412450A
:109770005355124D703CAD230A13C9022B0B6C13C9
:109780000E24CD1B0E246E2C4E2C2D244E244E2444
:10979000ED1BCD1B2E2C2E346F3C4F3C903CB04427
:1097A0002A132B1BED3BCD4348226511E310C31058
:1097B000E310E318E218C210C210C218C210C2109F
:1097C000C210A210A210C218E318E218E220222947
:1097D000A4392652A76208736A83CB8B0C9C4DA4D4
:1097E000AEB4CEB4EFB430BD71C571C592CDD3D592
:1097F000F3D5F3D5F4D5F4D514D635D635D635DE34
:1098000035DE55DE76DE96E696E697E6B7E6D8EEE6
:10981000D8EED8EED8EED8EEF8EEF9EE19F719F743
:109820001AF71AF71AF7F9EEF9EEF9EEFAEEFAEE80
:109830001AEF1AEFFAEEFAEE1AEF1AEFF9EE1AEF44
:109840001AEF1AEF1AEF1AEF1AF71AF7F9EEF9EE04
:10985000D9EED9EED9EED9EEF9EEF9EEF9EEF8EE51
:10986000B7E697E697E697E6B7E6B7EEB7EE97E680
:1098700096E676E656DE35DE55DEF4CDF4CDF4D54B
:1098800093CD72C572C593CD72CD31C5CFB42DA421
:109890004DA48EAC6EAC2C9CAB8BCB936A8B297B8E
:1098A000E86A875A2652264A264A264A0642E63956
:1098B000A5316429642944294429442124212319F8
:1098C00044214419242124190311851968226C3379
:1098D0000F3C0F3450340F2C0F24302CEF230F2467
:1098E0003024CE1BCE1B1024CF238E23CF33B25C6B
:1098F000B26C916C916CF37C348596957595548D12
:10990000548D758D758D348515851585B4743154D8
:10991000CF3BAE2B6C1BAD1B2F2C502C502C923CF4
:10992000B23C51347134B23CB234D23C134514458C
:10993000D33CB23CB23CB23CB23CB23CB23CB23C96
:10994000B23CD23C344D344DD23CB23CF34413458E
:10995000B23CB23CD33CF344B23CD33C1445F34458
:10996000D13CB134D13CF13CD13CF23C1245F23C0B
:10997000F23C123D3345123DD134123D3345123D88
:10998000D134F23C123DF13CB134F23C1245D13CB1
:10999000B034F13C1245B1349134B13CD23C503436
:1099A000714C346D978DB89DD895D895F895F99DE3
:1099B000F99DD89DD89DD895F89DF89DB895978D1F
:1099C000B795978DD46C104CEF3B8D2BEA0A4C1356
:1099D000AD1B0E244F244F2CB13CB13C913CD244E2
:1099E00012451245F24412455355334DF244124587
:1099F000334D134D903CCE2B2B13C9020B0B6C1324
:109A0000EE23CD1B0D246F346E2C4E2C4E244E2491
:109A1000CD13ED1BB03C6F344F3C9044703CCD23D4
:109A20002A138C1B4F44EE43482265190311E3109F
:109A3000C210E310E318E210C210C210C210A1104D
:109A4000A21082108210A210E318E22023296431B0
:109A5000E5414652A76228738A83AA8B0C9CAEAC60
:109A600010BD30BD71C591CDB2CDB2CDD3CDF3D542
:109A700014D614D614D614D614D635D635DE55DE03
:109A800055DE56DE76DE96E696E697E6B7E6D7EE44
:109A9000D7EED7EED8E6D8EEF8EEF9EE19EF19F7D3
:109AA0001AF71AF71AF7F9EEF9EEF9EEF9EED9EE20
:109AB000FAEEFAEEF9EEF9EE1AEF1AEFF9EEF9EE28
:109AC000F9EEF9EEF9EEF9EEFAEEFAEEF9EED9EE7C
:109AD000D9EEB8E6B8E6D9EEF9EEF9EED8E6B7E693
:109AE00097E697E697E6B7E6B7E6B7E697E697E62E
:109AF00096E676E656DE35DE76DE15D6F4CDF4CD86
:109B0000B3CD93CDB3CDB3CD72CD51C5F0BC4DA483
:109B10004DA4AFB4CFB46EACEC9BCB938A8B297BB6
:109B2000C86AA762665A2652064A064A0642E639BB
:109B3000A53164296429442944296429442123192D
:109B400044194419442123190311841168226C33E8
:109B5000EF3B0F345134302C102C302CEF233024B9
:109B60003024CE13CE1B102CCF238E23EF3BB15CC1
:109B7000D26C917491741385548596957595548D16
:109B8000758D758D5585357D15851585B474315C5C
:109B9000EF43AE2B4C1B6C138D1BCE235034D244A1
:109BA000923C51347134B23CB234B23CF344F3448D
:109BB000B23CD23CF344F344D33CD23CD33CD23C01
:109BC00092349234D23CF344B23C9234D33CF344CA
:109BD000B23C9234B23CB23C7134B23C14451345B1
:109BE000D13CD13CF13CF23CD13CF23C3245123DFF
:109BF000F13C123D3345123DF23C123D3345123DDE
:109C0000D134F234123DF13CD134F13CF23CB13468
:109C1000B134F23C1245D13C9134B13CD13C50348A
:109C2000714C3575B895F89DD89DD895F99D199EBC
:109C3000F99DD89DD895D895F895F895B895978DB4
:109C4000B78D978DD36C304CEF3B8D2BEA0A4C13BC
:109C5000CD1B2F244F244F2CB134B13C9034D2442F
:109C600012451245D23CF2445355534DF24412452D
:109C7000334D3355703CCE2B2B13CA0A0B0B8C1370
:109C8000CE1BCD1BED236E2C6E2C8F2C4E242E1C48
:109C9000CD132E249034ED2BCD2B4F3C703C6C1B00
:109CA000CD236C1B2F3C0E4C482264110419E31089
:109CB000C210E210E318E218C210A210A210A21003
:109CC000A210A210A210C210C218C21823298439EF
:109CD000054AA7622873697BCB8B4C9CAEAC0FBD49
:109CE00030BD30BD50C591CD92CD92CDB3CDF3D521
:109CF00014D614D614D614D635D635D635DE35DE80
:109D000056DE56DE76DE97E697E696E697E6B7E607
:109D1000B7E6B7E6B8E6D8EEF9EEF9EE19EF19F7BF
:109D20001AF71AF71AF71AF7F9EEF9EEF9EED9EE73
:109D3000F9EEF9EEF9EEF9EE1AEF1AEFF9EE1AEF85
:109D40001AEF1AEF1AEFF9EEF9EEF9EEF9EED9EE95
:109D5000B8E6B8E6B8E6D9EEF9EED9EEB8E6B7E679
:109D600097E6B7E6B7E6B7E6B7E697E697E697E68B
:109D700076E656DE55DE35DE76DE35D6D4CDF4D544
:109D8000D4CDD4CDD3D5D3D572CD72C510BD6EACE4
:109D90006EACCFB410BDCFB42DA4EB93AB8B498385
:109DA000E872C86A87624652054A06420642C639C8
:109DB000A53964296429442944296429442124219A
:109DC000441944194419441944196411481A4C336C
:109DD0000F3C30345034102C102C302C102C0F240D
:109DE000EF1BAE13EF23302CCF238E230F44B1642F
:109DF000D274B174B27C348D758D969575957595C8
:109E0000758D758D5585357D15851585B474315CD9
:109E1000CF438D2B4C1BEA0AEA0A8D1B703CF24C97
:109E2000B2445134502C71349234B23CD33CD23CC5
:109E3000B23CB23CF3441445F344D33CD33CF33C32
:109E4000B23C71349134B23CB23CB23CD23CD23CD4
:109E5000D23CB23CD33CD33CB23CD23C144514453A
:109E6000D13CD134F23C123DD13CF23C3245123D62
:109E7000F13C123D3345323DF23C123D333D123D43
:109E8000D134F234123DF23CD134F23CF23CB134E4
:109E9000B134F23C3345D13CB13CD13CD23C50349E
:109EA00071445575F99D19A6F89DD895199E199E6E
:109EB000F99DD89DD89DF895F895D895B795978D2B
:109EC000B8957685D36C314CEF3B6D23EA0A6C1361
:109ED000CD1B2F244F244F2CB13CD13CB13CF2443C
:109EE00012451245D23CF244534D534DF2441245B3
:109EF000334D334D503CAD234C13CA020B0B8C1326
:109F00000E24CD1BED234E2C6E2C8F2C4E240E1CBC
:109F10002E240E24D13C0E2CAC230E34CD2B703CC1
:109F20000E2C8C230E3CAD3B071A2309E310C21004
:109F3000C210E210E210E210C210A210A210A21091
:109F4000C210C210C210C210C218C218232984390C
:109F5000054AC862497389832B9CADACEEB40FBD32
:109F60002FBD30BD50C571C592CDB2CDD3D5F4D57E
:109F7000F4D514D614D635DE35D635D635D635DEFD
:109F800056DE56DE76DE97E6B7E697E697E6B7E664
:109F9000B7E6B7E6D8EEF8EEF9EEF9EE19EF19F7F5
:109FA0001AF71AF719F719EFF9EEF9EEF9EEF9EEDB
:109FB000F9EEFAEEF9EEF9EEFAEEFAEEF9EE1AF73C
:109FC0001AEF1AEF1AEFF9EEF9EEF9EED9EED9EE33
:109FD000B8E6B8E6B8E6D8EED8EED8EED8E6D8E6D9
:109FE000D7EED7EED7EED7EEB7E697E696E696E64B
:109FF00076E655DE56DE35DE76DE35D6D4CD14D6A1
:10A0000092C5B3CDD3D5D3D592CD93CD51C5EFB4B1
:10A01000AFB4EFB410BDF0BC4DAC0CA4CB9B6A8BBD
:10A02000297BE87287622652E549E541E541C53959
:10A03000A5318531652944294421442944214421FD
:10A04000441944192319441944196411071A0B2B94
:10A050000F3C303C0F2C0F2C302C512C302C0F246B
:10A06000CE13CE130F24302CCF238E23EF439164D5
:10A07000D1749074917C548D758D96957595759568
:10A080007595758D5585157D15851585B474315C6F
:10A09000AF436D2B2B1B2B13EA0A0B13CE2BD24C89
:10A0A000B2445134513471349134B23CD23CB23464
:10A0B0009234B23CF344344D1445F33CD33CF33C6E
:10A0C000B23C9234B23CD33CD33CD33CD33CD33CA3
:10A0D000B23CB23CF344F344D33CD33CF344F344AA
:10A0E000D134D134123D123DF134F23C3245323D8F
:10A0F000F134123D33453345123D123D123D1235C8
:10A10000D134F234323DF23CD134F23CF23CD13C19
:10A110009034D13C1245D13CB134D13CD244503C76
:10A120005144767519A63AAEF89DD895199EF89DBA
:10A13000F99DF89DF89DF89DF895D895B795B79538
:10A14000D8957685D36C5154EF3B6D23CA0A6C13B6
:10A15000AD130E244F244F2CB134D23CB13CF24409
:10A1600033453345F23CF244534D534D12451245AD
:10A17000334D334D2F348C232B13CA02EA0A6C1350
:10A180004F2C0E24ED232E2C6E2CAF344E240D1CA0
:10A190000E1C6F2CF1440E2CCD234F3CEE2B4F3474
:10A1A000ED2BED2B2E3C2B2BE7192411E310E310A4
:10A1B000C210E210E210E210A2108110A110C21031
:10A1C000C210C210C218C218E21803216431C4417F
:10A1D000665AA7620873AA8B8DA4CEB4ADB4EEB450
:10A1E0002FBD50C571C591CD92CDB2CDD3D5D3D5AC
:10A1F00014D614D635DE35DE35D635DE55DE55DEE1
:10A2000076DE56DE76DE97E6B7E6B7E6B7E6D8EE58
:10A21000D7EED8EEF8EE19F719EFF9EEF9EE19F7D7
:10A2200019F719EFF9EEF9EEF9EEF9EEF9EEF9EEAC
:10A23000F9EE1AF7FAEEF9EEF9EEF9EEF9EE1AF791
:10A24000F9EE19EFF9EEF9EED9EED9EED9EEB8E65E
:10A25000D9EED9EED8EED8EEB8E6B8E6B8E6D8E64C
:10A26000D8EED7EED7EEB7E6B7E6B7E696E696E6CF
:10A2700076E676E676E655DE76DE15D6D4CD35D6AC
:10A2800092C5F4D5F4D5D4D592CDB3CD71C510BD5A
:10A29000F0BC10BD10BDF0BC6EAC4DAC0C9C8A93F4
:10A2A0006A830873A762465A054AE541C541C53924
:10A2B000A539853185314429442964294421442123
:10A2C000231944190319231944198411061ACA229F
:10A2D000EF3B2F3CEF2B3034713C713451340F2461
:10A2E000CF1BEF1B0F24EF23AF236D23CF3B9164D4
:10A2F000B17490749174548D758D9695558D759536
:10A300007595758D3585157D15851585B374315C0D
:10A31000AE438D338D2B6C230B13CA0A2C1BEF33EA
:10A3200030345034D244F344B23C9234D23CD23C28
:10A33000B23CB23CD23CF344D23CB234B23CD33C0B
:10A340009134B23CD33CD33CB23CB23CD33CD33C42
:10A35000B23CD23CF344F344B23CB23CD33CD33C99
:10A36000D134D134F13C123DD134F13C123D123D97
:10A37000F134123D323D123DF1341235323D123589
:10A38000B12CF134123DF134D134123D1245D134A7
:10A39000B034F13C1245B1349134D13CD23C503C04
:10A3A000714C767D39A65AAE19A6F89DF89DF89D98
:10A3B000F9A5F99DF99D199E199EF895B895768D88
:10A3C000B78D978DF46C3154CF3B6D23EA0A4C0B5B
:10A3D000AD130E244F244F24B134F244B13CD13C90
:10A3E00033451245F24412457355534D12453245DB
:10A3F000334D124D2F348D234C1BA902EA026C13EE
:10A40000702C0E24CC1BED234E2C8F346F2C0D1C86
:10A41000CD136F2CB03CAC238C1BED2B2F342F3481
:10A420000E2C4F3C2F3C0A2BC61924110311C210CD
:10A43000E310E210E210C210A210A210A210A210AB
:10A44000A210C210C210C210E21823216331064AC2
:10A45000C862E86A497BCA8B0B942B9C8DACCEB446
:10A460000EB52FBD50C571C592CDB2CDD3CDF3D5AC
:10A4700014D615DE15D615D635D655DE76DE75DE44
:10A4800076DE76DE76DE96E697E697E6B7E6B7E620
:10A49000D7EED8EED8EED8EED8EED8EEF9EEF9EE4B
:10A4A000F9EEF9EEF9EEF9EEF9EEF9EED9EED9EEB4
:10A4B000F9EEF9EEF9EE1AF7F9EEF9EEF9EEF9EE3A
:10A4C000F9EEF9EED9EED9EEF9EEF9EED9EEB8E6FD
:10A4D000D9EEF9EED8EE98E6B8E6B8E6B8E6D8EEEA
:10A4E000D8EED7EED7EEB7E6B7EEB7E697E697E643
:10A4F00076E696E676E676E676DE35D6F4CD14D6C2
:10A50000B3CD14D615DE14D6B3CDD3D592CD10BDB0
:10A5100031C551C551C5EFBC6EAC6EAC2DA4AB932B
:10A520006A830873A76A86622652C541C541E6411F
:10A53000A5396531442944294429642964294421E1
:10A5400044212421031903196421A5214822481A12
:10A550004C2B303CEF33B244713C51347134EF2317
:10A56000CF1B5024CE1BEF23CF2B8D2BCE3B505C2B
:10A570004F6C4F6C4F6C748D558D558D358D358D61
:10A58000758D758D5585147D15851585B474115C93
:10A59000AF43CE3BCE338C232B1BCA0A0B13AE2BFF
:10A5A000EF2B913C344D544DD344B23CD33CD33C7F
:10A5B000B23C9234B23CD23CB23CB23CD33CD33CF1
:10A5C000B23CB23CD33CD33CB23CB23CD33CD33C97
:10A5D0009234D33C344D344DD33CB23CD33CD33C89
:10A5E000D134D134123D123DF134F23C123D123DD2
:10A5F000F23C123D323D123DF234123D333D123DEC
:10A60000D12CF134123DF134D134F23C123DD1342D
:10A61000B034F13C1245B134B134D13CD244713C38
:10A62000924C767D3AA65AAE19A6199E199E199E8D
:10A63000F9A5F9A5199E199EF89DD895B795778D1E
:10A64000B78D7685B364314CEF3B6D23CA024C0B5A
:10A65000AD132E244F244F24B134F23CB13CD13CF5
:10A6600012451245F2441245534D334D12451245E1
:10A67000124D124D503CAD236C1BCA02EA026C1302
:10A680000E24ED1BCC1BCC1B2E24B0348F2C2E1C87
:10A69000AC132E24ED230A0B2A138C1BCD23EE2B97
:10A6A0000E2C6F3CEE3BC922A6112411E318C218F0
:10A6B000E318E210C210C210A210A210A210A21041
:10A6C000A210C210C210E21803216431E6416752A1
:10A6D000254A665AC66A68830B946CA4ADACADACCF
:10A6E000EFB40FBD30BD51C592CDB2CDD3CDD3D5D2
:10A6F000F4D5F4D514D635DE55DE55DE75DE75DEBF
:10A7000076DE76DE76DE96E697E696E697E6B7E6BE
:10A7100097E697E6B7E6B7E6B8EED8EEF9EEF9EECB
:10A72000F9EEF9EEF9EEF9EEF9EEF9EED9EED9EE31
:10A73000D9EED9EED9EEF9EE1AF71AF71AF71AF799
:10A740001AF71AEFF9EEF9EEF9EED9EED9EEB8E60E
:10A75000D9EED9EEB8E6B8E6B8E6B8E6B8E6B8E6B7
:10A76000B7E6B7E6B7E6B7E6B7E6B7E697E697E641
:10A7700076E696E676E676E676DE35DEF4D5F4D550
:10A78000D3CD15DE35DE15DEF3D5D3CD92CD31BD7B
:10A7900051C592CD71CD10BDAEB48EB42DA4EB9B3E
:10A7A0008A8B287BC76A86624652C541A439C5395F
:10A7B000A539653164294429442944296421442167
:10A7C00024210319E21803194419C621892A2712E2
:10A7D000CA1AAE33303C7144513C513451340F24C9
:10A7E000102410240F24302CEF2BAE2BCE3B505CCA
:10A7F000706C2F6C2F6C3485558D358D358D348D67
:10A80000758D758D5585147D358515859374F0533B
:10A810008E3B8D33AD2BAD2B2B1BEA128D23503C81
:10A82000913CB244134D344DD23C9234B23CD33CB3
:10A83000D33CB23CD33CF344D33CD23CD33CD33C9A
:10A84000B23CB23CD33CD33CB23CB23CD33CD23C15
:10A85000B23CD33C344D344DF344D33CF344F34445
:10A86000D13CD134F13C123DD134F13C123D123D8A
:10A87000F134F23C123D123DF234123D5345323D6B
:10A88000D134F234F234F134D134F13CF23CB1340D
:10A890009034D13CF23CB1349134D13CD23C713C47
:10A8A000924C767D39A63AAE19A6399E39A6199EE4
:10A8B00019A6F9A5199EF99DD895D895B895978DA3
:10A8C000B895567D9264104CEF3B8D23CA026C13F1
:10A8D000CD1B2E244F244F2CD13CD23C903CD13C5C
:10A8E00012451245F24412457355334DF244124558
:10A8F000124D124D5034AD238D1BEA02EA024B0B70
:10A90000CD13CD13ED1BCC13ED1BB0348F2C2E1CAF
:10A91000CD132E246C130A0B6B1B6C1B6C1B8C1B36
:10A92000EE2BED334B2B681A85110311C310E3187E
:10A93000E318E210C210C208C210C210A210A21086
:10A94000C210E210C218E318E218022184318339E0
:10A95000465208738A83CA8B2B9C6CA4ADB4EEB4A8
:10A96000EFB430BD71C592CDD3CDD3D5D3D5F3D50A
:10A97000F4D5F4D514D655DE75E675DE75DE75DED4
:10A9800076DE76DE96E697E697E697E697E6B7E612
:10A99000D7EED7EEB8E6B8E6B8EED8EED9EEF9EED7
:10A9A000D9EED9EED9EEF9EEF9EEF9EEF9EED9EEEF
:10A9B000D9EED9EED9EED9EEF9EEF9EE1AF71AF78B
:10A9C00019EF19EFF9EED9EED9EED9EED9EED9EEAD
:10A9D000B8E698E6B8E6B8E6D8E6D8EED8EED8EE0F
:10A9E000D8EED7EEB7E6B7E6B7E6B7E697E697E66E
:10A9F00096E676E676E656DE76DE76DE35D6D4CD9B
:10AA000014D635DE35DE14D634D6D3CD72C531BD7D
:10AA100092C5D3D5B2CD51C5F0BCCFB44DA40C9CDA
:10AA2000CB936983E8728662665AC4418439C5391A
:10AA3000853164314429442944214421442144215D
:10AA400024210319E21803190319E629EA4289228D
:10AA5000891A2C235144714492445134302C712C66
:10AA6000512CEF1B1024102CCF2BAE2BEE3B9164FE
:10AA7000D174D17C13851385358D3585358D14853D
:10AA8000558D5585557D147D35851585B374105CC0
:10AA9000CF438D2BAD2BCD2B4C1B2C1B0F34B24435
:10AAA000913C913CD244F344B23CB234D23CD33CCE
:10AAB000B23C923CD33CF344D33CB23CD33CD33C79
:10AAC000B23CB23CD33CD33CB23CB23CD33CD23C93
:10AAD000B23CB23CD33CD33CB23CB23CF344F34432
:10AAE000D13CD134123D123DD134F13C123D123DE6
:10AAF000D134F134123DF23CF134123D533D323D3C
:10AB0000F234F234F234F134B134F134F23CB13491
:10AB10009034D134F23C90349034B13CD23C713C0E
:10AB2000714C767D199EF9A5F99D199E199E199E65
:10AB3000F9A5F9A5F99DF89DD895D895D895B7951B
:10AB4000B88D357D525CF0430F3CAE2BEA026C139E
:10AB5000AD130E244F24702CD13CD23C903CF144D8
:10AB600032451245F24412457355534D1245124574
:10AB7000334D124D4F34AD238D1BEA02EA024C0BCC
:10AB8000AD13CD132E24ED1BED1BAF2C4F240D1454
:10AB9000EE1B2F248C134B13AD236C1B8D23AD2385
:10ABA0000E34AC2BEA22481A85190411C318E31895
:10ABB000E210C210C210C208C210C218C210A21005
:10ABC000A110C210C218032123214329A439A4399A
:10ABD0002552C76A487BCB8B8DACEEB4EEB4AEACDD
:10ABE000EFB430BD92CDD3D5F3D5D3D5D3D5F3D5EE
:10ABF00014DE35DE55DE35DE55DE75DE76E675E6CD
:10AC000096E696E697E6B7E6B7E697E6B7E6D7EEB6
:10AC1000D7EED7EEB8E6D8EED8EED8EEF9EEF9EEEC
:10AC2000F9EEF9EEF9EEF9EEF9F6F9F6F9EEF9EEDC
:10AC3000F9EED9EED9EED9EED9EEF9EEF9EEF9EE5C
:10AC4000F9EEF9EED9EED9EED9EED9EED9EED9EE8C
:10AC5000B8E698E6B8E6D9EED9EEF9EEF9EEF9EEF7
:10AC6000F8EEF8EED8EEB7E6B7E697E697E697E6A1
:10AC700076E676E676E656DE76DE96E656DEB3CD08
:10AC800015D635DE15D614D634DED3CD92C571C5B2
:10AC9000B2CDF3D5D3D592CD51C5F0BC6DAC0C9CE3
:10ACA000CB936983E872665A4652A4398431A53938
:10ACB000853185316531642944214421652965291F
:10ACC00044212319032123190311C6212B43EA32FE
:10ACD000691AAA1A103C724492447134502C712C97
:10ACE0005024CF1B1024EF23CF238E2BEF3BB164D6
:10ACF000F274F27C548DF38414853585358D34855A
:10AD000055855485347DF474357D1585D474315C56
:10AD1000CF438D33EE33503C0F34AE23EF2B503CFA
:10AD200051347134B23CD23CD23CD23CF33CD33CA3
:10AD3000B23C9234B23CD33CB23CB23CD33CD33C68
:10AD4000B23CB23CD33CD33CB23CB23CD33CD33C0F
:10AD5000B23C9234B23CB23C9234B23CF344F34441
:10AD6000D13CD13C123D1245F13CF23C3245123D02
:10AD7000D134F23C323D123DF234123D3345323D86
:10AD8000F234F234F234F134D134F134F23CB134EF
:10AD9000B034D13CF23CB1349134B134D23C713C4A
:10ADA000714C767D199EF9A5F99D199EF99DF89D26
:10ADB000F9A5F9A5199EF99DD895D895D895B79577
:10ADC000978D357D525CD0430F3CAE2BCA0A4C0B9D
:10ADD0008C130E1C2F24702CD13CF13CB13CF2445E
:10ADE00032451245F244F244534D334DF144F1449F
:10ADF000534D124D2F34AD23AD23EA0AEA028C13D2
:10AE0000CE13CD130E24CC13ED1BAF2C4E1CED1323
:10AE1000CD130E24EE23CD23CD2B4B1BEE2BEE2B8F
:10AE20002F3CAC2BEA22471A44110419E318C2182C
:10AE3000C210C210C210C210C210C318C210A21099
:10AE4000C210C210C218E218232143296331E54120
:10AE5000E8626A7BCB8B0B942C9C4CA48DACEFB43A
:10AE600030BD71C592C5B2CDD3CDD3CDF3D514D6F7
:10AE700034DE55DE55DE55DE35DE55E676E676E621
:10AE800096E696E697E697E697E6B7E6B7E6D8EE53
:10AE9000D8EED8EED8EED8EED8EEF9EEF9F619F7EE
:10AEA0001AF719F7F9F6F9EEF9EEF9F6F9EEF9EE07
:10AEB000FAF6FAF6F9EEF9EEF9EED9EEF9EEF9EE68
:10AEC000F9EEF9EEF9EEF9EED9EED9EED9EED9EECA
:10AED000B8EEB8E6D9EEF9F6F9EEF9EE19EFF9EEBB
:10AEE000F8EEF8EED8EEB7E697E697E697E697E63F
:10AEF00076E676E676E676E676DE97E656DEB3C565
:10AF000035D655DE55DE14D6F4D592C591C5B2CDF1
:10AF1000D3CDD3CDD2CDD3D591CD30BD8EAC2C9C5D
:10AF2000EB9369830873A7624652C439A439A539E3
:10AF300085316429652964294421242164216529F6
:10AF400024214421242144212319A521EA3AEA326B
:10AF5000691A8912AE335144713C7134702C30241B
:10AF60000F1C0F2430241024EF2B8E23EF3B915C19
:10AF7000D274B174F27CF37C3485358514853485C4
:10AF80005485347D147DF474357D157DD474525C04
:10AF9000EF43CE330F34703C503CCE2BCE233034B5
:10AFA00071347134B23CD23CD23CD33CF33CD33C00
:10AFB000D33C9234B23CD33CB23CB23CD33CF3449D
:10AFC000D33CD23CD33CD33CB23CB23CD33CD33C4C
:10AFD00092349234D33CF344D23CD23CF344F34415
:10AFE000D13CD134F23C123DF13CF23C323D123DB9
:10AFF000F23C123D3345323DF23C123D333D123DB1
:10B00000F234F234F234D134D134F23CF23CB13483
:10B01000B134F13C123DB134B134B134D23C713C65
:10B02000B24C967D39A619A619A6199EF895D89501
:10B03000D89DF9A519A6199EF89DD895B895978D14
:10B04000978D567D525CF043103C8D2BCA0A2B0B1A
:10B050008C13EE1B2F246F2CD13CD13C903CF1443F
:10B06000324D1245D144F244534D324DF144F14436
:10B070007355F244EE2B8D23CE230B0B0A038C1356
:10B08000EE1BAD0BCD138C0BCD13902C4F24ED1379
:10B09000CD132F24903C4F34CD2B2B130F340F3472
:10B0A0004F3C8C2BA91A271A0409E318E318C3187C
:10B0B000C210C210E210E210C210C318C210A210D7
:10B0C000A110A110C218E218432964318439264A1C
:10B0D000665A2873CA8B2C9C4D9C6DA4AEAC0FBDD8
:10B0E00071C592C592CDB2CDD3D5F3D514D634DE89
:10B0F00034DE34DE55DE75E676E655E675E676E650
:10B1000097E697E697E697E6B7E6B7E6B7E6D8EEAE
:10B11000D8EED8EEF8EEF8EEF9EEF9EEF9F6F9F62B
:10B120001AF719F7F9F6F9EEF9EEF9EEF9EEF9EE8C
:10B13000FAF6FAF6FAEEFAEEF9EEF9EEF9EEF9EEC3
:10B1400019EF19EFF9EEF9EEF9EED9EED9EED9EEE5
:10B15000D9EED9EEF9EEF9EEF9EED9EEF9EEF9EE17
:10B16000D8EEF8EED8EEB7E697E697E697E697E6DC
:10B1700096E676E696E676E676DE96E635DEB3C5C4
:10B1800035D655DE75DE34D6F3CDB2C5B2C5D3CDD6
:10B19000F3CDB2CDB2CDF3D592CD71C5CFB44DA420
:10B1A000EB938A83297BC86A665AE541C539A5397C
:10B1B000643164294429442924212421442164211F
:10B1C000442144212421232144198521893A2B3B00
:10B1D000892269124D237144713C7134702C3024E2
:10B1E0000F1C512C512C302C102C8E23EF3B915CDA
:10B1F000D274D27CF37C137D3585558514851485F6
:10B200005585347D147DF474357D157DB36C315CCA
:10B21000EF43CE33AE2B0F2C0F2CAE1BCE23713C45
:10B22000913451349134D23CD23CB234D33CF33CCF
:10B23000D33C9234B23CD344D33CB23CD33CF344F1
:10B24000B23CB23CD23CD33CB23CD23CD33CD33CEB
:10B2500092349234D23CD33CB23CB23CF344F344FB
:10B26000D134B134F13CF23CD13CF13C1245123DB9
:10B27000F23C123D3345123DF23C123D333D123D4E
:10B28000F234F2341235D134B134F23C123DB134DF
:10B29000B034D13CF23CB1349134B134B13C50348F
:10B2A000D254B78539A619A639A6199EF895F895EE
:10B2B000D89DF9A519A6399EF89DD895B895978D72
:10B2C000978D7685525CF043103C6D23CA0A4B0B78
:10B2D000AD130E242F244F2CB13CD13C903CD13CDB
:10B2E00012451245D13CF144334D324DD13CD13C55
:10B2F000534DF2440E2CCD230F2C4B13EA024C0B72
:10B30000CE13CE13EE1B8C0BCD138F2C4F24ED13CD
:10B310000E1C702CD13C2F34AC232B1B0F344F3C14
:10B320000E344B236812071224110419E320E32082
:10B33000C218E210E210E210C210C210C310A21034
:10B34000A108A210C218E218232143298431E54143
:10B35000665A086B8A83EB930C944C9CAEAC10BD80
:10B3600051BD92C5B3CDD3CDF3D514D614D634DEAA
:10B3700034DE34DE55DE75E696E676E676E696E66B
:10B3800097E697E6B7E6B7E6B7E6D7EED8EED8EE9B
:10B39000B7E6B7E6D8EED8EEF9EEF9EE19F719F7F9
:10B3A00019F719F7F9EEF9EEF9EEF9EEF9EEF9EE13
:10B3B000F9EEF9EEF9EEFAEEF9EEF9EEF9EEF9EE54
:10B3C0001AF7F9EEF9EEF9EEF9EEF9EED9EED9EE5B
:10B3D000F9EEF9EEF9EED9EEF9EED9EED9EEF9EE95
:10B3E000F9EEF9EED8EEB8E6B7E6B8EEB7EE97E6C6
:10B3F00076E676E696E676E676DE76DE35DED4CD61
:10B40000F4CD34D635D614D6F3CDF3CDF3CDF3CD7C
:10B41000F3CDF3CDD2CDD2CD92CD92CD0FBDAEAC8A
:10B420000C94AA8B497BC76A665AE541A4398431DA
:10B4300084316429642944294421442164216429F4
:10B4400044212421442123192319852168322C43C6
:10B45000EB32891A0C1B503C913C7034702C7024D8
:10B460005024512C502C512CCF238E23EF3B705461
:10B470007064B174F37CF37C347D558534853485F8
:10B480005585347D13751475357D157D936C115478
:10B49000AF3BAE2BAD23EE230F2CAE1BAE1B5134B6
:10B4A0007134512C7134B23CB234B234D33CF33CDD
:10B4B000B23CB234D344144DF344B33CD23CD33CFD
:10B4C000923C9234B23CD33CB23CD33CD344D33CC8
:10B4D000B23C923CB23CD33CB23CB23CD344F34489
:10B4E000B134B134F13CF23CD13CF13C1245123D57
:10B4F000F23C123D323D123DF23C123D3345123DCD
:10B50000D234F234F23CD134B134123D123DB13474
:10B510009034D134F23CB1349134B134B13450343C
:10B52000D354B77D199E19A619A6199EF895F89DB2
:10B53000D89DF9A519A619A6F895D895D895B895C6
:10B54000978D76853154F0430F3C4C23CA0A4C0B3F
:10B55000CD1B2F244F2C4F2CB034B13C903CD13C10
:10B5600012451245D13CF144334D324DD13CB13CF2
:10B570001245324D903C2F344F344B13EA026C137A
:10B58000EE1B2F24702C0E1C0D1C8F2C6F24ED1322
:10B59000AC132E2490340E2CAD236C1BEE330E34E2
:10B5A000AD2B2B234812A61104092419E318C31844
:10B5B000E318E218E210C210C210C210C310C21089
:10B5C000C210C218C210E21802212329C539C54190
:10B5D0004652C762497BAA83EB934CA4EFB430BDBB
:10B5E00031BD92C5D3CDF3D514D614D634D655DE9D
:10B5F00055DE75DE55E675DE76E697EE97EE97E654
:10B6000096E697E697E6B7E6D7EED8EED8EED8EE10
:10B61000F8EEF8EEF8EEF8EEF9EEF9F619F719F79C
:10B6200019F7F9F6F9EEF9EEF9EEF9F6FAF6F9EEA0
:10B63000FAF6F9EEF9EEFAEEFAEEF9EEF9EEF9EEC7
:10B640001AF7F9EEF9EED9EED9EED9EED9EED9EE38
:10B65000F9EE1AF7F9EED9EEF9EEF9EEF9EEF9EEA8
:10B66000F9F6F9EED8EEB8EED8EED8EEB8EE97E6E9
:10B6700076E676E676E676E676DE76DE35DE14D6B5
:10B68000F4CD55D655DE35D6D3CDD3CDB2C5B2C562
:10B69000D3CD34D6D3CD92C592CDB2CD30BDCEB4BC
:10B6A0002C9CEC936A83C76A875AE54184398431BC
:10B6B000643164294429442924214421442144211A
:10B6C000442124216429242123196419282A2B3B8D
:10B6D0002C33CA1AEB1ACF33713C7134702C70249E
:10B6E000502C10243024312CAF238E23CF3B304CF0
:10B6F0007064716CB274D374558535853485148546
:10B700005485147DF37414753685157D936C11542E
:10B71000CF43AE2BAD230F240F24CE1BCF1B512CB8
:10B72000713471349234D23CB23CD23CD33CD33CE1
:10B73000B23CD33C144D5555344DD33CD33CD33C53
:10B74000B23CB23CD33CD344D33CD33CD344B23CD4
:10B75000B23C923CB23CD33CB23CB23CB23CD33C57
:10B76000D13CB134F23CF23CD13CF13C123DF23CD4
:10B77000D134F134123D123DD134123D5345123DC6
:10B78000D134F134F234D134D134F23CF23CB1341E
:10B79000902CB134F13CB0349034B134B1345034E5
:10B7A000B254967DF895F99D199EF895F895F89DF7
:10B7B000F99DF9A519A6199EF895F895F895D895CB
:10B7C000978D7685725CF04330446D23CA026C130A
:10B7D000CD132F244F244F24B134D13C903CB13CA5
:10B7E0001245F144D13CF144534D324DF244D13C29
:10B7F000F244334DD1440E344B1BC902EA0A2B0BE1
:10B80000EE239034B1346F2C4E248F2C4F24ED1343
:10B81000AC13ED232E2CED2B8C23AD2B0E34EE33FD
:10B82000AE33EA22E711850924114521E318C31834
:10B830000319E318E318A210A210C210C310C3101A
:10B84000C318E318C218C218032123298431C44144
:10B850006652C762497BCB8B4C9C8DACEFB451C513
:10B8600072C5B2CD14D614D6F3D534D655DE54DE17
:10B8700075E675DE76E696E696E697E6B7EEB7E607
:10B8800097E6B7E6B7E6B8E6D8E6D8EED8EEF8EE33
:10B89000F9EEF9EE19EF19EFF9EEF9EE19EF19F7E4
:10B8A000F9EEF9EEFAEEF9EEF9EE1AF71AF7F9F603
:10B8B0001AF7F9F6F9EEF9EEF9EEF9EEF9EEF9EE1E
:10B8C000F9EEF9EEF9EEF9EEF9EEF9EED9EED8EE81
:10B8D000D9EEF9EEF9EEF9EEF9EEF9EEF9EEF9EE50
:10B8E000F9EED9EEB8EEB8EED8EEF9EED8EE97E66E
:10B8F00097E677E697E697E677E676E656DE15D69C
:10B90000F4CD35D655DE35D6B3C5B3C5B3CDD3CD1D
:10B9100014D614D6F3D5B2CDB2CD92CD50C530BD2C
:10B92000AEAC0C9CAA83E872A762054AC441843974
:10B930006431642944292421032103212321442142
:10B94000442124214421452924216421E621EA3A85
:10B950006C3B0B238A0A6D2392447134502C712C5A
:10B96000302C10241024312CCF23AF23CF3B515C3B
:10B97000716471649264D374147D55853485148523
:10B9800034851485F474147D367D157DB36C315C7B
:10B99000EF438D2BAE23302C3024CE13AE13302C3E
:10B9A000712C71349234B23CB23C9234B23CD33CF0
:10B9B000B23CB23CD33CF344F344D33CD33CD33C01
:10B9C000D33CD33CD33CD33CD33CD33CD33CB33C1F
:10B9D000923CB23CB23CD33CB23C9234D33CB33CFC
:10B9E000D13CD13CF23C123DD13CD13C123DF23C29
:10B9F000D134F134123DF23CD134F23C3245F23CC8
:10BA0000D12CD134F134D134D134F23CF23CB034C5
:10BA1000902CD134F23CB134B134D134D13C5034D7
:10BA2000B24C967DD895F89DF99DF895F895F89DBE
:10BA3000F89DF9A519A619A6F895D895D895B78DAA
:10BA4000978D76859364F0430F3C6D23EA026C1367
:10BA5000AD130E1C2F244F24B034D13C903CB13C8C
:10BA60001245F144D13CF144324D324DD13CB13C10
:10BA7000334D124D2F342B1B8902A902EA0A0A0BFF
:10BA8000EE239034B034B0344F248F2C4E242D1C30
:10BA9000ED1B4E2CCD238C1B4C1BEE2B0E34EE3BA2
:10BAA0000F3C891A0712A611A6210411041924219A
:10BAB00024210319E318A210A210C310C310C3104D
:10BAC000E318E318C218E220232964318439E549D8
:10BAD000875A086B8A832C948EA4CEAC30BD71C576
:10BAE000B2CDF3D514D614D614D634D655DE75DEC1
:10BAF00076DE96E6B7E6B7E697E697E6B8E6B8E606
:10BB0000D8EED8E6D8EED8EED8EED8EEF9EEF9EECB
:10BB1000F9EEF9EE19F719F719F7F9EEF9EEF9EE72
:10BB2000F9EEF9EEF9EEF9EEF9EE1AF71AF7F9F681
:10BB30001AF71AF7F9F6F9EEF9EEF9EEF9EEF9EE71
:10BB4000F9EEF9EEF9EEF9EEF9EEF9EED9EED9EEFD
:10BB5000D8EED9EEF9EEF9EEF9EED9EEF9EED9EE2E
:10BB6000F9EED9EED9EED8EED8EED8EEB8E6B8E6D2
:10BB700097E697E6B7E6B7E677E676DE56DE35D6A1
:10BB800015D655DE56DE35D693C5D4CDF4D5F4D5CD
:10BB9000F4D5F4D5D3D5B2CDB2CD92CD71C571C5A2
:10BBA000EFB44D9CAB8B0873C86A2552E541A439AC
:10BBB0006431643144292421232103212321442198
:10BBC000442144214429652944216421A519892A55
:10BBD0004C3B2B2B890A2C1B713C713C302C713453
:10BBE0001024102C312C312CCF23AF23F03B515C8F
:10BBF000716471647164D36C147D55853485F384EC
:10BC000014851485147D357D367D1575B36C315CD6
:10BC1000EF438E33AE230F243024EF1BCF1B302491
:10BC2000512C712C9134B23CB23CB23CB33CD33C6D
:10BC3000923471347134723492349234D33CF33C84
:10BC4000B23CB23CD33CD33CD33CB33CD33CB33CFE
:10BC5000923C923CB23CD33C923C9234D33CB33CB9
:10BC6000D13CD134F23C123DD13CF13C123D123D6D
:10BC7000F134F23C123DF23CD134F23C323DF1342D
:10BC8000B12CF134F234D134D134F23CF23CB03442
:10BC9000902CB134F23CB134B134D13CD13C50346D
:10BCA000914C967DD895D89DF99DF89D189EF89D4C
:10BCB000F89DD9A519A619A6D895B78DB78D768503
:10BCC000978D7785B364104CEF3B4C23EB0A6C13D4
:10BCD000AD130E1C2E1C4F24B134D13C913CD13CF1
:10BCE00032451245D13CF144324D324DD13CB03C4D
:10BCF000334D124DEE2B0B138802EA0A2A130A0B5E
:10BD0000EE239034903490342E248F2C6E244E24C5
:10BD1000ED1B0E24CD1BCD238C23EE33EE33EE33FF
:10BD2000AD33891A6922C619A6210411652144215F
:10BD300044210319C318A210A210C310C310C210CB
:10BD4000C21003210321032123294331A441465278
:10BD5000A7622873AA834D9CCEACEFB451C5B3D56E
:10BD6000F4D534D634D634D655DE75DE75DE96DE9F
:10BD700096DEB7E6D7E6D8E6B8E6B8E6D8E6D8EE77
:10BD8000F9EEF9EEF9EEF9EEF9EEF9EEF9EEF9EE7B
:10BD90001AF7F9EEF9EEF9EEF9EEF9EEF9EEF9EE41
:10BDA000F9EEF9EED9EEF9EEF9EEF9F619F7F9F642
:10BDB00019F719F7F9F6F9EEF9EEF9EEF9EEF9EEF1
:10BDC000F9EEF9EEF9EEF9EEF9F6F9EEF9EED9EE53
:10BDD000D9EEF9EEF9EEF9EEF9EEF9EEF9EED9EE6B
:10BDE000D9EEF9EEF9EEF9EED8EED8E6D8E6D8EECF
:10BDF000D8E6B8E6B8E6B8E697E6B8E697E656DEDF
:10BE000056DE76DE56DE35D693C515D635DE35DE02
:10BE1000F4D5F4D5D3CDD3CDB3CDB2CD92CD92CD93
:10BE200010BD6DA4EB8B297BE86A4652054AA43904
:10BE300084316431442944212421232124212421D3
:10BE40002419242144216521652985218519482249
:10BE50004C3B8D33CA1AEB12513C7134302C713487
:10BE6000EF23102C512C112C8F1B8E23D03B5154BF
:10BE700071647164515CB36C147D55851485F384D1
:10BE800013851485147D357D357DF47472641154E9
:10BE9000CF436D2B8D23CE1BEF1BEF1BEF1B3024ED
:10BEA000712C712C712C9234923C923CD33CF34413
:10BEB000B23C9234723492349234B234D33CF33C78
:10BEC000B23CB23CD33CD33CB33CB23CB23CB23CBF
:10BED000923C923CB23CD33CB23C9234D33CD33CF7
:10BEE000D13CD134F23C123DD134F134123D123DFB
:10BEF000F134F23C123D1235D1341235323DF23478
:10BF0000B12CF1341235D134D134F23CF23CB1349D
:10BF1000902CD134F23CB134B134D13CD13C5034CA
:10BF2000B24CB67DF895F89DF99D199E199EF89D25
:10BF3000F99DD9A519A619A6D895B78DB795768D6F
:10BF4000978D9785D36C314C0F3C4C230B0B8C1386
:10BF5000AD130E1C2E1C4F24D134F23CB13CF244E4
:10BF600032451245D13CF144334D324DD13CB13CC8
:10BF70001245124D0E2C4B1BEA0A0A130A0B0A0B30
:10BF8000CD234F2C6F348F2C6F2CD0346F2C0D1C85
:10BF9000AC13AC132E2C2E2CAD230F340F34CE3318
:10BFA0002B2BCA226922851165114419A52165210F
:10BFB00024210319C218A210A210C310C210C2106B
:10BFC000C210E218232943316439A441E44945529F
:10BFD000C76A4973CB8B8DA4EFB430BD92CDF3D536
:10BFE000F4D535D635D655D676DE76DE96DE97DEB6
:10BFF000B7E6D8E6D8E6D8E6F9EEF9EEF9EEF9E6D6
:10C00000D9E6F9EEF9EE1AEF1AEF1AEF1AF71AF766
:10C010001AF7F9EEF9EED9EED9EED9EED9EEF9EE3E
:10C02000D9EED8EED9EEF8EED9EED9EEF9EEF9F672
:10C03000F9F6F9EEF9EEF9EEF9EE19EF19EF19F755
:10C040001AF71AF7F9EE19EFF9F6F9EEF9EED9EE5B
:10C05000D9EEF9EEF9EEF9EEF9EE19EFF9EEF9EEA7
:10C06000D9EED8EED8EEF9EEF9EEF9EEF8EEF9EEFB
:10C07000F9EED8E6B8E6B8E6D8E6D8E6B8E677DE70
:10C0800097E6B7E656DE15D6B4C515D656DE55DEAC
:10C09000F4D5F4D5D4CDF4D5D3CDB2CD92CD92CDC7
:10C0A00030BDAEAC0C94497BE76A665A054AA441A0
:10C0B00084316431442924292421032103212321AB
:10C0C00024192421242144218529A52185192722E9
:10C0D0004C3BAD3B2C230B1B0F345134502C502CBC
:10C0E000302C302C312C1024AF1B8E23EF3B5154BD
:10C0F000716471647164D36C347D55851485F484E6
:10C1000014853485347D357D357DD4747264105446
:10C11000AE436D2B6D1BAE1BCE1BCE13CE1B10245E
:10C1200071347134712C923492349234D33CD344B0
:10C13000D33CB23CB23CB33CB234B234B23CD33C5C
:10C14000B23CB23CD33CD33CB23CB23CB23CB23C3D
:10C15000923C923CD33CD344B23CB23CD33CD33C23
:10C16000D134D134F23C123DD134F134123D123D80
:10C17000D134F234123D1235D1341235323D1235FC
:10C18000B12CF234123DF134D134F13CF13CB134F4
:10C19000B02CD134F23CB1349134D134D13C503450
:10C1A000D254D785199EF89DF89DF89D199EF89D4B
:10C1B000F9A5F9A519A619A6F89DF895F895D895A9
:10C1C000B78D7685D364515410446D23EB0A8C13DC
:10C1D000AD130E1C2E1C4F1CB134D13C9134D13CFC
:10C1E00012451245D13CF13C334D324DF13CB13C4E
:10C1F000124D334D0E2C2B13EA0A0A13EA022A0BB6
:10C20000CD1B2E2C90349034B034B0346F2C0D1CD8
:10C21000AC13CC1B9034ED238C1B703C503CEE33A4
:10C220000B23CA22071A440965118519851985212E
:10C2300024190319E318C210A210C210C210C210B0
:10C24000E218032123294331A441E549455AA76255
:10C2500008738A832C9CEFAC51BD71C592CDF3D588
:10C26000F3CD14D635DE55DE76DE96E6B7E697DEFC
:10C27000D7E6D8E6F8E6F9E6F9E6F9EEF9EEF9EEF2
:10C28000F9EE19EFF9EE1AEF1AEF1AEF1AEF1AEFAB
:10C29000F9EEF9EEF9EEF9EEF9EED8EED8EED8EEC9
:10C2A000D8EED8EEB8E6D8EED8EED8EED8EEF9EE65
:10C2B000F9EEF9EEF9EEF9EEF9EEF9EE19F719F7F4
:10C2C00019F7F9F6F9EEF9EEF9EEF9EED8EED8EE47
:10C2D000D8EED8EED8EED8EED9EEF9EEF9EED9EEEA
:10C2E000D8E6D8E6D8E6F9EEF9EEF9EEF9EEF9EE91
:10C2F000F9EEF9EEF9EEF9E6D9EED8E6B8E698E609
:10C30000B8E6D8E677DEF5CD16D636D656DE56DE5A
:10C3100035D635D6F4D5F4D5B3CDD3CD92C571C5C8
:10C3200051C5EFB46DA46983C76A665A2552C441EA
:10C330008439643144292421032103210319031979
:10C340002419242124214421A529C6298519071A45
:10C350002B338D3B4C2B0B1BAE2B50349134502C7C
:10C36000302C10241024F023AF1B8E23EF3B5154AC
:10C37000715C91649264D36C347D55851485148509
:10C38000348D3485347D357D357DF474726410547C
:10C39000AF436D2B6D23AE1BCE1BAE138D13CE1B87
:10C3A000512C712C9134B23CB23492349234B23C60
:10C3B000923C9234B23CB23CB2349234B23CD33C64
:10C3C000B23CB23CB23CB33CB23C9234923CB23C44
:10C3D000923C9234B23CD33CB23C923CB33CD33C12
:10C3E000B134B134F134F23CD134F134323D123D48
:10C3F000D134F234123DF134F1341235323D12357C
:10C40000D12C1235123DF234D134F134F13CB13437
:10C41000902CB134F13CB02C9034B134B134503460
:10C42000D354F785399E199EF99DF89D199EF89D64
:10C43000F9A5F9A519A619A6F99DF895F89DD8951D
:10C44000978D7685B364315430446D23EA0A6C13BA
:10C45000AD130E140E1C2F1CB12CB1349034B13C12
:10C4600033451245F13CF244334D324DF13CD13C61
:10C47000324D53550E2CEA0ACA0A2B130A0B2B0B0A
:10C48000CD1B2E2CB13CD13CD13C8F346F2C2E24B3
:10C49000CC1B2E2CB034CD1B8C1BB1442F342F3C25
:10C4A0000B23AA22E71965110722E621A5196519B0
:10C4B00024190319E318C318A210C210C210C2181D
:10C4C0000321232123296331C4412552A762287BFC
:10C4D0006983EB936DA410B571C592C5B2CDF3D548
:10C4E000D3CD14D655DE96DE76DEB7E6D8EEB7E6C7
:10C4F000B8E6D8E6F8EEF8E6F8EEF9EE19EF39EF1F
:10C500003AEF3AEF1AEF19EF19EF19EFF9EEF9EEEA
:10C51000F9EED8EED8EED8EED8EEB7EEB7EED8EE0C
:10C52000B7EEB7E697E697E6D7EED8EED8EED8EEB8
:10C53000F9EEF9EEF9EEF9EEF9EEF9EEF9EE19EFA2
:10C54000F9F6F9EEF9EEF9EED8EED8EED8EEB8EE4F
:10C55000B8EEB8EEB8E6B8E6B8E6B8E6D8E6B8E6BB
:10C56000B8E6D8E6F9EEF9EEF9EEF9EEF9EE19EFE4
:10C5700019EF1AEF19EFF9EE19EF19EFD8E6B8DE57
:10C58000D8E6D8E677DEF5CD77DE77D677DE77DECC
:10C5900056D656DE15D6F4D5B3C5D3CD93C572C5E0
:10C5A00051C530BD8DA4AA8BE77286622552E54144
:10C5B000A439843144292421232103210319041996
:10C5C0000419242124214421A529C629A511E619ED
:10C5D0002B336C3B4C2B0B1B6D2350349134502C64
:10C5E0003024EF1B101C1024D0238E23CF3B30545B
:10C5F000515C926C9264D374347D5585F4841485B7
:10C60000558D3485347D357D357DF474726C1054D0
:10C61000AE434C2B8D23CE23EF1BAE136D0BAE130D
:10C620001024502C712C92349234712C7134923429
:10C6300072349234B23CD33CD33CB23CD33CF33C56
:10C64000B23C9234B23CB23C923C9234923CB23C0A
:10C65000B23C9234B23CB23C9234B23CB33CD33C98
:10C66000B12CB134F134F23CD134F234323D123DCC
:10C67000D1341235123DF234F1341235323D1235D7
:10C68000D1341235123DF134D134F134F23CD1348D
:10C69000902CB134D134902C902CB134B1342F2C57
:10C6A000D254D785199E199E199EF89D189EF89D03
:10C6B000F9A5F9A5F9A5F99DF99DD895B895B8956D
:10C6C000978D7685B364304C30446D23EA026C0B51
:10C6D000CD130E140E1C2F1CB12CD1349034D13C30
:10C6E00033453245F23CF244334D334DF244D13CB4
:10C6F0001245124D0E2CEA0ACA0A0B0B2B0B2B0B00
:10C70000AC1B4F2CD13CD13CB03CB0346F2C2E2410
:10C71000ED1B4F2CB03CED23CD23903C2F340F3C30
:10C720000B23CA22071A8511482A272AE6216419F1
:10C7300023190319E318C310A210C210C210C218A3
:10C74000E21802214331E541875AC76A0873497BE1
:10C75000EB934DA4AEAC30BD71C592C5D3CDF3D52E
:10C76000F3D534D675DE96E6B7E6B7E6B7E6B7E6B4
:10C77000B7E6D8E6D8E6D8E6D8E6D8E6F8EE19EF78
:10C78000F9EEF8E6F8E6D8E6F8E6D8E6D8E6B7E651
:10C79000B7E6B7E697E697E696E696E6B6EED7EE04
:10C7A00096E696E676DE76DE97E6B7E6B7E6B8E694
:10C7B000D8EED8EEF9EEF9EEF9EEF9EEF9EEF9EE83
:10C7C000F9F6F9EED8EED8EED8EEB8EEB8EEB7E658
:10C7D000B8EEB7E697E697E697E697E6B8E6B8E6E6
:10C7E000B7E6D8E6F8EEF8EED8E6D8E6D9E6D9E628
:10C7F000F9EE19EFD9E6D9E6F9E6F9E6B8E698DEFA
:10C80000D8E6B8DE57D615CEB8DE97D697DEB7DEB7
:10C8100077D656D635D635D6B3C5D3CD93C592C5C2
:10C8200071C530BDAEAC0B94497BC76A455A054A09
:10C83000C5418539643124292321042104190419AF
:10C8400004192419452165218521E621A519E61140
:10C850000B336C3B6D332C232C1B0F2C712C502C69
:10C860003024102431243124D0236E23CF3B305484
:10C87000505C92647264B26C147D3585F4841485C6
:10C8800034853485147D357D357DF474726C105497
:10C890008E3B4C2B8D230F242F24EF1B8D13AE13B7
:10C8A00010243024512C91347134512C7134923431
:10C8B00071347234B23CD344D33CB23CB23CD33C2E
:10C8C000923C9234B23CB33CB23C9234923CB23C87
:10C8D000B23C7234B23CB23C923CB23CB33CD33C2E
:10C8E000D134D134F23CF23CB134D134123DF23483
:10C8F000D1341235123DF134D134F2341235F234E0
:10C90000D134F234123DD134B134F134F23CB1348B
:10C91000902CB134D134B02C9034B134B1342F2CAC
:10C92000B24CB67DF89DF89DF99DF89DF895D89587
:10C93000F89DF9A5F9A5D89D199EF895B78DB795DD
:10C94000968D9685B364304C30448D23EA026C0B8F
:10C95000CD130E140E142F1CB12CD1349034D134BD
:10C9600033453245F23CF24432453245F244F13C23
:10C97000324DF1440E2C2B13C902CA020A0B0A03D2
:10C98000AD1B4F2C6F2CED23CD1B6F2C8F344E2401
:10C99000CC1B4F2CF13CED23ED234F34703CCD2BC1
:10C9A0004C2BEB2A071AA619072A272A062AA521A3
:10C9B0002319E318E318C310C210C310C218E218F9
:10C9C00002214329A439254AA76208736983EA939F
:10C9D0004CA4AEAC0FBD71C592CDB2CDD3CDD3CDED
:10C9E00014D634DE55DE96E6B7E6B7E697E6B7E648
:10C9F000D8EEB7E697DE97DEB7E6B7E6B7E697DE9E
:10CA000076DE76DE96DE96DE97DE96DE76DE76DE05
:10CA100055DE75DE76E696E696E696E695E696E6C9
:10CA200075DE96E676E655DE76DE76DE96E697E607
:10CA3000B8E6D8EED8EEF9EEF9EEF9EEF9EEF9EE49
:10CA4000F9EED8EED8EED8EEB8EEB8EEB7E697E647
:10CA500097E697E677E676DE77E697E697E6B7E637
:10CA600097E6B7E6B8E6D8E6D8E6B8E6B8E6B8DEC0
:10CA7000B8E6D8E6B8DE98DE98DEB8DEB8DEB8DE16
:10CA8000B8DE77D636CE36CEB8DE98DE97DEB8DEA4
:10CA900097D676D635D656D6D3C5B3C593C592C5E7
:10CAA00092C530BDAEAC4CA4AA8B0873665A255211
:10CAB000C541A43964312421232104210419041916
:10CAC00004190419452165218521C621A519C6111E
:10CAD000AA2A6C3B6D334C230C13EF23302C712CA2
:10CAE0003024102451241024AF1B4D1BAF33304C85
:10CAF000305C716471649264F3743585F4841485D8
:10CB000034853485347D357D357DF474726C1054F4
:10CB1000CE438D33CE2B302C702C3024CE1BCE1B2D
:10CB2000EF1B3024712CB234923471349234B23C05
:10CB300092349234B23CD33CB23CB234B23CD33C9B
:10CB4000B23C923CB23CD33CB23C92349234923CE4
:10CB500092347134B23CB23CB23CB23CB23CB23CD6
:10CB6000D134D134F23CF23CB134F134123DF23CD8
:10CB7000D134123D323DF134D134F234F234D13477
:10CB8000D12CF234F234D134B134F134F23CD1341A
:10CB9000B02CD134F134B02C9034D134B1342F2CAA
:10CBA000914C967DF895F89DD89DD895F89DF89D67
:10CBB000F89DD89DD89DF99D199EF895B78DB78D94
:10CBC000978D7685D364304C30448D23EA0A6C0B04
:10CBD000CD130E140E142F1C912CD1349134B1347A
:10CBE0003345123DF23CF23C32453245F13CF13CDA
:10CBF0001245F244EE2B4B13EA0AC902C9022B0B71
:10CC0000AC1B2E2CED234B0BAC138F34B03C4F2CB4
:10CC1000CC136F2CB03CED23CD2350344F348C23F8
:10CC2000CE3B0B2B271AC619272AA942263284216C
:10CC3000231903190319E318C310E318E318E218C2
:10CC4000E2184329E541875A0873497B0B946CA489
:10CC5000AEB4EFB430BD51C592CDB2CDD3CDF4D585
:10CC600054DE55DE76DE76DE76DE96E676DE56DE5F
:10CC700035D615D6F4CD35D655D6F4CD93C5B3C536
:10CC800092BD92BDB3C5F4CDD4CDD3C592C571BD0F
:10CC900051BDB2C5F3CD54DE55DE54DE55E654DE4B
:10CCA00055E676E655E635DE14D676DE97E697E667
:10CCB000D8EEF8EEF9EEF8EEF9EE19EFF9F6F9EE36
:10CCC000D8EED8EEB8EEB7E697E6B7E6B7E697E661
:10CCD00076E676DE76E656DE56DE56DE76E676E6F4
:10CCE00076DE56DE56DE56DE56DE56D656D656D69C
:10CCF00056D656D656D636CE36CE36CE36CE77D653
:10CD000097D636CE15CE97D697D6B8DE97D677D6A5
:10CD100077D697D676D635D615CEF4CDD3CD92C567
:10CD200071C530BDCEAC6CA42C9C8A83A662465AD9
:10CD3000E549A43964312429232103210419041964
:10CD400004192519452165214419A521E619C611A3
:10CD5000481A2C33AE3B6D2B2C1B8E1B502C912C68
:10CD60003024101C312431248E1B4D1BEF3B5054BA
:10CD70000F54305C91647164D3743585D37C148511
:10CD80003485758D357D1475157DF4747264305C51
:10CD90000F4CCE3BAD2B2F2C30240F1C0F240F2417
:10CDA00010243024712C923492349234B234B23C38
:10CDB000923C9234923CB33CB234B234B23CB23C7A
:10CDC0009234923CB33CD33CB23C923C923C923481
:10CDD00092347134B23CB23CB23C923CB23CB23C74
:10CDE000B134D134F23CF23CB134D134123DF23C96
:10CDF000F134123D123DF134D134F234123DF234AB
:10CE0000D12CF234F234D12CB12CF134F23CD134A7
:10CE1000B134F134F23CB1349134D13CB1342F34DB
:10CE2000B24C967D1896F99DF89DF895199E199E1D
:10CE3000F99DD89DF9A519A6399EF895B78DB78D9E
:10CE4000978D7685D364304C30448D23EA024C0BA9
:10CE5000AD130E142E1C2F1CB12CD134912CD134B7
:10CE6000123D123DF23CF23C13451245D13CD13CFF
:10CE70001245F2440E2C4B1BEA0ACA02C9022B0BC4
:10CE8000CD1BEE238C134A0BED23D13CB03C2E245A
:10CE9000AC134F2CD13CED23EE23903C0F34AD2B43
:10CEA000AD330B2B4822272AE942673AE631842129
:10CEB0000319E318E318E318C310C218C218E218E4
:10CEC00002214329E541A762497BAA8B6DA4CEB418
:10CED0002FBD50C571C592C5B2CDB2CDD3CDF4D55D
:10CEE00035D675DE96DE55DE14D6F4CDD3CD72BDC3
:10CEF00031B552BD52BD31B5F0ACAFA46E9C4D9C66
:10CF00004E9C4D9C4E9C6E9C4E9C4E9C4D9C2D94DC
:10CF10002C9C6EA4AFAC10B551BD71C5B2CDF3D58C
:10CF200014DE55DE34DE14D614D675DE96E6B7E68A
:10CF3000D8EED8EEF9EED8EEF8EEF9EEF9EED9EE3D
:10CF4000D8EEB8E697E697E697E697E697E676E6B0
:10CF500076E656DE56DE56DE35DE35DE14D6F4D500
:10CF6000F4CDD3CDB3C592C552BD31B511B531B5F0
:10CF700011AD32B532B552B552B532AD32B552B54A
:10CF800073B552B593BD36CE35CE36CE36CE35CE10
:10CF900036CE76D676D655D615CE14CED3C572BD3E
:10CFA00051C550C50FB5AEAC6DA4EB932873876225
:10CFB0002552C54184314429032103190419041958
:10CFC00024192519452185298521C629072AE7190C
:10CFD000481A4C33EF43AE334D1B6D13302C912C5C
:10CFE0001024EF1B302431248E1B4D1BCF3B304CC3
:10CFF000CE4B0F5C305C515CB374147DF4841485AB
:10D0000034855585357DF474157DF474726C505CEF
:10D010002F54CE3B6C23CD1BCE1BEE1B0F24502C6C
:10D0200030243024512C9234923492349234B23CD5
:10D03000923C71349234B23CB2349234B23CD33C20
:10D04000B23CB23CD33CD33CB23CB23CB23CB23C2E
:10D05000923C7134B23CB23C923C923CB23CB23C09
:10D06000D134D134F23CF23CB134D134123DF23CF3
:10D07000D134123D123DD134D134F234123DF23468
:10D08000D12CF134F234D12CB12CF134F23CD13426
:10D09000B134F134F134B1349134D134B134503449
:10D0A000B24C967DF895F89DF89DF89D199E199EB5
:10D0B000F89DF9A5F9A519A6399EF895B78D978D14
:10D0C00096859685D364304C103C8D23EA024C0B38
:10D0D000AD130E142E1C4F1CD12CF234B134D134AC
:10D0E000123D123DD23CF23C13451245F13CD13C7D
:10D0F0001245F24C2F346C1BEA0AC902EA022B0BD0
:10D10000CD1BCD1B4B0B8C13B03C324D90340E24F9
:10D11000CC1B4F2CD13CED23EE23B13CEE2BEE3358
:10D12000AD2B4B2BEA2A682A4B5B47422642A4319F
:10D130000219C218E318C318C218C318C218E2189B
:10D1400002214229E441C762AA832B9CCEB42FBDA1
:10D1500071C571C591CDB2CDB2CDD3CDF3D514D6B5
:10D16000F4CDD3C5B3C593C531B5CFA48F9C6E9C08
:10D170006E9C6E9C6E9C2D94CC8BAB838B838B832F
:10D180006A7B297B09730973E86AE872E872C86AE6
:10D19000E872087B49838A8BCB930C9CAEAC0FBDA5
:10D1A00071C5D2D5D2D5F3D514D635DE55DE97E686
:10D1B000B7E6D8EED8EED8EED8EED9EED8EEB8E68F
:10D1C000B8E697E697E697E697E697E697E676E677
:10D1D00076E635DE15DE14DEF4D592CD31BDAFAC8A
:10D1E0008EA46EA42D9C0C94EC93CC8BCC8BCC8B0E
:10D1F000CC8BEC8BED8B0D8C0D8C0D8C0D8C0D8CEC
:10D200004E942D8C4E9411A531AD72B552AD52B5E0
:10D2100072B5D3C535CE35D6F4CDD3C5B3C572BD41
:10D2200051C550C530BDAEAC8DA44C9CAA8BE86AEC
:10D230004652C54184314329032103192419241975
:10D24000452125194521652965298521072A272298
:10D25000281A2C330F44EF3B6D234D133024712CCF
:10D260001024EF1B101C3024AF1B6D1BCF3B0F4C49
:10D270008E43CF530F54305CB374148514853585B9
:10D2800035853585147DF474157DF474726C5164A4
:10D290000F54AD336C23AD1BEE1BEF1B5024712CD0
:10D2A000502430245024912C923491349234D33C25
:10D2B000B23471349234B23CB2349234B23CD33C86
:10D2C000B23CB23CB33CD33CB23C923CB23CB23CEC
:10D2D000B23C7234B23CB23C923C923CB33CB33C64
:10D2E000D134D134123DF23CB134D134F23CF23C71
:10D2F000D134123D123DF134D134F2341235F134CF
:10D30000D12CF134F234D134D12CF134F23CD1347B
:10D31000B134D134F134B1349034B134B134503407
:10D32000B24CB67DF895D89DF895F895F895F89596
:10D33000D89DF9A5F9A5199E199EF895B78D978DD9
:10D3400096859685B364304C103C8D23EA026C0BB5
:10D35000AD130E142E1C4F1CD12CD234912CD13471
:10D36000123D123DD23CD23C12451245F13CF244F2
:10D37000124DF244703CCD230A0BCA020A0B4B0B30
:10D380008C138C136C13CD1BF14412456F342E2C6F
:10D39000ED236F2CD13CCD1BEE23913CCE2B0F34D3
:10D3A0000E346C2B2A33682A8C634B6BC95AE541C7
:10D3B0002229E218C218E318E320E318C218E21881
:10D3C000E2204229044AE86AEB8B8DA40FBD50C5C8
:10D3D00091CD91CD92CDB2CDB3CDF3D5F3D5B2C52C
:10D3E00010B5AFA46E9C6E9C0C94AB83AB83EC8B9E
:10D3F000CB8B8B836A7B4A7B29732973297B0973C7
:10D40000E872A76A87626662666266626662466200
:10D4100066626662866AC772E77A08838A8B0B9CAB
:10D420008EAC30BD71C5B2CDF3D514DE35DE76DEFF
:10D43000B7E6D8E6D8EED8EED8E6D8EED8E6B8E625
:10D44000B8E697E677E677DE77DE76DE76DE56DEDE
:10D4500035DEF4D5D3D592CD31BD8EACEC9B69834E
:10D46000287B0873C772C76AC76AC76AC86AC86A6E
:10D47000E86A097329734A7B6A7B6A7B6A7B8A7BC9
:10D480008B7B4A736A73EC832D8C4E944D942D8C58
:10D490006E94AF9C31B592BDB3BDD3CDF4CDB2C5C2
:10D4A00071C571C530BDCEAC8DAC8DA40C94297303
:10D4B000665AE549633123290321241924192419C3
:10D4C00045196521A631863165296521E72907229D
:10D4D000271AEA2ACF3B0F3CAE234D13302C512C98
:10D4E0001024EF1B10241024CF236D23AE33EF4BF9
:10D4F0008E43CE53EF53305CD3743585358D3585EF
:10D50000358D3485147D1475157DF474726C505C02
:10D510000F4C8D334C1B8D13CE1BEF1B5024712CE5
:10D52000502430245024912C923491349234D33CA2
:10D53000B23C92349234D33CB23C9234B23CD33CB1
:10D54000B23C9234B23CB23C923C9234B23CB23CDB
:10D55000B23C7234B23C923C92349234B23CB23C13
:10D56000D134D134123DF23CB134D134123DF23CCD
:10D57000D134F23C123DF134D12CF1341235F13476
:10D58000D12CF12CF234D134D134F134F23CD134F9
:10D59000B134D134F134B1349034B134B134503485
:10D5A000D254B77DF895D895D895D795D895D79575
:10D5B000D89DF9A5F9A5F99D199EF895B78D978D78
:10D5C00097859685D364304C103C8D23EA0A6C0B0A
:10D5D000CD130E142E1C2F1CB12CD134902CB13431
:10D5E000123D123DD13CD13C12451245F244124548
:10D5F000124DF24CB1442F342B13EA022B0B2B0BA0
:10D600002B038C138C13AD1B903CB13C6F344F2C0F
:10D61000ED236F2C9034CD1B0E245034EE2B2F3481
:10D62000703C8C2BAC3BC8322A5BAC7B8862C54912
:10D630002229E220E2200321E320C318C218E218C5
:10D6400002214231254A28732C94CEAC50BD70C5BE
:10D65000B1CDB2CDB2CDB2CDB2CDB2CD51BDCFAC48
:10D660004D94EC8BAB838A83497B2973497B698317
:10D670006A83497B297B297B097B087BE872A76A3F
:10D68000666A466246624562466246624662456234
:10D690004662666A866AA672A672C6722883898BFB
:10D6A0000B9CCEB430BD71C5D3D514DE35DE76DE2D
:10D6B000B7E6B8E6D8E6D8E6D9E6D9E6B8E6B8E6F9
:10D6C000B8E697E677DE56DE56DE56DE35D6F4D57A
:10D6D000F4D5B3CD51C5F0B46DA4CB932883C772F4
:10D6E000A672866A65626562656266626662666285
:10D6F0006662A76AC86A0973497B4A7B497B497B92
:10D700006A7B497B49736A7B6A7B8B83CB830C8CF6
:10D71000CC8BCB830C948E9CF0AC71BDB3C592C501
:10D7200071C571C530BD0FB5CEB4CEAC4D9C297B53
:10D730008762054A64310321031904192419241945
:10D7400024198529E739C63985316429E629282A2B
:10D75000271ACA22CE3B303CCF2B2C13102C302C56
:10D760001024F023101C1024EF236D23AE33CE437E
:10D77000AE4BEF53EF535164D3743585358D14851B
:10D780003585347D147D1575157DF474726C305CAF
:10D79000EF4B8D334C1B8D1BEE1B0F1C5024712C3B
:10D7A000712C5024512C9234B23491349234B23CC6
:10D7B000B23C92349234D33CB23C9234B23CD33C2F
:10D7C000923C9234B23CB23C923C923CB23CD33C50
:10D7D000B23C9234B23CB23C92349234B23CB23C51
:10D7E000B134D134F23CF23CD134F23C123D123D22
:10D7F000F23C123D123DF134B12CF1341235F234C9
:10D80000D12CF12C1235F134D134F134F23CB13455
:10D81000B02CD134F134B02C702C913491342F349D
:10D82000F354D785F895B795B795B78DB78DB78D64
:10D83000D89DF89DF99D199E199EF895B78D978DE5
:10D8400097857685D3641044103C6D23EA0A6C0BEF
:10D85000CD130E142E1C4F1CB12CB134902CB134AE
:10D86000123D123DD13CD13C12451245F2441245C5
:10D87000F244F14CF24C90444C1BEA020A0B2A038E
:10D88000EA02AD13CD1B8C137034B13C90346F346D
:10D89000CD1B2E2C6F34CD1BEE230F2CEE2B2F34F3
:10D8A000903CCD2B2E4C093B674A0A73065A84499B
:10D8B0000129E12002210321C320C318C210E2186C
:10D8C00002214231254A49736D9CEEAC70C5B1CD41
:10D8D000B2CDB2CDD3CDD3CD92CD51BDAEAC0C94A3
:10D8E000CB8B8A836A838A83698369836983898B03
:10D8F0008A8BAA8BAA8B6A8B498B49830883C77A48
:10D900008772866A866A87728772876A666A4562E4
:10D91000866AA672C77AC77AC67AE77A2883899315
:10D92000EB9B8DB4EFBC30C592CD14D635DE76DEE0
:10D9300097E6B7E6D8E6D8E6B8E6B8E6B8E6B8E6D9
:10D9400098E677DE77DE56DE36D635D615D6D4CDD8
:10D95000B3CD51C5F0BC8EACEB9B698B0883C77A05
:10D96000A672A66A866A866A866A866A866A666217
:10D970004562456266628662A76AC76AE772087393
:10D98000497B697B697B697B697B8A83CB8B0C9440
:10D99000AB838A83AB83EB8B2C948EA430B571BDA3
:10D9A00071C571C530BD0FBDEFB4EFB46DA46A830E
:10D9B0008762064A84310321E318031924194519A3
:10D9C00044218529284ACA62895A8531A5294832C5
:10D9D0004822CA22CE3B303CEF2B0C0B102C312CB2
:10D9E00010241024101CEF1BCF236D238E33CE4345
:10D9F000AE4BEE530F5C5164F3745585358D148531
:10DA00003485147D157D157D357DF474926C305C04
:10DA1000EF4B8D336C1BCD1B0F1C0F1C502450245F
:10DA200050245024512C912C9234712C7134B234E6
:10DA3000B23471349234B23492349234B23CD33C26
:10DA4000B23CB23CB23CB33CB23C9234B23CB23C8D
:10DA500092347134B23CB23C923C923CB23CB23C07
:10DA6000B12CD134F23CF23CD134F134123D123DB0
:10DA7000F23C123D123DF134B12CD1341235F23466
:10DA8000D12CF12C1235D134D134F134F134B134FC
:10DA9000902CD134F134902C702CB134B1342F341B
:10DAA000F354F785F895B795B795B78D978D978D02
:10DAB0009795B895B895F895199EF895B78D978D67
:10DAC0007685567DD364F043103C6D230B0B4C0BD5
:10DAD000AD0BEE132E1C4F1CB12CB134702CB13495
:10DAE000123D123DD13CD13C1345334D12451245F8
:10DAF000124DD144F24CD1444C1BC9022B0B2B0BC1
:10DB00000A03CD13EE1BAD1B9034D144B03C9034CE
:10DB10000E242E2CB0340E240E240E2C0F34503C28
:10DB2000903CED2B2E4C4A4B674AC96A0562A451C2
:10DB30004231222923290321C320C218E3180319E3
:10DB400022214229254A8A7BAEA42FB591C5D2CD88
:10DB5000B1CDD2CDD3CDD3CD71C5CFAC4C9CEB9351
:10DB6000AA8B8A8BCA930C9C4CA46CA48DACADB4CC
:10DB7000ADB4CEBCCEBC8DB46DB44DAC4CAC2CAC05
:10DB8000EB9BCB9BEC9BEC9BCB9BAA936A8B498337
:10DB9000698B4883488B28832783488B8993CA9B4A
:10DBA0000BA46DACAEB410BD51C5D3D514D656DEA2
:10DBB00076DE97E6B8E6B8E6B8E6B8E6B8E6B8E6E0
:10DBC00098E677DE57DE56D636D635D615D6D4CD7E
:10DBD00072C531BDCFB46DACEB9B8A93488B088383
:10DBE000C67AE77AE77AE77AE77AE772E772E77266
:10DBF000A66AA66A866AA66AC772E7720873287B55
:10DC00006983AB8B0C942C9C4D9C4D9C2C9CEC9371
:10DC1000CB8BCB8BEC93EB93EB8B0C94AEA430BD06
:10DC200071C591C550BD2FBD0FB5EFB4AEACCB8B58
:10DC3000A762064A64310321E3180419241945191F
:10DC40004421853168528D7B8D83274A852927326F
:10DC50006822A922AD330F3C0F340C0B102C312C51
:10DC600010241024101CCF1BCF236D238E33EE4BBA
:10DC7000CE53EE53305C5164D3745585358D348565
:10DC80003585357D357D157D157DF474926C305C60
:10DC9000EF4BAD334C1B8D13CE13EE133024712498
:10DCA00050245024512C912C9134712C7134B23465
:10DCB000923471349234B23492349234B23CD33CC4
:10DCC000B33CB23CB23CD33C923C92349234923C52
:10DCD00072347134B23CB23CB23CB23CD33CD33C23
:10DCE000D134D134123DF23CB134D134123DF23C46
:10DCF000F234F234123DF234B12CD1341235F13415
:10DD0000D12CF1341235D134D134F134F134B13471
:10DD1000902CD134F134902C702CB134D13C50344F
:10DD2000D354F785F895B795B795978D96859785D0
:10DD3000778D778D9795B895F895D88D978D768551
:10DD4000567D357DD364EF4330444C1B0B0B4C0B9D
:10DD50008C0BEE130E1C4F1CB12CB134702CD13433
:10DD6000123D123DD13CF23C334D334D124512452C
:10DD7000124DD144124DD14C4B1BCA024B136C13A4
:10DD80002B038D13CD1BAD1B9034B03CB03CB13C8C
:10DD90004F2C2F2CF1442E2C0E240E2C2F34B0445B
:10DDA000903CCD2B0D44EC5BE95A055AA359A35185
:10DDB000C449843943312329E320E320031903199B
:10DDC00022214229254AAB83EFAC30B591C5B2CDB3
:10DDD00091C5B2CDD2CDB2CD50BD6DA40B940B9CEC
:10DDE0000B9C4CA46DACADACEFB470CD91D591CD86
:10DDF00091D5B2D5B2D591D591D550CD50CD71CD6B
:10DE000051CD51CD71CD71C531C510BDCFB4AEB4BA
:10DE10006DAC0CA4CA9B8993A993EA9BEA9B0BA4C3
:10DE20004CAC6DACAEB40FBD51C5D3CD14D635DE00
:10DE300076DE97DEB8E6B8E6B8E6B8E6B8E6B8E665
:10DE400098E677DE56D656D636D615D6F4CDB3CD6F
:10DE500051C510BDAFB46DAC2CA4CB9B8993488B3E
:10DE6000488B698B898B898B698B8A8B8A8B8A8B90
:10DE70008A8B8A8B8A8BAA93CB93EB930C9C2C9CDA
:10DE80008EA4EFB430BD10B510BD10BDF0B4AFAC72
:10DE90008EAC8EA46EA44D9C0C94CB8B2C94AEA413
:10DEA00051BD92C571C550BD10BDEFB4AEACEC8B89
:10DEB000E86A26526331022103192419241904192E
:10DEC0004421C6392752EA722B7B685AC639273A51
:10DED0008932C9228D330F3C0F340C13F02B312CB7
:10DEE000102430241024CF1BCF236D23AE33EF4BEF
:10DEF000CE53CE53305C5164D3745585358D348503
:10DF000055853585357D157D157DF474926C305CB5
:10DF1000EF4B8D336C1BAD1BCE13EF1330247124EC
:10DF200071247124712C912C9234712C9234B2345E
:10DF300092349234B234B2349234B234B23CB23C01
:10DF4000B23C923CB23CB33CB23C92349234B23CD0
:10DF500092347134B23CB23CB23CB23CB33CB33CC0
:10DF6000D12CD12C1235123DF1341235123DF23440
:10DF7000D134F234123DF234B12CD1341235F234B2
:10DF8000B12CF22CF234D134D12CF1341135D134FE
:10DF9000B02CD134D134902C902CD134B1342F2CDE
:10DFA000B254B785D895978D768D768DB78D978538
:10DFB000978D768D778DB895D895B78D7785768541
:10DFC000367D1575935CCF3B103C6D230B0B6C0BB2
:10DFD000AD130E1C2E1C4F1CB12CD1349034D134F7
:10DFE000F23CF23CD13CF23C334D324DF14412450F
:10DFF000324DD144F24CD14C2B13C9024C136C134B
:10E00000EA022B036C13ED2390349034F144D03C9E
:10E010002F2C7034D13C2E2CED230E2C2F346F344A
:10E020009034ED2B0D4C2E6CCC830462A259A25976
:10E03000E4590552E5498439233103290321032199
:10E04000222143312652CB8BF0B450BD92C5D2CDA4
:10E05000B2CDD2CDD2CDB1C530BDADAC6CACADB4CE
:10E06000CDB4EEB42FBD50C591CDD2D5F3D514DECD
:10E07000F4DD14DE14DE14D614D613D634D634D61A
:10E0800035DE35DE55DE76E635DE14D615D6B3CD73
:10E0900052C5F0BC4DAC2DAC4DAC4DAC2CAC6CAC09
:10E0A0006DB46DB4AEB410BD51C571C5D3CD35DE00
:10E0B00055DE76DE97E6B8E6B8E6B8E6B8E6B8E646
:10E0C000B8E697DE56D636D635D614D6D3CD72C539
:10E0D00010BDEFBCAEB46DB42CACEBA3CA9BCA9B15
:10E0E000A993CA9BCA9B0B9CEA9B0BA42CA44DAC86
:10E0F0006DAC8EB4AEB4AEB4CFB4EFB4EFB40FB574
:10E1000071BDB2CDB2CD92C5D3D5F4D5B3CD92C544
:10E1100052BD72C510B5AEAC6DA40C940B948DA419
:10E1200051BD92C571C551BD30BD10BDAFAC0C9491
:10E130002973255283310221022103212421242124
:10E1400064298431C649265A065A47620652074254
:10E15000CA3AA92A2B2BEE3BEE332C1BEF2B102CAB
:10E16000F023F023F023EF1BAF238E238E331054C4
:10E170001054CF53305C3064D37434853585348586
:10E18000558555853585157DF47C1475926430541C
:10E19000EF4BAE338D23CD1BEE1BEF13301C502401
:10E1A00050245024712C92349134712C9234923436
:10E1B000B23492349234B23CB23C9234B23CB23C6F
:10E1C000B23C9234923CB33CB23C9234B23CD33C2D
:10E1D000923CB23CB23C923CB23CB23CB23CD344E6
:10E1E000D12CD12C1235123DF234123D333DF23C8C
:10E1F000D134F234123DF234D12CF1341235F234F0
:10E20000B12CF12CF234D134D134F2341235D13472
:10E21000B034F13CF134902C902CD13491340F2C4B
:10E22000D254B785D895978D778D978DB78D978573
:10E23000978D7685778DB895B895988D7785567D2D
:10E24000367DF574725CAF3B103C6D23EB0A4C13CA
:10E25000AD130E1C0E1C2F1CB02CB134702CB1341D
:10E26000123DF23CD13CF23C33451245F244124D92
:10E270005255F14CF14C9044EA0A68020B0B4C13D6
:10E28000EA02EA024C0BEE239034D13CD13C903CA4
:10E290006F346F34903CEE23CD232F2C6F3CB03C79
:10E2A000D0340E2C0D4C6F7C6E9C456AC261A25915
:10E2B000C359255A465AE5496339232903210321C5
:10E2C000222963314652EC8BF0AC30B592C5B2CD09
:10E2D000D2CDD2CDD2CDB2CD70C52FBD0EBD2FC502
:10E2E00070C590CDB1CDD2D5F3D513DE34DE35DE99
:10E2F00035DE55DE56DE75DE75D675D675D675D625
:10E3000096DE97E697E697E677DE76DE56E615DE4A
:10E31000D4D572CD11C5CFBCAEB48EB48DB48DB48E
:10E32000AEB4ADB4CEBC0FBD30C571C5D3CD34D6FF
:10E3300035D656DE77DE98E6B8E6B8E6B8E6B8E653
:10E3400098DE77DE56D635D615D6F4D5B2CD51C582
:10E35000CFBCAEB48DB46DAC2CAC0BA40BA40BA491
:10E360000BA40AA42BA44CA48DB4CEB40FBD30C50D
:10E3700030C530C530C551C571CD91C571C571C5A8
:10E3800091C5D2CDD3CDF3CD15D615D6F4D5F4D5D0
:10E39000F4D5D4CD72C530BDEFB48EA46D9CAEA4BF
:10E3A00051BD91C571C551BD30BDF0B48EA40C9462
:10E3B0002973254A83312221022103212421442962
:10E3C00064296431A441C551E559E559C54906425E
:10E3D000A942A92A0B2BEE430F3C4C23CF23102C30
:10E3E0001024EF1BEF1BEF23AF238E23AE333154EA
:10E3F000115CD053305C3164D37C348534853485F2
:10E40000558555851585147DF47C14759264515499
:10E41000EF4BAE338D23CE1B0F1C0F1C302450242A
:10E4200050245024712C922C9134712C92349234BB
:10E43000B23492349234B23CB23C9234B23CD23CCC
:10E44000B33C9234923CB23C923C9234923CD33CEA
:10E45000923CB23CB23C923CB23CB23CB23CD33C6B
:10E46000D134D134123D123DF134123D323DF23CF3
:10E47000D134F23C123DF234D12CF1341235123544
:10E48000B12CF12CF234D134D134F2341235D134F0
:10E49000B034F13CF134902C902CB13491343034C0
:10E4A000B254B77DD88D978D778D778D978576858A
:10E4B00056855685778D9795B895978D5685367D77
:10E4C000367DD46C52548F3B30446D23EA0A4C1392
:10E4D000AD130E1C0E1C2F1CB12CD134702CB1347A
:10E4E000F234F234D134D23C13451245F13C11459B
:10E4F000324D114DF14CB0444B1BA9020B0B4C1388
:10E50000EA02CA028C132F2C6F34D13CD13CB03CB0
:10E510006F347034B13CEE23AD232F34903CD03CAB
:10E52000B0342E340E4C9084D0AC6672A261A261DD
:10E53000E459255A465A2652A441433143292329F6
:10E5400042298339875A0C8C10B510B592C5D2CDAB
:10E55000D3CDD3CDD3CDB2CDB2CDB1C590C591CDB4
:10E56000B1CDB1CDD2D5F2D513D633D634D634D63B
:10E5700075DE55D655D655D655D675D676D696D699
:10E5800076DE97E676DE76DE77DE56DE56DE56E619
:10E5900015DEF4D5B3D551CD10C5EFBCCEBCCEBC85
:10E5A000CEBCCEBCCEBCEFBC30C550C5B2CD14D6AF
:10E5B00015D635D676DE97DE98E6B8E6B8E6B8E644
:10E5C00097DE56D636D615D6F4CDD3CD92CD30BD06
:10E5D000AEB46DB44CAC6CAC4CAC2CAC2CAC4CAC08
:10E5E0004CAC4CAC8DB4CEB430C551C591CD92CDB0
:10E5F000D3D5D3D5B3D5B3D5B3D5D3D5F3D5D3CD23
:10E60000B2CDD3CDD3CDF3D514D614D614D635DEB2
:10E6100056DE35D6D3CD92C571BD30B5EFACEFAC7B
:10E6200051BD92C592C551C531BDF0B48EA40C94B4
:10E630002973054A633122292321232124292429EE
:10E6400043296439A549C5510662E559C449E541E4
:10E65000CA4ACA32CA2AAD3BEE3B6C23AE23512CC8
:10E660001024CF1BEF1B0F24AE238E23CF33515426
:10E67000525C105C315C516CF37C5585348534857B
:10E6800055853585F47C147DF474F474B36C515C59
:10E69000F04BAE338D23CE230F1C2F1C302450247F
:10E6A00050245024512C912C9134712C923492345A
:10E6B000923492349234B23CB23CB234B23CD23C4A
:10E6C000D33C923C923CB23C923C9234923CD33C40
:10E6D000B23CB23C923C923CB23CB23CB23CD33CE9
:10E6E000D134F134123D123DD134D134123DF134E4
:10E6F000F134123D323DF234D12CF1341235F23482
:10E70000B12CF22CF234D134B134F134F134D02CB8
:10E71000B02CD13CF13CB02C902CB134913430343D
:10E72000B254B77DD78D768D768D76857685357D9D
:10E7300056857685778D978D978D7785567D367D35
:10E74000157DB46C11548E3330446D23CA024C13C2
:10E75000CD130E1C0E1C2F1CB134D134702CB134CF
:10E76000F234F234D134D23C33451245D13CF14439
:10E770001145F144F14CD14CCD2B0B0B2B136C13E9
:10E78000EA02C902AD1B0E248C1B2E2CD13CB03CDE
:10E79000903CB03CD144EE23AD1B2F34903C903CD8
:10E7A0004F2C2E340E4C6F7C11B50883A261036A86
:10E7B000456A055A265A475A0652A44184314329CC
:10E7C00042318339A7622D9430B530B5B2CDF3D53F
:10E7D000D3CDD3D5D3D5D3CDD2CDD2CDB1C5B1C57F
:10E7E000B2CDB2CDD2CDF2D513D633D633D633D6C1
:10E7F00054D654D654D655D655D676DE76DE76DE49
:10E8000097E697E676E696E697E656DE15D615D6AF
:10E81000D4D5D4D5F4D5B2D551CD0FC5EFC4CEBC27
:10E82000CEBCCEBCCEBCEEBC0FBD50C5B2CDF3D578
:10E8300014D635D656DE77DE97DE98DEB8DEB8DE43
:10E8400077DE56D615D6F4CDD3CDB3CD71C5EFBC9A
:10E850006DB44CAC4CAC4CB46CB44CAC4CB46DB46E
:10E86000AEB4CFBC30C571CD91CDB2CDB2CDD2D585
:10E87000F3D5F3D514DE14DEF3D514DE35DE14DE65
:10E8800014DE14DE14DE14D614D614D614D635D6FF
:10E8900055DE35D614CEF3CDB2C572BD51BD51BDD6
:10E8A00072BDB2C592C571C551BD10B5AEAC2D9447
:10E8B0004A73054A433123294329432964314431AA
:10E8C00084398439A541A449E559055A265A265266
:10E8D000EA52EB42CA2A4C33AD336C23AE1B51349F
:10E8E0001024CF1B0F241024AE1B6D23CF33725482
:10E8F0009264315C3164726CF37C55853485348567
:10E9000055851485F47C157DF474F474D36C515CD6
:10E91000EF43AE338D23CE1B0F1C0F1C301C502435
:10E9200050245024512C912C712C712C723492341F
:10E93000923472349234B23CB23C9234B234B23C2F
:10E94000D33C923C923CB23C923C9234923CB33CDD
:10E95000923C923C923CB23CB23CB23CB23CB23CA7
:10E96000D134F134123D1235B134D134123DF23C80
:10E97000D134F23C323DF234D12CF1341235F13441
:10E98000B12CF234F23CD134D134F134F134B0341E
:10E99000B02CF13CF13CB034902CB1349134303493
:10E9A000B254967DB78D978D778D768D7685567D11
:10E9B0007685978D9795978D978D7785367D367D62
:10E9C000F5749364114C8E3330446D23CA024C139A
:10E9D000AD13EE1B0E1C2F1CD134D134702CB1346E
:10E9E000123D123DD134D13C12451245F14432451D
:10E9F0001245F144D144B044EE2B0B0B2B0B6C139E
:10EA0000EA02A902AD1BAD1BE9026B13D144903C95
:10EA10007034903CB144CE23AD234F34903C6F34DE
:10EA20002E2C2E340E4C0E6CF1ACECA3C361447250
:10EA3000666A055A465A886A4762E549A4398431AC
:10EA400042318339A7624D9430B550BDB2CDD3D594
:10EA5000B2CDD3D5F4D5F3D5D3CDD2C5B2C5D2C5B9
:10EA6000B2CDB3CDD3CDF3D513D613D613D613D69B
:10EA700012D612D613D613D634DE55DE55E656E638
:10EA800076E656DE56DE96E697E697E656DEF4D54F
:10EA9000D3D572CD92CD92D530C52FC52FC5EEBC42
:10EAA000EEC4EEBCEEBC0EC52FC570C5B2CDF3D51D
:10EAB00014D655D656DE77DE97DE97DEB8DEB7DEA3
:10EAC00077DE56D615D6F4CDD3CDB2CD50C5CEBC5B
:10EAD0006CB44CAC4CAC6CB46CB46CB48DB4AEBC1B
:10EAE0000FC530C551CD71CD92CD92CDB2CDF3D5FC
:10EAF00034D634DE35DE14D6F4D514DE35DE14DE3D
:10EB0000F3D514DE14DE14DE34DE34D634D635D636
:10EB100055D634D614D6F4CDB3CD92C592C572C5B0
:10EB200092C5D3C5B2CD92C571BD10B5AFAC4E9CE8
:10EB30006B7BE5494329432964318431C541E6496A
:10EB4000E6498441A541A549E559055A4662675AF7
:10EB5000A852EA4ACA326C33AD338D238D1B302C58
:10EB60001024CF1B101C1024AE1B6D1BCF3372540E
:10EB70009264315C315C926CF47C358534853485EB
:10EB800035851485F47C1585F474F474B36C515494
:10EB9000EF43AE336D23CE1B0F1C0F1C301C5124D2
:10EBA00051243024512C91347134712C71349234AD
:10EBB000923471349234B23CB2349234B234B23CB6
:10EBC000B33C9234923CB23C923472349234B23CB4
:10EBD00092349234B23CB23CB23CB23CB33CB33C13
:10EBE000D12CD134123D1235D134D134123D123DE5
:10EBF000B134F134123DF134B12CF1341235F13429
:10EC0000B12CF234F23CD134D134F23C113DD13448
:10EC10009034D13CF134B034902CB1349134303450
:10EC2000B24C767DB78D978D9795978DB78D9785DB
:10EC3000B78DD895B8959795978D7785367D367D24
:10EC4000D4749364114C8E3330446D23CA026C0B20
:10EC5000AD13EE1B0E1C2F1CB12CD134702CB13413
:10EC6000123DF234D134D13C124512451245324D99
:10EC70001145F144D14CB044EE2BEA020B0B6C135E
:10EC80000A03C902AD1B8C13C9026B13D1444F3464
:10EC9000CD237034B144EE2BEE237034703C4F34EE
:10ECA0004F2C4F3C0E4CED638F9CEC9BE361457207
:10ECB000456A045A055A666247620652C541A4393C
:10ECC00062398339A7626D9C30B551BDB2C5B2CDF2
:10ECD000B3D5F4D5F4DDF4D5D3CDB2C5B2C5B2C544
:10ECE000B2CDB2CDD3CDF2D5D2D5D2D5D1D5B1D545
:10ECF000B1D5B1CD70CD50C530BD10BDCFB48FAC46
:10ED0000AFACAFACD0ACF0AC11B5B3CD35DE55DEA9
:10ED1000F4D5D3D530C530C530C550CD0EC50EC5E0
:10ED20000EC5EEC4EEC40EC52FC570C591CDF3D58A
:10ED300014D635D676DE96DE97DEB7DEB8DEB7DEE1
:10ED400077DE55D614D6F4D5D3CD92CD30C5AEBC32
:10ED50006CB44BAC4BAC6CB48DBCADBCCEC4EFC48E
:10ED600010C5F0C451CD51C5D3D5D3D555DE75E608
:10ED700076DE96E6B6E6B7E696E696EE56E6F4DD7D
:10ED800014DE14E614DE14DE14DE34DE55DE54DE4A
:10ED900034D614D613D6F3CDD3CDB3CDB3CD92C5DF
:10EDA000B3C5D3C5B2C592C571BD30B5CFAC6E9CED
:10EDB0008B7BE6494331433144318439264AA8628A
:10EDC0002752A549C549275A065AE55905620552F1
:10EDD0002642A942EB3A6D3BAE338D23AD23302C56
:10EDE0001024EF1B0F1C1024AE1B6D1BAF3372548D
:10EDF0009264515C5264926C147D358555853585DD
:10EE000035853585F47C3585147DF474B36C3154C7
:10EE1000104CAE338D23CE1B0F1C0F143024712CDD
:10EE2000502C3024502C712C7134712C713492344C
:10EE3000923471349234B23CB2349234B234B23C33
:10EE4000B23C9234923CB23C923C72349234B23C2A
:10EE5000923C9234B23CD33C923CB23CD344D34437
:10EE6000B02CD134123D123DD134F134123D123D5B
:10EE7000B134F134123DD134B12CF1341235F134C6
:10EE8000B12CF234F23CD134D134F23C113DD034C7
:10EE90009034D134D134B034902CB13491343034F6
:10EEA000B24C75759785978DB795B78DB78DB78D22
:10EEB000D78DD8959795978DB88D7785367D1575B3
:10EEC000B46C735C11548F3B303C6D1BEA024C0BED
:10EED000CD130E1C0E1C2E1C902CB12C702CB1349A
:10EEE000F234F234D134F23C33453245F144114529
:10EEF000F144F144F14CB144EE2BC902EA026C1327
:10EF0000EA02C902AD1B8C130A0BCD234F34AD1B93
:10EF10004B134F34F2440F2CEE2B7034703470349A
:10EF20009034903CCE43AD5BCD8329830462046A68
:10EF3000256225622662055A055A265A064AC541A7
:10EF40008339A341A7628E9C30B571BDB2C5B2CDE5
:10EF5000D3D5F4D5F4D5F4D5D3CDB2CD91C591C5E3
:10EF6000B2CD92CD92CDB1D571D550CD0FC5EEC4F5
:10EF70008DBC6CB40BA4CA9BAA93CA938A8B8A8B50
:10EF80004A7B2973E96AA762A7620973AB8B4E9C1F
:10EF900051C592CD30C530C50FC52FCDCDC4EECCF7
:10EFA0000ECDEEC4CEC40EC52EC52FC570CDD2CDAC
:10EFB000F3D514D656DE96DE97DEB8DEB8DEB7DEC1
:10EFC00096DE55D614D6F3CDB2CD91CD0FC5ADBCDE
:10EFD0006CB44CB44CB46CBCADBCCDC4EEC40FC569
:10EFE000EFC40FC571CD92D514E6F4DD35DE35DE04
:10EFF000D4CDF4CDD3C592C5B3CDD4D5D4DDD3D53E
:10F00000F4DDF4DDF4DDF3D5F3D514DE34DE13DE08
:10F01000F3D5F3D5F3D5D2CDB2CDB3CDB2C592C52C
:10F02000B3C5D3C5B2C592C571BD30B5CFAC8E9C4A
:10F030008B7BE6496431643143316339065288621F
:10F0400068620652C649E651C551A459C459C45113
:10F05000C541483ACB3A6D3BAE33AD23CE232F2C7E
:10F060003024EF1BEF1BEF1BAE1B6D1BAF33725435
:10F07000925C52647264B36C157D357D56855585FE
:10F080003585558D15853585157DF474B3643154FA
:10F09000104CCE338D23CE1B0F1C0F1C301C512C5B
:10F0A000512C3024302C712C7134712C71349234E9
:10F0B000923471349234B234B2349234B234B234C1
:10F0C000B23C9234B234B23C923492349234B23C78
:10F0D000B23C923CB23CD33C923C923CD344D344AD
:10F0E000B02CD134F23CF23CD134F134123DF13445
:10F0F000D134F23C123DD134B12CF1341235F1341B
:10F10000B12CF234F23CD13CD134F23CF13CB0347D
:10F11000B034D13CD13CB034902CB1349134303443
:10F12000B25475759685978DB895978DB78DB785BF
:10F13000B78DB78D778D978DB895778515751575C2
:10F14000B36C725C314CAF3B103C6D1BEA024C0B54
:10F15000EE1B0E1C0E1C2E1C902C902C702CD134EF
:10F16000F234F234D134D23C13451245F144114506
:10F170001145F144F14CB144EE2BA902CA024B0BEC
:10F18000C902EA02AD1B8C1B6C132E2CCD232B0B5A
:10F190004C135034D244EE2BEE2B703C903C903408
:10F1A000F13C903C6C338C536B73876A456AC3594E
:10F1B000045AA772C8724662E559055A0652C541FB
:10F1C0008341C341A7628EA430B571C5B2CDD2CD03
:10F1D000D3CDF4D5F4D5F3D5F3D5D2CD91CD91C51A
:10F1E00071C550CD50CD30CD0FC5ADBC2BB4EAAB01
:10F1F000689369938993AA93AA8B6983E76A665A8D
:10F200000652C54184396339633963396339265AF3
:10F21000297BEC9310BDB3D5AEBCCEC40FCD0ECDC3
:10F22000EECCCDC4CDC4EEC40EC52FC550CDB2CDED
:10F23000D3D514D655DE76DE97DEB8DED8DED8DE3E
:10F2400096DE35D614D6D3CDB2D571CD0FC58DBCD3
:10F250006CBC6CB46CB48DBCCDC4EEC4EEC4EEC456
:10F2600030CD51CDB3D5D3DDB3D511BD8FA44E9CD8
:10F270004E94AFA4AFA4AFA4AFACAFAC8FAC6EACA8
:10F280008EACCFB410C571CDB2D5D2D5D2DDB2D54A
:10F29000D2D5F3DDF3D5B2CD92CD92C592C5B2C52C
:10F2A000B3C5D3CDB2C5B2C571C530B5EFAC8F9C77
:10F2B000AC7B064A6431843964396339C4492552C8
:10F2C000A8626862E649A5498449C459E461C45901
:10F2D000A441073ACB3A8E43CE33AE23CE230F2C34
:10F2E0003024EF1BEF1BCF1BAE1B6D1BAE2B7254DC
:10F2F000925C725C9264936C147D157D55853585A6
:10F300003585768D15853585357D1475D36C5154CD
:10F31000104CCE338D23CE1B0F1C0F14301C5024E9
:10F32000512C3024302C71347134712C713492345E
:10F33000923471349234B23492349234B234B2345E
:10F34000B23C92349234B234923471349234B23C3E
:10F35000B23C923CB23CD33C923C923CD344F3440A
:10F36000B02CD134F23C123DD134F134123DF13C99
:10F37000D134F23C123DD134B12CF1341235D134B8
:10F38000D12CF134F23CB134B134F134F134B02C3D
:10F390009034D134F13CB134902CB13490342F2CD2
:10F3A000924C556D9785978D9795978D9685B785D6
:10F3B000B78DB795978D9795B88D7785367DF46C19
:10F3C00093647364114CAF3B103C6D1BEA022B033A
:10F3D000AD13EE1B0E140E1C902CB134902C902CFF
:10F3E000F23C123DD13CD23CF244F244F144124D85
:10F3F000124DF14CF14CB14CCD2BA902EA0A0B0B8A
:10F40000C9020A03CD232F2C6F3470348C1B2B0BB5
:10F410008C1B5034F24C0F34CE23703CD2449034C9
:10F42000D134903CAD336C4B6B6B09732562456AEC
:10F430006562A76AC872676A055AC451C549E54939
:10F44000A341C449A7626EA430BD92C5B2CDD3CD4D
:10F45000D3CDF3CDF3D5F3D5F3D5B2D571CD50CD12
:10F460004FCD2FCD0FCDEECC4CB4AAA3489328930B
:10F47000288B8A93AA8B29736652254AC439222184
:10F48000232123296431C539E6416431032923311D
:10F49000633905526A83F0BC72CDAEBCCFC4EFCCE9
:10F4A000ADC4CDC4CDC4EEC40EC54FCD70CDB1D565
:10F4B000B2CD14D655DE56DE97DEB8DED8DEB8DE25
:10F4C00076DE55D614D6D3D5B2D571CD0FC5ADBC29
:10F4D0008DBC8CBCADBCADC4EEC4EEC4CEC4EFC418
:10F4E00050C5B2CDB2CD6EA42A7B675A675A885AEE
:10F4F000EA628C73ED83ED830D942D946EA48EAC33
:10F500004DA4EC9BEB9BEB9B2CA4AEBC30CD91D5DA
:10F5100091D5B1D591D591D5B2CD92CD92C5B2C587
:10F52000D3CDF4CDD3CDB2C571BD30B5F0ACAFA461
:10F530008B7B064A853964318439C5490552465A60
:10F54000A86A8862E64984418449E561046AA3594E
:10F550006341E639CB3A8E43EF3B8E23EE230F24F3
:10F560001024EF1BEF1BEF1B8E1B6D1BAE2B514CA2
:10F57000725C525C7264B36C157D157D3585357D8A
:10F580003585768D35853585357D157DD46C725CF8
:10F59000314CCF3B8D23CE1B0F1CEE13301C512C56
:10F5A000512C3024512C71347134713471347134D4
:10F5B0007234512C7134B234B2349234B234D23CFD
:10F5C000B23492349234B2349234712C7234B23CEC
:10F5D000B23C9234923CB23C9234923CD344F344D9
:10F5E000B02CD134F23CF23CD134F134123DF13C38
:10F5F000D134F134F23CD134B12CF1341235D13460
:10F60000B12CF134F23CD13CB134D134D134B02CF2
:10F61000902CD134F13CB134902CB13490342F2C57
:10F62000924C7575B78D978D978D768D7685B78D44
:10F63000B78DB795978D9795988D7785367DF46CB6
:10F64000B36C735C314C8F3B103C4D1BEA024B0B8F
:10F65000AD13ED13EE132F1CB12CB12C902CB13443
:10F66000123D123DD23CD23C1245F244D13C1145F0
:10F67000124DF14CD14C9044AD238902EA0A2B0B78
:10F68000A9020A030E2CB13CF144B03C8C1B0B0BBD
:10F690008C1B903C13550F2CAD235034B1442F2CB0
:10F6A000D134903C2B2B4B434B6325524562C772A0
:10F6B000087BE872876A876A2662A451A449844954
:10F6C000C449C44986626EA410BD92C5B2CDD3CDE3
:10F6D000F3CDF3CD13CE13D6F3D5B2D571CD2FCD57
:10F6E0000ECDCDC48CBC2BB4AAA3699B4993298BA6
:10F6F0002983A76AE4498339A331C5394321E21834
:10F700004429073A684A2C634C6B6952C63923294D
:10F71000223143390552E872F0C410CDEFCCAEC4AB
:10F720008DC40ECDEECCADBCCDC42FCD70CDB1D53A
:10F73000D3D514D656DE76DE97DEB8E6B8DEB7DE71
:10F7400076DE55DE14D6F3D5D2D571CD0FC5CEBC3D
:10F75000ADC4ADBCCDC4ADC4CEC4EEC4CEC451CDD9
:10F7600092CD31BD6A83E449633964394331442918
:10F7700085316431A539C541054A2652C86A4A7B9C
:10F78000AB8B0C9C0C9CAA9BAA9B288B48936DBCB2
:10F7900050D550D530CD30CD71CDB2CDB2CDB2C572
:10F7A000D3CDF4CDD3CDB2C591C551BD10B5AFA465
:10F7B000AC83064A84398439C549265A6662876211
:10F7C000C86A8862C649644163496351A361056A96
:10F7D000C449C531AA3A8E43CF33AE23EF23302C30
:10F7E0003024EF1BEF1BEF1BAE1B6D1BAE2B514CE0
:10F7F000725C315C525CB36C357D157D3585357D31
:10F80000147D558515853585157D357DD46C925CC7
:10F81000314CCF3B8D23CE1B0F1CEF13101C512CF2
:10F82000512C3024512C7134723471347134713450
:10F83000723471349234B23CB23CB234B234D23C01
:10F84000B23CB234B234B2349234712C7234B23C21
:10F85000923491349234B23C923C923CD344D3449F
:10F86000B02CD12C12351235D134F134123DF23C8A
:10F87000D134F134F234D134B02CD134F234D13427
:10F88000D12CF23C123DD13CB134F134F134B034DE
:10F89000702CD134F13CB134902CB13491342F34EC
:10F8A000924C9675D78D978D768D76859785B78D89
:10F8B000D895D89597959795978D7785367DF56CE2
:10F8C000B36C525C314C8F33EF3B4C1BEA026C0B38
:10F8D000AD13CD13ED134F1CD134B12C902CB1349A
:10F8E000123DF23CD13CD23C1245F244D13CF144B1
:10F8F000124DF14CD14C90446C238802EA0A2B1330
:10F90000CA020A032F2CF244124D70346C130B0BF5
:10F91000AD23B24454550F34AD232F2C903C2F2CE3
:10F92000B13C2F340B23C93A6742A441497B8A8BEF
:10F93000EC938A8BE87A466AA45963518451A449AE
:10F94000C449A34946624DA410BD92C5B2CDF3CDC2
:10F9500014D634CE34D613D613DED2D550D5EEC459
:10F960008CBC6CBC6CBC2CB4AAA34993C882466AFC
:10F97000C45183418339E5410A634B6BA531E218D9
:10F980000319A631A631073A2742A631A531232112
:10F990000221054A265283416A83F0C431CDCEC488
:10F9A000AEC4EECCCEC48DBCEEC40FC54FCD91D548
:10F9B000D3D534DE76E697E6B7E6B8E6B8DE97DE6E
:10F9C00097DE76DE35DE14D6D3D571CD2FC5EEC4E5
:10F9D000CDBCADC4ADC4AEC4CEC4EFC40FC592D5CA
:10F9E00010BD2973A441433123296431C639484AE3
:10F9F000694AE73985312321E22002298439E4412B
:10FA00000452C7726A8B698B8A93699B2893089307
:10FA100089A34CB4EFCC0FCD30C570C5B1CDD2CDDC
:10FA2000D3CDF3CDD3CDD2CD92C571BD31B5AFA479
:10FA30008B7BE549A441E549465AA762C86AC8726A
:10FA4000C8724762C54984498451C4614572C782FE
:10FA5000255A842969326D3BAE33AE23EF23302C17
:10FA60003024EF1BEF1BEF1BAE1B6D1BAE2B514C5D
:10FA7000725C515C525CB36C357D357D3585357D6E
:10FA8000147D5585F47C3585157D357DF46C925C4F
:10FA9000314CCF3B8E23CE1BEF1BEF13101C512C90
:10FAA000512C302C512C9234923472347234923462
:10FAB000923471349234B23CB23C9234B234B23C9F
:10FAC000B23CB234B234B2347134712C9234B23CA0
:10FAD000923491349234D33CB23C923CD344D33CE4
:10FAE000B02CD12CF234F234D134F134123DF23C4A
:10FAF000D134D134F234D134B02CF1341235D13484
:10FB0000D134123D1245D23CD134F13CF13CB134F8
:10FB1000902CD134F13CB134902CB134B134503408
:10FB2000B24C967DD78D978D778D778DB78DD78D8C
:10FB3000B795B89598959795978D7785367DF56C9F
:10FB400093643254114C8E33103C4D1BEA028C13DB
:10FB5000CD13ED13ED134F1CD12CB12C902CD134BF
:10FB6000F23CF23CD13CD23C1345F244D144F14446
:10FB7000114DD14CB14C70444B1B6802EA022B0B67
:10FB8000EA020A032F2CD144D1444F344B132B0BE0
:10FB9000AD23703CB244CE2BCE230F2C903C70345E
:10FBA000903CCD2BEA22682AE539665A8EAC6DA4CA
:10FBB000EB936A8BC87AA3594251C459A451A451FA
:10FBC000C451A349255A4D9C10B591C5D2CDF3CD52
:10FBD00054D654D654D634D634DEF3DD71D5EEC4C3
:10FBE0002BAC899B2893C78A4572E461A35963496A
:10FBF0008341C441675A6B73B19C4F8CC539232133
:10FC00006421E631A5292321E31844298431643194
:10FC1000C018875AAC83665AA3512DA4F0C430CDC6
:10FC2000CFC4EEC4CEC4CEC40FCD0FC530C591D560
:10FC3000F3D535DE97E6B7E6B8E6D8E6D8E6B8E617
:10FC400097DE76DE55DE14D6D3D571CD30C5EFC440
:10FC5000CEBCCEBC8DB4EFC40FC50FC551CDEFBC2B
:10FC60000973E5492652064223296429E7394842A7
:10FC70000C630C63CA5AA639032123290642A85AE9
:10FC8000E449A3494562A772C882088B2993E78A91
:10FC9000E78AAAA36DBCAEBC0FC550C5B1CDD2CD0D
:10FCA000F3CDF3CDF3CDF3CD92C571C531BDAFA486
:10FCB0008B830552C549E549E551465AE872297BCF
:10FCC0004A7B6762434143416772E88AC78AA77AE1
:10FCD000465A8429482A2C338E33AE23EF23302C06
:10FCE0003024EF1BEF1BEF1BAE1B8D1BAE33514CB3
:10FCF000725C525C5264D374357D5685558535856A
:10FD000014855585F47C3585157D357DF46C725CE4
:10FD1000104CCF3B8E23CE1BEF1BEF13101C512C2E
:10FD2000512C512C512C923492347234923492349E
:10FD3000923471349234B23CB23492349234B2344C
:10FD4000B2349234B2349234713471349234B23C5D
:10FD5000923471349234D33CB23C923CD33CB23CAA
:10FD6000B12CD12CF234F234D134D134123DF23CE6
:10FD7000D134F134F234D134B12CF2341235F234BE
:10FD8000D12CF23CF23CD13CB134F134F134902C22
:10FD9000902CD134D134902C702CB134B1345034F7
:10FDA000D254B67DD78D978D978D978DD895D78D59
:10FDB000978DB78D97959795778D5685367DD46CB1
:10FDC00093643154F04B8E33103C6D1BEA026C0B84
:10FDD000CD13EE13EE132F1CB12CD134B02CD13433
:10FDE000123DF23CB134D23C334D1245F144F14462
:10FDF000124DF14CB0446F3C0B134702CA020B0B7F
:10FE0000CA020A032F2CD144D1444F346C132B0B5C
:10FE10008D1BAD238D1B2B13CE235034B13C703C76
:10FE2000B144EE3B8922E6216329465AEC9369836B
:10FE3000087BC772666AA359C361E569A459E5598D
:10FE4000C451C351255A0C9C0FB571C5D3CD13CEE7
:10FE500055D655D675DE75DE75E634E6B2D530C5B5
:10FE60006DB48A9BC7824572A3616251A359C4597C
:10FE7000055A67628B7BB09C74BD909CC54102297A
:10FE8000A531674A06422329E22084310642A4397B
:10FE9000C020C862D0A46A7B65620462AEBC92DDF9
:10FEA0000FCD0FCD0FCD0FC50FC50FC571CD91CDA6
:10FEB000D3D535DE97E6B8E6D8EEF9EEF9EED9E619
:10FEC00097E677DE55DE14D6D3D571CD30C50FC594
:10FED000CEBCCEBCAEBCEFC410C531CD10C58B932B
:10FEE000C451A862CD834752022164296429442168
:10FEF0008531C639C641443103214329A9522E8494
:10FF00006B7B6762E451C451E461056A667AA7823B
:10FF1000E78A2893AAA30CACCEBC50C5B2CDD2CDF3
:10FF2000F3CDF3CD13CEF3CDB2C571C531BDAFACBA
:10FF30008B830552C449C449A341E4496662A86A57
:10FF4000A76A265A634905626A9B6AA3A68A667AEB
:10FF5000465AC539682A4C33AE33CE2B0F2C503459
:10FF6000302CEF1BEF1BEF1BAE1B6D1BCF337254FE
:10FF7000925C72645264D374357D5585568555857F
:10FF80003585358DF4843585157D357DD46C525C91
:10FF9000D0438E338E23CE1BEF1BEF13101C512C3E
:10FFA000512C312C512C7134713471349134923480
:10FFB000923471347134923C923471349234B2344C
:10FFC000B2349234B234B23492349234923CB23C71
:10FFD000923471349234D33CB23C9234B23CB23C51
:10FFE000B12CD12CF234F234B134D134123DF2348C
:10FFF000B134F134F234D134B12CF2341235F2345C
:020000040802F0
:10000000D12CF234F23CD13CB134F134D134902CC7
:10001000902CB134D134902C7024B02C91342F34E6
:10002000D254B67D978D778D97959795D895B78D46
:10003000978D979597959795778D7785367DD46C25
:1000400093643254D0438E33EF334D1BEA024C0B92
:10005000AD13EE130E144F1CB12CD134B12CD1348E
:10006000123DF23CB134F23C334D1245F14411459E
:10007000324DF14CB044703C0A134802CA020B03E3
:10008000C9020A032F2CB13C903C4F348C1B2B0B24
:100090008D1B6D1B0B0BEB0ACE23703CB13C903CCF
:1000A00070446C33071AC629843129736EAC898B6E
:1000B000287BE77A66728672667AE461C4592662A2
:1000C000045A045A455AEB93EFB471C5D3CD14D6F4
:1000D00035D655DE76DE96E696E695E634DEB2D582
:1000E00030C5CFBC4DB4ECA36A93098B0883298338
:1000F000297B6A830D94B0A473BD32B5A96A02311D
:10010000A439A85A6752C541A441E549054A2229A4
:10011000A0184A7351B56E9C4983456A867A14EEDD
:1001200092DD0FC50FC550CD50CD70CD91CD91CD85
:10013000D3D535DE97E6B8E6D8EEF9EE19EFF9EE4D
:10014000B8E697E656DE14D6D3D592CD50C52FC566
:10015000EFC4CEBCEFC4CFBCEFC410C5ECA3676A3C
:100160008762ED93F1ACA85A2229C5390642853140
:10017000232903292431A64185390221884A4F8C3D
:10018000F1A40E940A73065AC459E561C4618359F7
:10019000A361E469A67A498B6DACEFBCB2CD13D6EE
:1001A00013CE13CE13CEF3D5B2CD72C530BDAFACE6
:1001B000497B055205520552E449C451E451E451CA
:1001C000C4498341055A4A8B6A9BC7928582867AC5
:1001D0004662053A88324C3BCE3BCE331034303445
:1001E000302CCF1BCF1BEF1BAE1B6D1BAE337154DE
:1001F000725C52645164B36C147D358556855585A7
:10020000358D558D35853585357D357DF474315485
:100210008F3B6D2B8E23CE1BEF1B0F1C101C512C04
:10022000512C312C512C71347134713491349234FD
:1002300092347134713492349234713492349234F1
:10024000B23492349234B23CB23492349234923416
:10025000B23C71349234B23C92347134B23CB23C10
:10026000D12CD12CF234F234B12CD134F23CF13413
:10027000B12CF234123DD134B12CF2341235F234B7
:10028000D12CF234F23CD13CB134F134F134B02C05
:10029000702CB134D134902C7024B02C90342F2C8D
:1002A000D254967D76855685778D978DD895B78D66
:1002B000B795B79598959895778D7785367DD46C59
:1002C0007364525CAF3B8E33CF334C1BEA024B0B53
:1002D000AD13EE13EE134F1CB12CD134B02CB1344E
:1002E000123DF234D134F23C334D1245F13CF1442D
:1002F000324DF14CD14490442B138802EA020B0B8F
:10030000EA020A032F2C903470344F348D1B2B0BD0
:100310008D1BAE232C134C13CE235034903C9044B1
:100320000F44C922A511E631064A4EA451C54CA47A
:100330002CA4EB9B298BE782667AE469256A466ADE
:100340004562656245628A83EFAC71BDF3CD14D618
:1003500055D676DE97E6B7E6B7E6B6E695E654DE1E
:1003600013DEF3DD92D530CDCEBC4DB42DAC4DAC0B
:100370006EACAFACD0ACF0AC52BD73BDAC83433906
:10038000C1288441E651275A265A0652A441E12841
:1003900043316F9C93C5D0AC0D9CE87A83514DB42A
:1003A000F3E571CD30CD91D5D2DDB1D591D5B2D5B2
:1003B000F4D555DE97E6D8E6F9EE1AEF3AEF1AEFE4
:1003C000D8EEB7E656DE15D6D3D5B2CD71CD50CD29
:1003D00030C50FC530C510C531CD8EB4C87A87720F
:1003E000CC93D1AC73BD6B732229A4398852E541FB
:1003F00023314339854127528439E2202A63F2A40C
:10040000B5BD12B52E9C2A7BE659E559E559A3598D
:100410006351A359467228836DAC30C5F3D534DEE1
:1004200034D634D613D6F3D5D3CD72C510BDAFAC08
:10043000297B255225522552255A255AE551C4516A
:10044000055262410562098BA78A658AC792C782F5
:100450006662E439A8324C3BAD33EF3310343034AC
:10046000102CCF1BCE1BCF1B8D1B4D1BAE337154DD
:10047000725C5264315C936CF47C358555853585AE
:10048000558D558D558D3585358556851575315468
:100490006E334D2B8E23CE23EF1B0F1CF01B312C04
:1004A000512C312C512C713471347134913492347B
:1004B000923471347134923492347234923492346E
:1004C000923471347134B23C923C72349234923C26
:1004D000B23C71349234B23C91347134B23CB23C8F
:1004E000D12CD134F234F234B12CD134F23CF13489
:1004F000B12CD234123DD134B12CD1341235F23476
:10050000D12CF23C123DD13CB134F134F134B13450
:10051000902CD134F134B02C902CB13490342F2C59
:10052000B24C96757685568D778D978DD895D895E2
:10053000D895B79598959895778D7785367DB46CD5
:10054000725C525C8E3B6E33AE2B4C130A034C0B29
:10055000CD13EE13EE134F1CB12CB12C902CB12CFB
:10056000F234F234D134F23C534D1245D13CF144D3
:10057000124DF144D144D1446C1BA9020B0B2B0B3F
:10058000CA020A032F2C703470345034AD1B2B1365
:10059000AE23AE232C138D1BEE2B4F342F34503C47
:1005A0000E446822A519E631875AD0B4EFBCAEB428
:1005B0008DAC8DB42CACE782C361046AA77AA77AAC
:1005C000666A866A2562497BCFAC71BD13CE34D68C
:1005D00055DE76E6B7E6D7EED7EED7E6D7E6B6E64F
:1005E00096EE95EE54EE13E6B2DD0FCDEFC430CDAE
:1005F00051CD72CD92C572C532B593BDB0A4C96A52
:100600002339C230234144412339E230A128023149
:10061000475AB0A432B56FA40D9CCC9BC882098BFD
:10062000D3DDD3DDB3D5F3DDF2DDF3D5D2D513DEE3
:1006300014DE76E6B8EED8EE19EF3AEF5AEF3AEF5D
:10064000F9EEB8E656DE15D6F4D5D3D592CD91CDD8
:1006500071CD71CD50C592D5D3DD0DA4466A6A8B9C
:100660008FAC11BD73BD4E9483392229875A675AC6
:10067000C5490752075AE651E22802290E8CD5BD1A
:1006800074BDD2AC2E946B834762A872E87AE8827C
:100690008772C87A6A930CA430C5B2D514DE34DEF2
:1006A00054DE54D614D614D6F3CD72C5F0B4AFAC24
:1006B000097B255A0552255A465A4662265A255A1A
:1006C000E451E4510562867AA68AE79A68A3899B79
:1006D000A762C431A93A4C3B8D33EF331034302C30
:1006E000102CCE1BCF1BEF23AE1B6D1BAF339254D0
:1006F00092647264315C936CF47C35853585358504
:10070000558D558D558D158535855685357D3154DD
:100710004D334D2B8E23CF23EF1BEF1BEF1B3024CC
:10072000312C3024512C7134713471347134923441
:100730009234713471349234923C923492349234C3
:10074000923451347134B23C923C72349234B23CA3
:10075000B23C71347134B23C7134512C9234B23C9D
:10076000D134D134F23CF23CB134D134F23CD13406
:10077000B134F134123DF134B02CD1341235F234AD
:10078000B12CF134123DD134B034D134F13CD134F8
:10079000702CD134D134B02C702C902C90342F2C60
:1007A000F354D785978D768D97959795D895F8952D
:1007B000D895B795778D9795978D7785367DB46465
:1007C000535C32548E3B6E33AE334C1BEA0A4B0BF8
:1007D000CD13EE13EE134F1CB12CB12C902CD13451
:1007E000123DF234D134F23C33451245F144114DFF
:1007F000124DF14CF14CB144AD23CA020B0B0B0B63
:10080000A9020A0B2F2C4F349034903CCE234C1B62
:10081000AE23AE234D138D1BEF2B0F2C5034703CA9
:100820000E44471AE621C531E96A11BD51CD8DACA0
:100830000B9C8993488B8572046AC7820883A772D0
:10084000666A666A2562287BCFAC71BDF3CD14D68B
:1008500075DE96E6B7E6D7EED7EED7EED7EED7EE53
:10086000B7EE96EE75EE34E6D3DD71CD50CD50CDBA
:1008700091CDF3DD14DE15D6D4CDB4C594BD33B51A
:1008800091A40F9CAE8B2C7B2B7B2C7B4C7BCD8B3C
:1008900090A473BDB4CD73CDB4D552CD32CD4EAC92
:1008A000F4DDB3D535E655E6F3D534DE34DE34DE9B
:1008B00055DE96E6B8EEF9EE1AEF5BF77BF75BEFE5
:1008C0001AEFD8E677DE35D614D6D3CDD2CDB2CD59
:1008D000D2D5B2CD71CD14E671CD088366728A93FC
:1008E0004EA4D0B493C573C5675AE1286339E65165
:1008F000E651C651A65144414018A96213B574BDD2
:1009000053BD70A42E9C2E9CCC93CC9B2DA42CA4C8
:100910000CA44DACCFBC51CDD3D514DE34E655E696
:1009200054DE54D634D614D6F3CD92C530BD8EAC39
:10093000097BE559055A055A055A66626662455AA9
:10094000455AC772088B899B89AB89AB4CBCEB9B22
:10095000A762C429C93A6C3BCE330F343034502CD3
:100960000F24CE1BCF1BCF1B8E1B4D1BCF33925C96
:10097000B36472647264926CF474357D3585148549
:10098000558D358D358D358535853585F474105407
:100990002D332D238E23EF23EF1BCE13EF1B30249B
:1009A000512C30243024712C712C512C712C923408
:1009B000B234713471349234923472349234B23C21
:1009C000923471347134923C923472347234923471
:1009D000923471347134923C713451349234923C7B
:1009E000B12CD12CF23CF234B134D134F23CF23C93
:1009F000B134F23C123DF134B12CF134123DF234F9
:100A0000D12CD134D134B134B134F13CF13CB034D7
:100A1000902CB134D134902C702C902C90344F2CDD
:100A2000135DF885D79597959795B795D895F89DC7
:100A3000D895B8959795B895B895978D367DB46C3F
:100A4000736432546E3B6D2BCE336C1B0B0B4B0B14
:100A5000AD13EE13EE132F1CB12CB12CB02CF134CE
:100A6000323D1235D134F23C33451245F144124D3A
:100A7000124DF14CD14CB0448D23A902EB0A0B0B63
:100A8000A9020B132F2C7034913CB13C0F346D1B19
:100A90006D1B8E234D138D1BCE232F2C703C704469
:100AA000EE434722062A8431E97252CD10C54CAC80
:100AB0008DAC4CAC8993288BC782A77A0883867249
:100AC000456A656A4562287BAFAC71BDD3CD14D64B
:100AD00075DE96E6B7E6D7EED8EEF8EEF8EEF8F665
:100AE000D8F6B7EE76E635E6F3DDB2D571CD71CD49
:100AF000B2D5F3DD35E676E636DEF5CD16CE37D661
:100B000017D658DE37DEF6CDF6D516CEF5CD16D68D
:100B1000F5CD36DE77E676E615DE15DE36E6B3D5BC
:100B200035DEF4D515DE76E675E675E655DE75DE5E
:100B300076DE97E6D8EEF9EE3AF77BF77CF75BF7CF
:100B40001AEFD8E697E656DE34D614D6F3D5F3D5A9
:100B5000D3D5F3D5D3D514DE92D54DAC2DA4CFBCCF
:100B6000AFB411BD32BD73BD8C83A441E128023105
:100B70000231E230E23002316441CD8B33BDF1B459
:100B8000D1B4D1B4B0B4D0B431C510BDCFBCEFBC7A
:100B900030C572CDD3DD14E655E676E676EE75E621
:100BA00075DE75DE55DE34D613CE92C531BD8EAC02
:100BB0002983E559E561056205622562666AC76AAF
:100BC0008A8B2C9C2CACEBABCAB30BB48EBC2C9C8C
:100BD000C85AE529EA3A6D3BEE3330345034502C94
:100BE0000F24CE1BCF1BAE1B6D134D1BAE337154A8
:100BF000B364926492647264F474357D35851585AE
:100C00003585358D558D3585D47CD3749364F04B03
:100C10004D332D236E23EF23EF1BCF13EF1B312416
:100C2000512430243024712C712C512C712C92348D
:100C300092347134713492349234723492349234E6
:100C4000923471347134923C9234713471349234F0
:100C5000923471347134923C72347134923CB23CAF
:100C6000B02CB134F134F134B134D134123DF23C12
:100C7000B134F13C123DF134B02CF134123D123557
:100C8000D134F134D134B02CB134F23CF13C902C5D
:100C9000B02CB134B134902C702C902C9034503452
:100CA000F35CF785D89597957795978DD895F895B6
:100CB000D895B8959895B895D895978D567DD46C5C
:100CC0009364525C8F3B6D33CE334C1B0A0B4B0B42
:100CD000AD13EE13EE132F1CB12CB12C902CD1348C
:100CE000123D1235D134F23C33451245F144124DD8
:100CF000124DF14CD144B0448C1BA9020B0B2B0BB1
:100D0000A9020A0B0E2C70349034B13C703C8D2338
:100D10006D1B8D1B8D1BAE1BCE237034503C0F3CC6
:100D20006C33E519A52922292A7B92D5EFBC6CAC3E
:100D3000EEBCEEBC89938A9B8A9B088BE882456A4D
:100D4000656A656A4562087BAFAC51BDD3CD14D6E8
:100D500075DE96E6B7EED7EEF8EEF8EEF8EEF8EEC2
:100D6000F8F6D8EE97EE75E614DED3D5B1D591D569
:100D700091CDD3DD14DE35E636E677E6B8EE98E6BB
:100D800077D697D676D656D656D656D676DE56DE51
:100D9000B7E676DE55DED3CDB3C5B3CDD4CD14D60C
:100DA000F4D576E655DE96E6B6E696E6B6E696E63F
:100DB00097E6B7E6F9EE1AEF5AF79CF79CF77BF740
:100DC0003AEFF8E697E676DE55DE34DE14D614D632
:100DD00014DE34DE34DE34E6F4DDB2D5D3DDF4DD0A
:100DE000D4D535DE15D636DED4CDB0A4CC83CD83B4
:100DF000AC838C7B4B7B4B7B6FA433BD94C5D5D52B
:100E000032C5D4D5D4D5B3D5B2D551C5EFBC30C5D4
:100E1000B2D514DE55E676E676E697EE96E676E609
:100E200096DE76DE76DE55D634D692C530B58EACFB
:100E30000983E561E461E4610462656AE77A698BCC
:100E40006DA4CFBC8EBC0CB4EBB32CBCAEBC6EA4FA
:100E5000C852E621EA326D33CE330F342F2C0F2CDB
:100E60000F24EF1BEF1BCF1B8E1B4D1BAE33514CC2
:100E7000B264926493647264F474357D358535850B
:100E800035855585358DF47C926C5164515CCF4B22
:100E90006E3B4D2B8E230F24EF1BEF13101C3024C1
:100EA000502430245024712C9134712C512C7134E5
:100EB0007134712C713492349234713471349234AF
:100EC000723471349234B23CB23C72349234B234E3
:100ED000923471347134B23C92347134B23CB33CCC
:100EE000902CB134F134F134B134D134123DF23CB0
:100EF000B134F13C123DF134B02CF134123D1235D5
:100F0000D134F234F23CD134B134F134F13CB13467
:100F1000902CB134D134B12C902CB1349134503464
:100F2000F35CF885F895D89597959795D895F89DA1
:100F3000D895D8959895B895B895978D577DF56CB7
:100F40009464725CAF3B8E33CE334C1BEA024B0B86
:100F5000AD13EE13EE132F1CB12CB02C902CD1340A
:100F6000123DF234D134F23C33451245F144114D77
:100F7000124D114DF14CD144AC23CA020B0B2B0B7B
:100F8000C9022B0B0E2C90347034903CB13CEE2BEC
:100F9000AD1BAE1B8D138D13EE23903C503C2F44A4
:100FA0002B33E51984296331ED9372CDAEB46CAC6B
:100FB0000FC50FC54CACEBA34993088B456A666A15
:100FC0008672666A6562E772AEAC51BDD3CD14D647
:100FD00096DE96E6B7EED8EED8EEF8EEF8EEF8EE3E
:100FE000F9F6F8EED8EEB7EE55E6F3D5B2CD91CDE1
:100FF00091CD92D5B3DDF4DDD4DDD4D536E6B7EEB0
:10100000B7E655D655D676DE55DE76E6B7EE55E62A
:1010100055E671C551BD10B592C572BDD3CD96DEF2
:10102000F4CD97E696E6B7E696E696E6B7E6B7E637
:10103000B7E6D8EEF9EE3AF75BF79CFF9CF77BF743
:101040003AEFF9EEB8E696DE76DE55DE35DE34DED2
:1010500035DE55E655E635DE14DEF4DD14DEF4DD6E
:10106000F4D535DE56DE77E697E677E676DE76DE91
:1010700015CEF5CD73BD52BDB4CD73CD32C536E6B8
:10108000D3D514E614E6B2D551CD30C550C592CDB6
:10109000D3D534DE55E676E697E6B7EEB7EE97E6BB
:1010A00097E696DE76DE75D634D692BD10B58EAC58
:1010B000087B05620562256A456AC67A488BCA9B29
:1010C0008EACF0C4CFC44DBC4DBC6EBCAFB48F9CD5
:1010D000C84A06222B33AE3B0F3C0F340F2C0F2493
:1010E0000F24CE13EF1BEF1BAF1B4D1BAE2B714C10
:1010F000B25C926493649264F474557D5585358531
:10110000558555853485D37C7264315C315CF04BF8
:101110006E3B6D2BAE2BEF23EF1B0F1C301C3024CE
:10112000502430245124922C9234712C512C712C47
:101130007134712C7134923472347134713492344C
:10114000923472349234B23CB23C92349234B23C17
:10115000923471347134B23C92347134B23CD33C29
:10116000B02CD034F13CF13CB034D134123DF13CE0
:10117000B034F13C123DF134B02CF134123DF13475
:10118000D1341235123DD134B134D134F13CB134C3
:10119000902CD134D134B134902CB1349134502CC2
:1011A000135DF885199EF99DB89D9795D895F89D82
:1011B000F89DD89DB895B895B895978D7785157594
:1011C000B46C735CCF438E33CE334C1BEA022B0BD3
:1011D0008D0BCE13EE132F1C912CB12CB02CD134CF
:1011E000123DF234D134F23C3345F144D13CF14468
:1011F0003255114DF14CB0448C1BC9020B0B2B0B1B
:10120000C9024B0B2E2CB03C9034903CD14450344E
:10121000CE23CE238D13CD1B2F2C703CCE33CE3B53
:101220000B3BE62123212229EC93CFBCEFBCADB4CC
:101230006CACADB40FC5CEBCAA9B288BE461256213
:10124000A672866A4562C7728EA451BDD3CD14D6EC
:1012500075DE96E6B7E6D8EEF8EEF8F619F719F768
:10126000F9EEF9EEF8EED8EE97E635DED3D5B2CD4D
:1012700071CD30C530C551CD72D592D572CD72CDFC
:10128000F4DDD3D514DE34E6F3E5F4E5F4E531CD51
:10129000CFBCAFB4F0BCAFB451C5D4CD76DE35D63B
:1012A00076DE97E677DED8EEB7E6D7EEB7E6D7EE8E
:1012B000B7E6D8EE19EF3AF77BF79CFF9CF77CF77F
:1012C0003AEF19EFD8E697E676DE76DE76DE75E65B
:1012D00055DE96E676E655DE35DEF4D5D3D593CDEC
:1012E00052C552C573CDD4D515DEF4D5D4D593CD22
:1012F00093C552BD11B552C532C5D4D573D515E6C7
:1013000014E6D2DD91D530C5EFBC2FC591CDD2D535
:1013100034DE55DE76E697E6B8E6B8E6B8E6B8E637
:10132000B7E696DE76DE76D655D692C510B56EA4B3
:101330000983256A456A667AC782078B4893CA9BE8
:10134000AEB430CD30D5EFCCCFCCF0C4AFAC4E8CFA
:10135000673A47224C331044714430340F2C0F2429
:10136000EF1BCE13EF1BEF1BAE1B2D138E2B514C1F
:10137000B25C926493649364F47456855585558584
:10138000558D558D3585F47C926C515C305CF04BFD
:101390006E334D2B8E23EF230F1C0F1C301C30247B
:1013A0003024101C3024712C912C512C512C712C78
:1013B0009234712C713492347134712C71349234B2
:1013C000B23C92349234B234B23492349234B23465
:1013D0009234712C7134B23492347134B23CB33CD7
:1013E000B02CD134F13CF13CB034D134123DF13C5D
:1013F000D134F13C123DF134B02CF1341235F134DA
:10140000D134F134F23CD134B134F13CF13CB0345C
:10141000902CD134D134B12C902CB13490342F2C69
:10142000F354D785F895199ED89DB795D895F89D12
:10143000F99DD89DB895B895B895978D7785367DE7
:10144000F56C9364AF438E33CE336C1BEA0A2B0BDF
:10145000AD13EE1BEE132F1CB02CB134902CD134F5
:10146000123D123DD134F23C3345F144D13CF144BC
:10147000124DF14CD144903C6C1BCA022B0B2B0B30
:10148000A9024B0B4F2CB13CB13CB03CD144B13C18
:10149000D13C2F2C4C0B6C13CE2B2F3C6D2B8D3B4A
:1014A0004722841902192231AC8BAEB430C5ADB4D9
:1014B0008DB48CB470CD0FCD0CACE782256A66720A
:1014C000A672866A456AA7726DA451BDD3CD34D683
:1014D00075DE96DEB7E6D7EED8EEF8EE19F719F717
:1014E00019F719EFF9EEF8EEF8EEB7E655DEF4DD90
:1014F00092CD51CD10C5AFBC8EB4AFBCCFBCCFBC6C
:10150000CFBCEFC4CFC4CFC4AFC48EBC4EBC2DB4CF
:101510002DB48EB4F0C4B3D515DE76E697E6B7E603
:10152000B8E6B8E6B8E6D8EEB7E6F8EEB7E6B7EE56
:10153000B7E6D8EE19EF5AF77BF7BCFFBDFF9CF773
:101540005AEF1AEFD8E6B7E697E696E696E696E6FD
:1015500097E6D7EEB7E676DE76E636DED4D5D4D596
:1015600093CD52C511BDF0BC31CD52CD72D592D5BF
:1015700051CD31C531C551C551CD93D572D592D517
:1015800030CD0FC5CEBCCEB42FC571CDD2D534DE93
:1015900076E676E697E6B8E6B8E6B8E6D8E6D8EEB8
:1015A000D8E697DE97DE96DE55D6B3C510B58EA485
:1015B000E87A456A6672667AC78A4893699BEAA3A5
:1015C000AEBC30CD51D510CDCFCC31CDAFACAC739E
:1015D000062A892A4C333044B24C5034EF230F246E
:1015E0000F24EF1B101CEF1B8E1B4D1BAE2B314C21
:1015F000925C725C92649264F474557D5585348576
:10160000558D558D3485147DB26C305C1054F04B83
:101610004D3B2D2B6D23EF23101CEF130F1C30249B
:101620003024101C3024512C712C512C712C9134ED
:101630009234712C713492347134712C923492340E
:10164000B23C92349234923492347134712C92348C
:101650009234712C712C923472347134923CB23CBD
:10166000B02CD134F13CF13CB034F134123DF13CBA
:10167000D134F13C123DF134B02CD1341135F13478
:10168000D12CF134F134B134B134F13CF13C902C33
:10169000902CD134D134902C702CB13491342F2C27
:1016A000D254967DD78D199ED89DB795F895199EE1
:1016B000F89DD89DB895B895B895978D9785367D46
:1016C0001575B364CF438E33CE336C1B0A0B4B0BB3
:1016D000CD130E1C0E1C2F1CB02CB134902CD13409
:1016E000123D123DD134F23C3345F144D13CF1443A
:1016F000114DF144B0446F346B13CA024C134B0BC1
:10170000EA028C134F2CB03CD144D144F144F14453
:10171000F13C4F2C4C0B8C1BCD2B0F3C6D332B3BDA
:101720000622642102210229E8728EAC50C5EEBC6B
:10173000CEB4ADB491D550CD2CACC77A8672E882C8
:10174000C77A8672656AA66A2C9C30BDB2C534D64B
:1017500055DE96E6B7E6D7EED8EEF8EEF9F619F7CD
:101760001AF71AEF19EF19F719F718F7D7EE76E607
:1017700035E6B3D572D551CD31CDF0C48EB46DB44C
:101780006DBC4DBC2CB4ECAB2DB42DB44EB4D0BC60
:1017900032CDB4D5F5DD57E697E6D8EE97E6D8E634
:1017A000D8E6F9EEF9EED8EEB7EEF8EED8EEB7EEF1
:1017B000B8EED8EE1AF75BF77BF79CFFBDFF9CF7FE
:1017C0005BF71AEFD8E6B8E6B7E6B7E697E6B7E60E
:1017D000B7E6D8EEB7E697E697E677E635DE15D6B4
:1017E000D4D5B3D552CDD0BC8FBC8EBC4DB42DACAE
:1017F0002DB44DB48EB44DACAEBC6DB46EBCAEBCAD
:10180000ADB4CEBCEEBC2FC591CDD2D514D675E605
:1018100096E6B7E6B8EED8EED9EED9EEF9EEF9EEE7
:10182000D8EEB8E6B7DE96DE55D6B2C510B56EA4D2
:10183000C7726672867A657AC682489BCAA34CB420
:10184000EEC450D550D510CDEFC472CDB0A40A5B14
:10185000272A2B3B6D333044B24C913C2F2C302C3B
:101860003024EF1B1024EF1BAF1B6E1BAF33514C0A
:10187000925C515C725C7364F474557D558534855B
:10188000758D558D348D1485D3745164105CF04B77
:101890004D3B4D2B4D1BAE1BEF1BEF13EF13512494
:1018A000502430243024512C712C512C712C923422
:1018B000923471347134923492347134923492345B
:1018C00092349234923492349234712C712C712C63
:1018D0009234712C7134923472347134923CB23C33
:1018E000B02CD134F23CF13CB134F13C123DF13C2E
:1018F000B134F134123DD134B02CD1341235F1343D
:10190000D12CF134F134D12CB134F134F134902CA8
:10191000902CD134D134902C902CD134B1342F343C
:10192000D2547675B78DF89DD89DB795D895199EE8
:10193000F99DF89DD89DD89DD895B88D9785567DF1
:101940001575D464F0438E33AE2B2B13EA024B0B88
:10195000AD13EE1BEE132F1CB02CB134B02CD134D0
:10196000F23CF234B134F23C1245F144D13CF14442
:10197000124D114DD1446F346C13EA024B0B2B0BFB
:10198000EA028C134F2C4F34B13CD144D144D144A2
:10199000D13C6F34CD23EE2B8C2BCE3B4C3BEA3A23
:1019A000C62123190221C128465A8EAC30C52FC545
:1019B0000FBDADB42FC5EEC44CAC498B498BCB9B4E
:1019C000C77AA672656AA66AEB930FB592C534D63C
:1019D00055DE96E6B7EED8EED8EEF8EE19F71AF720
:1019E0001AF73AF73AF71AF73AF719F719F7F8F634
:1019F000B7EE76E635E6D4DDB3D5B3D592D572CD64
:101A000051CD31CD31CD10C532CD93D5B4D5F5DD25
:101A100036DE36DE78E698E698E6D9EEF9EEF9EEAF
:101A2000F9EEF9EEF9EED9EE19F7D8EEB7EED8EEF9
:101A3000D8EEF9EE1AF75BF77CF79CFF9CFF9CF75A
:101A40005BEF1AEFD9E6D8E6D8E6D8E6D8EED7E6C7
:101A5000D7E6B7E6D8EED8EED8EEB8E677DE56DEB3
:101A600035DED4D593CD72CDD0BC8EBC2CACEBABD7
:101A7000EBA30BAC0CAC0CAC0CAC4DAC6DB46DB4BE
:101A8000CFBC0FBD71CDD2D5F3D534DE75E696E669
:101A9000B7E6D8EEF9EED9EED9EEF9EEF9EED8EEDA
:101AA000B8EEB7E6B7E676DE35D692BDF0B44DA413
:101AB000C77A8672A77AA682E78A2893A9A38DBCE3
:101AC0002FCD70D551D551D530CD72CD8F9C674279
:101AD0008832CE4B8D330F3C9144923C302C712C8C
:101AE0001024CE13EF1BF023EF236E1BAF33514CAA
:101AF000925C515C72649364157555855585558566
:101B0000558D548D548D758D3485926C105CAF4B12
:101B10006E3B6E336D236D13AE13CF13EF1B30246A
:101B2000502430243024712C712C5124512C712CD0
:101B3000923471349234B234923492349234923476
:101B4000923471349234B2349234712C712C9234B8
:101B5000923471347134B23472347134923CB23C88
:101B6000B134D134F23CD134902CD134123DF23C1A
:101B7000B134F13C123DD134B12CF134123DF13489
:101B8000D12CF134F234D12CB02CF134F13C902C26
:101B9000702CB134D134902C902CB134B1345034F9
:101BA000B25455757685D895D895B795D895F8954A
:101BB000199EF89DB895B895B895B88D98853675E5
:101BC0001575D46C10448E33AE2B2B13EA024B0BDD
:101BD0008C0BCD13CE132F1C902CB134902CB03421
:101BE000F134D134B134F23C334D1245F144F14477
:101BF000114DF144D144903C6C13EA024C0B2B0B79
:101C0000EA028C13CD23AD234F34903CD144D03C19
:101C1000D13CD1446F3CEE338C334C3BEA32282A22
:101C2000852102190221E128A4498FAC30BD30C5BD
:101C300070CD0FC5EFBC0BA48A932CAC4DAC8EB409
:101C4000E77AC672656A856AEB93CEAC91C5F3CD2F
:101C500055DE75DE96E6B7EED8EED8EEF9F619F752
:101C60001AF71AF71AF71AF73AF73AF71AF719F7AD
:101C7000F8F6D8F6B7EE76E656E656E635E615DE21
:101C800014DEF4DD14DE35DE36DE56DE56DE57D6E3
:101C900057D678DEB8E6D9E6F9EEF9EEF9EE1AEFA6
:101CA000FAEEF9EEF9EEF9EED9F6D8F6D8EED8EE6E
:101CB000D8EE19F73AF75BF77CF79CFF9DFF9CFF86
:101CC0005BF73AEFF9EED8E6D8EED8EED8EED8EEDC
:101CD000D8E6D8E6D9EEF9EED9EEB8E697E697E67B
:101CE00076DE56DE15DEF4D5D3D5B3D572D531CD3B
:101CF00030CD10CD10C5EFC410C510C551C592CD63
:101D0000B3D5D3D514DE35DE55DE76E6B7E6B7E6D5
:101D1000D8EED9EEF9EEF9EED9EED8EED8EEB8EE6F
:101D2000D8EE97E696E676DE35D692C5F0B44DA4A9
:101D3000E87AA672A77AE78A08934893CAA36DBC8B
:101D40000FC570D550D571D530CDB3CD8F9C263A07
:101D5000A8328C434C2B0F3C503C5034EF23EF1BEC
:101D6000CF1BAE13CF1BEF1B8E1B6E1BAF33514C23
:101D7000B364926472649364F474558555853485B4
:101D8000548D758D758D758D968DF37C5164CF4B0B
:101D90008F43AF3B4D234C13AE13CF13EF1B3124B6
:101DA000302430243024512C712C712C712C712C46
:101DB0009234712C713492347134512C712C9234D0
:101DC000923471349134B2349234712C512C712C80
:101DD0009234712C7134B23472347134923CB23C0E
:101DE000B134D134F23CD134902CB134F23CD13402
:101DF000D134F23C123DD134B12CF234123DF134E5
:101E0000D12CF134F234D12CB02CD134F13CB02CA3
:101E1000902CD134D134902C702CB134B134503456
:101E2000B24C55759685D895D89DD895F895F89566
:101E3000D895D89DB895B895B895B88D77853675ED
:101E40001575D46CF0438E33CE334C1BEA024B0B2A
:101E50008C0BAD13CE132F1C902CB134902CB134BD
:101E6000123DF234B134F23C334D1245F144F144A9
:101E7000114DF144D144903C6C13EA024C0B2B0BF6
:101E80000A038C138C1B4B130E2C903CD144B03C9A
:101E9000B03CB0449044CD3B2B33EA32482AC621B3
:101EA0004419E218232902296341ED93F0B472CD5D
:101EB000B2D5B2D5EEBCCA9B89934CACEFC4EFC48B
:101EC0000883C77A4462856A8A8BAEAC51BDD3CD94
:101ED00054DE55DE76E6B7E6D8EED8EEF9EE19F721
:101EE000FAF61AF71AF71AF73AF73AF73AF73AF70B
:101EF0001AF719F719F7F8F6D8EED8EEB7E676E63E
:101F000097E676DE56D636D656D677D677D698DE8C
:101F1000B8DED9E61AE71AEF1AEFFAEED9EED9E6EB
:101F2000FAEEF9EEF9EED9EED9F6D8F6D8EED8EE0B
:101F3000D9EE1AF73AF73BF77CF79CFF9CFF7CFF42
:101F40005BF71AEFF9EED9EED9EED8EEF8EEF9EE2E
:101F5000F9EEF9EEF9EEF9EEF9EED8E6B8E6B8E604
:101F6000B8E698E677DE56DE55DE55DE35DE14DE61
:101F700014DEF4DDD3D5B3D5B3D5D3D514D655DE21
:101F800056E656E676E677E697E6B7E6B8E6B8E6CA
:101F9000B8EED9EEF9EEF9EED8EED8EED8EED8EEEE
:101FA000B7EE96E676E676DE35D6B2C510B52C9C51
:101FB000E77A8672C77AE7822893CAA30BAC6CB41F
:101FC0000FC570D571D550CDB2D5B3CDEC7B2532D0
:101FD000E93A2B334C2B0F3C30341024EF1BEF1B12
:101FE000EF1BAE13CF1BCF1B8E1B6E1B8E33314CE2
:101FF000926472649364936CF474358535851485AA
:10200000548D75957595558D758D147D726CF05345
:10201000AF43CF3B6D234D13AE1BCE13CF1B10240C
:10202000302410243024512C712C712C712C9234BA
:102030009234512C512C71347134712C712C712CBF
:10204000713471349234B2349234712C712C9234D4
:102050009234712C7134B23492347134B23CB33C4A
:10206000B12CD134F234D134902CB134F234B134B7
:10207000B134F234123DD134B12CF234123DF1348A
:10208000D12CF1341235D134B02CD134F23CB134EE
:10209000B02CD134D134902C702CB134B1342F34D5
:1020A000914C55759785D895B795B895D895D8958D
:1020B000F895D89DB895B895D895B88D778536752B
:1020C0001575D464F0438E33CE334C1BEA024B0BB0
:1020D000AD13CE13EE132F1C902CB134B02CD13491
:1020E000123DF23CB134D23C33451245D144F14467
:1020F000124DF144D144903C8C13EA024B0B4B0B34
:10210000C9024B13AD238C1B2F34B044D144B044CF
:10211000903C90446F4C6C33EA328932E621652161
:102120002321E218232902292331C86AD0ACF4D52F
:1021300014DE51C5AEB46DACEB9B4CAC71D510C583
:10214000699307832462856A287B8DA430BDD2CD34
:1021500034D655DE76E697E6D8EED8EEF8EEF9F608
:10216000FAF6FAF61AF71AF73AF73BF73BF75AF787
:102170003AF73AF73AF75AFF5AFF5AF73AF719EF90
:102180001AF7FAEEF9EED9EED9EEF9EEF9EE19EF0B
:102190003AF71AEFF9EEF9EED9EED9EEFAEE1AF7B0
:1021A0001AEF1AEFF9EEF9EED9F6D9F6D9F6D9F613
:1021B000D9EE1AF73AF73BF75BF77CFF7CFF7CF729
:1021C0003BF71AEFF9EEF9EEF9EEF9EEF9EE1AF740
:1021D00019EF1AEF1AEF1AEFF9EEF9EEF9EED9EE60
:1021E000B9EEB8E698E677DE77D656D656DE56DEF6
:1021F00035DE35DE15DE35DE36E656DE56DE76DEDB
:1022000097E677E697E698E6B8EED9EEF9EED9EEDE
:10221000D9EEF9EEF9F6F9EEF9EEF8EED8EED8EEE1
:10222000B7EE97E696E676DE35DEF3CD30B5EB9386
:10223000C7728672867AC78249930BACADBCCEC496
:102240002FCD70D571D530CDD3D593C5095B262A56
:102250004A432A33AD33303C1034102C3024302420
:10226000EF1BCF1BCF1BCF1BAE1B6E1B8E2B314C1E
:10227000926472647364936CD474357D158534856F
:10228000548D95957595548D558D3485D374105412
:10229000CF4BCF3B6E2B8E1BEF1BCF13CF1B3024AE
:1022A000302410243024512C712C712C7134923430
:1022B0009234512C512C92349234713471347134E3
:1022C000713471349234B2349234712C712C923452
:1022D0009234712C7134923C92347134B23CD33CC0
:1022E000902CB12CF234D134912CD134F234B1345D
:1022F000B12CD134F23CD134B12CD2341235D1349A
:10230000B12CF134123DF134B02CD134F13CB13464
:10231000B12CD134D134902C702CB13491342F3471
:102320007144346D9685B7959795B895D895D8959D
:10233000199EF99DB895B895F99DF9959785567DA3
:10234000F56CD464F0438E33CE334C1BEA024B0B56
:10235000AD13EE13EE132F1C902CB134902CD1340E
:10236000F23CF23CD134D23C33451245D144F144E5
:10237000F14CD144D144903C6C13EA022B0B2B0B53
:10238000CA022B130E2C2E34703C903C903CF14C26
:10239000B0446F44EE432B3389324832A521642187
:1023A0004421031923212329032964394F9CF4CDA7
:1023B000D3CD10BD8DACEFBC8EB4CEBC92D5EFC4E6
:1023C0002CA4AA934562A66AC7724C9C10B5B2C5EC
:1023D00034D654DE75E696E6B7EED8EEF9F6F9F6A1
:1023E000F9F6FAF61AF71AF73AFF5BFF5BFF5BFFA5
:1023F0007BFF5BF75BF73AF73AF73AEF3AEF3AEFE2
:102400001AEF1AEF1AEF1AEF1AEFF9EEF9EEF9EEEA
:10241000F9EE19EF1AF73AF73AF71AEF1AEFFAEE60
:102420001AEF1AEF19EFF9F6F9F6D9F6F9F6F9F607
:10243000F9EE1AF73BF75BF77CF79CFF7CFF5CFF3C
:102440003BF71AEFFAEEF9EEF9EEF9EE19EF3AF77B
:102450001AEF1AEF1AEF1AEF1AEFF9EE19EFFAEE78
:10246000FAEEDAEEB9E6B8E697DE57D656D656D685
:1024700056DE56DE77E697E6B8EEB8EE98E6B8E6B2
:10248000B9EEB8EEB9EED9EEF9EE1AF71AF7FAF698
:10249000FAF61AF71AF71AF7F9F6F8EED8EED7EEB9
:1024A000B7EE97E696E675DE14D6D3CDF0B4AA8BD8
:1024B000A77286728672298BEBA38DBC0FCD0FCDD0
:1024C0002FCD50CD50CD71CDB3CD31ADA84A883A86
:1024D000ED538C3B0F3CD24C713C5034302C1024CB
:1024E000EF1BEF1BCF1BCF1BAF236E238E3351543B
:1024F000925C725C7264936CD474157D3585558DD5
:10250000548D758D7595558D558D3585F47C115C83
:10251000D04BCF3B6E2BAE23EF23EF1BEF1B502492
:10252000302430243024712C712C712C712C713496
:102530007134512C713492349234712C7134923440
:102540009234712C712C923492349134712C9234D7
:102550009234712C7134923472347134B23CB23C86
:10256000902CB12CF234D134B12CD134F23CD13492
:10257000B12CD134F234D134B12CD2341235D1341F
:10258000B02CF134123DF134B134D134F134B034E3
:10259000902CD134B134902C702CB13491342F3430
:1025A0007144346D978DB795978DB795D895B78D44
:1025B000F895F89DB895B895F995D88D9785567D7D
:1025C0001575B464D0438E33CE334C1BEA022B0313
:1025D000AD0BEE13EE134F1C902CB02C902CB1349D
:1025E000F23CF23CD134F23C33451245D144114522
:1025F000124DF144D144903C8C130A034C0B4C0B0C
:10260000C9024B13903CD14CF14C903C6F34B04418
:102610008F448F4CCD43C932472AE629852123199F
:1026200044212321232124294429E2200A6B32B5A5
:10263000B3CD72C5F0BC10C52CA4EFC4B2DD30CD53
:10264000EFBC4CA4C672C672A66AEA8B0FB592C5DF
:1026500013D634D655DE96E6B7EED8EEF8EEF9F698
:10266000F9F6FAF61AF71AF73AFF5BFF5BFF5BFF22
:102670007CFF5BFF5BF75BF75BF73AEF3AEF3BEF13
:102680005CF75CF73BFF3BF73AF73AF73AF73AF774
:102690003AF73AF71AF71AEF1AEF1AEF3AEF3AEF5A
:1026A0001AEF1AEF19EFF9F6F9F6F8F6F9F6F9F666
:1026B00019F73AF75BF77BF77CF79CFF7CFF7CFF11
:1026C0003BF71AEFFAEE19EF1AF7F9EE19EF1AF7CE
:1026D00019EF19EF1AEF1AEFF9EEF9EEF9EE1AF712
:1026E0001AF7FAF6FAEEFAEED9E698DE77DE77DE3A
:1026F00077DE77DE77DE77E678E678E698E6B8EE9E
:10270000D9EED9EED9EEFAF6FAF61AF71AF71AF761
:102710001AF71AF71AF7FAF6F9F6F9F6D8EEB7EE4D
:10272000B7EE96E676E675DE14D6B2CDCFB48A8BD8
:10273000A772C77AE8826A934DB40FC571D570D578
:102740000ECD2FCD50CDB3D5D4CD6F8CC8426B4BB1
:102750002F54CD3B0F3C545D13557134302C102455
:10276000EF23EF1BCF1BCF1BAF234D238E335154D1
:10277000925C525C7264936CB474147D3585558D93
:10278000558D748D7595558D55853485F374315CF3
:10279000F04BAF3B4D238E1BEF1BCE13EF1B3024B2
:1027A000502430243024712C712C512C512C713434
:1027B0007134512C712C92347134712C71349234E7
:1027C0009234713471349234B2349234713492341C
:1027D0009234712C7134923472345134923CB23C44
:1027E0009024D12CF234D134912CD134F234B13440
:1027F000B12CD134F234D134B12CD134F234D12CC7
:10280000B02CD12C1235F134B134D134D134902CD8
:10281000902CD134D134902C702CB13491342F2C95
:102820007144F4649685D895978D9795B78DB78D3B
:10283000B78DB895B895B895D895B88D7785567DEC
:102840001675B464AF3B6E2BEF336D1BEA022B039E
:102850008D0BCE13EE135024912CB12C902CB1344F
:10286000F234F234D134F23C33451245D144F244CF
:10287000D144D03CB03C6F346C13EA024C0B2B0BB0
:102880000A036C1B903CD14CD14CB03CB044D044BA
:102890006F44ED3B2B33EA3A27324419231984293C
:1028A000442144210319032144290321A5390E8C15
:1028B00073BD92C5B2CDEFBC71CDCEBCEFC4EFC439
:1028C00010C5AEB42883077B65628983EFAC71BD08
:1028D000D3CD14D655DE76E696E6B7EED8EED8F62A
:1028E000F9F6FAF61AF71AF73AF75BFF5BFF5BFFA8
:1028F0005BFF5BFF5CFF7CFF7CF77CF77CF77CF782
:102900005CF75CFF7CFF5CFF5BF75BFF5BFF3BFF03
:102910005BFF3AF73AF71AEF1AEF1AEF1AEF1AEFCE
:1029200019EFF9EEF9EEF8EEF8F6F8F6F8EEF9EE42
:1029300019EF3AEF5BF77CF79CFF9DFF9DFF7CFF53
:102940005CF73AF71AEF1AF71AF719F719EF19EFB8
:102950001AF71AF71AF71AEF1AEF1AEF1AF71AF707
:10296000FAEEFAEEFAEE1AF7FAEED9E6B8E698DEE3
:1029700098E6B8E698E698E698E6B8E6B9EED9F6AD
:10298000D9EED9EEFAEEFAF6FAF61AF71AF71AF7BE
:102990001AF71AF71AF7FAF6F9F6F9F6D8EEB8EECA
:1029A000B7E697E676DE55DEF4D592C5AEAC498340
:1029B000A772498B2DAC4DB48EBCEFC4CEBCEEC417
:1029C000EEC42FCD70CDD3D5D4C58B6BA93ACD4BEA
:1029D0000E44EE3B2F3C545D755DD2447134502C57
:1029E000EF23CE1BCF1BCF1B8E1B4D1B8E2B514CB1
:1029F000925C72649364936CD474147D35853585D0
:102A0000548D548D758D758D5585147DD374315CC1
:102A1000F053AF3B4D236D1BCE1BCE13CF13101CB9
:102A2000502C10241024512C512C512C712C9234E8
:102A30009234512C512C713471347134713492347C
:102A4000713471349234B23CB234712C712C9234A2
:102A5000923471347134923C72347134923CB23C91
:102A6000B024D12CF134D12C902CD12CF134D12C98
:102A7000B02CD134F234D134B12CD134F134D12C46
:102A8000B02CD12CF134D134B02CD134D134902CA1
:102A9000702CB134D134902C702C913490340F2C94
:102AA0000F3C925C557DB7959795B795B78DD895A6
:102AB000978D97959795B895B895978D9785567DED
:102AC0003675B464AF3B8E2BEF338D1B0B034B0B72
:102AD000AD0BCE13EE135024B12CB12C902CD1346D
:102AE000F234F234B134D13C12451245D13CF144B8
:102AF000F144F144F144903CAD1B2B0B8D136C134E
:102B0000EA026C1B903CF24C124DD044D0448F3CF6
:102B1000CD33AC3B4B3B472A8521642164216421A2
:102B20004421242103190319242144294329675AE4
:102B300012B552BD51BD51C571CD51CDAEBCAEBC6B
:102B4000CEBCAEB4698B4883445A487BAEAC50BD12
:102B5000B2C5F3CD35DE76E696E6B7EED8EEF8EE02
:102B6000F9F6FAF61AF73AF73AF75BFF5BFF5BFF05
:102B70005BFF7BFF7CFF7CFF7CF77CF77CF75BF7E0
:102B80005BF77CF77CF77CF77CF75CF75BF73BF750
:102B90003BF73BF71BF71AEF1AEF1AEFF9EEF9EED6
:102BA000F9EEF9EEF9EEF8EEF8EEF8EEF8EE19EFD0
:102BB00019EF3AEF7BEF9CF79CFF9DFF9DFF7CFF99
:102BC0005CF73BF71AEFFAEEF9F61AF7F9F6F9EEB9
:102BD0001AF73AF73AF71AEF1AEF1AEF1AF71AF745
:102BE00019EF19EF1AEF1AF71AF71AF7F9EED9EEEB
:102BF000D9EEF9EEF9EEF9EEF9EE1AF7FAF61AF760
:102C00003AF71AF73AF73AF71AF71AF71AF71AF7DC
:102C10001BF71BF71AF7FAF6F9EEF9F6D9EEB8E654
:102C200097E697E655DE35D6F3CD92C54DA4E8720A
:102C3000456A498BAEBCEFC48DB4AEBC0FC52FCD79
:102C40000ECD70D591D5B3CDD0A4C94AC93AAD4304
:102C5000AD33AD2BEF339144914450340F2CEE2320
:102C6000EF23CE1BCE1BCF1B8E1B4D1B8E2B314C4F
:102C7000925C9264936CB36CD474157D3585348505
:102C8000548D748D758D558D5585147DD374515C1F
:102C90001154CF3B6D238D1BCE13CE13EF130F1C9E
:102CA000302410241024302C712C512C7134923487
:102CB00092345134512C71347134713471349234F2
:102CC0007134712C9234B2349234512C512C7134B1
:102CD0009234712C7134923C72347134923CB23C17
:102CE000B02CD12CF134D134902CD12CF234D12C05
:102CF000B02CD134F234F134B12CF1341235D1345A
:102D0000D12CD12CF134D12CB02CD134F134B02CC5
:102D1000702CB134D134B134702C903470340F2C09
:102D2000303C9254557DD895B795B795B78DB78DF2
:102D3000B895978D778D9795B88DB88DB885567D58
:102D40003675D464D0438E33EF336C1B0A034C0BBF
:102D50008D0BCD0BCE0B2F1C9024902C702CD134CE
:102D6000123DF234B134D13C12451245D13CD1442C
:102D7000F144D144D144903C8C1B2B0B8C136C132D
:102D8000EA028C1B903CF244F14C6F3C6F3C0E3CD1
:102D9000CD3B6C3B0A3BE621431964216421642945
:102DA0006421031924194421442124296431E22097
:102DB0004B7B11B514D6B3CD51CD91D50FC58DB484
:102DC0008DB4AEB4898B898B035A07734DA4EFB4CD
:102DD000B2C5F3CD35DE56DE76E697E6D8EED8EE10
:102DE000F9F6FAF61AF73AF73AFF3BFF3BFF5BFFBB
:102DF0005BFF7BFF7BFF5BF77CF79CFF9CFF9CF7F7
:102E00009CF79CF79CF77CF75BF75BF75CF75CF74C
:102E10003BF73BF73BF71AF71AEF1AEFF9EEF9EE2B
:102E2000D8E6D8EEF8EEF8EEF8EEF9F6F9EEF9EEAF
:102E300019EF3AEF5BF79CF79DFF9DFF9DFF7CFF2D
:102E40005CF73BF71AF7F9EEF9EE1AF719F7F9EE16
:102E50001AF71AF71AF71AEFF9EEF9EE1AEF1AF74E
:102E60001AEF1AEF1AEF1AF73AF73AF73AF71AF792
:102E70001AF73AF71AEF1AEF3AF73AF73AF73AF73A
:102E80003BF73AF73AFF5BFF3AF73AF73AFF3AFF78
:102E90003AF71AF7FAF6F9EEF9EEF9EED8EE97E608
:102EA00077DE97E655D635D6F4CDB2C54D9CC772C0
:102EB000666A8A938EBC71D5CEBC8DB450D50FCDC9
:102EC00050D5B2DDB2D593C5CC73A83A0B3B8D3348
:102ED000CE338D23EF2B303450340F2CEF2B0F2CAF
:102EE0000F24AE1BCE1BCF1B8E1B4D1BAE33514C84
:102EF00092649264B36CB36CD474357D358534853B
:102F0000548D758D758D558D5585147DD374525C9A
:102F10001154CF3B6D238E1BEF1BEF13EF1B0F1CC8
:102F20001024EF231024512C712C712C5134923425
:102F30007234513451347134712C512C712C9234BF
:102F400092347134713492349234712C712C713406
:102F50007134512C5134923471345134923CB23C1E
:102F6000B02CD12CF134D12C902CB12CF234D134A2
:102F7000B12CD134F234D134B12CF1341235D134F6
:102F8000B02CD134F234D134B12CF134D13C903462
:102F90007024B12CD134B02C902CD13490340F2C1F
:102FA000103C7254357DB8959795B895D895D88DC5
:102FB000D895B795978D978DB895D895B88D767D1E
:102FC0003675F56CF043AE33EF334C1BEA024B0B16
:102FD0008D0BCD0BEE132F1C702490244F24F23C4C
:102FE000133D123DD134D13412451245D144F14440
:102FF000114DF14CF14C903C8C1B0A0B8C1B4B136C
:103000000A03AC1B9034D144D1449044EE3BEE43D0
:103010008C432B3B682AA5218521A5298529642974
:103020004421442104192421452944214429022111
:1030300084390E9435D672C5D3D572D5B2DDCEBCE7
:10304000EFBCEFBC0B9C2CA4C359A6720C9CCFB454
:1030500072C5D3CD35DE35D656E6B8EEB8EED8F625
:10306000F9F619F71AF71AF73AFF5BFF5BFF3BFF18
:103070005BFF5BFF7CFF7BFF7BF79CFF9CFF9CFF64
:103080009CF79CFF9CF77CF77BF75BF75BF75BF7A4
:103090003BF73BF73BF73AF71AF71AEFF9EEF9EE81
:1030A000F8EEF8EED8EED8EED8EEF9F6F9F6F9EE3D
:1030B000FAEE1AEF5BF77CF79DFF9DFF9DFF7CF713
:1030C0005CF75BF73BF71AEF1AF71AF719F7F9F6FF
:1030D0001AF71AF71AF71AEF1AEF1AEF3AEF3AF748
:1030E0001AEF1AEF3AF73BF73BF73BF73BF73BF7A3
:1030F0003BF73AF73AF73AF73AF73AF75AF73AF727
:103100003AF73AF73BF75BFF3BF73AF73AF73AF70C
:103110003AF71AF71AF71AF7F9EEF9EED8EE97E63A
:1031200097E676DE35D614D6F3D5D2CD0B9CE77272
:10313000287BEB9B10C592D5EFC410C510CD51D59F
:1031400072D572D5F4D5F1A42A53EA3A6D33CE3351
:10315000CE2BEE2BEF2B5034513430343034302C16
:10316000EF23AE1BAE13AE1B8E134D1B8E2B304CBC
:10317000925C9264B36C936CF47435855585358597
:10318000758D758D758D558D3485147DD374525C18
:10319000104CCF3B6E238D13CE130F140F1C302415
:1031A000502410241024512C712C512C512C923469
:1031B0009234512C512C71347134712C712C923405
:1031C000713471349234B2349234712C512C713484
:1031D000512C512C7134B23C71345134923CB23C7C
:1031E000902CD134F234D134702CB12CF234D1344F
:1031F000D12CF134F234D134B02CD134F234D12C7E
:10320000902CD134F234D134B12CF134D13C9034FF
:10321000902CD134D134902C902CB12C90340F2C94
:10322000CF337154157D978D568DB895F895F895D7
:10323000F895D895B895B895B88DB88D9785778558
:10324000567D1575104CAE33EF336C1BEA024B0BF9
:10325000AD0BEE130F147024B12CB12C702CD134A3
:10326000F23CF23CB134D134F23CF144D13CF14473
:10327000F14CD144D14CB044ED2B2A138C23AC2318
:10328000E9026B138F341145D1446F44EE3B8D43FB
:103290008D4B8932C621A621C629A52985298531CC
:1032A00085290319041925214529242103214329AE
:1032B0000229475232B573C515DEF3DD91D530CD05
:1032C00030C571CD8EB48DACC67AE77ACB938EAC17
:1032D00051C5B3CD15D615D656DE97E698EEB8EEA5
:1032E000D9F6F9F61AF71AF71BF73BFF5BFF5BFFFE
:1032F0005BFF7CFF7BFF7BFF7CFF9CFF9CFF9CF7C1
:103300009CFF9CFF9CFF9CF77BF77BF75BF75BF7D1
:103310005BF73AF73AF73AF73AF71AEFF9EEF9EEC0
:10332000F8EEF8EED8EED8EED8EEF9EEF9EEF9EECA
:10333000FAEE1AEF3BF77CF79CFF9DFF9DFF7CF7B1
:103340007CF75CF73BF71AEFF9EEF9EEF9EEF9EEE0
:10335000F9EEF9EE19EF19EF19EF1AEF1AEF3AF744
:103360003BF73BF75BF75BF75BF75BF75BF77CFFE4
:103370005BF75BF75BF75BF75BFF7BFF7BFF7BFF3D
:103380005BF75BF75BFF5BFF5BFF3AF73BF73BFFEE
:103390003BFF3AF71AF71AF7F9EED9EED8EE97E6AF
:1033A00077DE76DE35D6F4D5D2CD71C5CA93277BCC
:1033B0002CA4AEB451C592D531C551CD31CD72D505
:1033C000D3DDF4D5B4BDED73EA3A8C3BAD33AD2318
:1033D000AE23EF2BEF230F2C3034102CF0231024CE
:1033E000EF23AE1BCF1BCE1B8E1B4D1B8E2B304CE9
:1033F000925C92649364936CF4745685558535851C
:10340000758D9695758D558D1585147DD374515C8C
:10341000F04BAF3B6E236D13AE13EE130F1C302435
:10342000302410243024512C712C512C712C9234C6
:103430009234512C512C71347134712C913492345A
:103440007134712C713492349234712C712C923409
:10345000723451347134923471345134923CB23CF0
:10346000902CD134F23CD1349024B12CF234D134AC
:10347000D134F134F234D12CB02CD134F234D12CFB
:10348000902CD134F234F134B12CD134D13C90347D
:10349000902CD134D134902C7024B02C902CEF2B64
:1034A000EF3B925C567D978D768DB795D895F895C4
:1034B000F895F895D895B895988D978577857785FF
:1034C000777D3575314CAE33EF336C1BEA022B033D
:1034D000AD0BEE130F147024D12CB134702CB13419
:1034E000F23CD23CB134D134123DF13CD03CF144F9
:1034F000F14CB044B0448F448C2BC9126B23AC2BDD
:10350000C90A0A0B2E2CF144B044EE33AD3B8C4378
:10351000EA3A4832C62985218529C631A63165296E
:10352000852924212521242104214421242123210A
:103530002329A0186B7B15D615DEF4DDD3DD91D5DC
:1035400071CD91CD30C5CEB44883E77ACB934DA4ED
:1035500010BD92C5D3CDF4CD35DE76E697E6B8EE54
:10356000D9F619F71AF73AF73BFF3BFF5CFF5CFF10
:103570005BFF7CFF7CFF7CFF9CFF9CFF9CFF7CF73C
:103580009CFF9CFF9CFF7CFF7BF77BF75BF75BF767
:103590003AF73AF73AF71AF71AF719EFF9EED8E6C9
:1035A000D8EED8EED8EED8EED8EED8E6F9EEF9EEB1
:1035B0001AEF3BEF5BF77CF79CFFBDFF9DF77CF7B5
:1035C0007CF77BF75BF71AEFF9EEF9EEF9EEF9EE1F
:1035D000D9EED9EEF9EEF9EE1AEF1AEF1AEF3AF743
:1035E0003AF73BF75BF75BF75BF75BF77CF77CFF42
:1035F0007BF77BF77BF77BF77BFF7BFF7BFF7BFF1B
:103600005BF75BF75BF75BF75BFF3BF73BF73BF782
:103610003AF71AF71AF71AF7F9EED9EEB8EE97E675
:1036200076DE76DE35D6F4D5B2CD10BDAA8B698BA9
:10363000AEACEFB451C592CD51CD92D572D593DDDC
:10364000D4DD15D68F8CE9424B3B2E44CD33CD2BA8
:10365000AE2350340F2CEE23502C302CEF231024AB
:10366000EF23CE1BCF1BCF1BAE1B6D1B8D2B304C06
:10367000925C92647364936CF47C76855585348592
:10368000758D9595558D358D3585147DD474515C2A
:10369000F04BAE336E238D13AE13CE13EF133024E5
:1036A000302410241024512C7134512C512C71349D
:1036B0007134512C512C71347134712C91349234F9
:1036C0009234712C712C92349234712C712C92346E
:1036D0009234712C7134923471345134923CB23C36
:1036E000902CB134F23CD1349024B12CF234F1342A
:1036F000B12CD134F134D12CB02CF1341235D13479
:10370000902CD134F234D134B12CD134D13C90341A
:10371000702CD12CD134902C9024B12C90340F2CBF
:103720003044F364B78D199EB895B795B78DD88D91
:10373000F895D895B895B895978D77857785777DE5
:10374000777D3575314CAE33EF336C1BEA022B03BA
:103750008D0BCD0BEE0B2F1C912CB12C4F24D134A3
:10376000D23CD13CB134D13C3245113DF13C114504
:10377000114DB044B04CB04CCD330A1B8C2B8C2B6C
:10378000C90A0A0BED2B4E342E348C2B6C3B2B4389
:103790004832E729C629C631A629A629A6296521C6
:1037A0006521442124214521252124214429032167
:1037B00002214008A4390D8C72BD93CDF4DDD3D520
:1037C000B2D591CDB2D530C5AA93A6728A8B2CA45E
:1037D000CFB451C5B3CDF4CD35DE76E697E6D8EE5D
:1037E000F8EE19F73AF73AFF3BFF3BFF5BFF5BFF51
:1037F0005BFF7BFF7CFF7CFF7CFF9CFF7CFF7CFFF3
:103800009CFF9CFF9CFF7BF77BF77BF75BF75BF7ED
:103810003AF71AEF19EF19EF19EFF9EED8E6B7E614
:10382000B7E6B7E6B7E6D8E6D8E6D8E6F9EE1AEF97
:103830003BF75BF77CF79CF79CF7BDFFBDF79CF768
:103840007BF77BF75BF71AEFF9EEF9EEF9EEF9EE9D
:10385000D9EED9EED9E6F9EE1AEFF9EEF9EE1AEF54
:103860001AEF3AF73BF75BF75BF75BF75BF77CF731
:103870005BF75BF77BF77BF77BFF5BF75BF75BF750
:103880005BF75BF75BF75BFF5BFF3BF73BF71AF719
:103890001AF71AF71AF7F9EED9EED8EEB8E677DE8E
:1038A00056DE56DE14D6F4D5B3CDF0BC8A8BAA8B87
:1038B000CFB410BD31BD92CD92CDB3D5D3DD15E6D9
:1038C000D4D532AD6B5B2A432E4C2F3C0E34CE2B1D
:1038D000CE2B7034502C2F24502C30241024102444
:1038E000EF1BCE1BCF1BCF1BAE1B6D1B8D2B304C8C
:1038F000B26492647364936CF57C768555853485E7
:10390000758D758D758D35853585147DD474515CB7
:10391000CF438E336E23AE1BCE13CE13CF13101CAA
:10392000302410243024712C712C512C512C712CEA
:10393000712C512C512C92349234712C712C923464
:1039400092347134713492349234712C712C7134FC
:103950009234512C7134923471347134923CB23CB3
:10396000902CB134F234D1349024B12CF234F134AF
:10397000B02CD134F134D12CB02CD134F234D13438
:10398000B02CD134F234D12CB02CD134D13C903481
:10399000702CD12CD134B02C902CB12C90340F2C15
:1039A0005144146DD88D39A6D89DD895D895F895E1
:1039B000F895D895D895B895B88D97857785767D03
:1039C000567D156D114C8E33CF336D23EA024B03B8
:1039D0008D0BCE0BEE0B2F1C912C912C4F24B13460
:1039E000D13CD13CB13CD13C3245313DF13CF1447C
:1039F000D044B04CF1543265B054AC33AC338C335A
:103A0000C9126C23CD2B8B23AC338C334B3B8932C7
:103A1000E72985298629C731A63186298529652187
:103A20004421452145214521252145214421C21814
:103A3000232123214008C1206F9CB4CDD3CDF4D5E0
:103A400071C591CDF2D550C56DACE77A898B2C9CB0
:103A5000AEAC50BDB2CDF3CD34D676DE97E6D8EE1F
:103A6000D8EEF9F61AF73AF73BF73BFF3BFF5BFF5F
:103A70005BFF7BFF7CFF7CFF7CFF7CFF7CFF7CFF90
:103A80007CFF7CFF7BFF5BF75BF75BF73BF73AF76D
:103A90001AEF1AEFF9EEF9EEF9EED8EEB8E677DEA6
:103AA00076DE76DE97E6B7E6B8E6D8E6F9EE3AEFE8
:103AB0005BF75BF77CF79CF79CF7BDFF9DF77CF706
:103AC0007CF77BF75BF73AF7F9EEF9EED9EED9EE32
:103AD000B9E6B8E6B9E6B9E6D9EEF9EEF9EE1AEFCD
:103AE0001AEF3AF73BF75BF75BF75BF75BF75BF7D0
:103AF0007BF77BF77BF77CFF7CFF7BF77BF77BF724
:103B00007BFF7BFF7BFF5BF75BFF5BF73BF73BF7E5
:103B10001AF71AF71AF7F9EED9EED8EEB8E676DE0C
:103B200056DE55D6F4CDD4CD93CDD0B48A8BCB937D
:103B3000F0B430BD71C5F3D5D3D5D3D514DE35DEA1
:103B4000D5C5ED730A432E546F440E342F34AD2384
:103B50000F2C5034502C502C50243024102410247E
:103B6000EF1BCF1BCF13CE1BAE1B4D1B8E2B314C2F
:103B7000B36493649364B36CF57C56855585358541
:103B8000758D758D758D35853585147DD474515C35
:103B9000D04BAE336E23AE1BCF1BEE13EF1B302486
:103BA000302430243024712C7134712C512C713418
:103BB0007134512C712C92347134712C712C9134DC
:103BC000923491349234B2349234712C712C9234F8
:103BD000712C512C712C9234713471349234B23C6A
:103BE000902CD134123DF134902CD12CF234F1349C
:103BF000B12CD134F234D12C902CD12CF234D12CE4
:103C0000B12CD134F234D12CB02CD134D13C9034FD
:103C1000702CD12CD134902C7024902C702C0F2C23
:103C20007144356DD895F99DB895F89D199E1896F3
:103C3000199EF89DD895B895B88D97857685567D4F
:103C40003675D46CF0438E33CF336D23EA024C0BC0
:103C50008D0BCE13EF13501CB12CB12C502491348A
:103C6000D244D13CB034D13C323D113DF034F03C33
:103C7000114DF154115DF57D368ED15CAC332A23A4
:103C80000A1B8C2B8C2B4B23CC3B8C3BEA32272AF8
:103C9000C629A631A63186314529652986294521BF
:103CA0002421452166292521041965292421A210F2
:103CB000A1102321A118400864398C83B4CDD3CD41
:103CC00092CDB2CDF3D5B2D5EFBC4883898B0B9C96
:103CD0008DAC30BD92C5F3CD34D655DE96E6B7EE49
:103CE000D8EEF9EE1AF73AF73BFF3BFF5BFF5BFFBD
:103CF0007BFF7CFF7CFF7CFF7CFF7CFF7CFF7CFFED
:103D00007BFF7BFF5BF75BF73BF73AF71AF71AEF9E
:103D10001AEFF9EEF9EEF9EEF9EED8E697E677DE6E
:103D200056DE76DE97E697E6B8E6D8E6F9EE1AEFC5
:103D30003AF75BF75BF77CF79CFFBDFF9CFF7CF7D6
:103D40009CF79CF77BF73AF71AEFF9EED9EEB8E655
:103D5000B8E698E698E698E6B8E6D9EED9EEF9EE38
:103D60003AF73AF73BF75BF75BF75BF75BF75BF725
:103D70007BF77BF77BF77CFF7CFF7BF77BF77BFF99
:103D80007BFF7BFF7BFF5BF75BF73BF73BF73BF78B
:103D90003AF71AF71AF7F9F6D9EED8EE97E676DE83
:103DA00055D655D6F4D5B3CD52BD8FA48A832D9C5C
:103DB00030BD71C5B2CD14D614D614D656DE15CE8C
:103DC000D19C0A4B4B3B4F4C2E3C0E2C0F34CE2338
:103DD00030345034502C502C30240F1C102410241C
:103DE000EF1BCF1BAE13AE138E1B4D136D23314C47
:103DF000B364B364B46CB46C157D56855585558534
:103E0000558D758D758D34853585147DF474725C92
:103E10003154CF3B8E238E1BCE13CE13EF1B302499
:103E2000302410243024512C712C512C712C7134DD
:103E30009234712C512C7134712C512C712C923480
:103E400092349134923492349234712C712C923495
:103E50007134512C712C9134713471349234B23CE0
:103E6000902CD134123DF134902CD1341235F134F0
:103E7000B12CD134F234D134902CD12CF234D12C59
:103E8000B12CF134F234D12CB02CD134D13C90345B
:103E9000902CD12CD13490246F24902C702C0F2C8A
:103EA0005144346DB78DD8959795F895F895F89558
:103EB000199EF89DD895B895978D97857785567DED
:103EC0001575B464F0438E33CE336D1BEA026C0B70
:103ED000AD13CE13EE13501CB12CB12C50249134E1
:103EE000D244B13CB034D134323D113DF034F144D0
:103EF000D044F14CD154F25C90540A23C91A2A23BD
:103F00000A1B6B2B4B238C33CD432A3B482AE629D3
:103F1000C631A631A6318631652945214521652165
:103F2000652944214521452125212521E318E31850
:103F3000E210A110A110C218022902296B7B52BD08
:103F4000D3CDD3D5D2CD14DE71C5488348830B9C25
:103F50006DA40FB571C5D3CD14D634D696DEB7E6B1
:103F6000D8EEF9EE1AF73AF73BFF3BFF5BFF5BFF3A
:103F70005BFF5BFF7BFF7BFF5BFF5BFF5BFF5BFF31
:103F80005BF75BF73BF73BF71AF71AF7FAEEF9EE38
:103F9000FAEEF9EED9EED9EED8EEB8E677DE56DED7
:103FA00077DE97E6B8EEB8EEB8E6D8EEF9EE1AEF9F
:103FB0001AF75BF75BF77CFF9DFF9DFF9CFF7CF78B
:103FC0009CF79CF77BF75BF73AF7F9EED9EEB8E68A
:103FD00098E6B8E698DE57DE77DE98E6D9EEF9EE99
:103FE0003AF73AF73AF73AF73BF73BF75BF75BF705
:103FF0007BF77BF77BF77BF77BF77BF77BF77BF731
:104000007BFF7BFF7BFF5BF73BF73BF73BF73AF729
:104010003AF71AF71AF7F9EEF9EED8EE97E676DEE8
:1040200055D634D6F4CDB3C511B54D9CCB8BCFACA2
:10403000B2CDD3CDF3CD14D614D635D656D673AD76
:104040006C5B0B3BAD430E444F3C5034EE2BEF2BDF
:10405000503450342F2C2F24EF1BEF1B102410242E
:10406000EF1BCF1BAE13AE138E134D136D23514CAC
:10407000B364B364B46CB46CF57C568555855585D2
:10408000548D558D558D14853585147DF474726469
:104090003154EF3B8E238D1BAE13CE13EF1B101C40
:1040A000302410241024502C512C512C512C712CC4
:1040B0009234512C512C7134712C512C712C92341E
:1040C0009234712C712C92349134712C712C923465
:1040D0009234512C712C7134713471349234B23C5D
:1040E0009024B12CF234D134902CD12CF234D13430
:1040F000902CD134F234D134902CD12CF234F134D0
:10410000B02CD134F234D134902CD12CB134702C69
:10411000902CD134D134902C7024B12C90340F2CAD
:10412000103CD3645685B7959795D895D895D89572
:10413000F895F895D8959795978D97857785767D9D
:10414000F56CB464F0438E33CF336D1BEA026C0B15
:10415000AE13CE13CE0B0F14912CB12C702CB134A6
:10416000D23CD13CB134D134323D323D113D3245A7
:10417000F144D04CD154904C4B2B4702A8120A1B4F
:10418000091B2A232B2B8C3B8C43A932E629C629F9
:10419000C631A53165296529863165294521452125
:1041A00086298629452145214521E418041903194A
:1041B000E2108108A2100321E220A1188018875A7A
:1041C000AFA4F3CD92C592C551C5AA8B287BEA93C3
:1041D0004C9CEFB450BDB2CDF3D534D676DEB7E605
:1041E000D8EED8EEF9F61AF73AF73BFF3BF73BF774
:1041F0005BFF5BFF5BFF5BFF5BF75BF75BF75BF70F
:104200003BF73BF73AF71AF71AEF1AEFFAEEF9EE27
:10421000F9EED9EED9EED8EEB8E697E677DE56DEBF
:10422000B8EEF9EE19F7F9EED8EED9EEFAEE1AF784
:104230003AF75BF77CFF9CFF9DFF9DFF9CFF7CF79F
:104240007CF77CF77CF75BF73AF71AEFF9EED8E6E4
:10425000B8E6B8E698DE56D636D677DED8EE19F749
:104260003AF73AF73AF73AF73AF73AF75BF77BF764
:104270007CFF7BF77BF77BF77BF77BF77BF77BF7A5
:104280005BF77BFF7BFF7BFF5BF73BF73AF71AF7A8
:104290001AF71AF71AF7F9EED9EED8EE97E676DEA6
:1042A00055D614D6D3CD92C5F0B44D9CEB9350BDEA
:1042B000F3D534DE54DE75DE55D635CED4B50E7466
:1042C000A9326C3B2F4C4F44703C703CEF2BEE2BD3
:1042D0005034502C0F24CE1BCE13CE1BEF1B1024BA
:1042E000EF1BCE1BAE13AE138E134D136D23514C2B
:1042F000B364B364B46CD46CF574357D3585558581
:10430000758D758D758D14855585147DF474515C8E
:10431000D04BAF3B6E238D1BAE13EE13EF1B101C67
:10432000302410241024502C512C512C512C512C61
:10433000712C512C512C71347134712C712C92349C
:104340009234712C712C9134712C712C712C712C34
:104350009234512C712C9134713471349234B23CBA
:104360009024B12CF134D12C9024B12CF234F134BE
:10437000B02CD1341235D134B02CD1341235D134E3
:10438000B12CF134F234D12CB02CD12CB134903486
:10439000902CD134D134902C9024B12C90340F2C0B
:1043A000103CB35C567D978D9795F89DD895F89500
:1043B000D895D895B895B895988D978D9785767D31
:1043C000F56CB464104CAF3BAE334C1BEB0A2B03C3
:1043D0008D0BAD0BAE0B0F14912CB12C702C9034B7
:1043E000D23CD13CB034D134323D123DF13CF13CB1
:1043F000D144D14CD154904C4B23880AE9122A1B4A
:10440000C9122A236C3B2A3BA932272AE629E63126
:10441000A6318531652965296529652966296629B9
:1044200086294521452145212521C3100419C310A2
:10443000A210C210C210C21023212429C118801852
:10444000E4492D9492C593C531BDCB8BC76ACB8B04
:104450002C9CCEAC50C591C5F3D534D675DE97E60D
:10446000D8EED8EEF9EE1AF71AF73AF73BF71AF743
:104470003BF73AF73AF73AF73AF73AF73BF73BF7B1
:104480003AF71AF71AF7FAEE1AF71AF71AF7F9EED7
:10449000F9EEF9EEB8E6B8E6B8E697E697E677E61D
:1044A000F9EE5AFF1AF7F9EED9EED9EEF9EEFAEE77
:1044B0003AF73BF75CF77CFFBDFFBDFF9DFF5CF764
:1044C0007CF77BF75BF77BF75BF71AEFF9EEF9E622
:1044D000D9E61AEFF9EE97DE36CE56D6D8E6D8E60C
:1044E000F9EE1AF73AF73AF73AF73AF73BF73BF7AC
:1044F0005BF75BF77BF75BF75BF75BF75BF75BF70C
:104500007BFF5BF75BF75BF75BF75BF73AF73AF735
:104510001AF71AF71AF719EFD9EEB8E677E656DE6A
:1045200035D614D6D3CD92C510B5EB936DA491CDED
:10453000D3D534DE34DE75DE76D635BE4E74E93240
:104540006C3B2F442F3C914471445034EE230F2C8C
:104550007134702CEE1BAD13AD13AE13EF2310248A
:10456000EF1BCE1BAE13AE136E132C136D23304412
:10457000B35C9364B46CD474F57C357D3585558516
:104580005585558D558D55853585147DF474315C73
:10459000D04BCF3B8E2B8D1BAE13CE13EF1B302495
:1045A000302410241024512C512C302C302C512C20
:1045B000512C512C712C71347134713491349234EA
:1045C00092347134712C92349234712C712C923457
:1045D000712C712C712C9134913471349234D23C01
:1045E000902CD12CF234D134B02CD134123DD134B2
:1045F000B12CD1341235D134B02CD134F234D13481
:10460000B02CD134F234D12CB02CD134D13C9034F4
:104610007024B12CB134702C9024B02C702CEF2B62
:10462000303CB35C567D978DB895F99DF895F8951B
:10463000F895D895B895D895D895D88DB88D777DBB
:104640001575D46C114CAE33AE334C1BEA022B0300
:104650008D0BCE13CE130F1C912CB12C702CB134BA
:10466000D23CD134B02CD134323D123DD13CD13C7E
:10467000D1449044904470446B23C91209132A1BFF
:10468000E91A2A2B6C3BEA3A472A0732273AC63105
:104690008529852985296529452165298629662950
:1046A00045216521662945212519E418E418C31020
:1046B000C208E310E318A210A21003210321C118BD
:1046C000C120C541E96AAC83CC8BC86A8662CB8BBA
:1046D000EB93CEAC70C571C5B2CDF3D555DEB7E660
:1046E000D7EED8EED8EEF9EE1AF71AF71AF71AF74E
:1046F0003AF73AF73AF73AF73AF73AF73AF73AF732
:104700001AF71AF71AF7FAEEFAEEFAEEF9EEF9EEF0
:10471000D9EED9EEB8E698E697E656DE97E6B8E623
:104720003AF75AF719F7F9EED9EED9EEFAEE3AF769
:104730001AEF3BF77CF79CFF9DFFBDFF9DFF9CFFA1
:104740005CF77BF77CF77BF73AF71AEF19EF19EF75
:104750001AEF5AF75AF7D8E636D635D697DEB7E6C7
:10476000D8E6F9EE3AF75AF75BF75BF73BF73AEF23
:104770003BF75BF75BF75BF75BF77BF75BF75BF7A9
:104780005BF75BF75BF75BF75BF73AF73AF71AF71C
:104790001AF719F7F9EEF8EED8EEB7E676DE55DE41
:1047A00014D614CED3CD92C5CFB40C9410B534DE4C
:1047B00034DE34DE35DE56DE15C6F18C6B43E92A75
:1047C0004F449144503CB14471442F34EE232F2C7C
:1047D0009134702CEE138D0B8D0BAE130F2410241F
:1047E0000F24CE1BAE13AE138E134D138D2B514CD5
:1047F000925C92649364B46CF574157D3585348550
:1048000034855485348534853585147DF474515C44
:10481000D04BAF3B6E238D13AE13CE13CF130F1CB3
:10482000302410241024512C512C512C302C512C7C
:10483000712C712C712C71347134712C712C923457
:1048400092347134712C92349234712C712C9134D5
:104850009234712C712C7134713471349234B23CB5
:10486000902CB12CF134D12C902CD134F234B12CC9
:10487000B12CD1341235D134B02CD134F23CD134F6
:10488000B02CD134F234D12CB02CD134D13C913471
:10489000702CB12CB134902C902CB02C702C0F2C8F
:1048A0003044B364557D978DB795F89DD895F895AC
:1048B000F895B895B895D895F995D88DB88D767D39
:1048C0003675156D314C8E33AE334C1BEA022B031B
:1048D0008D0BCE13CE130F147024702C702C9034CB
:1048E000F23CD134B034D134323D123DD13CD13CD4
:1048F000F14C904470444F446B23C912E912E91AF9
:10490000E91AE92A2B3BCA3A2732E731073AE6315E
:10491000642185298529652945218629A7314521D5
:104920004521862966292521E4180419E418E31095
:10493000C310A208031145210419C210E218232153
:104940002329A1188018E22843318341465A6983FC
:10495000EB936DA4EFB430BDB2CDF3D534D676E68B
:1049600097E6B7E6D8EED8EEF9EEF9EE1AF71AF7B1
:104970001AF73AF73AF73AF73AF71AF71AF71AF72F
:104980001AF7F9EEF9EEF9EEF9EEF9EEF9EED9EEE5
:10499000D9EED8EEB8E697E677DE36D697E6F8EEAB
:1049A0001AF719EF3AF73AF719EF19EFF9EE1AEF8C
:1049B0001AEF3AEF5BF77CF79CFFBDFF9CFF7CF79B
:1049C0005CF75BF75BF75BF73AF71AEF19EF19EF54
:1049D0003AEF5AF75AF7F9E656D615CE56D697DE7D
:1049E000B8E6F9EE1AF75AF75BF75BF75BF73AF7B9
:1049F0003AF73AF75BF75BF75BF75BF75BFF5BF761
:104A00005BF75BF75BF75BF73AF73AF71AF71AEFE2
:104A10001AF7F9EEF9EED8EEB8E697E676DE35D677
:104A200014CEF3CDB3C592C5AFAC2D9C71C535DEA8
:104A300055E614DE56DE36CE329D2A43E92A2E4450
:104A4000703450345034913C913C0F2CEF23502C57
:104A5000702C7024EE138D036D03AE0BEF1B0F242F
:104A6000EF1BAE13AE13AE136D134D136D23104435
:104A7000925C725C5264936CD474157D3485348579
:104A80003485348514851485147DF374D474515C95
:104A9000AF43AF3B6E236D13AE13CE13CF130F1C7A
:104AA00010240F241024512C712C512C512C512CDA
:104AB0007134712C512C512C512C512C712C92345D
:104AC0009234712C713492349234712C512C713493
:104AD0009234712C712C7134713471349134B23C34
:104AE000902CB12CF134D12C902CD12CF134B12C50
:104AF000902CD134F234D134B02CD134F23CF13496
:104B0000B02CD134F134B12CB02CD134D134903418
:104B1000902CD134D134902C902CB02C70340F2C9C
:104B20005044D364567D978D9795D895B78DD78D82
:104B3000D895B895B895D895D895B88D9785567D60
:104B4000567D3575314C6E33AE336C1BEA022B0B40
:104B5000AD13CE13CE130F147024702C702CB134FF
:104B6000F23CF134B034D134123DF23CD13CD1446A
:104B7000F144B04490444F3C4A1BC912C912C91AAF
:104B8000A81AC92AA932893A683AE739A631A63162
:104B90008529852985298629A629C73186292521A0
:104BA0004521862966290419C4180419C310E3187D
:104BB00003110319241945210419C21003192421D2
:104BC000E218C218E220A1184010C12026526A83C0
:104BD000AA8B6DA40FBD0FBD91C5F3D514D635D6E4
:104BE00096E697E6D7EED8EED8EED9EEF9EE19F7BD
:104BF00019EF19EFF9F6F9F6F9F6F9EEF9EEF9EE23
:104C0000F9EEF9EEF9EEF9EEF9EEF9EEF9EED9EE8C
:104C1000D9EEB8EEB8E677DE77DE36D697E6F9EE6F
:104C200019F7F9EE3AF719EFF9EEF9E6D9EE19EFBF
:104C30001AEF1AEF3AEF5BEF7BF77CF77BF75BF746
:104C40005BF71AF71AEF1AEF1AF719EFF9EEF9EE08
:104C500019EF3AEF3AEF19EF97DE35CE56D676DEFA
:104C6000B8E6D9EEF9EE1AF73AF73AF73AF73AF723
:104C70003AF73AF73AF73AF73AF73AF75BF75BF76A
:104C80003AF73AF73AF73AF73AF71AF71AEF1AEF0C
:104C900019EFF9EED8EED8E6B7E697E656DE35D648
:104CA00014CED3C593C572BD8EA48EA4B3C5F4CD66
:104CB00055D615CED5C5D194CD63EA326B2B903C39
:104CC00090345024702CB13CB13C0F2C2F2C502C24
:104CD0005024501CEE0B8D036D03AE0BEF1BEF1B2E
:104CE000CF1BAE138E138E136D132C134D23F04375
:104CF000725C315C315C5264B374157D34853485EB
:104D00003485348534853485F47CD374B36C515C3C
:104D1000AF43AF3B6E238D13AE13CE13CF13101CD6
:104D20001024EF1B0F24502C512C512C512C512CA2
:104D30007134512C512C512C512C512C712C9234FA
:104D40009234712C713492349234512C512C712C38
:104D50007134512C512C7134713471349134B23C12
:104D6000B02CD1341235D134902CD12C1235D13411
:104D7000902CD134F234D134B12CD134F23CF23411
:104D8000B02CD134F134B12CB02CD134D134903496
:104D9000902CD134D134902C9024902C70340F2C42
:104DA0005144F4647685B795B795B895B78DB78DAE
:104DB000D895D895B895B895B895B88D9785567DFE
:104DC000567D3675314C6D33AE334C1BCA024C0BDD
:104DD000AD13CE13CE130F1C902C902C702CB1342D
:104DE000F23CD13CB134B134F244D13CB13CD13C81
:104DF000D144B04490442E3C2A23C91AE91AC91A56
:104E0000671AA932A93A683A283AE739852965210B
:104E1000C629A6298529A629C731A63145214521BC
:104E20006521A62966290419E4180419A210C210E4
:104E3000031965212519E410C310C31003190319C0
:104E4000C310C31803210321C1180229054A4A7B54
:104E5000CB932C9CEEB40FBD91CDD2D5F3D555DEBE
:104E600076DE96E6B7EED8EED8EED8EEF9EEF9EEAD
:104E7000F9EEF9EEF9EED8EED8EED8EED9EED9EE9D
:104E8000D9EEF9EED9EED9EED9EEF9EEF9EED9EE8A
:104E9000D9EED8E6B8E677E677E636D697E6F9F6BD
:104EA000F9EEF8EE39F7F8EEB8E6B8E6B8E6D8E687
:104EB000D8E6F9EE1AEF3AEF3AEF3AEF3AEF3BF76E
:104EC0003AF7F9EED9EED9EED9EED8EED8EED8E62B
:104ED00019EF3AEF3AEF3AEF97DE15CE36D677DE96
:104EE00098E6B8EEF9EEF9EEF9EE1AF71AF71AF7B6
:104EF000F9EE1AF73AF71AF71AF71AF73AF73AF7F4
:104F00003AF73AF73AF73AF71AF71AF71AF71AF799
:104F1000F9EEF9EED8EED8E6B7E696DE56DE35D6EF
:104F200014CED3C5B3C531B56E9CCFA4F4BDF4B5D2
:104F3000B4AD329D707C6C530B3B8C3B0E3C2E2CE5
:104F4000702C5024702C913491340F2C302C502C18
:104F50003024501CEF138D038D03CE0BEF1B0F1C61
:104F6000CF1BAE13AE13AE138E134C136D23104430
:104F7000725C515C325C7264D474358555853485BD
:104F80003485558D558D5585147DD374B36C515C26
:104F9000F04BCF3B8E238D13AE13AE13AE13EF1B2E
:104FA0001024EF1B0F243024512C512C512C512C48
:104FB0007134512C512C712C712C512C712C923438
:104FC00092347134713492349234512C512C512CCE
:104FD0007134512C512C71347134512C7134B23CD8
:104FE000B02CD134123DF134902CD12C1235F13447
:104FF000902CF134F234D134B134D134F23CF13468
:10500000B02CF134F234B12CB02CD134D13C9134E9
:10501000902CD134B134702C7024902C70340F2C1F
:105020005144146D9785D895B895D895D895D88D55
:10503000D895D895B895B895B895D88DB78D36755B
:10504000567D3575104C6D2BAE334C1BCA024B0B85
:105050008D0BAD0BCE130F1C912C902C702C90341B
:10506000D134B1349034B13CF244F144D13CD14418
:10507000F144B0446F440E3C0A23A91AA9228822A5
:10508000882A8832893A683AE731A631852965212C
:10509000C629A6298529A629A631452124216529C5
:1050A0006521862945210419E418E418C310E3108A
:1050B00004194419041904190419E318C318E3184E
:1050C0000419E310C310C218A210C118A441297317
:1050D000EB93EB93ADB40FBD70C591CDD3CD34DE62
:1050E00035DE76DEB7E6B7E6B8E6B8EED8EED8EE4F
:1050F000D8EED8EED8EED8EED8EED8EEB8EEB8E6C8
:10510000D8EED8EED8EED8E6D8E6D8EED8EED8EE7F
:10511000D8E6D8EED8EE98E677E636D697E6D8EE1B
:10512000D8EEF8EE19F7D8EE97E677DE76DE97E65A
:1051300097E6B8E6D8EEF9EEF9EEF9EE1AEF1AEFC7
:10514000F9EEF9EED8EEB8EE97E697E6B8E6D8EEC7
:1051500019EF3AEF3AF71AEF77DEF5CD15D657DEAD
:1051600077DE98E6D8EEF9EEF9EEF9EED9EED9EE63
:10517000D9EEF9EE1AF71AF71AF71AF71AF71AF71B
:105180001AF71AF71AF71AF71AF71AF71AF719EFA0
:10519000F9EED8EEB8E6B7E697E676DE35D614CE69
:1051A000F4C5D3BDB3BD11AD4D8CCF94729D328D7E
:1051B000B0740E5C8D4B4C3B4C2BEE334F34703443
:1051C000502C5024502C502C502C0F24503451343F
:1051D000502C3024EF0B6D036D03CE0BEF1B0F240F
:1051E000CF1BAE13AE13AE138E134C136D231044AE
:1051F000925C72645264936CF47435855585348581
:105200003485758D768D758D3585F374D474725CA7
:10521000104CCF3B8E236D13AE13CE13CE13EF1B6A
:105220001024EF1B0F243024512C512C512C512CC5
:105230007134512C512C712C712C712C712C923495
:1052400092347134713492349234512C512C512C4B
:105250007134712C712C71347134512C713492343D
:10526000B02CD12CF234D134902CD12CF234D13456
:10527000B02CF134F23CD134B134D134F134F134C6
:10528000B02CF134F234B12CB02CF134D23C913446
:10529000902CD134B134702C9024B12C70340F2C5C
:1052A00051443575B78DF895B895B895D895F8955A
:1052B000D895D8959795B895B895D88D9785357523
:1052C000567D156DF04B6D2BAE2B4C1BCA024B0B54
:1052D0008D13CE13CE132F1C912C902C702CB03428
:1052E000B134B0349034B03C1245F244D144F1446E
:1052F000F144B0444F3C0E3C0A23881A88226822AD
:10530000A93268322732273AA63185298529A6296C
:10531000A6298629A629A6314529242145218521AA
:10532000652186294521C310C318E41804192421D6
:10533000241924190419E418E4180419E318E318CB
:10534000E410E410C310C310C218E2208439E86AE4
:105350008A8BEB93EEBCEEBCEEB470C5D3D5F3D51F
:1053600014D655DE96E697E697E6B7E6B8E6B8E6D1
:10537000B8E6D8E6D8EED8EED8EEB8E6B8E697E6C6
:10538000B8E6B8E6B8E6B7E6B8E6B8E6D8EED8EEDE
:10539000D8E6D9EED8EED8E697E656D656DE77DED2
:1053A00097EEB7EE77E676E636E615D615D635DE15
:1053B00056DE56DE77E697E6D8EED9EEB8EEB8E6DA
:1053C00098EE97E676E656DE15DE35DE76DE97E673
:1053D000F9EEF9EEF9EEF9EE77DE16CE36D697E66F
:1053E00077DE98E6D8EED9EED9EED8EED9EED9EE42
:1053F000D9EED9EED9EED9EED9EEF9EEF9EEF9F60D
:10540000F9F6F9F6F9F619F719F7F9F6F9EEF9EEF2
:10541000D8EEB8E6B7E697E676DE55D615D614CEC2
:10542000F4C5D3BD93BDF0A40C7C4E7C6E6C4E5C79
:105430000E44EE3BAE33AE2BCE33303C50345034C2
:1054400070347134702C502C302C0F243034513483
:1054500051343024CF136D034C03AE0BCE13EF2326
:10546000CE1BAE13AE13AE138E134C136D230F442D
:10547000725C525C52647364D474157D34851485F7
:105480003485558D758D558D3585147DF474515C3D
:10549000F04BCF3B8E238D13AE13CE13CF13EF1BE8
:1054A000102410241024502C512C512C512C712CD0
:1054B000712C512C512C512C712C512C712C92345B
:1054C00092347134713472347234512C512C712CE9
:1054D0009234712C713471347134512C7134B23C6A
:1054E000902CB12CF134D12C902CD134F234D12C1D
:1054F000B02CF234F23CD134B134D134F134F13443
:10550000B12CF134F234B12C902CD134D13C903404
:10551000702CD134B1349024902CD13490340F2C91
:10552000914C7675F895F99DB895B895F895F895DC
:10553000D895D895B895B895B895B88D9785367D96
:105540003675F46CF0434D2BAE2B4C1BEA024B0B23
:105550008D13CE13EE132F1C7024702C702CB134CD
:10556000D13CB0347034B03C1245F244D13CF144EB
:10557000B03C6F3C4E3C0E3C0A23681A882AA93284
:105580008832883AE63185298529A6298529C629C0
:10559000A6298629A631A631252124216529652140
:1055A000442186294521C310C310C310242124217E
:1055B0004521041924212421E418E318E318E318F1
:1055C000E410E410C310A210A210C1188439E86AD4
:1055D000EB93898B8DAC0FBD0FBD50C591CDF3D52D
:1055E000F3D535DE56DE76E676E697E6B7E6B7E63D
:1055F00097E6B7E6B7E6D7EEB7E6B7E697E677DE23
:1056000097E697E697E697E697E6B8E6D8EED9EEFE
:10561000D8EEF9EED8EED8EEB8E676DE35D6F4D58B
:1056200015DE15DEF4DD35DE15E6B3D592CDB3D546
:10563000F4DD15DE35DE56E677E676E676E676E6E6
:1056400056E635DEF4DDD3D5B3D5D4D515DE56DE3A
:1056500097E697E677E677DE57DE36D677DE98E68A
:1056600098E6B8E6B8EEB8EEB8E6B8E6D8EED9EE09
:10567000D9EED8EEB8E6B8E6B8E6D8EED9EED9EE6F
:10568000F9EED9EED8EED8EED8EED8EED8E6B8E6F8
:10569000B7E6B7E697E676DE56D635D614CE14CE04
:1056A000F4C5D3BDB4BDD094AB63CC53CC430D3C57
:1056B0000E34CE2BAE23CF2B303450342F2C7034FD
:1056C00050347134502C502C302C2F2C302C513421
:1056D00071343024CF134D034C038E0BAE13EF1BEC
:1056E000CF1BAE1BCE1BAE1B8E1B4D136D23104468
:1056F000925C72647264936CD4743585558D558553
:105700005585758D558D55853585147DF474315CC1
:10571000D043CF3BAE2B8E1BAE13AE13CE13101C5B
:10572000102410243024512C512C512C512C712C2C
:105730007134512C512C512C712C512C712C9234D0
:10574000923471345134713472345134712C713457
:105750009234712C512C71347134512C7134B23C0F
:10576000902CB02CF134D134B12CF1341235D12C31
:10577000B02CF134D234B12CB12CD234D234D13457
:10578000B02CF134F234B12C902CD134F134B0344B
:10579000902CD134D12C90249024B12C90340F2C07
:1057A000914C967DF895F99DD89DD895F895F895EA
:1057B000D895D895B895B895D895D88D9785567DB4
:1057C0003575F46CCF436E33CE334C1BEA0A2B0B8A
:1057D0008D13AD0BCD130E1C7024902C702C702CDF
:1057E000B134B0349034B13CF144D13CB03CD13C04
:1057F000B03C6F3C2E3C0E3C0A2B681AA932A932F1
:10580000883A473AC6298529A629A631A629862994
:10581000C729A629A731662925214521252145210A
:10582000242186298629C310C3100419041945218F
:10583000242124212421041904210421C318E3185C
:10584000E418E310C310A210A210A218233167625B
:10585000EC93CB930BA4CEB4EEBC30C591CDB2D5B6
:10586000D3D514DE34DE55E656E676E697E697E6BF
:1058700097E697E697E697E697E6B7E697E696E621
:1058800077E697E677E677DE98E6D9EEF9EEF9EE79
:10589000F9EED9EEF8EEF8EEB7E656DED4CD72C5E5
:1058A00092CDB3DD31CD0FC5EFC450CD0FC530C59E
:1058B00092D5B3DDD3DDD3D5F4DD15DE35DE35DEAF
:1058C000D3D572CD51CD51C592CDB3D5D3D5F4DD5D
:1058D00015DE35DE36DE36DE15D656D697E6B8E668
:1058E00097E698E6B8EEB8E6B8E6B8E6B8E6B8E601
:1058F00098EE97E697E6B7E697E697E6B8E6D8E635
:10590000D8EED8EED8EED8EEB8EEB8E6B7E697E621
:1059100096E676DE76DE77D656D615CEF3CDD3C5AF
:10592000B3C5B4C593B5B084EC53CC430E3C503CE6
:105930000F348E23CF2B31345034302C503450342C
:10594000702C502C3024302C302C502C502C502CBF
:1059500091345024CE134C034D038E0BCF1BEF1B01
:10596000AE1BAE1BAE1BAE138D134C138D233044F8
:10597000B3649264B26CD36C357D5585558D558D6D
:10598000558D3585358D14853585147DF474515CC0
:10599000D04BCF3B8E2B6D1B8E13AE13AE13EF1B74
:1059A00010240F1C10245024712C712C712C712C7C
:1059B000712C512C512C712C712C512C512C713477
:1059C0009234512C712C923492347134512C712CAC
:1059D000512C512C512C7134712C512C712CB2340E
:1059E000902CB02CF134D134B02CD134F234B12C11
:1059F000902CD134D134B12CB12CD234D134B12C3F
:105A0000902CD134F134B12C902CD134F134B03409
:105A1000902CB134D12C90249024B02C902C0F2CAD
:105A2000924C967DF895199EF99DF99D199EF895D1
:105A3000D895B895B895B895D895B88D9785567D71
:105A40001575F46CF0438E33CE334C1BEA0A4B0BC6
:105A50006C0B8C0BAD0B0E147024902C702C902CB6
:105A6000B1349034702C9034F13CD13C903490346B
:105A70008F3C6F3C6F442E442A336822A932A93AE6
:105A800047320632C529852985298629A6298629EE
:105A9000C729E73186294521452145214521452151
:105AA000241986298629E310E418241924192521AC
:105AB00024210419042124210421E318E318E31804
:105AC000E310E410A208A210C218A11823298862CA
:105AD000AFAC30BDAEB4CEBCCEBC0FBD71CD91CDA0
:105AE000B2D5F3D514DE34DE35DE56E676E676E65C
:105AF00076DE77DE96E696E696E696E696E676E635
:105B000076DE76DE76DE77DE97E6D8EEF9EEF9EE33
:105B1000D9EEF8EEF8EEF8EEB7E656DEB3CD10BDEE
:105B2000F0C4CFBCEBABA99B6893C99B0AAC8CB407
:105B30000FCD0FCD31CD71D592D592CD71CD71CD27
:105B400071CD30CDF0C4CFBCCFBCCFBCCFBC10C565
:105B5000B2D5D3D5D4D5D4CDD4CD56DE97E6B8E6DC
:105B600097E6B8EEB8EEB8E698E697E697E677E6F9
:105B700077E677E697E697E697E697E697E697E67D
:105B800097E697E697E697E697E697E696E696E62F
:105B900076DE76DE56D657D636CE15C6D3C5B3C515
:105BA00092C593BD73AD6F74CD43ED330F340F3495
:105BB000AF2BAF2B102C7134913470345034502CE7
:105BC000702C502C502C302C502C5134512C712CCA
:105BD00091345024AE134C034C038E13CF1BEF1B98
:105BE000CF1BAE1BAE13AE138D134C136D2330447D
:105BF000D364B36CB26CD374147D55855585558DC3
:105C0000558D3585358D14853585147DF474525C3C
:105C1000F04BAF3B6E236D1B8E13AE13AE13EF1B19
:105C20000F240F1C0F1C3024512C512C512C712C83
:105C3000712C512C512C712C512C512C512C713414
:105C4000712C302C512C71347134712C512C7134D5
:105C5000712C512C512C712C512C512C712C9234B3
:105C6000902CB02CF134D134902CB12CF134D12CB7
:105C7000902CD12CD134B12CD12CF234F234D12C43
:105C8000902CD134F134B02C902CD134F134B03488
:105C9000902CB034B13490249024B02C90340F3434
:105CA000B254B785F89519A619A6F99D199EF895CD
:105CB000D895B795B895B895D895B88D9785567DF0
:105CC0003675146D104CAE33CF334C1BEA0A4C0BB7
:105CD0006C0B8D0BAD0B0E147024902C702C902C33
:105CE000B13490346F2C9034F13CD13C9034903CE2
:105CF000B0448F44904C4F4C2B336822A9328832E9
:105D00002732C629C629C63185298529A629A6296B
:105D1000C729E7316521252145212521252125197F
:105D200025216529652904192421452124212421BF
:105D30002421E318E31825210421C3180421E318C2
:105D4000E418E318C310C210A218811884394E9CBD
:105D500035DE35DEEFBCAEB4CEB4EFBC50C591CD70
:105D600091CDD2D513DE14DE14DE35DE56DE76DEBE
:105D700056DE76DE76DE76DE76DE76DE76DE76DEA3
:105D800076DE76DE76DE97E6B7E6D8EED8EEF9EE8A
:105D9000D8EEF9EEF9F6D8EEB7EE56E693CDCFBCD5
:105DA0002DB4CBA3699B279306930693279388A3CF
:105DB0002BB48DBC0FCD0FCDEFC40FC530CD0FCDA3
:105DC00010CDAEBC2CB4699BE78AE78249930CA442
:105DD000AFBC10BD51C551C5B3CD35DEB7E6B7E692
:105DE000B7E6B8E6B8E697E697E677E676DE76E6D3
:105DF00056E676E676E696E696E696E676E676DE8B
:105E000076DE76DE76E676E676E676DE76DE76DEDA
:105E100055DE35DE36D656D636CEF4C5D3C5D3C517
:105E200092C5B3BD52A50D64AD43EE332F34EF2BB5
:105E3000CF2B0F2C502C703491347034503471347B
:105E4000502C502C502C502C51345134512C712C3E
:105E500091345024AE134C034C038E13CF1BEF230D
:105E6000CF23AF1BAE1B8E138D134C138D233044E9
:105E7000D364D36CD374D374147D357D3585558D3F
:105E8000558D558D358D14853585147DF47C726462
:105E9000F04BCF3B6E236D1BAE13CE13CF1BEF1B0E
:105EA00010240F2410243024512C512C512C712CEF
:105EB000712C512C512C712C512C512C512C713492
:105EC000712C3024512C712C7134512C512C713483
:105ED0007134512C302C512C512C512C512C92348A
:105EE000902CB12CF234F134902CB12CF234D1340A
:105EF000902CB12CD12CB12CB12CF234F234D13401
:105F0000B02CF134F134B12C902CD134F134B02CCC
:105F10006F2CB034B02C70247024B02C90342F34FB
:105F2000B254B785F89D19A6F9A5D89DF895F895AE
:105F3000D895B895B895D895D995B88D9785778522
:105F4000567D1575314CAE33CE332C1BEA026C0BEB
:105F50008D13AD0BCD0B0E1C902C70244F24902C68
:105F6000B02CB02C902CB034D13CD03CB03CD044C0
:105F7000B0446F446F4C2E4C2A33882A8932473202
:105F80000732E629E631E731A631A631C731C731FC
:105F9000C73186216521452145212519E4102519A0
:105FA000242165216521041924214521242124214E
:105FB0002421E318C31824210421E318042104191F
:105FC000E418E418C318A218A118C1206B7B77DE6F
:105FD00097E6F4DD31C5AFB4CEB40FBD50C591CD59
:105FE00091CDB2CDF3D5F3D514DE34DE55DE56DED9
:105FF00056DE76DE76DE76DE56DE56DE76DE76DE61
:1060000076DE76DE76DE97E6D7EED8EED8EED8EE00
:10601000D8EEF9EEF8EED8EEB8EE77EED4D511C59D
:106020004DB4CAA389A368A368A3279B479B479B3A
:10603000689BEAAB8DBCAEC48DBCAEC4CEC4CEC42E
:106040004DBCCAA32893A6828682A682C7822893C3
:10605000EBA34DACCFBC51C5B3CD56DEB7E697E64A
:10606000B7E6B7E697E677E677DE77DE76E656DEE2
:1060700035DE55DE76E675E676E676E676E676DEBB
:1060800056DE56DE55DE55DE56DE56DE55DE55DE74
:1060900035D614D615D615CE15CED4C5B3C5D2C5B2
:1060A00092BDB3B5F194AC53AD3BCE2BEF2BEF23A8
:1060B0000F2C302C702C702C702C503451349134A7
:1060C00050245024702C712C5134502C502C712C95
:1060D000712C3024AE134C034C038E13CF1B1024B1
:1060E000EF23CF1BAE1BAE1B8D134C138D235144DE
:1060F000D364D36CD374D3741475347D3585358DE6
:10610000768D558D358D14851585147DF4747264E6
:10611000F04BCF3B6E2B6D1BAE1BAE13CF1B102471
:10612000102410241024502C512C512C512C712C43
:10613000712C512C512C712C512C512C512C71340F
:106140009134512C712C91347134512C512C713467
:10615000712C512C302C512C512C302C512C923430
:10616000902CD134123DF134902CB134F234D1342E
:10617000902CD12CD134B12CB12CD1341235D12C5E
:10618000B02CF134F234B12CB02CD134F134B02C29
:106190006F2CB034B02C70247024902C90342F3499
:1061A000D35CB785D895F99DF9A5F89DF99DF8952B
:1061B000D895D895D89DD99DF99DD895B88D9785B6
:1061C000767D15755154AE33CE332B1BCA024C0B62
:1061D000AD13CE13EE132F1C902C70242F24702C93
:1061E000902C902C902CB034D13CB03C903CD044BE
:1061F0006F442E440E44CD430A3389326832072A55
:10620000E629E631E731C631C739C731C731C73171
:10621000C72945216521662125210419E41824197F
:1062200024196521652124192421242124212421D4
:106230000421E318041904190419E418E4182521A9
:10624000E418E418C218A218C120274AF5CD19F79E
:1062500056E6F5DD72CDCFB4AEB4CFB40FBD71CD7F
:1062600091CD91CDB2D5F3D513DE14DE34DE55DEFB
:1062700055DE55DE56DE56DE56DE56DE56DE56DE80
:1062800075DE76DE96E6B7E6D8EEF8EEF8EED8EEF6
:10629000D8EED8EEF8EED8EEB8EE97E636DE93CD2F
:1062A00010C56DB40BB4EAABCAB3A9ABC9ABA9A313
:1062B000689B689BEAA34CB46DB42CB40BB40BB4CC
:1062C00089A3489B289B289B699B699B499B899B29
:1062D000EBA34DACCFBC72CDD4D555DE97E696E698
:1062E000B7E6B7E697E676DE76DE56DE35DE35DEF5
:1062F00014D614DE34DE34DE34DE55DE55DE35DE13
:1063000035DE35D635DE35DE15D615D615D615D69D
:10631000F4D5F4CDD4CDD4CDD4C5B3C5B2C5D2C592
:10632000B2BDB2B5B0846C4BCE3BAE23CF231024AC
:10633000302C2F2C702C902C7034502C512C502C35
:1063400050245024712C71347134502C512C512C08
:10635000712C5024CE134D034C038E0BCF1B1024F5
:10636000EF23CF1BAE1BAE1B8D134C136D2330449C
:10637000D364D36CD374D3741475347D358535856B
:10638000758D558D358D34851485147DF474726446
:10639000F04BCF3B6E236D1BAE1BAE13CE1B0F24F9
:1063A00010240F2410243024512C512C512C512C0A
:1063B000712C512C512C712C712C512C512C712C75
:1063C0009234712C712C92349234712C502C712C8B
:1063D000712C512C512C512C512C3024512C913496
:1063E000902CB134123DF134902CB134F134D12CD5
:1063F000D12CD134F234B12C902CF2341235D12C72
:10640000B02CF134F134B12CB02CD134F134B0349F
:10641000902CB034B134902C7024902C702C2F34EC
:10642000F35C967D978DD89D19A619A6199EF895AF
:10643000F895D89DD89DD99DF99DD895B88DB785EB
:10644000767D15755154AE3BEF3B4C1BCA024C0B8D
:10645000AD13EE13EE132F1C912C70242F24702CEF
:10646000902C902C902CB034D13C903C6F346F3CED
:106470006F444F4C2E4CAD4B0B3B89322832E629F2
:10648000C629E731E731A631C739C731A731A72976
:106490008621652145214521041904192521E4108F
:1064A00024196521652945214421242144212421E1
:1064B000E318E3182421041904190419E4184521E8
:1064C000C418A318C218C118C120909C1AF7B8EEBE
:1064D00097E677E6B4D532C531C5AFB4EFBC50CD41
:1064E00091CD91CD91CDD2D5F3D513DE14DE14DE4E
:1064F00034DE35DE35DE35DE35DE35DE35DE55DEE5
:1065000055DE75DE76E696E6B7E6D8EED8EEB7E667
:10651000B8E6D8E6F8E6F8EED8E6B8E677DEF5D5E0
:1065200072CD10C5CEC46DBC4CBC2BB42BB40BB417
:10653000EAABA99B899BCA9BCAA3AAA369A3499B4F
:1065400069A389A3CAABCAABCAABCAA3EBAB4CB4B1
:106550008EBCCFBC31C5B3D5F4D555DE76E697E613
:1065600097E697E697DE76DE56DE35D615D6F4D575
:10657000F3D5F3D5F3D5F3D514DE14DE14DE14DE33
:1065800014D614D614DEF4D5F4D5F4CDF4CDF4CD70
:10659000F4CDD3CDB4C5B4C593C593C592C5D2C50A
:1065A000D3BD72AD2E742B3BAE2BCE1BEF23712CC3
:1065B000502C4F2C902CB0349034502C312C302453
:1065C0005024702C712C913471345134512C512C35
:1065D000712C5024CF134D034C038D13CF1B10246B
:1065E000EF23CF1BAE1BAE1B8D132C0B4D1B10448A
:1065F000B364D36CD374D374F474347D158535854A
:1066000055855585358D34851485347DF4747264D3
:106610001154CF436D236D1BAE1BCF1BCF1BEF233C
:106620001024EF2310243024512C302C302C512CEA
:10663000712C512C512C712C712C512C512C712CF2
:106640009134712C712C92349134512C3024712C52
:10665000712C512C512C712C512C3024512C9134F3
:10666000902CB134F23CD134902CB134F134B12CB3
:10667000D134D134F234D12CB12CF2341235D12CA6
:10668000B024F134F134B02C902CD134F134B02C4E
:10669000702CB134D134902C9024902C70342F3441
:1066A000F35C967D978DD89D19A619A6199EF8952D
:1066B000D895D895D89DD89DD995D895B88DB885B9
:1066C000777D156D5154AE3BEF3B4C1BCA024B0B13
:1066D0008D13CD13CD132E1C902C70242F24902CB1
:1066E000B134B134902C9034D13CB03C6F346F3C19
:1066F000904C6F540E4C6C430B43893A0732C629B9
:10670000C629E731C731A631A631A731A731A6295D
:1067100065216521452125210419E4180419C310B8
:106720002419652186296521452124214529242113
:10673000E318E31804190419041924192521242144
:10674000C3186110A218E220064A77DEF9EEB8E617
:10675000B8EE97E616D656E656E6D3D551CD50CDCF
:1067600091D591CD91CDB2D5D3DDF3DDF3DD14DE3E
:1067700014DE14DE34DE35DE35DE35DE35DE35DEC4
:1067800055DE55DE76E696E697E697E697E697E6D7
:10679000B7E6B8E6F8E6F8E6D8E6D8E697DE36D605
:1067A000D3D572CD51CDEFC4AEBC8DBCAEBC8DBCCB
:1067B0006DB42CACCA9B89936993699B699B699B57
:1067C000CAABEBAB2CB42CB44CB46DBC6DBCCEBC22
:1067D00010CD31CD92CDD3D515D635DE76E696E601
:1067E00096DE96DE76DE76DE56DE35D614D6F3D528
:1067F000D3D5B2CDB3D5F3D5F3D5F3D5F3D5F3D502
:10680000F3D5F4D5D3D5D3D5D3CDD3CDD3CDD4CD26
:10681000D3CDB3C593C593C593C593C5B2C5B3C511
:10682000D3BDF094AC5B0A2B6D23EF1B3124712C8C
:10683000502C7034903490347034502C30245024C8
:10684000712C502C712C9134913471347134713419
:1068500091345024CE134D032C038E13CF1BF02301
:10686000F023AF1B8E1BAE1B8E1B4C136D233044CD
:10687000B364D36CB374B374F474157D1585158546
:1068800035855585358534851485347D147D93642F
:106890003154CF436E2B6D1BAE1BCF1BCF1BEF2391
:1068A0001024EF23F023302C512C512C512C512C3F
:1068B000712C512C512C512C512C502C502C712CB2
:1068C0009134512C712C9234712C512C3024712C18
:1068D000712C512C512C712C512C502C512C923448
:1068E000B02CD134F23CD134902CB134F134D12CD1
:1068F000B12CD12CF134B12CB02CF2341235D12C76
:10690000B024F12CF134B02C902CD12CD134902C1B
:10691000702CB134D134902C9024902C70342F34BE
:10692000F35CB785B795F99D19A6F99DF99DD895A2
:10693000B895D895B89DB895D895D895B88DB78D98
:106940007785F46C31548E33CF3B2C1BC9022B0B53
:106950006C0BAD0BAD0BEE1370244F242F1C902C41
:10696000D134B134902C9034D03CB03C6F3C8F4447
:106970006F4C2E4C8C43EA3AA94269420732C73128
:10698000A631A631A631863166298631A7318629FE
:10699000662165216521252104190419C310C3103E
:1069A00024198629A6296521452124216529242128
:1069B0000421041904192421241925214521A31097
:1069C0000421A218A118233190A43AF7F9EEF9EEA8
:1069D000F9F698E698E6F9FEB8F6B7F6B3DD30CDED
:1069E00092D592D592D5B2D5F3DDF3DDF3DD13DE8A
:1069F00034DE34DE34DE35DE35DE35DE35DE15DE22
:106A000055DE35DE55E676E676E676E656DE77DE68
:106A100097DEB8E6F8E6F8E6D9E6F9EED8E657DE0E
:106A2000F4D5B3D592CD51CD31C530C50FC50FC505
:106A3000CEBC8DB42CA4EBA3CAA3CAA3CBA30BAC2E
:106A40002CB46DBCAEBCAEBCCEC40FC510C551CD10
:106A500072CD92CDB3D5F4D535DE56DE77E677DE4E
:106A600076DE76DE97DE76DE56DE35D6F4D5D3CD0D
:106A7000B3CDB2CDB2D5F3D5F3D5D3D5B3D5D3D528
:106A8000B3CDB3CDB3CDB3CDB3CDB3CDB3C5B3C516
:106A9000B3C5B3C593C572C572C593C5B3C5B3BD00
:106AA00092B5AF846B4B2B2B8D233024912C30244B
:106AB000302470347034502C7034502C10245024F6
:106AC000712C7024712C913491347134713471347F
:106AD00071345024AE134C032C038E13CF23102497
:106AE000F023AE1B8E138E1B8E1B4D136D23304473
:106AF000D36CD374B374B36CF474157D158514859D
:106B00003485358534853485147D147DF47C936417
:106B10001154CF436E2B6D1BAE1BAE1BAE1BEF2370
:106B20000F24EF23F023302C512C512C512C512CBD
:106B3000512C512C512C512C512C3024502C712C77
:106B40009234712C712C9134712C512C3024712C75
:106B5000712C512C512C512C512C502C512C9234E5
:106B6000902CD134F23CD134902CD134F23CD1343D
:106B7000902CD12CD134B02C9024F1341235D12C5E
:106B8000B024F12CF134B02C902CD134D134902C91
:106B9000702CB134D134902C7024902C703430345B
:106BA000F35CD785F99D19A6F99DF99DF89DF89597
:106BB000D895D89DB89DB89DD895D895B88D97850E
:106BC000767D156D72546D33EF3B6C1BA9022B0B58
:106BD0006C0BAD0BAD0BEE134F244F242F24902CD8
:106BE000D23CB134702C9034F13CB03C4E3CB04CB3
:106BF0004E4CAC3B0A3BCA3A89420732A631C739F0
:106C0000C7318629863166296629C731A7316521B2
:106C10006521652145212419E418C310C310C31050
:106C20002419A62986298629652144212421242185
:106C30002421E31804192421041925214521A21037
:106C40002429E32081184B7BB8E6D8EE19F71AF710
:106C50001AF7B8E6D9EE3AFFF9FEF9FE14E631CD9F
:106C600072D572D592D592D5B3DDD3D5F3DD13DECF
:106C700034DE34DE34DE35DE34DE34DE34DE35DE82
:106C800035DE35DE35DE76E676E656E656DE77E646
:106C900097E6D8EEF9EEF9E6F9EEF9EEB9E677E621
:106CA00036DEF4D5D4D5B3CDB2CD71C571C571C5BD
:106CB00030C5EFBC8DB46DB46DB44CB46DB4AEBC26
:106CC000CEBCEFC430C551CD71CD71CD72CD92CD5A
:106CD000B3CDD4D515D635D636DE77DE77DE97DE62
:106CE00097DE77DE76DE56D655DE35D614D6D3D58A
:106CF000B2CD92CD92CD92CDB2D5D3D5D3D5B2CDA2
:106D0000D3CDB2CD92CD92CD92CD92C593C593C540
:106D100093C593C572C572C593C5B3C592BDD3BDA6
:106D200052A52E746C438C33CE230F24512430246F
:106D30003024502C71347034502C502C3024712C51
:106D4000912C712C502C913492347134512C712C23
:106D5000712C5024AE134C032C036D0BCF1BEF236F
:106D6000EF23AE1B6D138E1B8E1B4D136D23514CE9
:106D7000D364B36CB36CB36CF474157D1585158551
:106D800034853585358D1485147D347DF474926495
:106D90003154CF436D236D1BAE1BAE1BAE1BEF23D7
:106DA000102410241024302C512C512C512C512CF7
:106DB000512C512C512C512C512C512C512C712CCB
:106DC0009134712C712C9134712C512C3024712CF4
:106DD000712C512C512C512C512C512C712C923442
:106DE000B02CD134F23CD134902CD134F23CD1349B
:106DF000B02CD134F134B12CB02CF1341235D12C6B
:106E0000B12CF22CF234B12C902CD134D134902C02
:106E10009034B134D134902C7024902C70343034B0
:106E2000F35CD78D199E19A6D89DD89DF89D199E03
:106E3000F895D89DB89DB89DB895B895B88D9785AB
:106E400077851575725C8E33103C6C1BA9024B0B59
:106E50006C0BAD0B8C0BEE134F2450242F24702C95
:106E6000B13490344F2C6F34B03C6F3C2E3C4E44C8
:106E70000E44AC432B43A93A283AA6318631A639B1
:106E8000C731A631A731A6318631A73186294521E0
:106E9000451945192521E418C310A310C310C310C8
:106EA0004521C6298629862965214421041904190A
:106EB0002421452104190419041924214529C31842
:106EC000C320A1188541D5CD3AF719F75AFFF9EE3D
:106ED000F9EEB9E61AF73BFF1AFF19FF35EE30CD90
:106EE00011CD92DD92DD72D592D5D3DDD3DDD3D530
:106EF00013DE34DE34DE34DE34DE34DE34DE34DE23
:106F000034DE35DE35DE35DE35DE76E697E697E6CD
:106F100097E6D8EEF9EE19EF1AEF19EFD9EE98E6E9
:106F200057DE36D635D6F4CD14CED3CDD3CDD3D58A
:106F300071C510C5CEBCAEBCAEBCAEBCAEBCEEBC6A
:106F400030C571C592CDD3D5D3D5D3D5D3CDD4CD7E
:106F5000F4CD15D636D656DE57DE77DE98DE98DECF
:106F600097DE77DE76DE56D635D635D615D6F4D50D
:106F7000B2CDB2CD92CD71CD92CDB2CDB3D5D3CD70
:106F8000B2CDB2CD92CD72CD72C572C592C593C548
:106F900092BD93C593C572C593C5B3C5D3BDB3B5F3
:106FA0001295EE638C3BAD2BAE230F24502C502456
:106FB000512C502C5034502C502C502C302C712CE7
:106FC000912C712C502C712C92347134512C512CE9
:106FD000712C5024AE134C032C036D0BAE1BEF230E
:106FE000CF23AE1B8E138E1B6D134C134D23314CD0
:106FF000B364B36C936CB36CF474357D35851585CF
:1070000034855585558D3485147D347DF4749264B2
:107010003154CF436E2B6D1BAE1BAE1BAE1BEF234B
:10702000102410241024302C512C302C312C512CB5
:10703000512C512C512C512C712C512C512C712C28
:10704000712C712C712C9134712C512C3024712C99
:10705000712C512C512C512C512C512C712C9234BF
:10706000B02CD134F23CD134902CD134123DD134F7
:10707000B12CD134F234D12CB02CF1341235D12CC6
:10708000B12CF22CF134B02C902CD134D13490347A
:10709000702CB134D134902C7024902C7034303456
:1070A000D35CB785199EF99DD89DD89DF99D199EF1
:1070B000F89DF89DB89DB89DB895B895B88D978501
:1070C000978535757254AE33303C6C1BA9024B0B5F
:1070D0008D13AD0B8D0B0E14502470242F24702CA7
:1070E000903470342F2C4F2C6F3C4F3C2E3C2E4450
:1070F000CD434B43CA3A683AE731E739C739A6313D
:10710000A731A631A731A6318631863165214521C7
:10711000241924190419E318A310A210C310041988
:107120008629C73186296629652145210419041954
:107130002421652925210421E31824214529C21889
:107140000329C220EE8B19F73AFF39F77BFF3AF794
:10715000D9E6D9E63AF73AF73AFF3AFF97F631CD52
:10716000D0CC72DD52DD72DD92DDB3DDD3D5F4DD3E
:1071700014DE34DE55DE54DE34DE34DE34DE34DE5E
:1071800035DE35DE35DE35DE55DE76E676DE76DE7C
:10719000B7E6D8E6F8E6F9E6F9E6F9E6F8E6B8E69D
:1071A00098E657DE56D636D655CE14CE14CEF4CD4C
:1071B000B2CD31C5EFBCCFBCCFBCCFBCEFBC10BD96
:1071C00051C592CDD3CDF4D5F4D5F4CDD4CDF5CDF4
:1071D00036D636D656D677DE77DE98DE98DE98DE5F
:1071E00097DE77DE76DE56D615D615D615D6D3D5EC
:1071F000B3D5B3D5B2D592CD72CD92CD93CD92CD3C
:10720000B2CD92C572C572C552C572C572C592C55E
:1072100072BD93C593C572C593C5B3C5D4BD93A5BF
:10722000B17CAD4B8D33CD2BAD2BEE2B302C502CB8
:10723000512C502C302C302C50243024302C7134D4
:10724000912C712C502C712C91347134512C512C67
:10725000712C5024AE134C032C036D0BAE1BEF1B93
:10726000EF23CF1B8E1B8E1B6D134C134D23314C04
:10727000B364B36C936CB36CF474357D358515854C
:1072800035855585558D3485147D147DD47472648F
:107290001154CF438E2B8E1BAE1BAE13AE1BEF23B0
:1072A0001024EF231024302C512C302C312C512C55
:1072B000512C512C302C512C712C512C502C712CC8
:1072C000712C712C712C71347134302C3024712C50
:1072D000512C502C3024512C512C512C712C923487
:1072E000B02CD134F23CD134902CD134123DF13455
:1072F000B12CD134F134B12CB02CD12CF134B024D8
:107300009024D12CF134B02C902CD134D134903441
:10731000702CB134D134B02C902C902C702C303493
:1073200092545575D895F89DF89DF99DF89DF8955E
:10733000F895D89DB89DB89DB895D895D895B78D36
:107340009785557572548E330F3C6C1BA9022B0B1D
:107350008D13AD0BAD0B0E1C7024702C2F24702CD4
:1073600070344F2C2F2C4F344F344E3C0E44ED4391
:107370006B43EA3A68320732E7310842E841863126
:10738000A631A63186296629662965294521652108
:10739000241924190419E310A310A310E3182421BD
:1073A0008629A6316629452145214521041904195C
:1073B000452145212421242104212421032124299C
:1073C000C220475298E6F9F65AFF39FF3AFF3AF7DA
:1073D000B8E6D9E63BF71AF73AFF3AFF97F631D508
:1073E0006EC451DD31DD31D572D592DDB3D5F4DD1A
:1073F00034DE54DE55DE75E655DE54DE34DE35DE31
:1074000035DE14D614D615D635DE55DE76DE76DEBC
:1074100096E697DEB7DED7E6D8E6F8E6F8E6F9EEC8
:10742000B8E698E677DE77D676D656D655D635D6F0
:1074300014D6B3CD51CD31C531C510C531C571C5D7
:1074400092CDD3CDF4D514D615D615D615D636D6BD
:1074500056DE56D657DE77DE77DE98DE98DE98DE8B
:1074600097DE77DE77DE76DE35D615D6F4D5D3D542
:10747000B3CDB2CDB2D5B2CDB2CDB2CD92CD92C553
:1074800092CD92C572C572C552C551C572C572BD45
:1074900093C572BD92C592C5B3C592BDD4BD539D6F
:1074A0005064AD3BCE33EE2BAD23CE2B0F2C502CA6
:1074B000502C5024502C502C702C30240F2C502C3D
:1074C000712C712C502C512C71347134512C712C25
:1074D000712C712CCF134D032C036D0BCF1BEF239D
:1074E000EF23CF23AE1B8E1B6D134C134D23104483
:1074F000B364B36CB36C936CF474357D35853585AA
:1075000035855585558D3485147DF47CD47472642D
:107510001154CF3B8E2B8E1BAE1BAE13AE1BCF1B5D
:10752000EF23EF1BEF23302C512C302C312C512C1E
:10753000512C512C302C512C712C512C502C712C45
:107540007134712C712C71347134512C3024712CA4
:10755000512C30243024512C512C512C712C92342C
:10756000902CD12CF23CD134902CD134123DD1341A
:10757000902CD134F134B12C9024D12CF134B02C96
:107580009024D12CD134B12CB02CD134D1349034BE
:10759000702CB134D134902C9024902C702C0F2C62
:1075A000714C146DB895D89DF89DF99DF89DD895AE
:1075B000D895D89DB89DB89DD895D895D895B78DB4
:1075C0009785767572546E33EF3B6C23CA022B0B92
:1075D0008D13AD0BAD0B0E147024702C4F24902C1A
:1075E00090344F2C2F2C2F342E3C0E3CCD438C430B
:1075F0000A3BA93A683A073AC731C739C7398631D1
:10760000A631A629652965296529452965216521B0
:1076100024190411E310C310A310C310E41824218B
:107620006629862945214521452125190419251951
:1076300066294521A310042124210321E32064317C
:107640000229F1AC9BFF19F75AFF39FF3AF7F9EE1F
:1076500098DEF9E67BF75BFF7BFF19FF97F611D504
:107660000CBCF0DC10DDF0CC11CD92D5B3D5D3D568
:1076700034DE34DE55DE75E675E635DE34DE55E69D
:1076800035DE14D6F4D514DE35DE55E655DE55DE8E
:1076900076DE76DE97E6D7E6D7E6D7E6B7E6B7E654
:1076A000B8EE98EE98E677DE77DE56DE76DE76E6A2
:1076B00056DE15DED4DDD3D5B3D572CD92CDB3CDA4
:1076C000F3D514DE14DE35DE35DE35D635D676DE7E
:1076D00076DE76DE76DE77DE77DE77DE77DE97DEE5
:1076E00077DE56D656D676DE35D6F4CDD3CDB3CDAD
:1076F00092CD92CD92CDB3D5D3D5B3CD92CDB2CDDF
:10770000B3CD92C593C572C572C572C572C572BD3F
:1077100093C592BD93C5B3CDB3C593BDD4B5328DDA
:10772000EF53AE33EF33EE2B8D23CE2B0F34302CB3
:10773000502C5024712C712C712C502C0F24502C57
:10774000712C712C512C712C71347134512C712C81
:10775000712C712CCF134D032C036D0BCF1B1024F8
:10776000EF23CF1B8E1B8E136D134C134D23104430
:10777000B364B36CB36CB36CF474357D56853585E6
:107780003585558D558D35851485157DD474926458
:107790001154AF3B6E2B8E1BAE1BAE13AE1BCF1B1B
:1077A000EF23EF1BEF1B3024512C502C312C712C6C
:1077B000712C512C3024512C512C512C512C512CEA
:1077C00071345134512C71347134512C302C512C72
:1077D000712C502C502C512C512C3024512C913484
:1077E0009024B12CF234D134902CD134123DD134C8
:1077F000902CD12CD134B12CB02CF1341235D12CA9
:107800009024D12CF134B12CB02CF134F134B034BB
:107810009034B134B13470246F24702C502C0F2C60
:10782000714C146DD895D89DD89DD89DF89DF8952C
:10783000D895D89DB89DB89DD99DD895D895978550
:107840009785767D72548E33EF336C23CA022B0BEF
:107850008C0BAD138D0BEE134F24702C4F249134F1
:10786000B1344F240E242F344F3C0E448C3B0A3B42
:10787000C93A683A283A073AC731A631A731A6294A
:10788000C631C631A63186316629452965212419BC
:107890000411E310C310C310C310C3180419452109
:1078A000662986296629652145212519041966213D
:1078B00025212519A3104529E32003210321E220D6
:1078C0000A6B98E65AFFF9F65AFF5AFF1AF7B8E61C
:1078D000B8DE1AEF7BF77BFF7BFF19FF97F631D5F8
:1078E000ABB36ECCF0DCCFD410CD51D5B3D5F4DD35
:1078F00035DE35DE56DE96E676E655DE55E655E6AD
:1079000035DE35E6F4DDB3CD93D5D3DD14DE14DEFC
:10791000F4DD35DE76E6B7EED7F6F8F6F8F6F8F6EB
:10792000D8F6B8F6B8F677EE76E656E676E676E678
:1079300076E656E655E635E6F4DDD4DDF4DD35E6EB
:1079400035E655E655E655E656E656DE56DE76E66B
:1079500077DE76DE76DE76DE77DE56DE56DE76DEC5
:1079600056D615CE15CE15CE15D6D3CD93C5B2CDE0
:1079700092CD71C571CDB2CDD3D5D3CDB3CDD3CD4D
:10798000B3CDB3CD93CD93C572CD72C572C572C55B
:1079900093C593C5B3CD93C5B3C5B3BD94A5B17C11
:1079A000AE43AE2BEF2BCE238D23CE2B0F34302CBA
:1079B000502C702C91349134712C502C1024302C7C
:1079C000712C712C512C713471347134512C512C17
:1079D000712C712CCF134C032C036D0BEF1B102457
:1079E0001024CF1B8E138E136D134C134D1BF043BD
:1079F0009264936CB36CD3741475357D358535857D
:107A00003585358D358D35851585357DF474B364B3
:107A10001154AF3B6E236D1B8E13AE13CF1BEF1BA8
:107A20001024EF1BEF1B3024512C502C312C512CE7
:107A3000712C512C3024512C512C512C512C712C47
:107A400071347134512C71347134512C302C512CCF
:107A5000712C512C502C512C512C3024512C712C28
:107A60007024B02CF134D134902CD134123DD13467
:107A7000902CD12CF134B12CB02CF1341235D12C06
:107A80009024D12CD134B12CB02CD134D134B03499
:107A90009034B134B02C6F246F24702C502C0F34E0
:107AA000924C356DF895F89DD89DD89DF99D199EFD
:107AB000D895D89DB89DB89DD99DD895B88D778516
:107AC000767D767572548E33CE334C1BC9022B0BE8
:107AD0006C0BAD13AD0BEE135024702C2F2490348F
:107AE000B1344F240E244F344F44ED432B3BC93A5D
:107AF000683A273AE639C639C631A631C731C731A7
:107B0000C631C631A631A631652945216521031943
:107B1000E310E310C310C310C310E4182521652936
:107B20008629862986296629452125192519872927
:107B3000E410E41804196529C218032123298439A3
:107B400073B539F75AFF19F77BFF7BFFF9EE98DE23
:107B5000D8E65AEF7BF77BFF5BFFF9FE97F631D54E
:107B600049ABEBBBF0DCF0D4CFCCF0C472CDF4DD8C
:107B700035DE55DE76E696E676E676E656E655E6B8
:107B800035E635E6B3D5CFBC4EAC8EB4F0C411CDDE
:107B900072D5B3DD15EE35EE15EE15EE15F635F6AC
:107BA00056F655F635EE14E6F4E5D4DDF4E5F4DDED
:107BB00035E635EE55EE55EE35EE35EE35EE55EE55
:107BC00035EE55EE55EE55EE76E676E676E676E659
:107BD00076E656DE56DE76DE56DE56DE35D635D60F
:107BE00035D615CED4C5B3C5D4CDB3C572C571C510
:107BF00071C591CDB2CDD3D5D3D5D3D5D3CDD3CD3A
:107C0000D3CDB3CDB3CD93C572CD72C572C592C578
:107C100093C593C593C592C592C593B512952F642C
:107C20008D3BCE2BEF2BCE23AE1BCE230F34303427
:107C3000502C702CB1349134712C502C30245024A1
:107C4000712C512C502C512C71345134512C512CFD
:107C5000512C5024CE134C032C036D0BEF1B10241E
:107C60001024CF1B6D138E138D134C134D1B10441A
:107C70009264936CB36CD474F474157D157D358562
:107C800035853585358D35851585357DF474936459
:107C90001154AF3B6E236E1B6D13AE13CF1BEF1B46
:107CA00010240F1C101C3024312C312C512C512C41
:107CB000712C512C3024512C512C512C302C712CE6
:107CC00071347134513471347134312C3024512C6D
:107CD0007134512C502C712C512C3024512C913456
:107CE0007024B02CF134D134902CD134123DD134E5
:107CF000902CD134F134B12CB02CF1341235D12C7C
:107D00009024D12CD12CB02C902CD12CD134B02C4F
:107D1000702CB134B02C70246F24902C702C0F2C4C
:107D2000B254146DF895D89DF89DF89D199EF8955C
:107D3000F895D895B895B89DD99DD895B88D778583
:107D4000567D56755254AE33CF332C1BA9022B0BE4
:107D50006C0BAD13AD0B0F1C702C502C2F24702C02
:107D600090342F240E2C4F3C4F448C3BCA32883227
:107D7000483A073AC639A631A631A629A629E731DD
:107D8000C629C631A6318629452144214521031142
:107D9000A208C208C208A210C310041945218629EE
:107DA0008629862966294521251925192519A729F6
:107DB0000419E4182421442903212329E2288C7B77
:107DC000B8E67BFF9BFF7BFF7BFF3AFFD9EE98DE97
:107DD000D9E67BF79BFF9BFF5BFFF9FE57F6F0CCE4
:107DE00009A3ABB310DDEFCC8EBC8FBC11C572CD37
:107DF00015DE76E697E676E676E676E676E635DE34
:107E000014DE14DE72D56EB46A9BE88AE88A0893A1
:107E10006AA3ECB38FCCD0D4D0D4D0D4D0DCD0DC17
:107E2000F0DCCFD4F0DCAFD4D0D4CFD4F0D4EFCCCE
:107E300010D551DDB2E5D3EDD4EDD3EDB3ED93E53F
:107E400092E5B3E592E5B3E5D3E5D4E5D4DDF4E519
:107E500035E635E635E635E635E615DEF4DDF4D50E
:107E6000F4D5D4CD72C551BD72BD51BD10B510B59C
:107E700030BD92CDF3D5F3D5F3D5F3D5F3D5D3CD2E
:107E8000D3CDB3CDB3C593C572CD72CD92CD92C5CE
:107E9000B3C593C592C593C5B3BD73ADB084CE537E
:107EA000AE3BEF2BEF2BEF23AE23CE230F2C503422
:107EB000502C7034B134B1349134712C30245024AE
:107EC000512C502C302C512C71347134512C502C9D
:107ED000512C502CCE132C030C036D0BEF1B3024B4
:107EE0001024AF1B6D138E138E132C134D1B1044D7
:107EF000B364B36CB36CD474F4741575157D568586
:107F00005585358D358D35851585157DF4749264CF
:107F1000104CAF3B8E238E1B8E13AE13CF1BEF1B6B
:107F20001024101C101C30243124312C512C512CC5
:107F3000512C312C3024512C712C512C302C512CA3
:107F400071347134713471347134302C3024512CCB
:107F5000712C512C502C712C512C502C512C9234B2
:107F60009024B12CF134D12C902CD12CF23CD13472
:107F7000B134D134F134B12CB02CF1341235B024F9
:107F80009024B12CD12C90249024B12CD134B02C3D
:107F9000702CB134B02C90246F24902C702C302C89
:107FA000B24C5575D895F89DD89DF89D199E189698
:107FB000F895D895B895B89DD89DD89DB88D7785FA
:107FC000367D157531548E33AE332C1BA9020B034D
:107FD0006C0BAD13AD0B0E1C6F2C702C2F2C2F2C9B
:107FE00070344F2C4F344F44CD3B0A33A93A894269
:107FF000283AE739C739C639A631A631C731C73162
:10800000A631A63186294521242124210419E3180B
:10801000A210C310A210A208C31045218629662908
:1080200065298629652166210411251946214629DD
:10803000E4182521C31824292329A118A53957D6C6
:108040007BFF7BFF9CFF5AF79CFF1AF7B8E698DE90
:10805000FAEE9CFF9CFF7BFF5BFFF9FE16EE90C4DF
:10806000478A8BB38FC4D0C4B3DDD4DD93D573D529
:10807000B3D556E676E675DE96E696E675E654DE08
:1080800034DED3D531CD4DB4ABA3E892878A468A8E
:108090002582E479258AA79AE9AA4ABB4ABB4AC342
:1080A0006ACB6ACB6ACBABCBCBCBECCB0CD40CD4AE
:1080B0002DD42DCC4DCC8FDCF0E4F0E48FDC4ED40D
:1080C0002DD46ED46ED44DCC4ECC6ECC8FD4D0D4B7
:1080D00011D511D531D552D552D572D593DDB3DD39
:1080E000B3D572CD10BD8EAC2C9C0C9C6DA4EFB49E
:1080F00051C5B2CDF3D513D614D614D6F3D5F3D5D6
:10810000F3CDD3C5B3C572C593CD93CD72CDB3CDE9
:10811000B2CDD3CD92BDD3BDF4B5128D0E648D43D7
:10812000CF33EF2B8E1BAE23CF23CF23EF2B502C3F
:10813000502C502C712C912C912C702450245024B4
:10814000712C502C502C502C7134512C312C512C22
:108150007134512CAE134D0B2C036D0B0F1C3024BE
:10816000F02BCF238E1B6D136D132C134D1B103C66
:10817000D464F46CF46CD46CF474357D3685568517
:1081800036851585158535853585357DD47493649B
:108190001154CF3B8E2B6D138E13AE13AE13EF1B0A
:1081A00010241024EF1B102410243024312C512CC7
:1081B000512C512C3124512C712C512C512C712CBF
:1081C00071345134512C712C7134302C3024502C9A
:1081D000712C512C5024712C712C3024512C923440
:1081E000902CD12CF134D12C902CB12CF23CD134E8
:1081F000B12CD134F134B12C902CF1341235D12C76
:10820000B024D12CD12CB02C9024D12CD134902C52
:10821000B034D134D12C90246F1C9024702C0F2CAE
:10822000924C5575D895D89DD89DD89DF89518969F
:108230001896D895B89DB89DD99DF99DD8959785E4
:10824000567D35753154AF3BCF3B4C1BAA020B0317
:108250006C0BAD0BAC0BED134F246F2C2E2C2F2C75
:108260006F344F342F3CEE3B8C3B0B3BAA3A483AE1
:10827000E739C639C739C739C739A631C731C73118
:10828000A629A6318629452124210419E318C31003
:10829000A210C310C310C3100419452186296621FA
:1082A0006521662166216621251946214621252161
:1082B00004212429E318032102210329D2A45BF716
:1082C0007CFF9CFF7BFF9BFF7BFF3AEF78DEB8E6ED
:1082D0003BF77CFF9CFF9BFF1AF7D8F636EECDAB41
:1082E000A471099311CD55EEB7F6D8FE77F6D4DD1B
:1082F00073D5F4DD35DE55DE96E696E675E634DEBA
:10830000D3D592CD30C58EBC4EBC2DB40DBC0DBCAA
:108310008AB3E89A258AA381A3818389C491E5A1C0
:1083200026B225AA46B246B2A8C229CB4ACB8BD3E5
:10833000ABD38BCB6BCBACCB0DD4ECD3ABCB4AC399
:108340008BCB8BD38BCB6ACB4AC34AC32ABB4ABBEA
:108350008BBB6BBB8BB3ACB3CCB3ECB3ECABECABC8
:10836000CB9B8A932983C77A087B8A8B4DA4CFB491
:1083700051BDB2CD13D634D634DE14D6F3D5F3D5F1
:10838000F3CDD3C5D3CDB3CD52C593CD92CDB3D517
:10839000B3CDB2C5B3BDD3B5739D90748D4BAD3B1A
:1083A0000F34EF238E1B8E1BEF23CF23EF23102CD4
:1083B000502C502C702C912C912C50245024502453
:1083C000712C502C502C712C71347134512C51342F
:1083D00051345134AE1B4D0B2C0B6D0BEF1B0F2486
:1083E000D02BAF238E1B6E138D132C0B4D1B313CEA
:1083F000D464156DD46CB46CD474157D367D36851B
:1084000035851585158535853585357DD47492641A
:10841000114CAF3B8E234D138E13AE13AE13EF1BD7
:10842000EF1BEF1BEF1B102430243124512C712C37
:10843000712C512C3124512C712C712C712C712CDC
:108440007134512C512C712C7134512C3024512CFD
:10845000712C512C3024512C712C3024512C9134FE
:10846000902CB12CF134D12C702CB134F23CD1349D
:10847000B134D134F234B12C902CF1341235D12CEA
:108480009024D12CF234B12C9024F134F134902C7E
:10849000B02CD134B12C6F246F24902C702CEE2B87
:1084A0007144346DB78DD89DB89DB895D895F89521
:1084B000F895D895B89DB89DD9A5F99DD89597857B
:1084C000567D15753154AF3BCF3B4C23CA020B038D
:1084D0006C0BAC0B8C0BED132F244F2C0E2C2F346C
:1084E0006F3C4F3C0E3C8D3B2B3BCA3A693A0732FE
:1084F000A631A639C739C739C739A631A631A73140
:1085000086298629652945210419E318C310A2107C
:10851000A210A210C310E41845216621662166212D
:108520004521A629A6294519251966214521E418C2
:1085300024214429E318232123290A6B7CFF5BF7BC
:108540007CFFBDFF9BFF9CFF5BF7F9EE77DE1AEF28
:108550007BFF7CFF9CFF7BFF1AF7F9FED5DDE982EC
:10856000C88211CD18FF39FF18FFF8FED8FE15EEAE
:1085700032D572D5F4DD35E655DE55E655E634DE06
:10858000F3D5B2D551CDF0C4F0C4F0CC10CD10D598
:10859000F0CCAFCC0CBC29A3879A6381638984910A
:1085A000E5A1A4A18499239964A1A5B1A5A9E6B1E7
:1085B00048C247BA68BAC9BA0AC309C3A8B267AA07
:1085C00026B226B206B2C5A9A5A1A5A185A1C5A1BD
:1085D000A599C591E591058A0582E579057A4672E6
:1085E000867208836A8BAB93EC9B4DA4AEACEFB460
:1085F00071C5D3CD14D614D614D614D6F3D5F3D56D
:10860000D3CDB3C5B3C592C592CD52C5B3D592CD26
:10861000D3CD92BDB3B5B3AD328DCD536C3BEE3BF4
:108620003034EF23AE1BCE1B1024EF231024302C4C
:10863000502C502C703491349134502C502C502CA0
:10864000712C502C502C512C71347134512C512CD4
:10865000512C512CAE1B2C0B0C0B4D0BCF1BEF23B5
:10866000F023CF238E138E138E132C0B2D1B11444E
:10867000D464F46CD46CB36CF474357D367D157DA4
:10868000157D1585158535853585357DF4749264A0
:108690001154CF3B8E2B6D138E13AE13AE13CF1B25
:1086A000EF1BEF1BEF1B102430243024312C512CF6
:1086B000712C512C30243024712C512C512C712CC4
:1086C0005134312C302C512C7134512C3024512CFC
:1086D000712C51243024512C512C30245124912CB4
:1086E0009024B12CF134D12C902CB134F23CD13403
:1086F000B12CD134F134B12C902CF1341235D12C71
:108700007024D12CF234B02C9024F134F134902C1C
:10871000702CB034B02C6F246F24B02C902CEE2B26
:108720005044146D978DB895B7959795B78DD88DA2
:10873000D88DB78D9895989DB89DD99DD8959785DA
:10874000567D15755154CF3BCE334C1BCA020B03DB
:108750006C0BAC0B8C0BED132F242F2CEE232F3432
:1087600070442F44CD3B4B33CA326832283AE73944
:10877000A631A639C739C739C631A731A7318629ED
:1087800086296529452124210419C310C310C3106B
:10879000C310A210C31025218629862966216621CF
:1087A0008629C729A62925192519652124210419F7
:1087B0006529232103210221643158D67CF77CFFEF
:1087C0009CFF9CFFBCFF9BFF5BF7D9E6D9E65BF7FC
:1087D000BDFF7CFFBCFF9CFF3AFF77E673CD90B4F2
:1087E00015DE39FF5AFF19F739FFF8F697F656F6F6
:1087F00011D5F1D472DDF4E514DE14DE35E635E68C
:10880000F4DDB3D571CD31C551CD72CD72D571CDF9
:1088100092D572D530D5AFCC2ECC6BBB4BC34BC3EE
:108820006CCB4BCB0BCBA9C28AC269C2E7B1C6A93C
:10883000A6A9C6A9C6A106A227AA27A2E699C599F4
:10884000A5A1C5A927B227BA27BA28BA48BA68C2CB
:10885000CAC2CAC2EAB2C9AAC89AA892099B6B9BAB
:108860000DA48FB4D0BCD0BCCFB4EFB431BD71C5B2
:1088700092CDD3CDF3D513D6F3D5F3D5D3CDD3CD78
:10888000B3CDB3CD72C551BDB3CD92CD92CD92CD06
:1088900093CD72BD73B573A590746B3B8C330F3C55
:1088A000302CEF23CF1BEF1B3024CF1BEF233024C2
:1088B000512C502C7134913491345034502C502C14
:1088C000712C712C502C512C712C512C512C512C61
:1088D000512C512CAE1B2C030C034D0BCF1B0F2422
:1088E000F023CF1BAE138E138D132C0B2D1B1044B6
:1088F000B364F46CD46CB36CF474357D357D157D44
:10890000F57C1585158515851585357DF47472649E
:10891000104CCF3B8E2B6D1B8E13AE13AF1BCF1B9A
:1089200010240F240F241024502C3024312C512CCF
:10893000512C312430243024512C512C512C512CC9
:108940005134512C312C51347134512C3024512C50
:10895000512C502410245024512C3024512C712C93
:108960007024B02CF134D134902CB134F23CB134B9
:10897000902CD134D134B12C902CF1341235B02458
:108980007024D12CF234902C7024D12CD134702C42
:108990006F24B134B12C6F247024B02C702CEE2BCA
:1089A0003044F46C9685B795B8959795978DD78D8B
:1089B000B78D978D779577959895B895B88D77857C
:1089C000367D35757254CF3BAE334C1BCA022B0338
:1089D0008C0BAC0B8C0BCD132F242F2CEE2B2E34A9
:1089E0004F44EE436C3B0A3B8932483A283AE73918
:1089F0008531A639C739C631A631C731A7314529D6
:108A00006629452124210419E418C310C310C3109A
:108A1000C310A310E4106521A6298629862986297A
:108A2000A7296621452145216521241904196429B6
:108A30002421232123218010CD837CF75BF7BDFF08
:108A4000BCFF9CFFBCFF7BF71AEFD9E63AF77CFF2F
:108A5000BDFF9CFFBCFF7BFF5BFF57DEF5DDD8F65B
:108A60009BFF9BFF7AFF7BFF5AFFB8EE97F657FEFE
:108A700032E56FCCD0D492DDD3DD14DE15E6F4DD23
:108A8000F3D5B2CD92CD71C5B3D5D3D5F3D5F3CD52
:108A9000D3CDD3CDF3D593DD11D5B0D44ED4EED311
:108AA00030E471E451E471ECD3FCD3FCD2F471EC0A
:108AB00091EC91EC71E450E450DC2FDC2FDC70E49D
:108AC00070EC70ECB1FC91FC70FC30F40FEC10EC2D
:108AD0000FECEFE3EED3EECB0EC42EC490C4F1CC7A
:108AE00031C572CD73CD52C531C531C531C552C501
:108AF000B3CDD3D5F3D5F3D5F3D5F3CDD3CDB3CD16
:108B000093CD72C592C572C592C5F3D572C5B3CD6A
:108B100052BD73BD53ADF1948C534B3B8C330E342B
:108B2000EF2BAE23CE23CF23302CEF1B1024302489
:108B3000502C502C713491349134502C4F2C502C9B
:108B4000712C712C50245024712C712C5024302401
:108B500051245024AE132C030C036D0BEF130F1C88
:108B6000EF1BCF1B8E136D0B6D132C0B4D1B104485
:108B7000D464F46CD46CB36CF474357D357D157DA0
:108B8000147D1585358515851585157DD474725C24
:108B9000D04BAF3B8E2B4D138E13AE13CF1BEF2359
:108BA0001024EF23EF231024302C302C3024512CB0
:108BB000512C502C3024502C712C512C502C512CD9
:108BC00071345134512C71347134512C3024712C46
:108BD000512C502410245024512C30245024712C1A
:108BE0007024B02CF234D134902CB12CD134B13467
:108BF000902CD134F134B12C902CD134F134902418
:108C00007024D12CD134902C7024B12CD12C702C08
:108C1000702CB134D12C90247024902C702CEE2B1D
:108C20003044146D978DB795B89DB795B78DD88D95
:108C3000D88D978D779577959795B895B88D767DE2
:108C4000357535755254AF3BAE332C1BCA022B031E
:108C50008C0BCD0BAC0BCD132E242F2CEE2B2F3CDD
:108C6000EE3B8C3B0B3BA932693A68422842C63145
:108C70006531A531C631A6318631A631663125214F
:108C80006529442124210419E318C310A210C3103C
:108C9000C310C31004198629C731A7298629A6291C
:108CA000A72965212519452165290419242164294D
:108CB000E2182321C118643157D69CFF1AEFDDFF5B
:108CC000BDFF9CFF9CFF5BF7F9EE1AEF7BFF9CFF5B
:108CD0007CFFBDFF9CFF7BFF5BF7D9EEF9F65AFFE7
:108CE0009BFFBBFF9CFF9CFF5BFFD9F697F6B4EDA3
:108CF00011E5ECC34DCC31DD92DDD3DDD4DDD4DD27
:108D0000D3D5B3D5B2CD92CDD3D5F3D5F3CDF3CD65
:108D1000D3CDD3CD34DE14E693DD52DDD1DC70D477
:108D200050DC51DC10D451E4B2ECF3F475FD54FD89
:108D300034FD75FD54FD34FD33FDF2F4D2F413FD22
:108D400013FDD2FCD2FCB2FC71F451F430EC10E40F
:108D5000EFDBEFD30FCC4FCC90CCF2D453D593D5DF
:108D600093D5B3CDB3CD93CD93CD93CD93CDB3CD9B
:108D7000B3D5B3CDD3D5F3D5F3D5D3CDD3CDB2C5FC
:108D800093CD72C592CD92C592CD71BDB3CD72C552
:108D900052BD73BD53ADEE6B2B436C3BEE3B0F3CB2
:108DA000EF33AE23CF2BEF2B302C102C3024512C53
:108DB000502C712C712C71347134502C302C502C5F
:108DC000712C712C502430247124712450243024AF
:108DD00051243024CE134C032C036D0BCE130F1CE7
:108DE000EF1BCF1B8E136D0B6D132C134D231044F3
:108DF000F464146DD46CB36CF474357D357D357DBD
:108E000014853585558D358D35853585F4747264B9
:108E1000D04BAF3B8E2B6D1BAE1BAE13AF1BEF23A6
:108E20001024EF23EF231024512C302C302C512C04
:108E3000512C512C30243024512C512C512C712C7C
:108E40007134513451347134712C302C3024712CE4
:108E5000712C512430245124512C30243024512C95
:108E60006F24B02CF234D134702C902CD134B13426
:108E7000902CD134F234B12C902CD12CF134B02C74
:108E80007024D12CD134902C9024D12CD134902C1E
:108E9000702CB034B12C90247024902C502CEF2BDB
:108EA0005044346DB78DD895D89DB895D895F89520
:108EB000D895D895989597959895B895B88D767DCD
:108EC00035753575514C8E33AE2B2C13A9020B031F
:108ED0008C0BCD13AC0BCD1B0E2C2E34CD2BED3BC0
:108EE0008C3B2B3BA9326832483A2842E73985311E
:108EF00085318531A631A63186296529462945293E
:108F00006529452925210421E318A210A208A310F0
:108F1000C310E4104521A629C731A729A629A629EF
:108F200086218621452145214529042144212319F3
:108F300002196429A1184B739CFF1AEF9CFFBCFF18
:108F4000BCFF9CFF7CFF5BF7F9EE5BF79CFFBDFF6E
:108F5000BDFF9CFF7BF77BF73AF7B8E63AF77BFF5C
:108F6000BCFFBCFF9CFF5BFF3AF7B8EE16E673E56B
:108F700090DC4ABBCBBBCFD430D571D592D5B3DD15
:108F800093D5B3D5B3D5B3D5F3D5D3D5F4D5F4D5DF
:108F9000F3D5D3D5F4DD15E636F615F673E5D1DC59
:108FA00070DC30DCEFD310DC30DC50E492F471EC98
:108FB00051ECB2F4B2F4B1F4B1F450EC0FE40FECB4
:108FC00031F4F0EBF0EB11F410ECF0E3CFDBAED3C7
:108FD00030D470D4B1D4F2D453DDB4DDF5DD15DE78
:108FE00015D615D6F4D5F4D5D4D5D4D5B3D5B3D5B7
:108FF000B3CD92CDB3CDD3D5D3CDB2CD92CD72C5B5
:1090000072C572C592CD92C5D3CD10B5D3CD52BD28
:1090100073BD32AD0E7C483A8932CA2A6C338D3327
:109020008E2B8D2BEF330F341034102C1024302C5A
:10903000512C512C512C712C7134502C502C302C23
:10904000502C512C302C3024502C512C5024502496
:10905000712C3024CE134C032C036D0BAE13EF2375
:10906000EF23CE1B8E136D138E134D134D233144FE
:10907000146D146DD46CB36CD474157D357D358549
:109080003485558D558D558D558D5585147D93643D
:109090001054CF3BAE2B8E1BAE1B8E13AE1BEF239B
:1090A0001024EF23EF231024512C512C302C512C61
:1090B000512C502C30243024512C502C502C712CFD
:1090C00071345134512C7134712C302C3024512C8A
:1090D000712C512C3024512C712C30243024512CE3
:1090E0006F24B02CF234D134702C902CD134D13484
:1090F000902CD1341235D12C9024D12CF134B12CB8
:109100009024D12CD134B12CB02CF134D134902C0A
:10911000902CB034B02C6F247024902C502CEF2B5A
:10912000514C5575D895D895D89DD89DD895199EF0
:10913000F995F895B895B895B895B895B88D767DA8
:1091400055753575314C8E33AE334C1BA9020B036C
:109150006C0BAC0B8C13CD1B0E2CEE2B8C2B8C3391
:109160004B3BC9326832483A283AC739C639A6312A
:10917000C631A531A631A63165294521452986315B
:109180008629652945292421C3108208A310C3100C
:10919000E31004196521A629C731A729862986214C
:1091A000862186214521452946290421652903195F
:1091B000E3184429E22033AD9CFF7BF7BCFFDCFFC2
:1091C000BCFF9CFF7BF73AEF1AEF7BFFBDFFBDFFB3
:1091D000BDFF9CFF9CFF5BF719EFF9EE3AF77BFFB1
:1091E000BCFFBCFFBDFF9CFF7CFFB9EE94D56FC4F4
:1091F0006ED4E8AA28B34CCCEFCC30CD51D552D5A3
:1092000092DDB3DDD3DDF4DD14DEF3D5D4D5F4D5B2
:10921000D4D5D3D593D5B3DD36F615EE15F6D4ED0A
:1092200073EDF1E4B1DC91DC50DC70E491EC50E4DE
:1092300030E470EC50E42FE450EC2FE4EFE330EC3A
:1092400030ECCFE3F0EB10EC10E410DC30DC50D469
:10925000D2DC12DD53DD94DDF5E536E636DE35DEB3
:1092600015D615D6F4D5F4D5F4D5F4D5D3D5B3CDDC
:10927000B3CD92CD92CDB2CD92CD92C572C572C50D
:1092800072C572C572CD92CDB2CD92C531BD92BDBF
:1092900052B5F1A4E73903116511A6090812691A3C
:1092A000891ACA228E33EF3BEF33F033F02B51345F
:1092B000512C512C502C512C712C512C502C302CC9
:1092C000302C512C302C302C502C512C512C512C1A
:1092D00071341024AE1B2C0B2C0B4D138E1BEF2B5B
:1092E000CF238E1B6D136D138E1B4D1B6D23514CA5
:1092F000146D146DD36CB36CF474157D157D3585C8
:109300003585558D7695768D758D758D147DB36CFF
:109310001054CF43AE338D23AE1B6D138E13CF1B72
:109320001024EF23EF231024512C302C302C512CFF
:10933000512C502C3024502C512C512C502C512C71
:109340005134512C512C512C712C302C3024512C57
:10935000512C512C3024512C712C30245024712C40
:109360006F24B02CF234D1347024902CD134D13409
:10937000902CB134F234B12C9024B12CF134D12C96
:10938000B124F12CD134B12CB02CD12CD134902C6F
:10939000702CB034B02C6F246F24902C702CEF2BD9
:1093A000514C757DF895F89DB895D89D199E399EBC
:1093B000F995F895D89DD99DF9A5F99DB88D778532
:1093C000567D3575314C8E33EF336D1BA9020A0380
:1093D0006C0BAC138C13AD1BED2BAD2B6C2B4B33EB
:1093E0000A3BC93A27320732E739C6398531A631F7
:1093F000C631A631C629C631A62965294521452988
:109400002421242124210419E318C310C310E418D3
:10941000251925198629E731C731A7298629451934
:109420006521652145212521452946290419242145
:109430002421A2182752FAEE1AEFBCFFBCFFBCFF92
:10944000BCFF9CFF3AEFF9E63BF77CFF9CFFBDFFBA
:10945000BCFF7CFF9CFF3AF7D8E6F9E63AF79BFFA2
:109460009CFF9CFF9DFF9DFF7CFF1AF7B4D5CCAB02
:1094700009A32592A6A2EBC38DC4EECCF0D410D5DF
:1094800052DD92DDD4E5F4E5F4DD14DE14DE14DE05
:1094900015E6D4DD93D5B3DDF5E515EE56EE56EEC3
:1094A00035EE14EED4E593E532E532E533EDF2EC3A
:1094B000D2ECD2ECB1EC90E490E491E4D1ECD1ECBC
:1094C00091EC50E470E491E490DCB0DC12DD53E503
:1094D00094E5B4E5D5E515E635E635DE35DE35DE71
:1094E00035D635D635D635D635DE14D6F4D5D3D5E2
:1094F000B3D592CD92CDB2CD51C571C571C571C5EF
:1095000072C592CD72C592CD51BD72C552BD52B5D4
:1095100073B5C95A442124194411240945098609FF
:109520008609C61128128A1A0C2BAE33103C313C26
:10953000102C102C302C512C512C502C502C302C09
:10954000502C502C302C302C302C302C102C302C1B
:109550005134102CAE232C130C134D1BAF2BF033B6
:10956000CF33AF2B8E234D1B6D1B2C1B0C1B514C73
:10957000146D3575F46CB36CF474157D157D3585FB
:109580003485758D758D558D558D758D347DD36C68
:109590001054AE3B6D2B4C1B8D1BAD1BAE1BCE1B5D
:1095A000EF23EF23EF231024302C512C512C712C5E
:1095B000712C502C3024502C512C512C512C512CCE
:1095C0005134512C512C7134512C302C3024512CCD
:1095D000712C30243024512C512C30243024712C07
:1095E0007024B02CF134D134902CB12CD134B1345E
:1095F000902CB134F134B02C9024D12CF134B12C16
:109600009024D12CD134902C9024D12CB12C902C9E
:10961000902CB134B02C6F247024902C702C0F2C13
:10962000714C767DF895189ED895F89DF99DF99D19
:10963000D895D895D89DF99D19A6F99DB88D7785AF
:1096400036751575114C8E33EF334C1BCA020B0B5C
:109650004C0B8C138C1BAD23CD338C334B330A3323
:10966000C93A6832E629E631E739C639A631A63962
:10967000A631A631A629A6298629652945292521AD
:1096800024210421E318C310C310C310C310E31036
:10969000251965218629C731C731A62966212519D3
:1096A000241985210419041945296629C318242180
:1096B000442900085094BDFF3AF7BCFFBCFFBCFF33
:1096C000BCFF7BFF1AEFFAEE5BF77CFF9CFFBDFF50
:1096D000BDFF7BFF7BFF19EF77DEB8E65AF79BFFF4
:1096E0009CFF9DFF7DFF9DFF7CFF5BFFB8F60DACEF
:1096F0006269A279A69A48B30BBC8DCC8ECCEFD40C
:1097000011D572DDB2DDD3DDF4DD34DE34DE14DEFE
:10971000F4DDF4DDB4DDB3DDD4DD35E655E655E644
:1097200055E655E655EE35EEF5EDF5EDB5F594ED6E
:1097300053ED53ED53ED33ED53ED73F574F574F5CF
:1097400012EDD1E4F1E412E532DD52DDB4E5F5EDE0
:1097500015EE35E635E655E655E635DE35DE35D629
:1097600035D655D655D655DE55DE34DEF4D5D3D5AF
:10977000D3D592CD72CD71CD51C571C571C572CDA4
:1097800092CD51C572CD92CD10B531BD92BD73B59C
:10979000CC7B642944210419451945194619451102
:1097A000451145116611A61108128A1A2D2BAF33E7
:1097B00010343134312C502C512C712C502C502C15
:1097C000502C7134512C513451343034102CEF2B37
:1097D0001034EF338E2B2C1BCC1AEC1A2D234E2B6E
:1097E0008F338E338E2B6D236D230C1B0C23104473
:1097F000F464357535751475F474F47C1585358508
:10980000548D758D758D758D758D758D347DD37475
:109810001054AE3B6D2B4C1B8D1BAD1BAE1BCE23D2
:10982000EF23EF23EF231024302C302C302C512C3D
:10983000512C302430243024502C302C302C512CFE
:10984000512C312C512C7134512C302C3024512C72
:10985000712C302430245124512430243024512CB4
:10986000902CB02CF134D134902CD134F23CB13462
:10987000902CD134D134B12C902CD12CF134B02C8B
:109880009024D12CF234B12C9024B12CD12C902CDA
:10989000902CB134B13470247024902C70340F3477
:1098A000714C767D1896F99DB895B895D895F89530
:1098B000D895F895F99DF99DF99DF99DD895B88DA4
:1098C0003575F46C104C8E3BCF334C1BCA022B0BFE
:1098D0004B136C138C1BAD2B8D334B330A33C932B6
:1098E0006832C629A529E631E739C639E739C639CC
:1098F000C631A631852965214521652145210421EF
:1099000024210319A310A210C310C310C3100419FB
:10991000452186298629A729A73186296521251968
:1099200045214521241904192521452982100421A6
:109930000329074299DEBDFF5BF79CFFDDFFBCFFFB
:109940009BFF3AF7D9E61AEF7CF79CFFBCFF9CFF20
:109950009CFF7BFF7BFFF9EE56DED8E67AF75BF7DC
:109960009CFF9DFF9DFF9DFF7CF77CFF9CFF72CDC0
:10997000257A6269258AC69A69AB2CC44DCC6ECC17
:10998000F0D431D571D592D5F3D513D6F3D5F4D51E
:1099900014DEF4DDD4DDD3D5D4DD14DE35DE35DEE2
:1099A00056E656E676EE56EE36EE36EE16EEF5ED69
:1099B000B4E5B4E5B4E5B4EDB4EDB5F5B5F5B4F59D
:1099C00052E531DD52DD73E5B3E5D4E515EE35EE54
:1099D00035E635E635E635DE35DE15DE15DE35D61F
:1099E00055D655D676D675DE55DE35D614D6F3D592
:1099F000D3D5B3D571CD51C551C551CD51C572CD5A
:109A000092C572C531BD51C551BD52BDF1AC6F9407
:109A10006431232165214521251925192621462157
:109A2000452145216619661945096601E811AB1AF9
:109A3000AF33303C513C31347134512C302430241C
:109A4000502C502C302C0F2C302C10341034303C37
:109A5000AF334D2BAB1A290AE801E8090912291284
:109A600029128A1ACC222D2B2D23EC1A2D2BF043F0
:109A7000D364F46C1475D36CD37435853585358D0A
:109A8000558D758D75957595758D5585147DB26C53
:109A90001054AE436D2B4C1B8D1BAD1BAE1BCF2347
:109AA000EF23EF23EF231024302C102C3024512CE3
:109AB000512C302430243024302C302C302C502C9D
:109AC000512C312C512C7134712C302C3024512CD0
:109AD000712C30243024512C512C30243024512C22
:109AE000902CB12CF134D12CB02CD134F23CB134C7
:109AF000B02CD134F134B12C9024D12CF134B024D9
:109B00009024F134F234B12CB02CD12CD134B02CBF
:109B1000902CB134B13490247024902C70340F34D4
:109B2000714C757DF88DF895B795B795D895D89502
:109B3000D895F995D895D895D995F995D895D88D82
:109B4000367DF56C1154AE3BAE332C1BAA0A2B1399
:109B50004B136C1B6C238C2B6C332B33EA32683227
:109B6000E6298521A529E631C639C639C631E73946
:109B7000C631A63165214419441945212421E41830
:109B80002421E318A210C310C310A310E310452131
:109B9000A729C731A629A729A629662986296629C2
:109BA00025192419E410E4186529E418E320242970
:109BB000A118B19C9CFF3AF79CFFFDFFDCFF7BF7EF
:109BC0007BFF19EFB9E61AEF7CFF9CFFBDFFBCFFDE
:109BD0009CFF5BF73AF7B8EE15D697E65AF75AF7B7
:109BE0009CFF9DFFBDFF9DFF9CFF7CFF7BFFF9FE5F
:109BF000ABA3C3712582869228A3EBBB0CC46DCCAA
:109C0000AECCEFCC30CD91D5D2D5F3D514D614DE71
:109C100014DEF4D5F4DDF4DDF4DDD4D5F4D514DEB2
:109C200035E635E635E635E615E636E636E615E69A
:109C300015E6F4E5D4DD93DD93DD52DD32D511D5A3
:109C400052DD51DD92DDB3E5F4E5F4E514E614E60A
:109C5000F4DDF4DDF4D5F4D515D615D635DE35D6DC
:109C600056D676D676D675D655D614D614D6F3D51E
:109C7000D3D5D3D592CD71CD71C551C530C531C5C0
:109C800030BD72C551BD11BD31BD11B5B0A4274A5B
:109C9000E21864296529452104192521052125217A
:109CA0002521251925194619661966096609A70986
:109CB00049122D2BF03B303C3134102C102C303419
:109CC000513450343034303C303CCF33EC1A490AF4
:109CD000E809C709A809C809C811A8118711870987
:109CE0008711A809A70909128A1ACB222D33F04B34
:109CF000D36CF46CF46CF46C1475147D1485358598
:109D0000758D558D76959695758D5585F47C926CEF
:109D1000305CCF438E334D1B8D1B8D1BAE1BCF2371
:109D2000EF23EF23EF231024302C10241024512C88
:109D3000512C302410243024302C302C302C512C39
:109D40007134512C512C71347134512C502C512CB4
:109D5000712C502C3024512C512C3024502C712C2F
:109D6000B02CD12CF134D12C902CB12CF134D13435
:109D7000B02CD134D134B02C9024D12CF12CB0247F
:109D80009024D12CF234B12CB02CD12CD134902C85
:109D9000702CB134B13490246F24902C70340F3473
:109DA00092545575B78DD895B895D895D895D895BE
:109DB000D895F895D895B895B895D895D88DB88D8B
:109DC0007685157531548E3BAE332C1BA90A2B13A7
:109DD0004B134C1B4C236C332B33EA328832273223
:109DE000A529073A4421E739E7396529C639C6313B
:109DF000A629852945212421242144212421042127
:109E00000419C310C310C310C310A3080419A72951
:109E1000E831C731C731C73186298629C731A73113
:109E20008629E41004196529031941084429811879
:109E3000895A3BF79CFF5BF7DDFF9CFFDDFF5BF77B
:109E40003AF7D9E6B8E63AF77CFF9CFFBDFFBCFFC6
:109E5000BCFF5BFF1AFFD8EEF5D576DE39F77BF74E
:109E60009CFF9CFFBDFFBDFFBDFFBCFF3AF75AFF43
:109E700052CD05720572868AE79269ABEBBB0CC4C2
:109E80006EC4AFCC10CD31D571D5B3D5F4DDD3D5FB
:109E9000F4D5F4D514DE15DEF4DDD3D5B3D5D4DD99
:109EA000F4DDF4DDF4DD14E614E635E635E635E6FA
:109EB00014E6F3DDD3DDD3DDD3DDB2DD92DD91DD5C
:109EC00071DD92DD92DDB2DDD3E5D3E5D3DDD3DD07
:109ED000B3D5B3D5D4D5F4D515D615D636DE56DEE2
:109EE00056DE76DE76DE55DE35D614D614D6F4D5BB
:109EF000F3D5D3D5B2CD92CD51C530BD31C510BD4E
:109F000092CDF0B4D0B452BD11B5F2AC885A432909
:109F100085310319652924192521252105190519DC
:109F20002519251125112511661966116611660975
:109F30008609E8098B226E331044514C314C104491
:109F4000F03BEF3B6E33EC226A1A080AC809C811CD
:109F5000A711A711A7118719671967116711671949
:109F600047118711A811A709C811E8118A22D053F7
:109F7000F474357D9264D36C357DF4745585558DBC
:109F8000768D558D76959695768D5585147DB36C29
:109F9000315CCF4BAE336D238D1B8E1BAE1BCF239D
:109FA000EF23CF23CF231024302C10243024512C26
:109FB000512C302410243024302C302C302C512CB7
:109FC000712C512C512C71347134512C502C512C3A
:109FD000512C30243024512C512C302C512C712CEC
:109FE0009024B12CF134D12C7024B02CD134D13444
:109FF000902CD12CD134B02C9024D12CF12CB02425
:10A000007024D12CD134B12CB02CD12CD134902C43
:10A01000702CB134B13490246F24702C70340F3410
:10A0200092545575B78DB78DB78DD895D895D8956D
:10A03000D895D895B895B88DB895B88DB88D9785C1
:10A040007785367D31546E3B8E330B1BA90A0B137B
:10A050004B1B6C234C2B2B2BEA3289322732E631F7
:10A0600007326529C631E6318529E739C631A53180
:10A07000852965214421442124212421042104210E
:10A08000E318C210C310E310C310C3104521C73139
:10A09000C731C731C731A7298629A731C7318629DA
:10A0A0000519251925190419E318C210C218A53974
:10A0B00012AD7BFF9CFF7BF7DDFFBDFF5CFF7CFFEC
:10A0C0001AF7B8E6D9E63BF77CF79CFFBCFF9CF794
:10A0D0009CFF7BFF5AFF97EEB4CD77E639F77BFF05
:10A0E000BCFFBDFF9DFFBDFF9CFFDDFF7BFF5BFF56
:10A0F000D4D5E97A63598361A78A69A3AAB32CC42A
:10A100008EC46EC48FC410D551D592D5B3D5D3D5D6
:10A11000F4DD14DE15DE14DEF4DDD4DDD4DDD4DDB3
:10A12000D3DDB3DDB3DDB3DDD3DDF4DDF4E5F3DDA5
:10A13000F3DDD2DDB2D5B1D591D570D52FCD2FCDF0
:10A1400050D551D550D550D551D571D571D592D561
:10A1500092D5B3CDB3D5F4D515D635D636DE56DE89
:10A1600076DE76DE76DE76DE55DE34D614D614D68E
:10A1700014D6D3CDB2CD92C551BD30BD51C510BDA1
:10A1800051C510BD10B511B553BD0B6B4431C22084
:10A190006429242145212421251925190519462141
:10A1A0004519661966194619251125116611871179
:10A1B00066096609C811291A6A228B22AB228A1AFB
:10A1C0004A1A2912E811A709A711A71187116711C7
:10A1D00067116719671967196719471947194719E7
:10A1E0004711471187118711C819C811C8118B2A47
:10A1F000115CD474D36C9364F47475857685568D34
:10A20000558D358D568D768D768D5585147DB3742F
:10A21000315CD04B8E334D1B6D1B6E138E1BAE23EA
:10A22000CF23CF23CF23F023102C102C3024512CFC
:10A23000512C302410243024302C30243024512C44
:10A24000512C512C512C7134712C512C502C512CDF
:10A25000512C3024302C512C512C302C512C712C61
:10A260006F24B02CD134D12C7024B02CF134D134E3
:10A27000B02CD134F134B12C9024D12CF134B02451
:10A280007024D12CD134B12CB02CF134D134902C99
:10A29000702CB134B13470246F24902C70340F348E
:10A2A0009254757DD88DD895B78DB795D895F8957A
:10A2B000D895D895B88DB895D895B88D9785978548
:10A2C0009785567D31544D336E33EB1A890A0B1343
:10A2D0004B1B8C2B4B2B0A2BA932472AE629C5296D
:10A2E000E7392421E739C6318529E739E739652976
:10A2F000652144212421242124210421E318E31889
:10A30000C310A210C310C310C3102519A729E73129
:10A31000A629C731083A86296629C731A6314521C1
:10A32000252146216621C310C2102321A1184A739A
:10A330003AF7BBFF7BF75AF79CFF9DFF5CF7BDFF29
:10A340001AEF98E6F9EE5BF77CFFDDFFBCFF9BF7A9
:10A350009CFF7BFFF9F693CDF1BC56E619F75AF74F
:10A360009CFFBDFF9CFF9CFF9CFFBDFF9CFF9CFFD3
:10A370009CFF1AFF15E60DAC667A247228932CBC5C
:10A380004DBC6DBC6EC4F0CC72DD92DD93DD14E685
:10A39000F4DD15DE35DE35DE15DEF4DDF4E5F4E55D
:10A3A000F4E5D3DDB3D592D592D592D592D572D5B9
:10A3B00071D571D550D550D52FD50FD5EED4EED45B
:10A3C000EED40FD5EECC0FCD2FD530D550CD71D5E5
:10A3D00092D5B2D5D3D514DE35DE35DE56DE76DE47
:10A3E00076DE76DE76DE76DE55DE34DE14D614D604
:10A3F00014D6F3CD92C571C551BD30BD51C510BD48
:10A4000010BDCFB452BD12B54C73E320E3204529F3
:10A41000E3206529041924192519651925194519F9
:10A42000461946194619251125114619461946118E
:10A4300066114611460946098711A711A709870920
:10A44000A7098711670946096711671187198719D5
:10A4500067196719461946114619671947192611D0
:10A46000461947198719A719671167098711A8198C
:10A470004A2A8F4BF474F474F47476857685357DAE
:10A48000568D568D568D568D568D3585F47CB36C14
:10A49000325CD04B8E334D1B6D1B6D136E1B8E1BB0
:10A4A000CF23CF23EF23F023102C302C312C512C31
:10A4B000512C302410243124512C302C302C512C90
:10A4C000512C512C512C712C712C512C502C512C65
:10A4D000512C502C302C512C512C512C512C71348E
:10A4E0004F1C9024D134D12C9024B12CF134D13490
:10A4F000902CD134D134B12CB02CF12C1235D12C7C
:10A500007024D12CD134B12CB02CD134F134B02CF6
:10A51000902CB134B02C70247024902C70340F34F3
:10A52000B254767DF88DF895B795B895D895D895AD
:10A53000D895B895978DB88DB88D978D7785778597
:10A54000B88D7785315C6E338E330B1B890A0B1BFC
:10A550004B238C334C33EA328932072AA529A531A3
:10A5600065298529E6398529C631A629C6314421C0
:10A57000242124212421242124210419E318E3186F
:10A58000A310A210C310A310C3106621E831C73175
:10A590008629083A294286296629E739662925212C
:10A5A000252146212419C310C21023216331D0A4D0
:10A5B0009BFF18EF39F77AF77BF7BDFF5CF79DFF3C
:10A5C000FAEE98DE1AF77CFFBCFFFDFFDDFF9CF77B
:10A5D000BCFF19F756E632C5D0B435E6B7EE39FF01
:10A5E0007BFF7BFF7BFF7CFF9CFF9CFF5BF79CFF5F
:10A5F000BCFF9CFF5BFF9BFF39FFB3DD2CAC499395
:10A600000CACCFC4CFC4AFC431D572DD72D5D3DDAD
:10A61000D4DDF4DD55E696EE76E615E6F4DDF4DD00
:10A62000F4DDF4DDD3DDD3DDB3D592D571D531CDF5
:10A6300051D550D530D50FD5EFD4CED4CED4CED43D
:10A64000EED4EED4EED40FD550D550D550D591D50B
:10A65000B2D5D3DD14DE34DE55DE55DE56DE76E6C9
:10A6600076E676E676E656DE35DE35DE15D614D6A7
:10A67000F4D5F3D592C571BD72C531BD51BD10B5CC
:10A6800010B530BD11B5AC83032940104529A73959
:10A690000421E418452144192419251925112511EF
:10A6A00046194619451145114619461946192511ED
:10A6B00046118619661146118611871166116611B9
:10A6C000671187198719671167196719471946199B
:10A6D00046196719671946194619671967194619FE
:10A6E000471947196719A81947116711E921A819CE
:10A6F00067096A2A6E43F474557D7585D79535854B
:10A70000768D768D568D368D36853585F474B36CA1
:10A71000525CF043AF334D1B6E138E138E1BAE1B7A
:10A72000CF23EF23EF23F023102C302C312C512C8E
:10A730005134312C3024512C512C512C512C512C72
:10A74000712C512C512C712C712C512C502C512CC2
:10A75000512C3024302C512C512C302C312C513494
:10A760006F24902CF134D134902CB134D234B134E4
:10A77000912CD134F234B12CB02CF22C1235D12CD6
:10A780009024D22CD12CB12C902CD12CF134B02C83
:10A79000902CB134D12C90247024902C70340F3430
:10A7A0009254767DB785B78D978DB795B895D89526
:10A7B000D895B88D978DB88DB88D77855685567D8F
:10A7C000B78D978531546E3BAE330B23A90AEA1A35
:10A7D0002B232B2BEA2AA932072AA629A53165317A
:10A7E000242128424421C631C631852985292421C6
:10A7F00044216529452124210419E3180419C310B3
:10A80000A310A310C310A2080419C731E731E8311F
:10A81000E731E731E8316629A731E7392421652995
:10A8200086292421C310C310E318C218264AD4C5B0
:10A8300076E696E6F8F6F8F61AF79CFF7BF77CF7D3
:10A84000D9E698DE5BF7BDFF9CFFDDFFBCFF7BF721
:10A850007BF73AF7B7EE15DE15E635E635E6B7F6DF
:10A86000F9FE3AF75AFF7BFFBCFFDDFFBDFF7CF727
:10A870009DFF9DFF7CFF9CFF7BFF5AFF19FF35DE8C
:10A88000AFB42DA4D0BC72CD10C572D5F4DDD4DD2B
:10A89000F4DD35E656E676EE76E656E615DE15DEAE
:10A8A00014DE14DEF4DDF3DDD3DDB3DD72D551D576
:10A8B00051D530D5EFCCCFCCCFCCCECCAECCAECCEE
:10A8C000CECCEED40FD550D550D550D571D591D52D
:10A8D000D2DDF3DD34DE34DE55DE55DE75DE96E6A0
:10A8E00096E676DE76DE56DE35DE15D615D614D63D
:10A8F000F4D5B3CD92CD51BD10BDF0B410BD30BD77
:10A9000030BDF0B44E9CA4418018E22003214529BB
:10A9100024212521862904192519451905114519D0
:10A9200045194619451925112511251125112511FE
:10A93000461146114611461146114611661146113F
:10A9400066194619671967196719461926192619CC
:10A95000461926192611261146196619661946192F
:10A9600046196719671926118819E9218811A71155
:10A97000C819C819A711AF53147D147DF47C35850F
:10A98000558D558D768D568D5585157D157DB36C00
:10A99000725C1044AE2B2C136D136D0B8D13AE1B1C
:10A9A000CF1BCF1BEF23102410241024112C313483
:10A9B0005234112C1024512C512C3024302C512C79
:10A9C000512C502C502C712C712C30243024512CB3
:10A9D000512C30243024302C312C102C312C51347B
:10A9E0007024B02CF134D134702CB134D23CB13459
:10A9F0009134D234F23CB12C902CF1341235B12484
:10AA00009024F22CD12CB12CB02CD12CD134902C00
:10AA1000902CB134D12C902C9024B02C70340F3465
:10AA20009254557DB785B78D978DD895D89DD8957B
:10AA3000B895B78D978D978D97857785567D567D7F
:10AA40007785768531546E338E330B1B890AEA1A6B
:10AA50002B2BEA2AC932682AE629C63185312429F6
:10AA6000A631A6316529C631A631A631442144213B
:10AA700065216529452124210419E318E418A31050
:10AA80008208A310C310E4108621283A283A083A15
:10AA90000832C73145218629083AE739042165295A
:10AAA0006529E310C310E41824218110064AD4C597
:10AAB000B3CD34DE96EE56E6B7EE3AF77BF75AEFB3
:10AAC000B9DED9E67CFFBCFFBCFFDDFFBCFF7BF736
:10AAD0003AEF7BFF39F719FFB7F6B3DDD3DDF4E5C5
:10AAE00076EEB8F619F73AF73AF75BF77CF79DFF81
:10AAF000BDFFBDFFBDFFBDFFBDFFDDFFBCFF7BFF99
:10AB00003AFF36DEF1B48FACF1BC93CD93CDB3D523
:10AB1000F4DD55E696EE96EE76EE97EE97EE76E657
:10AB200035DE14DEF4DDF4DDD3DD92D572D551CD02
:10AB3000F0CCF0CCAFC48EC48EC4AFC4AFCCAFCC1D
:10AB4000AEC4CFC410CD30CD51D571CD91D5B2D5D5
:10AB500013DE34DE34DE55DE55DE75DE76E696E64F
:10AB6000B6E676DE76DE56DE35DE15DE15DEF4D5AB
:10AB7000F4D5B3CD92C551BD10BDF0B4F0BCEFB467
:10AB8000AFB40D9CCC8B223180184431A218242103
:10AB90006629E41825214521251946214519251145
:10ABA00046194619461945194619461946194611B6
:10ABB0004611461946194611461166196619661955
:10ABC00046194619461946194619261926192619ED
:10ABD00046194619261126114611461146194619DD
:10ABE0004611671967196711A81967118711A7110D
:10ABF000C819C81946090922D374F89DD79DD79D55
:10AC00001485768D1585158535851585D474F46C78
:10AC1000725C1044AE2B4C136C138D138D13CE1B32
:10AC2000EF1BCF1BCF1BEF1BF023102C312C31342B
:10AC30003134112C302C512C712C302C302C512CC7
:10AC4000512C502C502C512C712C30243024512C50
:10AC5000512C30243024302C312C302C312C5134D8
:10AC60007024B02CD134B12C7024912CD234B13456
:10AC7000912CD134F234B12C9024D12CF234B12C5B
:10AC80009024D12CD12C902C902CD12CD134902CE0
:10AC9000902CB134D12C9024902C902C7034EF3324
:10ACA000925435759785B78DB78DF895F99DB89500
:10ACB000B895B78D978D978577857785567D367D45
:10ACC000367D357D51548E3B8D33EA1A88120A2326
:10ACD0000A2BC92AA932272AC629A5294429653160
:10ACE000C7396529A631C631652944210319442194
:10ACF00065296521442124210419E318C310820821
:10AD0000A308C310E4182519C731293A283A283A6C
:10AD1000283AC73145218629284286292421042141
:10AD20004421E318E318E418E318C2188431AFA4EF
:10AD300051BD92CDF3D5B3D576E6D7EE39F7B7E668
:10AD400098DE1AF77BFF9CFFBCFFDCFFBCFF9CFF7B
:10AD50007CF77BF73AF719F7B8F672CD10CD10CD26
:10AD600072D5F4E576EEB8F6D8F619F75BFFBCFFBE
:10AD70009CF79CF7FEFFFDFF9CFF9CFF9CFF9CFF48
:10AD8000BCFFDCFF1AF736D673C532BD52BDD4CD39
:10AD9000F4D515DE76E6B7EED8F6D8EED8EEB8EEF6
:10ADA000B7EE77E656E656E636E615DEF5DDF5DD76
:10ADB000D4DDB4DD93D552D532D531CD31CD31CDC1
:10ADC00011CD32CD72D5B3D5D4DDF4DD35DE55DE0F
:10ADD00055DE75DE76DE96E696E6B7E6B7E6B7E6CA
:10ADE000D7EEB7E696E676DE35DE15D6F4D5D4D5C1
:10ADF000D3CD92C551BD31BD10BD10BDCFB46EA431
:10AE00004DA40C9CEC93C4494010E22003218531F1
:10AE10004529E4182519452125192519251925192C
:10AE2000461946194519461946194619461946192B
:10AE3000461946194619461146114619461946192A
:10AE400046194611261146112619261926194619A2
:10AE50004619261926112611451146114611661963
:10AE6000671947196719A81967114609A819A71181
:10AE700087116609E8190922D79DFFE7FFDF96953C
:10AE8000D37C9695F484158D1585F47C1475B36484
:10AE90003154CF3B8E2B4C1B8D1BAE138D13CE1B11
:10AEA000EF1BCF1BCF1BEF231024302C312C313460
:10AEB0005134312C312C51347134512C302C512CD3
:10AEC000512C502C302C512C712C302C3024512CE6
:10AED000512C3024102C302C312C102C312C51348E
:10AEE0006F249024D12CB02C7024B12CF23CB134BE
:10AEF000902CD134D134B12C9024D12CF12CB1240C
:10AF00009024D12CD12C902C902CD12CD134B03435
:10AF1000702CB134B02C90249024902C5034EF2B12
:10AF2000725414759685D88DB78DD895D89DB895DF
:10AF3000B895B88DB88D9785778577855685567D78
:10AF4000357D157551548D3B8D33EA22881AEA2AD6
:10AF5000EA32C9326832E629A52924210321C639FB
:10AF6000C739A631C631C6314421031924216529C8
:10AF700044214421242124210419E318A310820828
:10AF80008208C310E4104521C731E731E731283A80
:10AF90000832C73166218629083A25210421E418A0
:10AFA000A210E3182521E318C218E32080188B7B38
:10AFB00010B58EACB2CD71C5F3D514D6D7EE55DE33
:10AFC00076E619F739FF3AFF7BFF7BFF7BFFDDFF5A
:10AFD000BDFF1AE7BDFF5BF719F735E68EBC6DBC08
:10AFE0008EBCF0CCB3E535F697FED8FE19F719EF15
:10AFF000BCFFDCFFBCF79CF7DDFFFEFFBDFFDDFF04
:10B000009CFFDDFFFDFFDDFF3AF73AF73AF719F74E
:10B01000B8E636DE15D676E6D8EE19F719F719F741
:10B0200019F7F9F6D9F6D9F6D9F6B9F6D9F6D9F667
:10B03000FAFEF9FEF9FEF9FEF9FEF9FEF9FEF9FE57
:10B04000D9FEF9FEF9FE19FF19F719F719F739F7C3
:10B05000F8EEF8EED7EED7E6D7EEF8EEF8F6F8F61B
:10B06000D7EEB7E676DE55DE15DEF4D5D4D5B3CD12
:10B0700092C552C511BD10B5CFACCFAC8EAC6DA48E
:10B080008EAC0C9CAB8B8341801860106531E3184B
:10B09000A31086294521C310251945190511461904
:10B0A00046194519251946194619461146114619DA
:10B0B0006619661946194619461146194619461960
:10B0C00046194611461946194619261926192619F0
:10B0D00026112619261146114611461166196619C0
:10B0E00087196719882147118711A8196711A819AD
:10B0F000A819C81966093164BFDFFFEFBFDFC719A0
:10B100004D43768DF8A5158D568D35851575D36C07
:10B11000725CF04B8E334D236D1B4D134D0BAE13F4
:10B12000CF1BEF1BEF1B0F241024102C302C51349D
:10B130005134312C102C51345134312C302C512CB1
:10B14000512C502C502C512C712C302C3024512C43
:10B15000512C10241024102C102C102C102C312CBD
:10B16000701CB024D12CB12C7024B12CF23CD13401
:10B17000B12CD234D234B12C9024D12CD22CB12485
:10B180009024D12CD12CB12CB02CD134F134D13429
:10B19000702C9034B02C902C902CB13471340F342E
:10B1A0009254146D9685D895B795D895D895B8953D
:10B1B000B895B895B88D978D978577857785567DA5
:10B1C000567D147510546D3B6C33EA2A8822C92AC7
:10B1D000E93A883A0732C529642903214429A6316E
:10B1E000A6318529442144210319E318242124216F
:10B1F00045210419041924210419C3108208620886
:10B20000A31025216621C731283A283A493A6942D4
:10B21000E831251986292942652904192521C318F1
:10B22000E31825210419E318A210E3202331C120DB
:10B230002D9C51C56DAC30C5B2D5F3D534DEB3CD40
:10B2400034DEB7F6B7F6D8F63AFF5AFF5BFFBCFF1D
:10B25000BDFF9DF77CF77CF719F735E650CD6CBC48
:10B260006DBCAEC410D572DDF4ED76F6D7F6F8EE0F
:10B2700019EF5AEF9BF7BCFF7CF77CF7DDFFBDFFB2
:10B28000DDFFDDFFDDFFDDFFBDFFDDFFDCFFDCFF00
:10B290009CFF7BFF3AF7D9EE98E6B8E6D9EE1AF7AD
:10B2A0001AF71AF71BF71AF71BF71BF73BFF3BFFC1
:10B2B0003BFF3BFF3BFF3BFF3AFF1AFF1AFF1AFF22
:10B2C0003BFF3BFF3BFF5BFF5BF75AF75AF75AF731
:10B2D0005AF75AF739F739F719F719F719F7F8F64E
:10B2E000F8EE96E655DE35DE35DE35DED4D592CD88
:10B2F00051BD31BD10B5F0B48EA46EA48EA4AEAC19
:10B30000AEAC4DA40C94E5496018C1182321442922
:10B3100045210419E4184521251905192519451950
:10B320004519451945194619461945194619461929
:10B3300066196619661966194619461926192619D5
:10B340004619461946194619461926192511251177
:10B3500025112519461146114619661967196719ED
:10B360006719881967196819C8194609E921260952
:10B37000C8218711EC3AFCBEFFE7FFE7F384040124
:10B38000B27CFCC6FFEF1DCF358D3585157DB36CC6
:10B39000725CF04B4D2B0C236E236E1B8E1BAE1379
:10B3A000EF1BCF1BCF1BEF2310241024302C712C4C
:10B3B000712C302C102C313451343134302C302C51
:10B3C000512C312C312C51347134302C1024302C30
:10B3D000312C1024F0231024102C1024102C302C8D
:10B3E0006F1C9024D12CB12C7024B12CF234B134C8
:10B3F000912CD134D234B12C912CD12CD22CB12C13
:10B400009124D22CD12CB12CB02CD134F134B134C4
:10B41000702CB134B134902C902CB1347134103480
:10B42000925435759785D895B895D895B895B895AF
:10B43000978DB88DB88D978D978597857785567D33
:10B440007685357510546D3B2C33A9228822C9327C
:10B4500088322732E631A53123214429C639853186
:10B46000C631A63165210319241944214421442100
:10B470004421031904190419E318C310A210A310DE
:10B48000E4188629A729C7310832293A6A42493A7D
:10B49000A6298629C731C73166290419A310C31804
:10B4A000C31004210419E318E3180421C220A120C9
:10B4B0004339097B4DA430C571CD71CD72CD71CDAD
:10B4C00071D514E676EE96EED8F619F73AF77BFFCB
:10B4D0009CF79CF79DF79CF73AF7B7EE91D56CB4C3
:10B4E0000BAC4CBCCECC50DDD2ED34EE96EEB6EECD
:10B4F000F8EE39EFF9EE5BF79CFF7CF77CF77CEF19
:10B50000BDF7DEFFBDFFDDFFDDFFBDFFBCFFBDFF03
:10B51000DDFFBCFF9CFF9CFF7BFF5BF73AF73AF730
:10B520001BF73BF73BF73BF73BF73BF73BF73BF7AB
:10B530005BF73BF73BF73BF73BF75BF75BF75BF7FB
:10B540005BF75BF75BF75BF73BF73AF73AF73AF7EE
:10B550003AF75AF75AF75AFF3AFF39F7F9F6D8EEA1
:10B5600097E676E655DE35DE14DED4D593CD52C5AA
:10B5700031BD10B5CFB4CFAC8EA48EA4AEACCFB4D9
:10B580008EAC0C9C2D9C05526018C12023212421D7
:10B5900024212419E4180419051925192519251938
:10B5A0002519251125194519451925194619461931
:10B5B00046194619461966194619461125112511CD
:10B5C0004619461926192519251125112511251168
:10B5D000251946114611461146114611671967197A
:10B5E0006711881967198819A819A8196711C81946
:10B5F0008719A7199695FFE7FFEF7DD7C3002C4B5E
:10B6000079B6FFEFFFE7B79D0822316CF57C968D88
:10B61000525CD04BAF436E334E2B4D1B8E23AE1B73
:10B62000CF1BCE1BCF23F023302C302C502C512C91
:10B63000512C3024102C313451343134312C312CF4
:10B64000512C312C312C51347134312C1024302CAC
:10B65000312C10241024102410241024102C302CF1
:10B660004F1C9024D12CB1247024B12CD134912CB6
:10B67000902CD134D134B12CB12CD22CF22CD12C31
:10B680009024D12CD12CB12CB02CD12CD134902C95
:10B69000902CB134B134902C9024902C5034EF3352
:10B6A000925455759685B78DB78DD895D895B89520
:10B6B000B895B78DB88D978D978D77855685357DE3
:10B6C0007685557D10548D432B338822882AA93ADC
:10B6D0000632C631C6316531032185310742A631B4
:10B6E000A629652944210319031944212421442151
:10B6F0002421E318E318E318C310A310A310E418DF
:10B700008629E831C731E831083A4942AA4A283A3D
:10B710006521A629083A45216529E318A210A3103E
:10B72000E4180521E418E418C3182529C320821859
:10B730000010AC9351C52CAC4DAC71D572D510C571
:10B74000EFC450CDD3DDF4DD14DE97EEF9EE3AF719
:10B750007BF77CF79CF79CF77BF7F8EE34DEEEBCCA
:10B760002BAC0BAC2BBCAECC30DDB2E513E675E6F2
:10B77000D6EEB6E6D8EEF9F6F9EE3BF79CF79CF775
:10B780009CF7BDF7BDF7FEFFDDFFDDFFDDFFDDFF51
:10B79000DDFFBDFFBDFFDDFFBDFF7CFF7CFF9CFF2C
:10B7A0005CFF5CFF5CFF5CFF5CF75CF75BF75CF7E2
:10B7B0007CF75BF73BEF3BEF5BF75BEF5BF75BF730
:10B7C0005BEF5BF77BF75BF75BF77BFF7BFF7BFF59
:10B7D0003AF73AFF1AFF19F7F9F619F719F7F8F6D9
:10B7E000B7EE96E676E655E6F4D5B3D592CD72C5BA
:10B7F00010BDAFAC8EAC8EACCFACCFB4CFB4AEACD2
:10B800006DA44D9C2D9C87624010E2204429242188
:10B8100024210419E4182419E410E4100411251952
:10B820000511051125112511251125112519261997
:10B8300026192619261946194619251925192519D3
:10B84000461926192519251125112511251125110E
:10B8500045114611461146114611471167116711EE
:10B86000881967196711C9212611C8218711C819BC
:10B87000A7194E4BDFE7FFEFFFEFEB42A719759DCE
:10B88000FFEFFFEF7DD708224609B3745ECF9FD745
:10B89000399E8F432D33CC22ED222D238F2BCF2B9E
:10B8A000AE23AF23CF23EF2B102C502C502C502441
:10B8B00050243024102C312C51343134312C312C83
:10B8C000512C312C312C512C7134312C1024102C52
:10B8D000512C302410243024302C3024102C3024CF
:10B8E0006F1CB024D12CB1247024B12CF234B12CB3
:10B8F000912CF234F234B12CB12CD234F22CD12C64
:10B900009024D12CD12CB12CB12CD134D134902C09
:10B91000902CB134B134902C7024902C5034EF33EF
:10B9200092545575767D7685978DF895D895B8950E
:10B93000B895B78D978D978D97855685367D1575FA
:10B94000B78D557DF0538E436C43A92AA832683ACF
:10B95000C529A531853103292429A639C631A63147
:10B9600065292421E3180319031944216529442179
:10B970002421C310E318C310A2108208A2100419D6
:10B98000C731E731A729083A293A49428A42E731C3
:10B9900024194521C73145212421C310A210C31009
:10B9A000E518C418C410C418252104210529E3286A
:10B9B000401833BDB7F66DACEB9BEFC40FC510CD8F
:10B9C000ADBC6DB4EFC451CD92D535DE97E6D8EE5F
:10B9D0003AF73BEF7CF77BF77BF719F7B6EED2D55A
:10B9E000EFBC2BACAAA30BB4AECC0FD591DD13DE0C
:10B9F00054E675E6D7F6B7EE97E6F9EE3AEF3BEF89
:10BA00007CEF9CF77CF7BDFFDDFFDDFFFEFFDDFF78
:10BA1000BDFFBDFF9DFF9DFF9DFFBDFFBDFF9CFFC7
:10BA20009CFF9CFF7CFF9DFF9CFF7CF77CF79CFFAD
:10BA30009CF77CF75BF75BF77CF75BEF5BEF5BEF0B
:10BA40005BEF5AEF5AEF3AEF3AEF1AF71AF71AF795
:10BA5000F9F61AFF3AFF3AFF3AFF19F7F9EEB8EE96
:10BA600097E655DEF4D5D4D5B3CD93CD51C510BDF1
:10BA7000CFB48EACAEACAEACCFB4CFB4EFB4CEB42A
:10BA80006DA44DA46EA4665AA0200221242144294D
:10BA90002421041904190519E4100519E4100519E5
:10BAA00025112519251925112511251125192519C6
:10BAB0002519251925194619461926192519261952
:10BAC000261926192519251125112511251925199C
:10BAD0002511251146116619671167116711471164
:10BAE00067116711A819A8196711A819A81966097B
:10BAF000AB3A59AEFFE7FFEFF384E300B2847EDF99
:10BB0000DFEFFFEFEF5B2401AF53BBBEFFE7FFE7C3
:10BB100036858701C80909122A126B12CC1A4D23E7
:10BB20008F2BAF2BCF2BAE23CF23302C713471341E
:10BB3000502C302C302C312C5134312C312C312CD8
:10BB4000512C512C312C512C7134312C1024302497
:10BB5000512C30243024512C512C302C30243024C2
:10BB6000701CB124F22CB1247024B12CF234B12C0D
:10BB7000902CD134F234B12C912CD12CD22CB12C6C
:10BB8000B124D12CD12CB12C902CD134D134902C87
:10BB9000902CB134B12C90249024902C503410343B
:10BBA000B25C767D767D9685778DB795B895978DC5
:10BBB000978D978D978D978DB88D7785157D367D6F
:10BBC000D88D768510546D436D43AA32272A0632EC
:10BBD0008529853144292429A639A6316529A6312C
:10BBE00065290319031924214521452145210419FB
:10BBF000C310C310E318C310C310C31004194521A8
:10BC0000A729A729E831293A283A49420832862942
:10BC10008629A62945212521E318A210E318C31877
:10BC2000C418A310C310E4180419E418A310A3182F
:10BC3000032933BDB7EE14E6CEBCEBA38EBCAEC475
:10BC40004CB44CB44CB46DB410C5D3D515DE77E606
:10BC5000D8EE19EF3AF75AF75AFF39F7F8EEB6E689
:10BC600014DE0FC50CB4ABABCBB34DC40FD571D53F
:10BC7000B1D5D2D534DE96EEB7EEB7E6F8E619E7E1
:10BC80001AEF3AEF3AEF7BF77CF7BCFFBDFFBDFF41
:10BC9000DDFFDEFFDEFFDEFFBDFFBDFF9DFFBDFF61
:10BCA000BDFFBDFFBCFFBCFFBCFFBCFFBCFFBDFFB9
:10BCB000BDFF9CFF9CFF9CFF9CF77CF77CF77CF70B
:10BCC0007BEF5BEF5BF75BF73AF71AF7F9EED8EE2D
:10BCD000B8EED9F6F9F6F9F6D8EED8EEB7E677E68B
:10BCE00056DE35DE15DEF4D5B3D572C510BDAFB462
:10BCF0006EA4AEACCFB4AEAC30BD0FBDAEB4AEB47E
:10BD00008EAC6DA4AFAC8762801802214429242137
:10BD1000041904192419E418E4100419051905116B
:10BD200025192519251925192519251945194519E3
:10BD30002619261926192619261925192519251116
:10BD400046192611251125194519251125194619B8
:10BD5000461946114619671967116711671167116E
:10BD600067118819A81987116719C821A719C8214F
:10BD70001485DFE7FFEFFFEF45118A3ADBC6DFEFFF
:10BD8000FFF7BAC6E300EB32D795FFE7FFE73AAE1D
:10BD9000A8118809E911E911C911C809C8014A0A9D
:10BDA000CC1A6E2B8F2BF033313CCF33EF33303C3A
:10BDB0007144513C30343134312C312C512C312CE4
:10BDC000712C302C512C512C3024302C3024302C20
:10BDD000302C302410243024512C30243024512C89
:10BDE000701CB124F22CB1247024B12CF234B12C8B
:10BDF0007024D12CD134B02C9024B12CD12C91248E
:10BE0000B124D12CD12C902C902CD134D134902C25
:10BE1000702C9034B02C6F247024B02C70343034DB
:10BE2000D35C967D9785978D768D978D9795778D39
:10BE3000778D978D77859785B88DB88D5685F574F4
:10BE4000567D557DF0532C3B4C43AA3AC6218521A3
:10BE50008529442944318639C739A63145216529C8
:10BE60002421E318031924212421452145212421DB
:10BE70000419E318C310C310A210C3104521C73121
:10BE80006621C7316942293A283A6942A6298621A2
:10BE9000293AC7312521E418C310A310E418E41887
:10BEA000C4188208C31004190419C310A310C318BE
:10BEB00024294F9C15D655E671CDCEBC0BAC4CB4A5
:10BEC0008DBC2BAC2BAC4CB4AEB430C5B3D515DEA9
:10BED00076E6B7EED8EEF8F618F718EFF8E6D8E6FB
:10BEE00096E6F3D530CD6DBCCBABAAAB2CB4CEC4AB
:10BEF00090D5B1D5D2D5F3DD55E696E6B6E6D7DED8
:10BF0000F8EE19EF19EF5AF75BF79CFF9CFFBDFFA6
:10BF1000BDFFDEFFDEFFDEFFBEFF9DFF9DFFBDFF1D
:10BF2000BDFFBDFFBDFFBDFFBDFFBDFFBDFFBDFF31
:10BF3000BDFFBDFFBDFFBDFFBDFF9DFF9DFF9DFF81
:10BF4000BCFFBCF79CFF9CFF9CFF7BFF5BFF5BFF84
:10BF50001AF7F9F6F9EEB8E677E676DE56DE35D66C
:10BF600015D6D4CDD4D5F5DDB3CD31BDAFB46EA4E7
:10BF7000AFAC8EACAFAC10BD10BD0FBDCFBC8DACA7
:10BF80008EAC6DA4AFAC87626018E22044292421F6
:10BF90000419041905190419E410041104110411F9
:10BFA0000511051125112519251125192519251901
:10BFB0002519251925192519251925192519251199
:10BFC0002619251105112511251925194519461977
:10BFD00046194611461967196719671988196819AA
:10BFE0008819A819871167116711871986112D4BB8
:10BFF0003DCFFFEFFFEF4D5345117595DFE7FFEFA5
:10C00000DFEF282AE719D3749ECFFFE75ED72E4BC8
:10C010004709E9192A22C911A911C909C809A801A2
:10C02000E9092A0ACC1A4D2BAF3B314C314CF04375
:10C03000CF3BAE33CF331034723C51341024512CEB
:10C04000512C302C712C712C302C10241024512C9C
:10C05000502C30240F241024302410243024502459
:10C06000701CB124D12CB124701CB12CD134902C73
:10C070007024B12CD12CB02C9024D12CD12CB124F3
:10C08000B124D12CD12C902C9024D134D134902CAB
:10C090006F2C902CB02C6F247024902C502C0F34CB
:10C0A000B25C3575968597857685978DB895978D11
:10C0B000978D77855685978DD895B88D5685F5746B
:10C0C0009364B36C105C0C3B2C4BAA428521652910
:10C0D000853144296531C639A63165294521242198
:10C0E0000319E31803190421242124212421E4182D
:10C0F0000419C310C310C31082082521E731C731CA
:10C10000A729E8316A42083A283A083A6521A6295F
:10C11000283A8629E418C310C310E318E318C3189B
:10C12000A310C310C31024190419C3102521C31868
:10C130000321AC8352BDEFB430C530C56CB42BAC19
:10C140004CAC8DBC4CAC0BA44CACCFBC51C572CD2F
:10C1500014DE55E696EEB6EEF7EEF8EEF9E6F8DE0A
:10C16000F8E6B6E634DE72D5AFC40BACCAA30BACAE
:10C17000ADBC2FCD70D571D5D2D513DE54DEB6E669
:10C18000D7E6F8EEF8EE39F73AF77BFF7CFF9CFF35
:10C190009CFF9DFF9DFF9DFF9DFF9DFF9DFF9DFFC0
:10C1A000BDFFBDFFBDFFBDFFBDFFBDFF9CFF9DFFF0
:10C1B0009DFF9DFF9DFFBDFFBDFFBDFF9DFFBDFF1F
:10C1C0009DFF9DFF9DFF9DFFBDFF9DFF9CFFBCFF51
:10C1D0009CFF9CFFBCFF9BFF5AF719EFD8E677DE68
:10C1E00015D615D6B4CD32BDF1B4B0AC8FAC8FAC92
:10C1F000D0B4CFB4EFB430BD30BDAEACCEB4AEB47D
:10C200008EAC8EACAFACA762601802212429242129
:10C210000419041925190519041904190511041123
:10C2200004110511051125112511251125112511BF
:10C23000251125112511251125112511251125114E
:10C240002619251105110511251125112619461943
:10C2500046194619461967198719881988198819BE
:10C2600088196711A8198719A71946094A32969D96
:10C27000FFEFFFEF9ABE8200AE639EDFFFEFFFEF9E
:10C28000B27CA20010649AB6FFE7FFDF568D26014C
:10C290000A2288118811C919C919E9110A12E9116C
:10C2A000E909C809C8016A1A9264399E7AA6399EBA
:10C2B000D3741054AF3B103C3034302C302C30242D
:10C2C000512C3024302C302C302C30241024512C84
:10C2D000512C1024EF1B102430241024302451241E
:10C2E0004F14901CB12490246F1CB024D12C9024A6
:10C2F0006F24B12CD12CB02CB024D12CD22CB12C49
:10C300009024D12CD12C902C9024D12CF134B02C11
:10C31000702CB02CB12C90247024902C502C0F3405
:10C320007254F46C767D76855685978DB895B89560
:10C33000B78D978D77857785B88DB88D367D1575D6
:10C34000525C7264115C0C43CB422832241964297C
:10C3500065318531A639E741863145294521E31804
:10C36000242104210421042124212421E418A210E1
:10C37000C310E418C3108208E418C731083AA7298B
:10C38000083A49420832E831493A86294521083AB3
:10C3900086290419C310C31004190419C310A3106B
:10C3A000C310C310E310041945210419C3106529F3
:10C3B000E220EA62D0A48EA4EFB48DB4CEBC2BA44C
:10C3C0000BA48DB40BAC0BA42CAC2CA4CFBC30C5EF
:10C3D000B2D5F3DD34E675E6B6EED7E6D8E6D8DEBC
:10C3E000D7DEB7E676DE14DEB2D50FBD4CACCA9B05
:10C3F000CAA36CB4CEC40FCD71D5B2D5F2D554DE7C
:10C4000075E6B6EED7EEF8EEF9EE3AF75BF77BFF9E
:10C410007CFF9CFFBDFFBDFFBDFFBDFF9DFF9CFFDF
:10C420009CF79CF79CF79CFF9CFF9CFF9CF79CF75C
:10C430009CFF7CFF9DFF9DFF9DFF9DFF9DFF9DFF3E
:10C440009DFF9DFF9DFF9DFFBDFFBDFFBDFFDDFF6C
:10C45000DDFFBCFFBCFFBCFF9BFFBCFFBCFFBCFF04
:10C460007BFF3AF7F9F677E653C590AC6FA44E9C84
:10C47000AFAC10B5F0B4CFB4EFB40FBDEFB4AEB401
:10C48000AEACAFACAFAC875A801803292421E318B7
:10C49000E4180419051904190419041905190519D2
:10C4A0000411051105110511251125112511251955
:10C4B00025112511251125112511251125112511CC
:10C4C0002519261125112511251126112619461188
:10C4D0004619461947196719881988198819A8191A
:10C4E0008719A719A8194611E8218611F0639EDF64
:10C4F000DFE7FFF7C721082A38B69EDFFFF779B6D6
:10C5000024098A32348DFFE7FFE75ECF4A2A6709A4
:10C510002A22C919A9198811A911C911A809E91153
:10C5200009122A1A2A1A52643DC7FFEFFFEFFFE7EC
:10C53000FFE759AE7264104C30441034102C302C8C
:10C54000512C512C302C302C512C512C3024512C6E
:10C55000512C302410243024502C30243024712CC1
:10C560004F14701CB1249024701CB12CD134B02C09
:10C570006F24B12CD12CB02CB024D12CD12CB124CF
:10C58000701CB124D12CB12C9024D12CD134902CFE
:10C59000702CB02CD12C90249024902C702C303402
:10C5A000B25C1475978597857685978D978D978D55
:10C5B000778DB78DB88D567D978DD895157DF5748F
:10C5C000B36C357D8E4B4D4B493A2519862965292B
:10C5D0006531C639E741E739863124212421E31842
:10C5E000242124212421042104210421E418A3105E
:10C5F000C3100419A310A2088629083AC731C7310D
:10C600004942083208324942C7292519E731A6298B
:10C610002519E310E418E418E418E418A310C31073
:10C62000C310C310241945210411251986210419AA
:10C63000C21864312A6BD0ACCFAC4CA4CEB4ADB42C
:10C640002BA4EBA34CACCA9BA9932BA44CACCEBCA3
:10C650002FC591D5D2D5F3DD34DE76DEB7E6D8E648
:10C66000F8E6D7E6D7E6B6DE55D6F3CD51C5ADB47C
:10C67000CA9BAAA3CAAB2CBCCEC450CD90CD91CD41
:10C6800034DE75E696E6D7EED7EE19F71AF75AF7C5
:10C690007BF77CFF9CFFBDFFBDFFBDFF9CFF9CF7B0
:10C6A0009CF77CF77CF79CF79CFF7CF77CF79CFF62
:10C6B0009DFF9DFF9DFF9DFF9DFF9DFF9DFFBDFF7A
:10C6C000BEFFBDFFBDFFBDFFBDFFBDF7DDF7DDF761
:10C6D000BDF7DDF7DDFFDDFFBCFFBCFF9CFF7CFF8E
:10C6E0009CFF9CFF7CFF9CFF9CFFF9EEB4CD11B535
:10C6F00011B5F0B4D0ACCFACAEAC10BDAEB48EAC16
:10C700008EACCFB46EA426526018E2202421041906
:10C710000419E418E410E41804190419041904199C
:10C72000041904190511051125112511251945199B
:10C730002511251125112511251125112511251149
:10C740002511251126114611261126112611261113
:10C750004619671967196719A819A8198819A81916
:10C760008711A71967198719A719EC42F8ADFFEFD0
:10C77000FFF7D384C300B27C5DD7FFF7FFEF4932E8
:10C78000A611716C9EDFFFEFDFE7326CC4000A2256
:10C79000A8118811C919C919A911EA192A22E91978
:10C7A000E919E8190D3BD89DDFE7FFEFDFEFFFF751
:10C7B000FFF7FFF7FFE7D795104C0F3CEF3310342E
:10C7C000312C312C102C312C512C10241024512CB4
:10C7D000512C302410243024302430243024502490
:10C7E000701C901CD12CB1247024B12CF134B02CCD
:10C7F0009024D12CF134B02CB024D12CD12CB024E5
:10C80000701CB124D12CB12C9024D12CD134902C7B
:10C81000702C902CB02C6F246F24902C702C303402
:10C82000B25C1575B78DB78D978D978D978D978D58
:10C83000978DB78DB88D7785B88DD895157D157D79
:10C84000357DD4748E536A320419A62924216531AA
:10C850008531C639A639A53165290421E31804219B
:10C86000E31824212421E318E318C318E318E3187C
:10C87000E318A310C3104521C731C731C731083AA7
:10C88000293A493A493AE73186216521A6296621A4
:10C890002419041904190419E318C310A310E31888
:10C8A000241904116621662166194619E4104521F0
:10C8B0002421E21864310A6B2E94AFAC8EAC4CA4E8
:10C8C0006DACEBA3A9932CAC0BA4688BCA9B2BA4D7
:10C8D0006CACEEBC71CDB2D5F3D534DE56DEB7E626
:10C8E000B7E6B7DED7E6B7DE75D655D6F3CD51C578
:10C8F000AEBC0CACCAA3CBAB0BB48DBC2FCD91D5C9
:10C90000D2D534DE75E6B6E6B7E6F8EE19F73AF7B3
:10C910005BF77BF77CF77CF79CFF9CFF9CF77BF732
:10C920007CF77CF77BF77BF77BF77BF77CF77CF773
:10C930009CFF9CFF9CFF9CFF9CFF9DFFBDFFBDFFDC
:10C94000BDFFBDFFBDFFBDFFBDFFBDF7BDF7BDF71F
:10C95000BDF7BDF7BDF7DDFFDDFFBDFFBDFFBDFFCF
:10C96000BDFF9DFFBDFF7CFF7CFFBCFF9CFF1AF756
:10C97000F5CDF0ACD0AC10B571C5CFB44DA4F0BCC2
:10C980006DACCFB46EA4054A8018E22003210421C7
:10C990000419E418E410E41804190419041904191A
:10C9A00025192519251105112511251125194519B7
:10C9B00025112511251125112511251125112511C7
:10C9C0002511251126114611261126112611261191
:10C9D0004719671987198819A821881988196719AB
:10C9E0006611871187196611292A927CFFEFFFEFE4
:10C9F0001CCF4511CB427ABEDFE7FFEF148D6611E5
:10CA00004C4B79AEFFE7FFEF39AE6711E919A91971
:10CA1000EA19EA198811C9110A1AC911EA19C919BA
:10CA2000C819ED4276957ED7FFF7FFF7FFF7FFFFB6
:10CA3000FFFFFFF7FFEFFFEF9AAE3054CF3B303CE4
:10CA40005134102CF023312C5134F023F023312CAD
:10CA5000512C302C10241024302410241024502465
:10CA60009024B124D12CB1249024D12CD134B02CD9
:10CA7000B02CF134F134B02CB024D12CD12CB02412
:10CA8000701CB124D12CB02C9024D12CD12C902C02
:10CA90006F2CB02CD12C90247024902C502C0F345F
:10CAA00072541475D78DB78DB895B78D978DB88D95
:10CAB000D895978D9785978DB88D7785157D157D40
:10CAC0005585B3746D53C7210419A73145294529EC
:10CAD000863185316429442144210319E318452115
:10CAE000031924212421E318A310A310C310E41870
:10CAF000C41882082521E831A731A731083A283A1D
:10CB0000293A6942293A86214521A62966214521EB
:10CB10000419041904190419E318C310C318E418FC
:10CB2000041966218721872167214619461925198D
:10CB300024192421E32023290A6B6E9CAFAC4CA45A
:10CB40006DAC4CAC0BA42CA42CACCA9BC99BA99B70
:10CB5000CA9B4CACCFB430BD92CDD3D514DE55DEDC
:10CB600076DE76DEB7DEB7DEB6DE96DE55DEF3D5F0
:10CB700071CDEFC48DB40BACEAA3EAA38CB42FC57E
:10CB800091CDF3D554DE96E696E6F8EE19EF3AF736
:10CB90005BF75BF77BF77BF77BF79CF79CF77BF703
:10CBA0007BF75BF75BF75BF75BF75BEF5BF75BF7DD
:10CBB0005BF77BF77BF77BF77CF79CF79CFF9CFF91
:10CBC000BCFFBCFFBCF7BCFFBCFFBDFFBDFFBDFF92
:10CBD000BDFFBDFFBDFFBDFFBDFFBDFFBDFF9DFF95
:10CBE000BEFFBEFF9DFF9DFFBEFFBDFF9CFFBCFFC4
:10CBF0009CFF19F715D68FA4AFACF0B4CFB4AEAC90
:10CC00006EACF0B46EA4C441A12003210321041929
:10CC100024210419E4180419051904190419051923
:10CC20002519251925112511251125192511251934
:10CC30002511251125112511251125112511251144
:10CC400025112511261126112611461947194719B4
:10CC50006719671988198819881988196719471178
:10CC60006711A719A71987198E5B3DD7DFE7FFEF7B
:10CC70002D534511D38CFFEFFFEFDFE7082A66192C
:10CC80001385FFE7FFEF9FDF4E53A400E9218811D2
:10CC9000A919C919C911EA11C911C911EA19EA2159
:10CCA000AC3A36959FDFFFF7FFF7FFF7FFF7FFFF7F
:10CCB000FFFFFFFFFFFFFFF7FFEF3DC7D36CF04320
:10CCC000723C312C102C51345134102C302C312C1E
:10CCD000312C302C102C1024302430243024502CB3
:10CCE0007024B124D12CB12C9024D12CF134B02C4F
:10CCF000B02CF134F134B02CB024D12CD12CB1248F
:10CD0000901CD124D12C90249024D12CD12C90246F
:10CD10006F24B02CF134B02CB02CB02C502C0F342C
:10CD200092543575F88DD895D895978D568D978DE9
:10CD3000D895B88D9785978D567DF574367D157D80
:10CD4000F47C92748A3AC729C7310421C739453126
:10CD5000853144294421232144212421E3184529F4
:10CD6000452965292421E318C310A310A310C3107B
:10CD7000E4102521A729C731C731C731083A293A1C
:10CD800049426942E73166218621C7294521241994
:10CD900004190419E418E418C310C310E4180419A2
:10CDA000451966198721A821671947198719661936
:10CDB000662145212421E3208439885A2D94AFAC83
:10CDC0006DA42C9C8EAC2CA4CA9B4CAC0AACA99B29
:10CDD000A99BEA9B2CA46EACF0BC71C5B2D5D3D58F
:10CDE00014DE55DE76DE96DEB6DE96DE55D655DEF0
:10CDF00014DED3D551C5EFBCADB44CAC2BAC8DB467
:10CE000030C5B2CD14DE75E696E6D8EE18EF19EF10
:10CE100039EF3AEF5AF75AF77BF77BF77BF75AF778
:10CE20005BF75AF73AEF3AEF3AEF3AEF3AEF3AEF69
:10CE30003AEF5BEF5BEF5BF75BF77BF77BF77BF73B
:10CE40009BF79BF79BF79BF7BCF79CFFBCFFBDFFD5
:10CE5000BDFF9CFF9DFFBDFFBDFFBDFFDDFFDDFFF3
:10CE6000BEFFBEFFBEFFBDFFBDFFBDFF9CFF5BF76A
:10CE70009CFFBCFF3AF7B7E611B510B5AFACCFB425
:10CE8000CFB410BD2D944339811803210421041916
:10CE90000419E418E41804190519041904192519CA
:10CEA00025192519251925112511251125112511BA
:10CEB00025112511251125112511251125112511C2
:10CEC00025112511261125112611461967196719F3
:10CED000882168198819671967196719871947110F
:10CEE0008719A719A7198A3AD7A5DFEFFFF739AE37
:10CEF000C3006D5BFCCEFFEFFFEFB27CE4008E5B06
:10CF0000BBC6FFEFFFE7358D4609C919A819EA210D
:10CF1000C91988090A1A0A120A120A1AE919ED42ED
:10CF2000769D7EDFFFF7FFF7DFF7FFFFFFFFFFFFD5
:10CF3000FFFFDFFFFFFFFFF7BFEFFFEF7ECF1475AF
:10CF4000F043313C31343134F02BF02B312C102CA8
:10CF50001024102C102C1024302430243024502481
:10CF6000501C9124B12CB12C7024B12CF134B12C73
:10CF70009024D12CF134B02CB024D12CD12CD12C34
:10CF80009024D124B12490249024D12CD12C902C05
:10CF90004F24B134D13490249024902C502C0F2C59
:10CFA00092545575F88D1896B8959895778D578D3C
:10CFB000B895D895B88D7785567D367D5685F57CA4
:10CFC000F4848E5BC729C729C731A218A6398539D1
:10CFD0008531642903212321442124212421252171
:10CFE00045294529E3188210C318E418C310E4103A
:10CFF0004519A629C729A629C729E831E8310832E9
:10D000006A42293AA6298621C7318629241904199A
:10D01000E418E418E410C310C310E4180519251926
:10D0200046198719872188198719471146116719E9
:10D03000A7214619251965212321232947520D8C43
:10D04000AFA4AEA48EAC6CAC0BA42BAC2BACEAA3FF
:10D05000CAA3CA9BCB9B0C9C4DA4AEAC0FBD30C5E4
:10D0600092CDD4D534DE55DE96DE96DE76DE55DE04
:10D0700055DE35D634D6F3CD71C5EEB48DB42BA4C0
:10D08000AEB451CDD3DD34DE96E6D7EEF7EEF8EE52
:10D0900018EF18EF18EF19EF19EF19EF19EF19EF53
:10D0A00019EF19EF19EF1AEF19EF19EF19E719E74F
:10D0B0001AEF1AEF3AEF5AEF5AEF5AEF5BEF7BF79E
:10D0C0007BF77BF77BF79BF79BF79CFF9CFF9CFF15
:10D0D0009CFF9CFF9CFF9CFFBCFFBCFFBCFFBDFFF7
:10D0E000BDFF9DFF9DFF9DFF7DFF9DFFBDFFBDFF20
:10D0F0009CFF7BF7BCFFBCFFD8E611AD8FA431B518
:10D10000AFAC8FA4CC8B2231A11803212421C310F2
:10D110000419E418E410041905190519051925194D
:10D12000251925192519251925112511251125112F
:10D13000251125112511251125112511251125113F
:10D1400046194619461126112611471967198719DC
:10D1500067198819671967194711671967196719D6
:10D1600087118711C819727C5EDFDFEFFFEFAA3AE3
:10D17000E719969DFFF7FFF73DD76511C719969DF3
:10D18000FFEFFFEF5ED7E8194609C811EA19A911A8
:10D19000C911EA19EA110A1AE9192A222D4B7695C2
:10D1A000BFE7FFF7FFF7FFF7DFF7FFFFFFFFFFFF27
:10D1B000FFFFFFFFDFF7DFF7DFF7FFF7FFF7DFE73F
:10D1C000768D1054F043103C513C3134102C102C0F
:10D1D0005134302C302C302C302430243024512445
:10D1E000501C9124B12CB12C7024B12CF134B02CF2
:10D1F0007024D12CD12CB02CB124D12CD12CD12CF9
:10D20000901CB124B1249024901CD12CD12C9024BA
:10D21000702C902C902C4F1C4F1C9024502C0F2CB9
:10D22000914C346DD785D88DB89598959895578D34
:10D23000988DD995B88D9785567D77857785B47407
:10D24000D37C2932A729A729041945296531A63994
:10D2500064314429232144214421442145290421C6
:10D2600025210421C318A310041945210419E31032
:10D270004519C729A629C729493A283AC731493A41
:10D280006A42E8318621A629A729452104190419F3
:10D29000E410E410C310C310E4180419252146213A
:10D2A0006719871987198719871967196711671906
:10D2B0006719872166194521442103214329064A1C
:10D2C0002D8CAFA46D9C4DA4AEB44CACEAA3EAA3E4
:10D2D000CA9BEB9BCB9BAA93CA932BA48DACADB4FA
:10D2E000CFBC31C592CDD3CD34D655DE76DE76DED9
:10D2F00076DE76D655D634CEF3CD91C52FC58DB416
:10D300006DACEFBC71CDF3DD75E696E6B6E6D7EE13
:10D31000D7EED7E6B7E6B7E6B7E6B7E6B7E6D7E6BD
:10D32000F8EEF8EEF9EEF9EEF9EEF9E6D9E6D9E61F
:10D33000F9E619E71AE73AE73AE73AEF5AEF5AEF10
:10D340005AEF5AF77BF77BF77BF77BF77BF77CFF8E
:10D350007CFF9CFF9CFF9CFF9CFF9CFFBCFFBCFFD5
:10D360009DFF9DFF9DFF9DFF9DFFBDFFBDFFBDFF7D
:10D37000BCFFFDFFBCFF7BF7BCFFB8E693BDD0A4AC
:10D38000D0ACB0AC4B7B0229C218E3200321E318D8
:10D390000419E41804190419051905192519251982
:10D3A000251925192519251925192519251125119D
:10D3B000251125112511251125114611251125119C
:10D3C0004611461146194619461947196719871912
:10D3D000671967196719882126118721671946116E
:10D3E00066118711CC427ABEDFF7FFF77274040131
:10D3F000306C7DDFFFF7FFF72D532409306C1CCF15
:10D40000FFF7FFEF8F5B0501A811C911C911A91121
:10D41000EA19E911A911E919A811EC3AB79DBFE77A
:10D42000FFF7FFF7FFFFFFFFFFFFFFFFFFFFFFFF1C
:10D43000FFFFDFF7DFF7FFFFFFFFDFFFDFFFFFFF8C
:10D44000FFEF189EF053CF3B314410345134312C50
:10D4500051341024EF23102C302C3024302451244C
:10D460007024912CD12CB12C7024B12CF134B02C1F
:10D470007024D12CF134B02CB024D12CD12CB12477
:10D480006F1CB024B12490249024D12CD12C702472
:10D49000902CB134B02C4F247024902C502C0F2C95
:10D4A000914C346DB785B78DB895B895B895988D72
:10D4B000778DD9959785367D5685978D157D7374B3
:10D4C0008E5B4519C7316529E3186529A639853171
:10D4D00064294429442944292421452966292521F0
:10D4E000C318C318C318E3182421041904194519D3
:10D4F0008629E731083A083A283A0832083A494278
:10D50000083AA7298629A629862945210419E41065
:10D51000C310C310C310C410E41825194621662196
:10D5200087216719671987196719671967196719B3
:10D5300046116619662145214521442144210321D4
:10D540000642AC7B6E9C6EA48DAC4CAC2BA40BA4A1
:10D55000EA9BCA9BEA9BEA9BCA9BCA93CA9BEA9B2B
:10D560002CA48DACEFB450BDB2C5F3D534D655DE86
:10D5700056DE56DE75D655D654D634D6B2CD2FBD2E
:10D580008EACAEAC10BDB2CD13DE34DE55E675E622
:10D5900096E675E655DE55DE35DE55DE76DE96E638
:10D5A00097E6B7E6B7E6D8E6D8E6D8E6D8E6D8DE16
:10D5B000D8E6F9E6F9E619E719E719EF3AEF5AEF75
:10D5C0005AEF5AEF7BF77BF77BF77BF77BF77BF71D
:10D5D0007BF77BF77BF79CF79CF79CF79CFFBCFFE6
:10D5E0009CFF9DFF9DFF9DFFBDFFBDFFBDFFBDFFDC
:10D5F000DDFFBCFFBCFFBCFFBCFFDCFF3AF731B571
:10D60000D0AC8FA4A862C120C2182321E318E3186C
:10D61000041904190419041925192519251925199E
:10D6200025192519251925194519451925192511D2
:10D6300025112511251125114611461125112511F8
:10D64000251146114619661967196719671967196F
:10D6500067196719671967194611871966196611DD
:10D660008711292AD48C7EDFFFEFBBC604092C4B1F
:10D6700018AEFFEFFFEFF8ADA2002C4359B6FFEF55
:10D68000FFEFB7A50509A819A811EA19A911EA1908
:10D69000E911C911C911E919ED4276957EDFFFF74D
:10D6A000FFF7FFF7FFFFFFFFFFFFFFFFDFFFFFFFBA
:10D6B000FFFFDFF7FFFFFFFFFFFFDFFFDFFFFFFFE2
:10D6C000FFF7FFEFF89D5154F03B3134102C512CF3
:10D6D00071341024CF23102C302C1024302430240B
:10D6E0009024B12CD234B12C9024B12CF134B12C33
:10D6F0009024D12CF134B02C9024D12CD12CB124F5
:10D700004F14901CB124B024B024D12CB12C6F2420
:10D71000702CB134D13490249024902C702C2F3460
:10D72000B2545575B78DD78DB895D895B895988D55
:10D73000B88DD895567D1575367D7685B374AF5303
:10D74000082A6621E831242124214429A63965319B
:10D750000321242165296529452945294529E418FE
:10D76000A3108210E3182421E418C3100419E73130
:10D77000E731E7314942293AA62908326A42293A73
:10D78000A7298629A629A62966212519E410C310F0
:10D79000A310A310C310C410051945194621662112
:10D7A00066214619661967194719671967194619D5
:10D7B00046194611461946192419452145210321C8
:10D7C000E218A5394B736F9C8EA44DA44CAC6CAC85
:10D7D0000BA4EA9BEA9B0BA40A9CCA9BC993C9931E
:10D7E000CA9BEB9B4CA4ADAC0FBD71C5D3CD14DE71
:10D7F00035DE55DE76DE75DE75DE55DE13D6B2CD4E
:10D800000FB5CEACEFB471C5D2D5D3D5F3DDF3DD12
:10D81000F3DDD3D5B3D5B3D5B3D5D3D5F4D514D69D
:10D8200035DE55DE76DE96E697E697DEB7DEB7DEC6
:10D83000B8DED8DED8E6F8E6F8E6F9E619E73AEF1A
:10D840003AEF3AEF5AEF5AEF5AEF5AEF5BEF5BF7C6
:10D850005BF77BF77BF77BF77BF77BF77BF79CF737
:10D860009CF7BCFF9CFF9CF7BCFFBDFF9CF7BDFF76
:10D87000BCFFBCFF9CFFDDFF7BF7DCFFBCFFB8E615
:10D88000F1ACCD8B6752A118E21824210319E310E3
:10D89000041904190419041925192519251925191C
:10D8A0002519251925192519461945192511051177
:10D8B0002511251125114611251125112511251197
:10D8C00025114619661967196719671967196719C4
:10D8D0006719671967194611871967196619871932
:10D8E000A7192D4B9BC6DFEFFFEFCB428611148D9E
:10D8F0007EE7FFEFBFE7082A6511F37C7ED7FFEFD5
:10D900009FDF6B3226090922A819A8110A1AC9112A
:10D91000E911E911091ACC3A36957EDFFFEFFFEFE6
:10D92000FFF7DEF7DEFFFFFFFFFFDFFFDFFFDFFFB9
:10D93000DFFFFFFFFFFFFFFFDFFFDFFFDFFFDFFF97
:10D94000DFF7FFF7FFE7399E104C313C102C102415
:10D950007134102CF023102C102C102C102C30248F
:10D960009024B12CD134B12C7024B02CF134B12CD2
:10D97000902CD12CF234B12C9024B12CD22CB12487
:10D98000701CB024D12C90249024D12CB12C702464
:10D99000702CB134B12C702470247024502C2F348E
:10D9A000B2543575B78DD78DB88DB895B895778D3C
:10D9B000D895B88D157D7685157D3585316C492ACC
:10D9C0008621C629862904194429A63924296531C6
:10D9D0000321652985316521452145210419A310BD
:10D9E000C310A310E4180419E31004198629083A97
:10D9F000083A083A083AE731E731493A69420832C9
:10DA0000A7298629862186214521C3108308C310B2
:10DA1000C310A310C310E41025194619662166210E
:10DA2000662146216621662146194619661946195E
:10DA30004619461946192619461925192519251971
:10DA40000421E3186431EA6A2E948FA48EAC4CA4AE
:10DA50004CA42BA4EA9BEA9B2BA44BAC0AA4A9934D
:10DA6000C993C993C993EA934CA4CEB450C5B3D516
:10DA7000F3D514D635DE55D655D634D613D6F2CDD9
:10DA800070BD0FB5EEB430BD71C591CD91D591D5B6
:10DA900051CD30CD30CD30C551C571C591CDB2CD50
:10DAA000F3D514D634DE55DE55DE75DE76DE76DE51
:10DAB00097DE97DEB7DEB7DED8DED8E6F8E6F9E621
:10DAC000F9E619EF3AEF3AEF3AEF3AEF5AEF5AEF39
:10DAD0005BEF5BEF5BF75BF75BF75BF75BF77BF7A6
:10DAE0007BF79CF77BF77BF79CF79CF77CF79CF721
:10DAF000BCFFDDFF9CF7BCFF9CFF9CFF9CFFBCFFB5
:10DB0000F5CD8C7BC541E2202321E3180419E310F5
:10DB1000E410E410041905192519251925192519EA
:10DB200025192519251925194619451925112511D4
:10DB300025112511461146112511251125112511F3
:10DB40004619461966196719671967196719671918
:10DB5000461167196719461187196619A721871990
:10DB6000082A569DBFEFFFEFD37CE300CF63BAC610
:10DB7000BFEFFFF7EF63C200AE53BABEFFEFFFEF98
:10DB8000F484C400C921A819A819C919C911E91137
:10DB9000C911091ACC3A36959FE7FFF7DFF7FFF76F
:10DBA000FFFFFEFFFFFFFFFFFFFFDFFFDFFFDFFFE6
:10DBB000FFFFFFFFFFFFFFFFFFFFDFFFDFFFDFFFD5
:10DBC000FFFFBFF7DFEFFFE7D36C514CCF2B1024E3
:10DBD000512C302C102C102C102C102C302C302CC4
:10DBE000902CB12CD134B12C9024B12CF134B12C27
:10DBF000902CD12CF134B12C9024B12CF22CB124E6
:10DC0000B124D12CD12C90246F1CB02CB12C902C91
:10DC1000702C902CB02C70249024902C2F2C0F2C36
:10DC2000B2543575D78DF895B895B895B895988D47
:10DC3000988D7685357D7685147D35850C436619FE
:10DC4000E7318629E31844298631A639032165295D
:10DC5000852985316529041904190419C318A310ED
:10DC6000820804190419C31024198629A731E83938
:10DC70004942283AE731E731283A493A0832C72978
:10DC8000A729A72966212519E410A308A308C41011
:10DC9000C310C310C410041125194619461946199A
:10DCA00066216621872166214619461946194619BB
:10DCB00026194619461946196619461926192519AD
:10DCC00025214521C2184429885AED8BAFA46DA4A3
:10DCD0004CA46CA46CAC2BA40AA40AA42BA46CAC1A
:10DCE0002AA4EA9BA993A893CA930BA48DB410C548
:10DCF00051CD92CDD3CDF3CD14D613CEF3CDF2CDFD
:10DD000091C52FB5EEB4EEB40FBD2FC50FC50FC52D
:10DD1000EFC4CEC4CEBCCEBCEFBC0FBD30C570C509
:10DD200091CDB2CDD3D5F3D514D634D655D655DE54
:10DD300076DE96DE96DE96DEB7DEB7DED8E6D8E68D
:10DD4000D8E6F9E619E719E719E73AE73AEF5AEFA3
:10DD50003AEF3AEF5BEF5BEF5BEF5BEF5BEF5BF7AD
:10DD60007BF77BF75BEF5AEF5BEF7BEF7BEF7CF7AB
:10DD7000BCF77CF7BDFFBCFFBCFF9CF7DDFFBCFF21
:10DD80005BF7909C0229E2200321E318E418E310DA
:10DD9000E410E41004192519251925192519251948
:10DDA0002519251925192519461946192511251151
:10DDB00025112511461946194611251146114619F6
:10DDC0004619461966196619671967196719671997
:10DDD00046196719461167192511661987196619B9
:10DDE000F06BDCCEFFEFFCCEE7198A32969DDFEFB9
:10DDF000FFFF38B64509692A7695FFE7FFEF9BBE1E
:10DE0000461187118819A919C919A811E911E91929
:10DE1000E919EC3AF5843DD7FFF7FFF7FFF7FFFF6D
:10DE2000FFFFFFFFFFFFFFFFFFFFDFFFDFFFDFFF62
:10DE3000DFFFFFFFFFFFFFFFFFFFFFFFFFFFDFFF32
:10DE4000BFFFFFFFFFFFFFF73DBF5154CF2B513402
:10DE500010241024102CF02BF02B102C302C302CF4
:10DE6000902CB12CD134D12C902CB134D134B12C94
:10DE7000902CD12CF134B02C7024B12CF22CB12484
:10DE80009024D12CD12C90246F24B02CD12C902C08
:10DE9000702C902CB12C902CB02C912C502CEF2B62
:10DEA000B25C3575F88D1996D895B895B895D89512
:10DEB00056853685968D147D35859274C721A721A8
:10DEC00007324529E3188531C63924296531853162
:10DED00044212421442144210419C31082108208C2
:10DEE000A3082419251924198629C731A731083A0E
:10DEF0006942083AE831083A283AE731A6298621EA
:10DF0000862186214621E4108208A310C310A310A5
:10DF1000A310C310E4100419251945194619461910
:10DF20006621862186216621461946194619461919
:10DF3000461946194619461926194619461105115A
:10DF4000251945212519E3182429274A6B7B6E9C46
:10DF5000EFB46CA40B9C2BA42BA40AA44BA48CACF4
:10DF60008CAC6BAC2AA4EA9BC99BC99BEA9B4CACCA
:10DF7000AEB430BD71C5B2CDF3CDF3CDF3CDF2CD9E
:10DF8000B1C570BD0EB5CEB4AEB4ADB48DB48DBC5C
:10DF90006CB44CB44CB46DB48DB4CDBCEEBC0FBD00
:10DFA0002FC550C591CDB1CDB2CDD3CDF3D514D6BB
:10DFB00035D655DE55DE76D676DE96DEB7DEB7E6AA
:10DFC000B7E6B8DED8E6D8E6F8E6F9E619E739E7C5
:10DFD00019E73AE73AEF5AEF5AEF5AEF5BEF5BEF88
:10DFE0005BF75AEF3AEF5AEF3AEF5AEF5BEF7BEFFE
:10DFF0005BEF7CF7BCFF7CF79CFFBCFF9CFF9CFFAA
:10E00000FDFF57D6A539A118E3180419C310E31072
:10E01000E41004190519251925192519251925199B
:10E0200025192519451945192619261925112511CE
:10E030002611261146114619461946194619461940
:10E040004619461946196619661966196719671936
:10E0500066196619461166192511661986196A3AF4
:10E06000F8ADBFE7DFEF8E5B6509516CBEE7DFEF10
:10E07000BFEF6A3A450992747ED7FFEFBFE7AB4224
:10E08000C500E921A8198811C919A811091A091A86
:10E090008B32D4845EDFFFFFDFF7FFFFDFF7FFFF88
:10E0A000FFFFFFFFFFFFFFFFDFFFDFFFDFFFFFFFE0
:10E0B000DFFFFFFFFFFFDFFFDFFFFFFFFFFFDFFFF0
:10E0C000FFFFDFFFDFFFDFF7FFE77685EF3B103471
:10E0D000102C1024F023F02BF02BF02B102C302CD4
:10E0E0007024902CD134D134902CB134D134B02C54
:10E0F000B02CD12CD1349024701CB12CF22CB12432
:10E100006F1CB024D12CB02C9024B12CB12C702CCD
:10E11000702C902CB12C90249024902C502C1034E6
:10E12000B25C3575F895199ED895978DB78DD895B1
:10E1300036857685968DD47C358D2D4B862108329B
:10E14000C73144294429A6396531E3208531E739AF
:10E1500024210319652186290419A310A310041989
:10E160004521C3086521083AC731A731083A28423A
:10E170004942083AE731E731083AE73186218621FA
:10E180008621451925190419A3088208A3108310B4
:10E19000A310C310E4180519251945194519461986
:10E1A0004619862166214519451946214619461901
:10E1B0002519662146192619671946192611661967
:10E1C000261905196621E410C310031984318C7BCC
:10E1D0006E9C4DA44DA44CA42BA4EA9B0B9C4CAC70
:10E1E0008CAC8CAC8CB46CAC2BA4C99BA993EA9B73
:10E1F0000B9CAEB430BD71C5B2CDD2CDD2CDD2CD97
:10E20000B1CD91C52FBDCEB48DAC4CAC0BAC2BAC0D
:10E210000BAC0BAC2BAC6CB48CB4ADB4CDBCEEBCC5
:10E220000FBD2FC550C570C591CDB1CDB2CDD3CDE9
:10E23000F3D513D614D614D634D655D675DE96DE5D
:10E2400096DE96DE96DE96DEB7DED7DED8DEF8DE28
:10E25000F9E619E719E73AE73AEF3AEF5AEF5AEFDA
:10E260003AEF19EF1AEF3AEF3AEF3AEF5BEF5BEF65
:10E270007BF77CF77BF79CF75BF7FDFF7BF79BFF5A
:10E280007BF79CFF8C7340082421E318C310C31054
:10E2900004110519251925192519251925192519D7
:10E2A000251925194619461926192519251125114B
:10E2B00046112611261146114619461946194619C6
:10E2C00046194619461946194619661967196719F4
:10E2D000661946116619461187198619C8213174C5
:10E2E0001DD7FFEFB7A524090C4379AEDFE7FFF791
:10E2F000D38CA3008E53BAB6DFE7FFF77384C4084C
:10E300008819A819A819C919A811E919291A6A2A76
:10E31000D4845DD7FFF7DFF7DFF7FFFFDEFFFFFFF6
:10E32000FFFFFFFFFFFFFFFFDFFFDFFFFFFFFFFF3D
:10E33000FFFFFFFFDFFFFFFFFFFFDFFFFFFFFFFF2D
:10E34000FFFFFFFFFFFFBFF7FFF77ED75154CF332B
:10E350005134102CF023102CF02BF02B102C102CFF
:10E360004F249024D134D12C902CB12CD134B12C09
:10E37000902CD12CD134B02C7024D12CF22CD1245F
:10E38000901CB124B12C90249024D12CD134902C09
:10E39000902CB134D12C6F244F1C7024502C303C65
:10E3A000D3643575D78DF895B88D978DB89536852A
:10E3B000978D5685B3749695F063C721293AE73156
:10E3C000452923216529853103296429C63924215A
:10E3D0002421E31044190419A208C310E418C3103F
:10E3E000C4104519E731283AE831E831E839E8390D
:10E3F000C731C731E8310832C729A629C729C7293B
:10E400004519E410C310C310C310A310C310A31008
:10E41000C310E41005192519451945194519451169
:10E4200046194619461946194519461946194519F6
:10E430004519461966194619461946196619661985
:10E44000661905110511E41004192521E3180221AC
:10E45000885A2E948FAC4DA46DA42CA40B9CEB9BDE
:10E460004BA4ADB4ADB48CB48CAC4BAC2BA4EA9B38
:10E47000CA934CA4CEB40FBDB2CDD2CDB2CDD2D5BD
:10E48000B2CD91CD2FC5EEBCADB46CAC4BAC2BACCA
:10E490002BAC4BAC6CB48CB48CB4ACB4ADBCCDBCBC
:10E4A000EEBCEEBC0FC54FC550C550C550C591CD93
:10E4B000B2CDB2CDD2CDD3CDF3CD14D634D634D661
:10E4C00055DE55D655DE76DE96DE96DEB7DED7DE35
:10E4D000D8DEF8DEF9E619E719E719E719EF19EFC1
:10E4E00019EF19E7F9E619E71AEF1AEF3AEF3AEFE1
:10E4F0003AEF5BF75BF75BF79CFF9BFF5BF79CFFDB
:10E500001AEFDDFFD5C58010E218C310E310E31049
:10E51000041104112519251925192519461925193C
:10E520004519451926192619461946194611461145
:10E530002611461946194611461946194619461913
:10E54000261146114611461966196619661967198A
:10E55000871946118719461166198719EC4239AE99
:10E56000FFE77EDFE7210722348DDEDFDFE71CCF08
:10E570006619082A358DFFE7FFEF3ABE461947199D
:10E5800067196811A811E919C811E8118B32727462
:10E590005EDFFFF7FFFFDFF7DFFFFFFFFFFFDFFFBC
:10E5A000FFFFFFFFFFFFFFFFDFFFDFFFFFFFFFFFBB
:10E5B000FFFFFFFFFFFFFFFFFFFFFFFFFFFFFFFF6B
:10E5C000FFFFFEFFFFFF9EF7BFF7FFEFF8958E33CB
:10E5D000313CF023102CF023F023102C1024102CAD
:10E5E0006F249024D134B12C902CB12CD134B02C88
:10E5F000902CD12CD134B02C7024B12CF22CB1241D
:10E60000B024D12CD12C90249024D12CD134902C16
:10E61000702CB034B12C6F247024902C502C3034DA
:10E62000B35C147596859785B78DB78D978D568594
:10E63000978D15851485927C693AE729E73165291C
:10E6400003196529853124294429C6398531E31800
:10E6500044216521E310C308E410C729EC52AB4AFA
:10E66000C729A729C729E731083A293AC731C7314D
:10E67000A731C731E831E731C729C729C729A629FA
:10E680000419C410A308A310C310C310C310C310EF
:10E69000C310E410041925194519451945194511E8
:10E6A0004619461946194519451945194619451976
:10E6B0004519461966196619461946194619461923
:10E6C0002511451925110511051105190419E3181E
:10E6D000C2202752CD8B6EA46EA46DA42C9C0B9CE3
:10E6E0002BA46CACCEBCEEBCCEBCCDB4ADB44CA4B3
:10E6F0000B9C2B9C6CA4CFB4B2D5F3DDD2D5D2D574
:10E70000B1D591CD50C50FC5CEBCADB48CB48CB4D1
:10E710006CB46CB48CB48CB46CB48CB48CB4ACB439
:10E72000ADBCCDB4CDBC0EBD0EBD0FBD0FBD2FBD5C
:10E7300050C570C591C591C5B2CDB2CDD2CDD2CDA7
:10E74000F3CDF3CDF4CD34D655D655D676D696DE68
:10E75000B7DEB7DEB7DED7DED8DED8E6D8E6F8E635
:10E76000F9E6F9E6F9E6F9E61AEF1AEF1AEF3AEFE9
:10E770003AEF3AEF5BF75BF79CFF5BF75AF79BFFCB
:10E780009BFF1AEF3BEFA5318110E318C310E31094
:10E7900004110411251925192519251925192519DB
:10E7A0004619461946194619461946194619461971
:10E7B0004619461946194619461946194619461961
:10E7C0004619461946194619461946194619661931
:10E7D000661966196619A7214611082AF4849EDF76
:10E7E000FFEFCF5B6511106C3CCFFFEFFFE74D53A0
:10E7F0002511F06BFCCEFFF75EDF6B3AC408882171
:10E8000088214711E919A811091A4A2272743DD7C3
:10E81000FFF7FFFFDFFFFFFFFFFFDFFFDEFFFFFF71
:10E82000FFFFFFFFFFFFDFFFFFFFFFFFFFFFFFFF18
:10E83000FFFFFFFFFFFFFFFFFFFFFFFFFFFFFFFFE8
:10E84000FFFFFEFFDFFFDFFFBFFFFFF73DC75154B4
:10E85000F033F02BF023F0231024102C1024102C74
:10E860009024B12CD134B12C9024B02CD134902CE4
:10E870009024B02CD12CB02C7024B124D22CB124F3
:10E88000901CD12CD12C902C9024B12CD134902CD4
:10E89000702CB02CB02C6F247024902C502C0F3482
:10E8A000B25CF46C367D7685B78DB88D568556850D
:10E8B000978DF47C14852C4B862108326521242108
:10E8C0004429652985316529853165310321242154
:10E8D000452124190311E3108621AF6BF8B5BBCE97
:10E8E00072848A42E831493A293A083AC731C73135
:10E8F000E831E731E831C7318629A729C729451909
:10E9000025190519E410C410C410C310C310C41095
:10E91000E4180519251925194619661966194619A5
:10E92000461146114611251125114519451925197C
:10E930004519451946194619451945192519251925
:10E9400025114519051125192519E5100519E41892
:10E95000E320811884390A732E948FA44EA44DA409
:10E960000B9C2B9CAEB42FC52FC50FC50EBDCEB4CE
:10E970008DAC6CA42B9C8DAC50C5D2DDD2DDD2D534
:10E98000B2D571CD30C50FC5EEBCCDBCADB48CB425
:10E990008CB46CAC6BAC6BAC6BAC6BAC6CAC8CB46B
:10E9A0008CB48CB48DB4CDBCCDBCCEB4CEB4EEBCE6
:10E9B000EEBC0FBD30BD50C570C570C570C550C52B
:10E9C00071C591C5B2C5D2CDF3CD13CE14D634D610
:10E9D00055D655D676D696DE96DEB7DEB7DEB7DEEE
:10E9E000B8E6B8E6D9E6F9EEF9EE19EF1AEF1AEF44
:10E9F0003AEF3AEF5BF75BF77BF77BF77BF77BF759
:10EA00009CFFF9E69CFF2B634008C210C310E41082
:10EA10000419E41005192519251925192519251991
:10EA200046194619461946194619461946194611F6
:10EA300046114619461946194619461946194619E6
:10EA40004619471946194619671946194611661994
:10EA500087196619661186198619F0637AB6FFE779
:10EA600059AE65110C4B59B6FFEFFFE7B69D65092E
:10EA7000CB427ABEDFEFDFEFAF63C400A8212619D7
:10EA80008821A9218711091A2922726C3DCFFFEF35
:10EA9000FFFFFFFFDFFFDFFFFFFFDFFFDFFFFFFF06
:10EAA000FFFFDFFFDFFFDFFFFFFFFFFFFFFFFFFFD6
:10EAB000FFFFFFFFFFFFFFFFFFFFFFFFFFFFFFFF66
:10EAC000FFF7FEF7DEFFDFFFBFFFBFF7FFE7567D73
:10EAD000AF331034F02BF023102C102C10243024E2
:10EAE0009024B12CD134B12C7024B02CD134B02C62
:10EAF0007024B02CD12CB12C7024B124D12C9124B1
:10EB0000701CB124D12C902C902CB134B134702CC9
:10EB1000702CB02CB02C6F2470247024302CEF3368
:10EB2000B35CF46C357D7685B78DB78D367D5685B3
:10EB30005685F484927CC7210832A62924212421F9
:10EB400085298529A53165292429032104216529E1
:10EB50002419C2086100E308A7216E6396A5BBCE05
:10EB600039BEF4940C53E831293AC731A729E8316A
:10EB7000083AE831C73186298629862145190519C1
:10EB800066216621462125190519C410C410E41018
:10EB90000511251946194619461966196719671985
:10EBA00046194619461146112611461146112519D6
:10EBB00046194519451945194519451925192519A4
:10EBC00045194519041125192519E5100519E418E9
:10EBD000C3180421A2180229885AED938FA46EA4A9
:10EBE0002C9C2C9C6DACEEBC50CD50C52FBD4FBDA8
:10EBF000EEB4ADAC2CA42CA46DB450CDB2D5B2DD26
:10EC0000B2DD71CD0FC5EEBCCEBCADB48CB46CAC76
:10EC10004BAC4BAC2BA42BA44BAC4BAC4BAC4BAC8C
:10EC20004BAC6BAC6CB48DB4ADB4ADB4ADB4CDB4D1
:10EC3000EEBCEEBC0FBD0FBD0FBD0FBD0FBD2FBD98
:10EC40002FBD2FBD50C591C591C5B2CDD2CDD2CD6E
:10EC5000F3CD13D634D655D676DE96DE96DE96DE26
:10EC600097DEB8E6D8E6F9E6F9EEF9EE1AEF1AEF14
:10EC70001AEF5BF75BF77BF75AF7BCFF7BF75BF7A5
:10EC80003AEF7BF7FAE6D19C6008A210C310E418B3
:10EC900004190411E41025192519251925194619F7
:10ECA000461946194619461946194619461146117C
:10ECB000461146114611461146194619461946197C
:10ECC00046194619461946196719671966196719C9
:10ECD00046118719A71966118A3A969D9EDF7ED73D
:10ECE000EB3A282AD3849EDFFFF71CCFE7192822AE
:10ECF000358DDFEFFFF7569DC4004611E9296719EE
:10ED00006719E921A81909223164FCC6FFF7FFF74A
:10ED1000DFF7DFFFFFFFBFFFFFFFFFFFFFFFDFFFAB
:10ED2000DFFFDFFFDFFFDFFFFFFFFFFFFFFFFFFF73
:10ED3000FFFFFFFFFFFFFFFFFFFFFFFFFFFFFFFFE3
:10ED4000FFFFFFFFDFFFBFFFDFFFDFF7FFEF5AA689
:10ED5000AF3B313C102C102C102C102410243024EC
:10ED6000701C9024D12CB12C7024B02CD134B1342F
:10ED70007024B12CF234D12C9124D12CD22C91249A
:10ED8000701CB124D12C902C902CB134B134702C47
:10ED9000702CB02CB02C6F1C6F1C7024302C1034D5
:10EDA000B35CF46C367D9785778577855685368597
:10EDB0001585F484EC4A8621E73144212421642915
:10EDC0006429852944292421E3200421652924215B
:10EDD0006100C308662166212511A7298A42AF6B0D
:10EDE000F49455A58E63493A08328621E731083AF2
:10EDF000E831E73186218621C729662104114519AA
:10EE0000662187216621662146192511E410051126
:10EE10000511251946194619461967196719671901
:10EE20006719671967196719461946194619461966
:10EE300046194619461946194619461925194519FC
:10EE40004619461925110511051105190411C4109B
:10EE5000E418C310C318C218C220064AAC8BAFA472
:10EE6000AFAC2C9C2C9CAEB430C570CD70C570C5B9
:10EE70002FBDEEB46DAC2CA40CA48EB410C571CD16
:10EE800091CD50CDEFBCAEB48DB46CB44CAC2BACCA
:10EE90002AA40AA40AA40AA40AA40AA40AA40AA4E2
:10EEA0000BA42BA44CAC6CB48CB48CB48DB4ADB4AA
:10EEB000CDBCCEBCCEBCCEB4CEB4CEB4EEB4EEB4EB
:10EEC000EEB4EEB40EBD2FBD4FC550C570C591C593
:10EED00091C5B2CDD3CD13D614D634D655D675D66A
:10EEE00096DE97DEB8E6D8E6D9E6F9EE19EF1AEF26
:10EEF0001AEF5BF75BF77BF75AF79CFF7BF73AF764
:10EF00001AEF5BF7B9DE37CE0321A110E318C31067
:10EF100024190419E410251905194619461946192A
:10EF200066194619461946194619461946114611D9
:10EF300046114611461146114619461946194619F9
:10EF40004619471947194719671967196619871923
:10EF5000661987196611C7217274FCC6FFEF148504
:10EF600024091064DBC6DFE7FFF76E5BE300716C1A
:10EF70001DCFFFEFFCCEA8214609A719A8198821AB
:10EF8000A82187190922AF5BDBC6FFEFFFF7FFFF60
:10EF9000FFFFFFFFFFFFFFFFFFFFFFFFFFFFFFFF81
:10EFA000DFFFDFFFDFFFFFFFFFFFFFFFFFFFFFFFD1
:10EFB000FFFFFFFFDFFFFFFFFFFFFFFFFFFFFFFF81
:10EFC000FFFFFFFFDFFFBFFFFFFFFFFFDFEF3DC7DB
:10EFD000104C1044F033102C102CF023102C302C3B
:10EFE00070249024D12CB12C6F24902CD134B134C6
:10EFF0009024B12CD134D12C9124D12CD22C912419
:10F00000901CD124D12C902C702CB134B134902C84
:10F010006F2CB02CB02C6F1C4F1C7024502C103453
:10F02000B35CF46C367D97855685367D768536855E
:10F03000568DF0636619E72965210319442964296F
:10F0400085296429C2180321452924212421A310DC
:10F05000E410AA4A9284759D2C538621C729E7297A
:10F060006A42CB4A8A42CB52C7298621293AE731E4
:10F070000832A629A629C7296621251905192519A7
:10F0800066196621662187218721661926110511D7
:10F0900025114611671967196719671967196719E3
:10F0A0008819671967196719671967196719661940
:10F0B0006619661946194619461946194619461918
:10F0C000251125112519251904190419E410E41036
:10F0D000E410E4100419A2108110C220A5418B8312
:10F0E000F0AC8EA44DA46DACCEB450C5B1CD70C5FE
:10F0F00070C52FBDCEB48EB42CA42CA44DA48DAC61
:10F10000AEB4AEB48EB44CAC2BA40BA4EAA3EAA369
:10F11000EAA3EA9BE99BE99BEA9BEA9BEA9BEA9BC1
:10F12000EA9B0AA42BA44BAC4BAC4CAC6CAC6CACC7
:10F130008CB48CB48CB48CB48CB48CB4ADB4ADB48D
:10F14000ACB4ACB4CDB4CDB4EEBCEEBC0EBD0FBD12
:10F150002FBD50BD71C591C5B2C5F3CD34D655D6BE
:10F1600076D696DEB7DEB8E6D8E6F9E619EF1AEFFE
:10F170005BF75BF75BF77BF79CFF7BF77BF75BF756
:10F180001AEFF9E6D9E6FAE6684A20002421A2102F
:10F1900004190419041125190519251946194619C8
:10F1A0006619461946194619461946194611461157
:10F1B00046194611461146114619261146114611A7
:10F1C00047194719471947196719671966198719A0
:10F1D0006619661986196E5339AEFFEFFCC6E72132
:10F1E0008A32F7A5DFE7FFEF969D2411EB4259AE77
:10F1F000FFEFFFEFED4A8300C819E9192609C9217D
:10F20000A819A7198E539BC6DFEFFFF7FFF7FFFF83
:10F21000FFFFFFFFFFFFFFFFFFFFFFFFFFFFFFFFFE
:10F22000DFFFDFFFFFFFFFFFFFFFFFFFFFFFFFFF2E
:10F23000FFFFFFFFDFFFDFFFFFFFFFFFFFFFFFFF1E
:10F24000FFFFDFFFDFFFFFFFDFFFFFF7FFF79ED7C7
:10F25000D36CCF3BF0331134102C1024302C512CB4
:10F260009024B024D12CB12C6F24902CD12CB02C14
:10F27000902CB12CD12CB12C7024B124B12C912420
:10F28000B024D124D12C9024702CB134D134902CC2
:10F29000702CB02CB12C6F1C4F1C7024502C1034CF
:10F2A000D35CF46C567D777D5685568556853585BD
:10F2B000B47C4A326619A6296521E21885294321C2
:10F2C00064214421C210031945290421C31861088F
:10F2D0008629AE6BBBCEFFF796A56D5B8A420832DE
:10F2E000283A293A083A8A42AA4AAA4A6942283A56
:10F2F000E7318621C729A729E410E4102519051153
:10F300006619461967218721A821A7218719461167
:10F3100046114711671987198819681968198819DA
:10F3200067196719671967196719671967196719DD
:10F330006719661966196619461946194619261974
:10F3400025110511251925192419E410E410241993
:10F35000E410E4100419E310C218811880188441E5
:10F36000EC8BAFACAEAC6DAC8EB4CEBC50C550C562
:10F3700071C530C5EFBC8EB44DAC0C9CEB93EB93D8
:10F38000EB9B0B9C0B9CCB9BAA9BAA9BA99BC99B11
:10F39000CA9BC99BC99BC99BCA9BCA9BCA9BCA9B48
:10F3A000EA9BEA9BEAA3EAA30AA40BA40BA40BA47E
:10F3B0002BAC2BAC4BAC4BAC6BAC6BAC6CAC6CAC53
:10F3C0008CAC6CAC6CAC8CAC8CAC8CAC8CB4ADB48C
:10F3D000CDB4EEB42FBD50BD91C5D2C513CE55D618
:10F3E00075D676D696DEB7DED8E6F9E63AEF3AEF8E
:10F3F0007BF77BF75BF77BF7BCFF5BF77BF77BF774
:10F400003AF7D9E6F9E6FAE6B19420002421C310D0
:10F41000E418E410041904190519251946194619A8
:10F4200046194619461946194619461946194611EC
:10F4300046194619461946194619461946194619D4
:10F44000671967196719671967196719661987199D
:10F45000661166116A3256959ED7DFE7F063651133
:10F46000927C7DD7FFEFBEE7C721082AF48C9EDF90
:10F47000FFEFD384E5086711A7196609A819E919F0
:10F48000A7116E4B5AB6DFEFFFF7FFFFBEF7FFFF86
:10F49000FFFFFFFFFFFFFFFFDFFFFFFFFFFFDFFFBC
:10F4A000DFFFFFFFFFFFFFFFFFFFFFFFFFFFFFFF8C
:10F4B000FFFFFFFFFFFFFFFFFFFFFFFFFFFFFFFF5C
:10F4C000FFFFFFFFDFFFDFFFBFF7DFF7FFEFFFE724
:10F4D000B78D8F3BD03B3134102C102C302C312C7D
:10F4E00070249024B12C90246F24902CD134B02C13
:10F4F000902CB12CD12CB02C7024B124D124B12467
:10F50000901CB124B12C70247024B134B134702C0F
:10F51000902CB02CB12C6F1C4F1C7024302C10344C
:10F52000D45CD46C567D567D7685568515851585BB
:10F530002D4B6611E829652104194421442123211A
:10F540002321E210E21024212421C310A310C310B0
:10F55000C308AA423074559D38B679BE517CE73154
:10F560006A42283AE831083A8E6B2C5BE731083260
:10F570006521C729C7292519C408C40804112619FB
:10F58000461946196719871987198719A819A819DB
:10F590006719671167118819A819881968198819D6
:10F5A000881967196719671967196719671987191A
:10F5B00067196719661966196619661946192519B2
:10F5C00026194619251925190419041904190411B5
:10F5D000E410E410C410C310C318A218A218C1206C
:10F5E000054A6E9CAFAC4DA46DAC4CA46DACEFB4B1
:10F5F0000FBD0FBDCFBC4DAC2DA42CA40C9CEB9328
:10F60000CB93CB93AA93AA93AA93AA9BCA9BAA9B98
:10F61000CA9BCA9BAA9BCA9BCA9BCA9BCA9BCA9BE2
:10F62000EA9BEA9BCA9BC99BCA9BCA9BCA9BCA9B73
:10F63000EA9BEAA30AA42BA42BAC4BAC4BAC4BAC7F
:10F640004BA44AA42AA44BAC4BAC4BAC4BAC8CACFB
:10F65000ADB4EEBC0FBD50BD71C5B2C513CE54D60E
:10F6600055D676D696DEB7DED8E619EF3AEF5BF7D9
:10F670005BF79CF75BF77BF79CFF7BF75BF77BF710
:10F680003AEF19EF1AE7D9DE98D6C21881080419A3
:10F69000E310E4100419051105192511461925195F
:10F6A0004619461946194619461966196719461921
:10F6B000671946194619671947194619461947190E
:10F6C000671967196719671967196719671987191A
:10F6D0004511292A3174FCC6FFEF969565118E5BA2
:10F6E000DBC69EDFFFEFD37C6511AF63FCCEFFEF7F
:10F6F0007ABE46116711C8196609C819E819671159
:10F70000CB3AD7A5FFEFFFF7FFFFDFFFDFFFFFFFDC
:10F71000FFFFFFFFFFFFFFFFFFFFFFFFDFFFDFFF39
:10F72000FFFFFFFFFFFFFFFFFFFFFFFFFFFFFFFFE9
:10F73000FFFFFFFFFFFFFFFFFFFFFFFFFFFFFFFFD9
:10F74000FFFFDFFFDFFF5DEF7DEFBEEFDFE7FFEFE6
:10F750005AAE6E3BD03B1034F033F02B102C1024FB
:10F76000701C9024B12CB12C7024B02CD134B02C4E
:10F77000902CB12CD134B12C7024B124D22CB124D2
:10F78000901C9124B12C70247024D12CD134902C55
:10F790006F2CB134B02C6F244F244F240F2CEF3337
:10F7A000D35C156D3575567DF474568515851064DA
:10F7B000A7218619A62965214421A63103212321E9
:10F7C0000319E218E3182419E31024190832AB4A8C
:10F7D000C7298621C7298A42D38CD7B5AE6B484248
:10F7E000283A65294421E739AA4ACA4A083A6942AF
:10F7F000A7294521E410C30805110411E4102519B7
:10F800002511661966196719871967198819A819C2
:10F8100088118919A919A919A919A8198811881174
:10F820008819881988198819681987198719671913
:10F8300067196719661946194619461926192619AE
:10F84000461945190511051925190519E41004195A
:10F85000E410C310C310C310C210C218C218E220B3
:10F860002329A8628FACCFB46DAC6DAC2CA44CA492
:10F870006DA44DA44CA40BA4EB9BEB9BEC9BEC9BCD
:10F88000EC9BCB9BAB938A938A93AA93AA93AA935C
:10F89000AA9BAA9BAA9BCA9BCA9BAA9BAA93AA9B08
:10F8A000CA9BAA9BAA9BAA9BAA9BA99BC99BC99BD3
:10F8B000C99BC99BE99BEA9BEA9BEA9B0AA40AA411
:10F8C0000AA40AA40AA42AA42BA44BAC6CAC8CB442
:10F8D000CDB40EBD4FC570C5B1CDB2CDD2CD13D60E
:10F8E00035D655DE96DEB7E6D8E619E73AEF7BEF78
:10F8F0007BF77BF77BF77BF75BF75BEF5BF79CF7BF
:10F900007BF77BF73AEFB8DE5CEF684A20002421F2
:10F91000C3100419E41025190519251946192519CC
:10F9200046194619461946194619461946196619BF
:10F93000461946196719671967196719471946194A
:10F9400067196719671967196719671987194611C0
:10F95000A7112D4B19AEFFEFDBC68A3A4932B6A587
:10F96000BFE7FFF79AB6E719AA32B69DFFF7DFEFB8
:10F970008B42E500C8198711C919C8196711AB3A3C
:10F98000769DBEE7FFFFFFF7FFFFFFFFDFFFFFFFF3
:10F99000FFFFFFFFFFFFFFFFFFFFFFFFDFFFDFFFB7
:10F9A000FFFFFFFFFFFFFFFFFFFFFFFFFFFFFFFF67
:10F9B000FFFFFFFFFFFFFFFFFFFFFFFFFFFFFFFF57
:10F9C000FFF7BFEF3DE71CE73CE73DE77DDFFFEFDB
:10F9D0003ECFB053B03BF033F033F02B1024302443
:10F9E00070249024B12CB02C7024B02CD134902CE5
:10F9F0007024B12CF134B12C9024B124F22CB12418
:10FA0000701CB124B12C902C9024B12CB134902CCA
:10FA1000702CB02CB02C6F246F244F242F2CEF337C
:10FA20009254F46C35751475F474D3749274AA3AC4
:10FA30004519A6212419041965292429E31803214D
:10FA40000319E318041904198621EF6B39B61CCF8A
:10FA5000F8AD0C530832E731CB524C5B894A694A06
:10FA60002842684A8529073A073A073AAA4AAE6BFC
:10FA7000CF6BE83162000419E41004110511E410A1
:10FA8000251125114619461967198719671188111B
:10FA90008919A919A919A919A919A919A919A8117F
:10FAA0008819A81988198819681987196719671991
:10FAB000671967194619461946194619461946190C
:10FAC000461945192511251125190511E4100419A8
:10FAD000E418E410E418C310A310C310C310C21834
:10FAE000232984398B83F0B4AFB44DAC4DA42C9C46
:10FAF000EB93EB93CA93AA93AA93AA93AB93AB937A
:10FB0000CB93CB93AB93AA938A938A938A938A934A
:10FB10008A938A938A93AA9BAA9BAA9BAA9BAA9B35
:10FB2000A993A993A993A993AA9BAA9BCA9BCA9B91
:10FB3000CA9BC99BC99BC99BC99BC99BC99BC99BA4
:10FB4000E99B0AA40AA42BAC4BAC6BAC6CAC8CB498
:10FB5000ADB4EEBC2FBD50C591CDB2CDD3D534D60A
:10FB600034D655DEB7E6D8E6F9EE39EF5AEF7BEF3B
:10FB70007BF77BF77BF77BF77BF77BF77BF79CFFCC
:10FB80005AEF9BF75BEF78D63BEFB19C000003196F
:10FB9000E418E41004112519251905112519251952
:10FBA0004519451146194619461946194619461967
:10FBB0004619461967196719471947194619461909
:10FBC00047194719471167194719671987196611A6
:10FBD0006A32F4843DD7FFEFEF63A619F3847DD733
:10FBE000DFEF7EDFCB3A6509716C7ED7FFF7538478
:10FBF000C50847118811C811E91926094A323595F7
:10FC00009EEFFFFFDFF7FFF7FFFFFFFFFFFFDFFFC5
:10FC1000FFFFFFFFFFFFFFFFFFFFFFFFFFFFFFFFF4
:10FC2000FFFFFFFFFFFFFFFFFFFFFFFFFFFFFFFFE4
:10FC3000FFFFFFFFFFFFFFFFFFFFFFFFFFFFDEF7FD
:10FC40009EE75CDF1CDF3CE73CE71CE75DDFBFE7CE
:10FC5000BFE7B47C6F33D033F033F02B1024302463
:10FC6000701C9024B12CB02C7024B02CB12C7024BA
:10FC70004F24902CD12CB124701CB124F22CD1240F
:10FC8000701CB124D12C902C9024B12CB12C702458
:10FC9000902CD12CB02C90247024702C2F2CEF336E
:10FCA000514CD364D46CF474D37492748E5386190B
:10FCB0004519A62924192421A63103210321032152
:10FCC000E318C310E310E41086214D5B97A59FE76E
:10FCD000DFE7D7A592848A42083A48424842694AF7
:10FCE0008D6B71842C5BE739073A07326942518486
:10FCF00075A5928C293AC30804110411E41005116A
:10FD000025192511661967198719882187198819F6
:10FD1000881988198819A819A819A819A819A8193B
:10FD2000A819A819881988198719871967196719CF
:10FD30006719671946194619461946194619461989
:10FD4000251925192511251925190511E41004195E
:10FD5000E418E410E318C310C310C318C310E31869
:10FD600003292331E5514A838FB4AFB44DA44DA488
:10FD7000EC9BEB93CA93AA93AA938A938A938B934F
:10FD80008A93AA93AA93AA938A938A8B6A8B6A8B83
:10FD90006A8B698B6A938A938A938A938A938A93EC
:10FDA0008993AA93AA9BAA9BAA93AA9BCA9BAA9B44
:10FDB000AA9BC99BC99BC99BC99BA993A993A99BB2
:10FDC000C99BE99B0AA44BAC4CAC6CAC8CB48CB416
:10FDD000ADB4EEBC2FBD50C590C591CDB2CDD3CD45
:10FDE00034D655DE97E6D8E6F8EE19EF5AEF7BEFFA
:10FDF0007BF77BF77BF77BF79BF79BF77BF79CF712
:10FE00005BF75BF73AEFB8DE1AEFB9DE8110C21884
:10FE10002421E310051904112519051905192519BF
:10FE200045194519451146194619461946194611ED
:10FE30004619461967196719461946194619461988
:10FE40006719671967198719471167198719C7193A
:10FE5000CF63DBC6FFE7F8A5082A6D539ABEFFEF14
:10FE6000FFF7317465092C439AB6FFEF5AC6262175
:10FE7000261967198811E919A811E921D4847EDFB0
:10FE8000FFF7FFF7DFF7FFFFFFFFFFFFFFFFDFFFDA
:10FE9000FFFFFFFFFFFFFFFFFFFFFFFFFFFFFFFF72
:10FEA000FFFFFFFFFFFFFFFFFFFFFFFFFFFFFFFF62
:10FEB000FFFFFFFFFFFFFFFFFFFFDFFFBEF77DEF4D
:10FEC0005DE75DE77EEF9EF75DEF9EF7DFEF9EDF7C
:10FED000FFF73AAE8F3BD033F033F02B102C3024A9
:10FEE0004F1C7024B12CB12C7024902CB02C6F249A
:10FEF0004F1C9024D12C9024701CB124F22CD124BE
:10FF0000901CB124B12C90249024D12CB12C4F24DE
:10FF1000902CD134D12C90249024702C2F2CEF33A2
:10FF2000514C92649264F374B3741064283265196E
:10FF30008521452144214429642903210321E31813
:10FF4000E310C310E41024196519A72929328E6320
:10FF5000569D9AC69AC68E63483A283A073A48424E
:10FF6000AE6B54A50F7CC631C731A62907322D5B75
:10FF7000F7B5FBD6F494293AA308251146190511C3
:10FF8000461946196619872167194619881987196C
:10FF90008719871988198819881988198819A8193B
:10FFA0008811881988198719871987196719671996
:10FFB0004719471946194619461946192619251988
:10FFC00025112511251125112519051904110419CB
:10FFD000E410C310C310C310C310C318C310E31838
:10FFE000E22023314339E559097BAB930DA40C9CE6
:10FFF0000C9CEB9BCB9BCA93AA9BAA93AB938A9333
:020000040803EF
:100000008A8B8A8BAA938A938A8B8A8B6A8B698B59
:100010006A8B6A8B6A936A936A936993699369930B
:100020008993AA93AA9BAA93A993AA93AA93899323
:10003000AA93A993A993A993A993A993A993C99BB7
:10004000C99BC99BEAA32AA44BAC6CB48DB4ADBCCC
:10005000CDBCEEBCEEBCEEBC2FBD50C591CDD3CD1A
:1000600014D655DE96DEB7E6D8E6F9E63AEF5AF74B
:100070007BF77BF77BF77BF79BF79BF77BF77BF7B0
:100080007BF75AEF3AEFD9DED9DE9CF78952400868
:100090002421E3102521C410051925192519251936
:1000A0004619461946194619461946194619461160
:1000B00046196719671967194619461946194719E4
:1000C00067196719671967196611871987196B3AD4
:1000D000769DDFE79ED7EC42282A969D7DDFFFF7CD
:1000E00018AE8619492A7695BFDFBFE7CC4AC510FE
:1000F000A8296719C8198711092272743DD7FFF71B
:10010000FFF7FFFFFFF7FFFFFFFFFFFFFFFFFFFF0F
:10011000FFFFFFFFFFFFFFFFFFFFFFFFFFFFFFFFEF
:10012000FFFFFFFFFFFFFFFFFFFFFFFFFFFFFFFFDF
:10013000FFFFFFFFFFFFFFFFDEF79EF77DEF7DE78D
:10014000BEEFDFF7FFFFFFFFDFFFFFFFFFF79EE7D9
:10015000DFEF5FD7114CD033F033F02B102C10248D
:100160006F249024B12CB12C6F24902CB12C7024CE
:100170007024B02CD12C9024701CB124F22CD124EA
:10018000901CB124B12490247024B02CB02C4F24A6
:100190007024B12CB0246F1C6F244F242F2CEF330C
:1001A000304C3154D36CD3747174EB428621852169
:1001B0006529242165296429232103210321C210F3
:1001C0000419E31025196621862187216621C82993
:1001D0000C53317C7284CB524942083A85296521FF
:1001E000AA4ACE730B5369420C5BE7310411C7294D
:1001F000AE6B59BE3CD796A56A42E408461966190B
:10020000251925110511461926192611671967198F
:10021000671967196719671967198719871987197E
:1002200067116719671967196719671967196719D6
:100230004619461946194619461926192519251130
:100240002511251105112511251925190411041150
:10025000E410E310C310C310C310C310A310C218DE
:10026000E22003314339A449C459466AE87AE87A5E
:1002700029834983498B698B698B698B8A8B8A9324
:100280008A8B8A8B8A8B8A8B8A8B8A8B6A8B6A8B06
:100290006A936A936A938A936A936A93698B698B68
:1002A0006993899389938993899389938A936993AD
:1002B0008993699369938993899389938993AA9B75
:1002C000C99BC99BCAA30AA42BAC6CB48DBCCDBC82
:1002D000ADB4ADB4ADB4ADB4EEBC50C5B2CDF3D594
:1002E00014D655D696E6D7E6F8EE19EF3AEF5AEF60
:1002F0007BF77BF77BF79BF79BF77BF77BF75BF74E
:100300007BF73AEF19EFD9E6B8DE9CF7F2A461105B
:10031000E318C3102521E4100519251925194519DD
:1003200045194519461945194619461946194611E0
:1003300066196619661966196619661966196719C4
:1003400047194611671987198711A719E829116CF0
:10035000FCCEFFEF9274C719CF633DD7FFEF7DDF6F
:10036000AB3A6611316C1CC7FFEF937CE510882116
:100370002619C929A819A819CF5BFCC6FFEFFFF7FA
:10038000FFF7FFFFFFFFDFFFFFFFFFFFFFFFFFFFA5
:10039000DFFFDFFFFFFFFFFFFFFFFFFFFFFFFFFFAD
:1003A000FFFFFFFFFFFFFFFFFFFFFFFFFFFFFFFF5D
:1003B000FFFFFFFFDFFFDFFFBEF7BEF7BEF7BEF7B1
:1003C000FFF7FFF7FFFFFFFFFFFFFFFFFFF7DFEF85
:1003D0009FEFFFEFD464AF33F033D02B112C102CF0
:1003E00070249024B12C902C6F24902CD12C902C24
:1003F0009024B12CD12C9024701CB124F12CB12468
:10040000701CB124D12C90244F1C9024B12C70244A
:100410006F24B02C90244F1C4F1C4F242F2C0F34D2
:10042000EF43515C347DB2748D53C729852165211A
:10043000642965296429442923210319E318C31079
:1004400004112419661986218721C829E8318A42B6
:10045000493A6A428A4A6942483AEB52694A031960
:10046000073A0832AA4AB28CF3942C5B8621A20880
:1004700086211074DBCE1CD7B7AD6A4283004619C3
:100480002511E410051105110511461946196619C3
:1004900046194619461966196619671167116719D1
:1004A00067116711671967196719471146114611D6
:1004B0004619461946112611251925112511251110
:1004C0002511251105110511251925190411E4100F
:1004D000E410E410E410C310C310C310A310A2185A
:1004E0000321443122396341E559E55905624562EA
:1004F000866AA672C772077B288328834983698B23
:100500008A8B8A8B8A8B698B6A8B8A8B8A8B8A8B84
:100510008A938A938A938A938A938A936A936A9333
:10052000699389936993698B698B699369936993DB
:10053000698B698B498B698B698B698B89938993EB
:10054000A99BA99BCA9BEAA32BAC4CAC8CB4ADBCB9
:10055000ADB4CDB4CDBCEEBC30C591CDD2D5F3D5C4
:1005600034D655DE96E6D7E6F8EE19EF3AEF5AEFB5
:100570007BF79BF79BF79BF79BF79BF77BF75BF76B
:100580007BF75AF719EFF9E6D9DE7CF798D665299B
:10059000A210C310041904190519051905194519E4
:1005A000451945194619461946194619661946113D
:1005B0006619661966196619661966196619661943
:1005C000871967198719A7198711A719CC42B7A5E9
:1005D000DFE759B6492A8A3239AEBFE7FFEF727CAE
:1005E00065110C43D7A5FFEF1DCF87210511882189
:1005F0008721A8212609AF5B7AB6FFEFDFF7FFFF5F
:10060000DFF7DFFFFFFFFFFFDFFFDFFFFFFFFFFF82
:10061000FFFFFFFFFFFFFFFFFFFFFFFFFFFFFFFFEA
:10062000FFFFFFFFFFFFFFFFFFFFFFFFFFFFDFFFFA
:10063000FFFFDFFFBEF7BEF7BEF7DFFFFFFFFFFFE5
:10064000FFFFFFFFFFFFFFFFFFFFFFFFDFF7FFF7EA
:10065000BFF7FFEF9785AF33103CCF2BF02B113452
:100660007024902CB12C902C6F24902CD134B02C71
:100670007024B02CB12C9024701CB124D124B0244F
:10068000901CB124B1247024701C9024B12C7024CF
:100690006F24B02C90244F1C6F246F2C2F2CEF3321
:1006A000EF4B9264347D506C483285218521442182
:1006B0004429853124290321E318C310A310E31032
:1006C0000411862186218621E829293A093A4A42DD
:1006D000093A083A293A69420C5B349D54A5894A83
:1006E0000832283AE731307C96A596A5517C6521E1
:1006F000A308C72993843DD77EDF769DC729C40808
:1007000046192611251105112511461925112619FD
:100710004619461946194611461146114611461109
:1007200046114711671967194719461126114619CD
:100730004619461926112611251125112519451985
:10074000251125110511051125190519E410E410CD
:10075000E410C410E410C310C310C310A310C318D6
:100760000321233143396341A451E5592662466A86
:10077000666A866AA672E77A077B07832883698B95
:10078000898B698B698B698B698B898B8A8B898B48
:10079000698B6A938A938A938A938A938A938A93BA
:1007A0008A938A9369936993698B498B498B698B87
:1007B000498B498B698B698B698B498B698B6993F1
:1007C000899BA99BCA9BEAA30BAC2CAC6CB48DB4DF
:1007D000EEC40EC52FC54FC570CDB2CDF3D513D61F
:1007E00034DE55DE96DEB7E6D8E619EF3AEF7BF752
:1007F0007BF79BF79BF79BF79CF79CF77CF77BF7C6
:100800005AEF9BF75AEFF9E6D9DE3BEF5BEF8952DF
:100810004008E418C3100519041105190519251914
:1008200025194519451945194619461946194619F4
:1008300066196619661966196619661966196619C0
:1008400087198719671987198711292A7274FCCEAD
:100850007EDF4D530822D37C5DD7FFEF18B6A61973
:10086000082214855ED7FFEF2E532611C8214711A9
:1008700088216719AC427ABEFFEFFFF7FFF7FFFF51
:10088000FFFFDFFFFFFFFFFFDFFFFFFFFFFFDFFFD8
:10089000DFFFFFFFFFFFFFFFFFFFFFFFFFFFFFFF88
:1008A000FFFFFFFFFFFFFFFFFFFFFFFFFFFFDFFF78
:1008B000DFFFDFFFBEF7BEF7DFFFFFFFFFFFFFFF3A
:1008C000DFFFFFFFFFFFFFFFFFFFFFFFFFFFFFFF58
:1008D000DFFFFFF79AAEAF3B103CF033D02B113463
:1008E00070249024B12C902C7024B02CD12C902CFE
:1008F0004F249024B12C9024701CD124F12CB124CD
:10090000901CB124B12470247024B12CB12C70241B
:100910006F24B02C90246F246F24702C2F34CE338E
:100920001054926C147D8D538619852164294429B5
:10093000643144290321C218C310E310E41045199F
:10094000451966196619C729E831293A493A4A42D0
:10095000293A4942E831C7318A4AF394B6AD2C5B53
:10096000E731E731C7296942107C9ACE1CD714952C
:1009700066218200872115957EDF9EE73595A721A8
:100980000509461925112511251125114619461964
:10099000461946194619461946114611261146119F
:1009A000261146116719671947192611261146198C
:1009B00066194619461126112511251125192619E2
:1009C000251125192511051105190511E41004112A
:1009D000E410C410E410C310C310C310A310A2107D
:1009E000E220032943396441A449C45905622562C0
:1009F000456A666AA672C77AE77A077B2883488BBE
:100A0000698B698B698B688B698B698B898B698B27
:100A1000498B698B698B69938A938A938A936993CB
:100A20006993699369936993698B498B498B498B66
:100A3000498B498B698B6993698B498B498B698B8E
:100A40008993899BCA9BEAA30BAC2CAC6CB4ADB464
:100A5000CDBC2FC570CD91CDD2D5D2D5D3D5F3D5C0
:100A600014D634D676DEB7E6F8EE39EF5AF77BF7D0
:100A70009BF79BF79BF79BF79CFF9CFF9CF77BF7F3
:100A80007BF77AF75AEF5AEFF9E6B9DE9CF7AD73C8
:100A900020002421C3100419C41005192519251993
:100AA00025194519451925192519451146194611C4
:100AB00046196619661966194619461946196619BE
:100AC0006619A71967198719A7190C4318AEFFEF04
:100AD0005595E8296E53DBC6FFEF9EDF0C4BC7210F
:100AE0008E5B9ABEFFF736952611A71987116611FE
:100AF00046116B3AF8ADFFEFFFF7FFF7FFFFFFFF7F
:100B0000BEF7BEF7FFFFFFFFFFFFFFFFFFFFFFFF87
:100B1000DFFFFFFFFFFFFFFFFFFFFFFFFFFFFFFF05
:100B2000FFFFFFFFFFFFFFFFFFFFFFFFDFFFDFFF15
:100B3000DFFFDFFFFFFFFFFFFFFFDFFFFFFFFFFF25
:100B4000FFFFFFFFFFFFFFFFFFFFFFFFFFFFFFFFB5
:100B5000DFFFFFF73DC7CF3BF03B1034D02B113404
:100B60004F247024B12CB02C7024902CB12C9024E4
:100B700070249024B12CB0249024D124D124B0240A
:100B8000901C9024902470247024B12CB12C4F24FC
:100B90004F24902C902C6F246F2C4F2C0F34CE3B75
:100BA0001054926C306C282A6519A52944216529B6
:100BB00065314429E318C210E41804192519862167
:100BC000661987218721E829293A293A293A4A4290
:100BD000093A083AC73145214521CA4A0B53CA4A46
:100BE000CF6B2C5BA7292419493AB38C3DDF5DDF1D
:100BF00014956621A3008B421595DFEFBFEFF48CAF
:100C00006619050946114611E408461146194519A9
:100C10004619261946114619261146114611261164
:100C2000261126114619461926112611261146119C
:100C30004619461125114611251125112519251989
:100C4000251925110511051104110411E410E410F2
:100C5000E410E410C310C310C310C310A310A310FA
:100C6000C218022923314339A449C5590562466A8D
:100C7000456A656A866AA672C672E67A077B27832A
:100C800048834883688B698B898B698B698B698BF7
:100C9000698B698B698B698B699369936993699394
:100CA0006993698B698B69936993498B298B498B0C
:100CB000298B498B498B298B298B298B298B288B55
:100CC000488B6993AA9BEAA30BA44CAC8DB4ADBC32
:100CD000EEBC0EC550CD91CD91CD91CDB2CDF3D519
:100CE00055DE96E6B7E6F8EE19EF5AF75BF77BF7B5
:100CF0009BF79BF79CFF9CFF9CF79CF79CF77BF76F
:100D00007BF75AF75AEF3AEFF9E6D9DE5BEF33ADEE
:100D100020002421A3100519E410E4180511251959
:100D20002519251925192511251945194619461181
:100D3000251146196619461966196619661946116C
:100D400087194611861166114A32D4847ED71CCF8A
:100D50008A3ACB42D7A5BFE7FFEFF48C0509EC4AEE
:100D6000F8ADDFE7BBC6C8292609A719A711871167
:100D7000092A769D9EE7FFFFDFEFFFFFFFFFDFFF02
:100D8000FFFFFFFFFFFFFFFFFFFFFFFFFFFFFFFF73
:100D9000DFFFDFFFFFFFFFFFFFFFFFFFFFFFFFFFA3
:100DA000FFFFFFFFFFFFFFFFFFFFDFFFDFFFDFFFB3
:100DB000DFFFDFFFDFFFDFFFFFFFFFFFFFFFFFFFC3
:100DC000FFFFFFFFFFFFFFFFFFFFFFFFFFFFDFFF53
:100DD000BFFFFFF7BFD7F04BD03BF033F0331134F8
:100DE0007024902CB12CB02C6F24902CD134B02CCA
:100DF000902CB02CB12C90249024D124D12C901C78
:100E0000701C9024912470249024B12CB12C502477
:100E10004F24902C902C4F242F240E2CEE33CE3BBD
:100E2000EF53EF5BCB42C721651944198529853102
:100E30006429E320E318E318051966214619872180
:100E40008721E8290832493A293A293A093A093AE0
:100E5000E83166296521241985210732083A0C53A7
:100E600096A575A5F0734519C308C72914957DDFAC
:100E70005DDF14954619A300AB42F8ADFFF7BFE75D
:100E8000D48C671925112511251105114619251135
:100E90002619461146192511461926114611261103
:100EA00026112611261146194619461946194619C2
:100EB0004619261125112511251125112511251158
:100EC000251925112511051104110411E410E41050
:100ED000E410E410C310C310C310C310A310A21079
:100EE000A218E22823314339A449C451055A256286
:100EF00025624562856AA66AC672E67A07832783F9
:100F000048834883688B688B688B688B688B688B99
:100F1000698B698B698B688B488B488B688B69936D
:100F20006993698B698B69936993698B498B698B29
:100F3000498B498B298B298B298B08830883E7826E
:100F4000288B688B8993CA9B0BA44CAC8DB4CEBC08
:100F50000EC50EBD2FBD4FC570C5B1CD14D675E6FB
:100F6000B6E6F7EE18EF19EF3AF75AF77BF77BF78B
:100F70009BF79BF79CFF9CFF9CF79CF79CF77BF7EC
:100F80005AF75AF75AF73AEFF9E6B8DE3BEF37CEA1
:100F90008110E318C310E418E410E41005192519B2
:100FA0002519251925192519251945194611251120
:100FB00066194619461966196619461946196619B9
:100FC00046118719871986198F5B9ABEDFE7B37CB4
:100FD000492AB27C3DD7FFEFDBC64932C721D38413
:100FE0009FDFBFE70D53461987118711C819E8190C
:100FF0007274BFE7FFF7FFF7DFF7BEF7FFFFFFFFF2
:10100000FFFFFFFFFFFFFFFFFFFFFFFFFFFFFFFFF0
:10101000DFFFDFFFFFFFFFFFFFFFFFFFFFFFFFFF20
:10102000FFFFFFFFFFFFFFFFFFFFDFFFDFFFDFFF30
:10103000FFFFFFFFFFFFFFFFFFFFFFFFFFFFFFFFC0
:10104000FFFFFFFFFFFFFFFFFFFFFFFFFFFFFFFFB0
:10105000BFFFDFF7DFDF515CD033F033F033F02B2D
:101060007024902CB12C902C6F24902CD134B12C66
:10107000B12CB12CB12C9024701CB124D12CB024F3
:10108000701CB124B12C90247024B12CB12C70248C
:10109000502C9134902C4F242F2C0E2CAD338D3BA3
:1010A00030644D53C7214511652144216529C63956
:1010B0004429E318E31825214621662146196619BB
:1010C000C821082A29324A3A6A42093A093AE831DB
:1010D000A7294521A6298629493A4942C729283AFC
:1010E0003074BAC6FCD630740411C308E831F38CEE
:1010F0009EE7BFE7938425190411EC4A7AC6FFEFF7
:101100009FE7B3842511251187212511251145114C
:1011100025114619461146190511261126114619A1
:101120002619261926192619461946194619461947
:1011300046112511251926192511251125110511ED
:101140002519251125110511051104110411E410AB
:10115000E410E410E310C310C310C310C310A210B6
:10116000A218E22823316439A449C451E459256204
:1011700025624562656AA66AC672E67AE77A0783DF
:101180002783488B688B688B488B688B688B688B50
:10119000899388936993688B488B488B688B699394
:1011A0006993698B698B698B6993699369938A9356
:1011B0006A936993498B498B498B298B0883E78212
:1011C00028832883488BCA9B0BA44CAC6CAC8CB492
:1011D0008CB4ADB4EEBC50C5B1CD13D675E6D6EE29
:1011E000F7EE18F739F739F75AF77BF77BF79BFFDC
:1011F0009CFF9CFFBCFFBCFF9CF79CFF9CFF7BF708
:101200007BF75AF75AF719EFF9E6B8DEF9E6FAE68E
:1012100044298210E318C3100419E41005190519B4
:10122000251925192519251925194519461125119D
:1012300046194619461946194619461946194619B6
:10124000871966116611CB423595FFEF7AB60822F1
:101250008E53FBC6DFEFBFE7CF636611AF5BFCC603
:10126000FFEF32742611A821C8194609A71110648E
:101270003DD7FFF7FFFFBFF7FFFFFFFFFFFFDFFFD8
:10128000FFFFFFFFFFFFFFFFFFFFFFFFFFFFFFFF6E
:10129000FFFFFFFFFFFFFFFFFFFFFFFFFFFFFFFF5E
:1012A000FFFFFFFFFFFFDFFFDFFFDFFFFFFFFFFFAE
:1012B000FFFFFFFFFFFFFFFFFFFFFFFFFFFFFFFF3E
:1012C000FFFFFFFFFFFFFFFFFFFFFFFFFFFFFFFF2E
:1012D000DFFFBFEFDFE7B36CCF33D02B1034D02B61
:1012E0006F249024B12C902C6F24902CD134B02CEE
:1012F000B12CB12CB12C90246F1CB124F12CB02452
:10130000701CB124B12C70247024B12CB12C702429
:10131000702C90344F2C2E242E2C0E34AD338D3B5C
:10132000CF5B8A3A8619451985218529A631C639A8
:101330002421E318E3184521662125196719A721FF
:10134000E8290932AB4A8A4208324942083AE83170
:101350004521E418A729E831283A0832C729E7319E
:101360000832B38C7DDFFCD692842511A300E831CE
:10137000F4947EE77EE79284041166190C53BBC691
:10138000FFEF9FDF727C0511251166194611661962
:101390004619050926118721E50826116719261126
:1013A00026192619261926194619461946194611CD
:1013B000461125112619461925192511251925111A
:1013C0002511251105110511051104110411041130
:1013D000E410E410E310C310C310C310C310821054
:1013E000A218E22023316439A441C551055A046290
:1013F000256245626562866AA672C672E67AE782EF
:101400000783488348834883488B688B688B688B45
:10141000688B88938893688B688B688B69938993B2
:1014200069936993698B498B698B89938A938A93B2
:101430008A938A936A938A938A938A936993498B4E
:10144000288B2883288BAA9BEBA30BA40BA40BA4AB
:101450002BA46CACEEBC91CD13D675DEB6EED7EEF8
:10146000F8EE39F739F75AF77BF77BF79BFF9CFFCC
:10147000BCFF9CFFBCFFBCFF9CFF9CFF9CFF7BF75D
:101480009BF77BF75AEF3AEF1AEFD9DED9DE3BE74D
:10149000074261080419C3100419E410251905193D
:1014A0002519251925192519251945192619251133
:1014B000251146194619461146194619661946114D
:1014C00066118619E82172743DD73DD74D4B6932BC
:1014D000B69DBFDFFFEF3595A721AB3A18AEFFEF02
:1014E000F8ADC829461987198711A7116E531CCF6B
:1014F000FFF77EE7FFFFFFFFFFFFFFFFDFFFFFFFBD
:10150000FFFFFFFFFFFFFFFFFFFFFFFFFFFFFFFFEB
:10151000FFFFFFFFFFFFFFFFFFFFFFFFFFFFFFFFDB
:10152000FFFFFFFFFFFFDFFFDFFFFFFFFFFFFFFF0B
:10153000FFFFFFFFFFFFFFFFFFFFFFFFFFFFFFFFBB
:10154000FFFFFFFFFFFFFFFFFFFFFFFFFFFFFFFFAB
:10155000DFFFBFEFDFE7F474AF33CF2B1034F02B96
:101560004F247024B12C902C4F24902CB12C902C13
:10157000902CB12CD12C90246F1CB024D12CB024F1
:101580006F1CB024B124701C5024B12CB12C7024D9
:101590004F2C70344F2C0E240E2CED2BAD338D437D
:1015A0000C43E73165218521A6298529C6392421E7
:1015B000852945290419051925194619A821E9295C
:1015C0006A3A6A428B428A4A493A0832494245217C
:1015D00065216521E831293AC7298621C729C7290C
:1015E0002519251972847EDF9EE792842411E40870
:1015F000E8293595FFF77EDFCF6BC40866194D5398
:10160000BBC6FFF7FFEF317446192511C4006719F7
:1016100046112611261105118721261905112619B3
:1016200026192519251925192619461926192519A6
:1016300026192519261925192519251925192519B8
:1016400005110511051125110511041104110411CD
:10165000E410E410E410C310E310E310C310A3106F
:10166000A218C220032964318441C551055A04627D
:10167000256225624562866AA66AC672C67AC67AFD
:10168000E77A07832883488B488B698B6893688B3C
:10169000688B68936893688B688B688B6893689392
:1016A000699389938993688B488B6993899389930C
:1016B000899389938A938993AA93AA9BAA9BAA9BAD
:1016C0006993488B488B699389938993A99BCA9B9B
:1016D0002BA46CACCEB470C5F3D575E6D7EE18EF7D
:1016E00039F759F75AF75AF77BFF7BFF9CF79CFFB6
:1016F0009CFF9CFFBCFFBCFF9CFF9CFF9CFF7BF7FB
:101700009BF77BF75AEF5AF73AEFD9E6F9E65BEF2A
:10171000895240082421E418E410E4180519051939
:101720000519051925192519261926192619251906
:10173000461925114619661966194619461966197A
:10174000461186196E537AB6DFE7D3844932727434
:101750003CCFFFEFDBC64932C721B37CBFDF1DCFD3
:101760006A3A4611A819A71987110D4B18AEDFEF79
:10177000FFF7FFF7FFFFFFFFFFFFDFFFFFFFFFFFA9
:10178000FFFFFFFFFFFFFFFFFFFFFFFFFFFFFFFF69
:10179000FFFFFFFFFFFFFFFFFFFFFFFFFFFFFFFF59
:1017A000FFFFFFFFFFFFFFFFFFFFFFFFFFFFFFFF49
:1017B000FFFFFFFFFFFFFFFFFFFFFFFFFFFFFFFF39
:1017C000FFFFFFFFFFFFFFFFFFFFFFFFFFFFFFFF29
:1017D000DFFFBFEFBFE7157DAF33CF2B102C112CF0
:1017E0004F249024B12C902C4F24902CD12CB02C31
:1017F000902CB12CD12C90246F1CB024D12CB0246F
:101800006F1CB01CB124701C7024B12CB12C4F245F
:101810000F24703470340E24CD23CD2BAD3B8D437B
:101820004932C629652185292842073A852924217C
:1018300003196108A208A308A3088719C9298821E8
:101840004A3AAB4A8A42A7294942AA4A4521041981
:101850006521083A293A0832A629862986210411E9
:1018600025192519A62192849EE77EE7349545190E
:1018700025116A3A769DFFF7BFE7527C25110411C6
:10188000CF6BFBCEFFEF9EDF8E634511C721251185
:101890002611051146194619461905112619051173
:1018A0002519251925192519251925192519251948
:1018B0002519251125112511051125112519251188
:1018C000051105110511251125110411041104112B
:1018D0000411E410E410E410E310E310C310C3108B
:1018E000C318C218032164318541C551055A0462E9
:1018F000046225624562866AA66AA772A67AC67ADB
:10190000E77A07832783488B688B698B6993688B99
:10191000688B68936893688B688B68936893689307
:10192000688B899389936993688B698B6993899391
:101930008993899389938993AA93AA9BAA9BCA9B0B
:10194000AA9B6993498B498B488B488B69938993F0
:10195000CA9B2BA4ADB450C513D696E6D8EE19F7A2
:1019600059F77AF77AFF7BF77BFF9BFF9CFF9CFF81
:101970009CFF9CFFBCFF9CFF9CF79CFF9CFF7BF7A0
:101980007BF77BF75AEF5AF71AEFD9DE1AE75BEFCE
:10199000A95240080419E418E410E41805190519BF
:1019A0000519051925192519461946192619261943
:1019B0004611251146194619461925114611461991
:1019C00046118A3A7695BFDF79B68A3A4D537ABE88
:1019D000FFEFFFE78E5B86196E531CCFDFE7F063E6
:1019E00066198611A71966116A32979DDFEFFFFF0E
:1019F000FFF7FFFFFFF7FFFFFFFFFFFFFFFFFFFF07
:101A0000FFFFFFFFFFFFFFFFFFFFFFFFFFFFFFFFE6
:101A1000FFFFFFFFFFFFFFFFFFFFFFFFFFFFFFFFD6
:101A2000FFFFFFFFFFFFFFFFFFFFFFFFFFFFFFFFC6
:101A3000FFFFFFFFFFFFFFFFFFFFFFFFFFFFFFFFB6
:101A4000FFFFFFFFFFFFFFFFFFFFFFFFFFFFFFFFA6
:101A5000DFF7DFF7BFE75685AF33F02B102C312CC3
:101A60004F249024D12CB02C4F249024D12CB02C76
:101A70009024B12CD12C9024701CB124D12CB024F2
:101A8000901CB0249024701C7024B02C902C4F24F7
:101A90002F2470347034EE23CD23EE33AD3BEA3285
:101AA000C621862965296529E739E6396429694A05
:101AB0006D6BF39C55A5359D93840D534A3A8B422B
:101AC0004A3A0832E831AB4AA729A629E310A629E9
:101AD000C7314942493A283AC7318629461945193A
:101AE000041124198621A729B384FFF7BFEFD38CF3
:101AF0006619C308AB4218B6DFEF7EDF527C661969
:101B00004519CF6B5DDFFFF75DDF2D53E4086619E4
:101B10002611461926114619051105110511251919
:101B200025112511251125112511251125112519FD
:101B30002519251125112511051125112519251105
:101B4000051105110511251925110411E4100411C1
:101B50000411E410E410E410C310C310C310C31048
:101B6000C318A218E3206531A541C549055A25626D
:101B70002562256225626662866A8672A672A672F0
:101B8000C77AE77A07832883488B488B688B6993E9
:101B9000889368936893688B689389938993689313
:101BA000688B689389938893688B688B89938993F2
:101BB000A993899389938993A993AA9BAA9BAA9B8A
:101BC000CA9B8A9B6993699349934893488B488B36
:101BD000688BCA9B8DAC71CD34DE96EEF8F619F7A2
:101BE00059F77AF77AF77BF79BFF9CFF9CFF9CFFE6
:101BF0009CFF9CFFBCFF9CFF9CF79CF79CFF7BF726
:101C00007BF77BEF5AEF5AEF19E7B8DEF9E65BEFA7
:101C1000895240080419E4180419041925192519D2
:101C2000251905192519261946194619261926199F
:101C3000251146114611251125114611461966191F
:101C4000293272743DD75DD76D536932969D9EDF00
:101C5000FFEF969D8619EC42F8A5FFEFD8A5661117
:101C60004611C81966090922158D9FE7FFFFDFFF9E
:101C7000FFFFDEF7FFFFFFFFDFFFFFFFFFFFFFFFBD
:101C8000FFFFFFFFFFFFFFFFFFFFFFFFFFFFFFFF64
:101C9000FFFFFFFFFFFFFFFFFFFFFFFFFFFFFFFF54
:101CA000FFFFFFFFFFFFFFFFFFFFFFFFFFFFFFFF44
:101CB000FFFFFFFFFFFFFFFFFFFFFFFFFFFFFFFF34
:101CC000FFFFFFFFFFFFFFFFFFFFFFFFFFFFFFF72C
:101CD000DFF7DFEFDFEFD895D03B1034102C312C3D
:101CE0004F249024D12CB02C6F249024B12C902C14
:101CF0009024B12CB12C9024701CD12CF12CB02448
:101D0000B024B024B024701C6F24902490244F245D
:101D10004F246F2C4F2CCD23AD2B2F448D3B071A16
:101D2000A629A6314529E739A53128420F7C79CE6D
:101D30007DEFFFFFBFEFFFF7DCCEB48432744E5B64
:101D4000293A6A42493A8A42C731C3108629E731A3
:101D5000283A283A0832C731A72946190511051132
:101D60004619461945196621C729727C9EE7FFF777
:101D7000559D2511C308EC4A7ABEFFF79EDF3174EA
:101D800045192411CF6B7DDFFFF7DBCEAB42E408B2
:101D9000661987192611E508261946190519251906
:101DA0000511251125112511251125112519251993
:101DB0002519251926192519251125192619251141
:101DC000251105112511251925110411E4100411FF
:101DD000E410E410E310E310C310A308A310C31031
:101DE000A3108210E3206531A541A549E55925627C
:101DF000256A2562256245624662666A8672867237
:101E0000A67AA67AE77A0783288B488B688B899312
:101E10006893688B488B488B689389938993689300
:101E200068936893688B688B688B69938993A9938F
:101E3000A993A9938993A993A993AA9BAA9BAA9BC7
:101E4000CA9BCA9BAA9B89934993488B488B488B12
:101E50008993EA9B8DAC71C514DE96E6D7EE19F72F
:101E600039F75AF77AF77BF77BFF9CFF9CFF9CFFC3
:101E70009CFF9CFF9CFF9CFF9CF79CF77CF77BF7EB
:101E80009CF75AEF5BF73AEF3AEFD8DED9DE5BEF1B
:101E9000A9526108041904192519041145192519B5
:101EA00025192511251946194619461926192619E5
:101EB0004619251125114619461946196619C721D3
:101EC0008F639ABEDFE7B37C0822716C1CCFFFEFF3
:101ED0001CD729320822D37C7ED7DFE7AB424611DC
:101EE00066118611E819516C1DD7FFF77EEFFFFFD1
:101EF000FFFFBEF7FFFFFFFFFFFFFFFFFFFFDFFF5B
:101F0000FFFFFFFFFFFFFFFFFFFFFFFFFFFFFFFFE1
:101F1000FFFFFFFFFFFFFFFFFFFFFFFFFFFFFFFFD1
:101F2000FFFFFFFFFFFFFFFFFFFFFFFFFFFFFFFFC1
:101F3000FFFFFFFFFFFFFFFFFFFFFFFFFFFFFFFFB1
:101F4000FFFFFFFFFFFFFFFFFFFFDFFFFFF7FFF7D1
:101F5000DFF7DFEFFFEF39A6F0431034312C102C00
:101F60004F24702CB134B02C6F24902CD12C902C99
:101F70006F24B024B12C90246F1CD124F12CB024F8
:101F8000901C901C902470246F24902CB02C4F2413
:101F90004F246F242E2C8C23AD33CE430B33282AB1
:101FA000083A4529C639E739894AB2943CE7FFFF28
:101FB000FFFFBEEFFFF7FFF75ABEF9AD94844E5B0B
:101FC000D48CAB4A293A862965214521083A283A1A
:101FD000493A49420832862166192511E408461912
:101FE00026194619872146198621A721727CDFEF21
:101FF000FFF75595461905110D53BBC6FFF79EE730
:1020000010742511C72130743DDFFFF718B6092A77
:10201000251125112511461905112619261905190D
:102020002519E410051105110411251105192519AB
:102030002519251946192519251925192519251197
:102040002511251125112511051105110511051958
:102050000411E410E410E410E310C310C310C31023
:10206000C3108210C3184429A541C549E55905622A
:1020700025622562256245624562656A8672A6729E
:10208000A672A672C67AE7822783288B488B688B54
:10209000688B688B488B488B488B689388938993AF
:1020A00068938993899389936993699369938993D1
:1020B0008993899389938993A993A99BCA9BA99B87
:1020C000CA9BCAA3CA9B899B69934893288B0783A1
:1020D000488BAA936DAC71C514DE76E6D7EE18F77F
:1020E00039F759F75AFF5AF77BFF9BFF9BF79BFF86
:1020F0009BF79BF79BF79BF79CF77BF77BF77BF7AF
:102100007BF77BF73AEF5AF73AEFD8DED9E61AE7D2
:10211000684A610825192419041125192511251962
:10212000251125112519461946194619461946192A
:1021300025192519461946196619461145112D53B9
:1021400019B6FFEFF8AD49326D53BAB6FFE7FFEFAE
:10215000AF6B25198E5BFCC6FFE77695861186115D
:10216000A71986116E53DBC6FFF7FFFF9FF7FFFF2E
:10217000FFFFFFFFFFFFFFFFFFFFFFFFFFFFFFFF6F
:10218000FFFFFFFFFFFFFFFFFFFFFFFFFFFFFFFF5F
:10219000FFFFFFFFFFFFFFFFFFFFFFFFFFFFFFFF4F
:1021A000FFFFFFFFFFFFFFFFFFFFFFFFFFFFFFFF3F
:1021B000FFFFFFFFFFFFFFFFFFFFFFFFFFFFFFFF2F
:1021C000FFFFFFFFFFFFFFFFFFFFDFFFFFF7FFF74F
:1021D000DFF7BFEFBFE75AAECF3B103CD02B112C3F
:1021E0004F24702CB02C902C6F24902CD12CB02C20
:1021F0009024B024D12C90246F1CB124D12C901C9D
:10220000701CB024B12C6F244F24902CB02C6F2460
:102210004E1C6F242E2CAD2B8D3B4B3B682A072A7E
:1022200086296529A6312842508C3CE7DEF7FFFF5E
:10223000FFFFFFF7FFF73EDF9FE77BBE2E53D8ADD2
:10224000359DE8314D63283AC310493A8A42293A0C
:102250006A42283A08328621461126114611051194
:10226000471987214619A72146196619C821927C6A
:102270009EDFFFEF569D46196619F073FBD6FFF7F8
:102280009EDFF06BE408661992847EDFFFF7F8ADFD
:10229000C721461125196619461906110611261976
:1022A000E41046190411E410251904112519251903
:1022B000251925192519251925192519251125113E
:1022C00025112511251125112511051104110411C0
:1022D0000411E410E410E410E310C310C310C310A1
:1022E000C310A310C31823298439C549E5592562B1
:1022F00025622562456245626562666A86728672FB
:10230000A67AA67AC67AE77A07832883288B488B31
:10231000688B688B688B688B488B688B6893689335
:10232000899389938993899369936993699369934D
:10233000899389938993A993A99BCA9BCA9BA99BBB
:10234000AA9BCA9BCAA3AA9BA99B899B6993288B1A
:102350000783488B0CA430C5F3D555E696EED7EE2F
:10236000F8EE38F739F75AF77AFF7BFF7BF77BF700
:102370007BF77BF77BF77BF77BF77BF77BF75BF7ED
:102380005BF77BEF3AEF3AEF19EFB8DED9DEFADE12
:10239000684A6108251904112519251945192511BF
:1023A00025112511261946194619461946194619A7
:1023B0004619461946192511461966194A32769565
:1023C0007EDFFCCE4E538A32F79DFFDFFFEF55953F
:1023D00087216A3A97A57EDF5DD7AB3A861145091A
:1023E0004509EB4218AEDFEFFFF7FFFFFFFFDFFF0E
:1023F000FFFFFFFFFFFFFFFFFFFFFFFFFFFFFFFFED
:10240000FFFFFFFFFFFFFFFFFFFFFFFFFFFFFFFFDC
:10241000FFFFFFFFFFFFFFFFFFFFFFFFFFFFFFFFCC
:10242000FFFFFFFFFFFFFFFFFFFFFFFFFFFFFFFFBC
:10243000FFFFFFFFFFFFFFFFFFFFFFFFFFFFFFFFAC
:10244000FFFFFFFFFFFFFFFFFFFFDFFFDFF7FFF7EC
:10245000BFF7BFEFBFE77AAEAF3BF033D02B112C05
:102460004F246F24B02C902C6F24902CD134B12C9D
:102470009024B12CD12C90246F1CB024D124901C1A
:102480006F14B124B12C4F244F2C9034B02C4E1C1F
:102490002E1C8F2C4F34ED334C33682AC621A629CD
:1024A00085296529A631CF7BBAD6BEF7FFFFDFF7B6
:1024B000FFFFDFF79FEF9FE77FE72E5B19B619B6A7
:1024C000E8316A427284D7AD6E63E731293A8A42B5
:1024D0000832C72986214511661926112611671968
:1024E000471967196719C8212611C8218719C821FA
:1024F000727CFFEFFFF7769D2511451110749EE762
:10250000FFF75DDFF06B251186193595DFEFFFF7DB
:10251000769D86196619251146110511261925196A
:102520000511E410041105110411041104112519F9
:1025300005192519251925192519251925112511DB
:10254000251125112511251105110411041104115E
:102550000411E410E410C410C310E310E310C3101E
:10256000C310A310A210E3208439C549E5590562C0
:1025700025622562456265626562656A656A867282
:10258000A672A672C67AE77A078307830783278332
:10259000488B688B88938893689368936893689353
:1025A000899389938993899389938993899389934B
:1025B000899389938993AA9BCA9BCA9BCA9BA99B0F
:1025C000AA9BCA9BCA9BCA9BCA9BCA9B899B488BD6
:1025D0002783288BEB9BEFBCD3D534DE75E6D7EE93
:1025E000D7EE18EF39F739F75AF75AF75AF75BF77A
:1025F0007BF75BF75AF75BF77BF77BF75BF75BF7EC
:102600005BF75BEF3AEF3AEFF9E6B8DEB8DED9DE1A
:10261000073A810824190411251925114519251196
:102620002511251146194619461946194619461904
:1026300046194619461146194619092A727C3DCF9A
:10264000DFE75174082A148D3DCFFFEFDBC6293236
:10265000861911741DCFFFEFD48445114509A711C8
:10266000492A358DDFE7FFF7DFF7FFFFFFFFDFFFC9
:10267000FFFFFFFFFFFFFFFFFFFFFFFFFFFFFFFF6A
:10268000FFFFFFFFFFFFFFFFFFFFFFFFFFFFFFFF5A
:10269000FFFFFFFFFFFFFFFFFFFFFFFFFFFFFFFF4A
:1026A000FFFFFFFFFFFFFFFFFFFFFFFFFFFFFFFF3A
:1026B000FFFFFFFFFFFFFFFFFFFFFFFFFFFFFFFF2A
:1026C000FFFFFFFFFFFFFFFFDFFFDFFFDFF7FFF78A
:1026D000DFF7DFF7DFE7BBB6D03B1034D02B102C91
:1026E0004F247024902C6F246F24902CB12CB02C8C
:1026F0007024B02CD12C90247024B024D12C901CA8
:102700006F14B12490242F24502C90346F2CED1B87
:102710002E1CB0340E2C8C2BEA2A0722E6298529A0
:102720006529C6392C6B79CEFFFF9EF7FFFFDFF7D7
:10273000FFFF3DDF1CD77EE711747384FDCEAC42F2
:102740002A3AF49456A55ABEF4946D5B6E63493AE6
:102750000511E408861987194611250967116711C3
:102760006719A82147196819A921A8196819871993
:10277000C8215274BEDFFFEF349524118621727C8C
:102780007EDFFFF79EDF8E5B4511C7219284DFEF6E
:10279000FFF7148D2509661125118721E4106619AC
:1027A000461925194519E408A3080511251905112D
:1027B0000519051925112511251925192511251189
:1027C000251125110511051105110411041104111C
:1027D000E410E410E410C310C310C310E310C310DE
:1027E000A310C318A210E2186439E549E559055A47
:1027F00026624562456A65626562656A656A6572F8
:10280000A672A672C67AE67AE782078307832783D1
:10281000488B688B88938893689368938893889390
:102820008993899389938993899389938993A993A8
:1028300089938993A99BCA9BCA9BCA9BCA9BCA9B23
:10284000CA9BAA9BAA9BAA9BCA9BCAA3AA9B699341
:10285000288B488BCA9BAEB471CDF3D534DE96EE8F
:10286000D7EEF7EE18F719F739F73AF73AF75AF7BC
:102870005BF75BF75AF75BF75BF77BF75BF75BF7A9
:102880005BF75BEF5AF73AEFF9E6D8DEB8DEB9D678
:102890006529C210041925110511251125192519BD
:1028A0002511261946194619461946194619461979
:1028B0004619251166196619A7216E53BBBEFFEF95
:1028C000B69DE829F0631CCFFFE79EDFAF5B661182
:1028D000CB4239AEFFEFDCC6293266192509C7198C
:1028E000F4847DDFFFEFFFF7FFFFFFFFBFFFFFFF78
:1028F000FFFFFFFFFFFFFFFFFFFFFFFFFFFFFFFFE8
:10290000FFFFFFFFFFFFDFFFFFFFFFFFFFFFFFFFF7
:10291000FFFFFFFFFFFFFFFFFFFFFFFFFFFFFFFFC7
:10292000FFFFFFFFFFFFFFFFFFFFFFFFFFFFFFFFB7
:10293000FFFFFFFFFFFFFFFFFFFFFFFFFFFFFFFFA7
:10294000FFFFFFFFDFFFDFFFDFFFFFFFFFFFFFFFF7
:10295000FFFFDFF7DFEFBBB6F0431034F02BF023BF
:102960004F24902490246F246F24902CB02C902C12
:102970004F24902CB12C90249024B124B124901C8D
:10298000701C901C70242F244F2C70344F2C0E245C
:102990006F2C90340E346C33892AE621852924214A
:1029A000A6312842F39C7DEFBEF7FFFFDFFFBFF7A4
:1029B0009EEFDCD69EE797A56E639BC66E632932B9
:1029C000F58CB7A5FCD6B3842D5B769D559D19B6C5
:1029D000B3840932A300E508871987198819C8212B
:1029E000871926114711C92148116811CA21A92147
:1029F0006719C821F484FFEFDFE79284861966190E
:102A0000B384DFE7FFF79AC6AB42E4088619B384C4
:102A1000BFE7FFEFF484C300661945196619041176
:102A200005112519051146196621051105112519EC
:102A30000511051125112511251125192519251116
:102A40002519251125112511051104110411041151
:102A5000E410E410E410C410C310C310C310A3109A
:102A6000A310C318A210C2186439E649055A055AC2
:102A7000466A466A666A866A866A666A66726572C7
:102A80008672A672C67AE67AE77A07830783278B6F
:102A9000488B688B6893689368936893689368938E
:102AA000689369938993899389938993899B899B77
:102AB000A99BA99BAA9BCA9BCA9BAA9BCA9BCAA368
:102AC000CA9BAA9BAA9BAA9BCAA3CAA3AA9B899397
:102AD000488B6993CA9B6DAC10C592CDF3D534DE9B
:102AE00075E6B6E6D8EEF8EE19EF19EF3AF75AF7B1
:102AF0007BF75BF75AF75AF75AF75AF75BF75BF72A
:102B00005BF73AEF3AEF3AEF19EFD8DEB9DE78D655
:102B10000321C3100419451925112511251946193A
:102B2000461946194619461946194619461966198D
:102B30006719261166192511CC42F8A5FFE71CC7B5
:102B40000C4BCB4259B6DFE7FFEFF48C8619A7197F
:102B5000358D9ED7FFE74E5B251187196611AF5B58
:102B60005DD7FFF7DFEFFFFFFFFFFFFFDFFFFFFF97
:102B7000FFFFFFFFFFFFFFFFFFFFFFFFFFFFFFFF65
:102B8000FFFFFFFFDFFFDFFFFFFFFFFFFFFFFFFF95
:102B9000FFFFFFFFFFFFFFFFFFFFFFFFFFFFFFFF45
:102BA000FFFFFFFFFFFFFFFFFFFFFFFFFFFFFFFF35
:102BB000FFFFFFFFFFFFFFFFFFFFFFFFFFFFFFFF25
:102BC000FFFFFFFFDFFFDFFFFFFFFFFFFFFFFFFF55
:102BD000DFFFDFF7DFEF9AAEF043CF2BF023F023D8
:102BE0004F1C902490246F246F24902CB02C902C98
:102BF0004F24902CB12C90249024B124B024902404
:102C0000701C902470242F242F2C4F2C70344F2CA8
:102C10004F2C2F342F3C0B2B0722852124214529B3
:102C2000C6392C63DADEDEF79EEFDFF7FFFFFFFF2A
:102C30009FEFFFF7569DAC4A369DAF63C8298F635F
:102C4000369D7EDF97A54E5B317CD48C9BC67EDFA4
:102C5000FFEFBFE7769D092AA4006711C821A819D4
:102C6000A821C921A9216811681189198919681138
:102C700088118819E921148DFFEF7EDF8E5B04092E
:102C8000082AB27C5DD7FFF7FCCE0D53E408861905
:102C9000D384BFE7FFEFF06B45112511861945116D
:102CA0004619461925190511051105110511E410DC
:102CB000051125112519251925112519251125116C
:102CC000251925112511251105110411E410E41011
:102CD000E4100411E410E410E310E310C310C31077
:102CE000A310C318A210C2184431E649265A25621F
:102CF000466A456A666AA66AA67286728672867295
:102D00008672A672C67AE67AE67A07830783278BED
:102D1000488B688B688B6893689368936893689313
:102D200068938993899B899B899B899B899BA99B94
:102D3000A99BAA9BAA9BCAA3CAA3CAA3CAA3EAA384
:102D4000CA9BCA9BCAA3EBA3EBA3EBA3AA9B899341
:102D50008993CA9B0BA42CACCEB450C5B2D513DE5C
:102D600014D655DE96E6D7EEF8EE19EF19EF3AF7DE
:102D70005AF75BF75BF75AF73AF73AEF3AEF3AEF61
:102D80005BEF3AEF3AEF3AEF19EFD8DED9DE16C62D
:102D9000E318C31024192519461945194619251990
:102DA00046194619461946194619661966196619CB
:102DB000251167198719082A927C7ED79EDF106C2F
:102DC000E721558D9EDFFFEF19B609320409F06344
:102DD0003DCFDFDFB79DA72166198719CB427ABEA9
:102DE000FFF7BEEFFFF7FFFFFFFFDFFFDFFFFFFF94
:102DF000FFFFFFFFFFFFFFFFFFFFFFFFFFFFFFFFE3
:102E0000FFFFFFFFFFFFFFFFFFFFFFFFFFFFFFFFD2
:102E1000FFFFFFFFFFFFFFFFFFFFFFFFFFFFFFFFC2
:102E2000FFFFFFFFFFFFFFFFFFFFFFFFFFFFFFFFB2
:102E3000FFFFFFFFFFFFFFFFFFFFFFFFFFFFFFFFA2
:102E4000FFFFFFFFFFFFFFFFFFFFFFFFFFFFDFF7BA
:102E5000DFFFDFF7FFF77AAEF03BCF2BF023102434
:102E60004F1C902490246F247024902C902C902C34
:102E70004F24902CB12C902C902CB12CB024902469
:102E8000701C701C70242F242F244F2C70344F344E
:102E90000E2CEE336C33471A851965216531074ACC
:102EA0000742508C3CE79EF7DFFFFFFFDFF73DE76F
:102EB000FFFF9AC6AF6B359D9384A729EC52F07340
:102EC0009BC6FCCE3174D06BD06BF494DCCE9EE705
:102ED000FFEFDFEFFFF7DFE7F58CC821C400E92142
:102EE000A819A91988114709C919A9118911C9195E
:102EF00068112B2A8819E9217695FFF75DD72C53A5
:102F00008200C72155959EE7FFF75DDF4D53050908
:102F10008619158DFFEFFFF731748200E3088619DB
:102F20002511C408051125110511251905112511B3
:102F300025112519251925192511251125112511C9
:102F40002511251125112511251105110411041133
:102F500004110411E410E410E410C410C310C310F1
:102F6000C410C310A310A2182329C549475A66628A
:102F7000466A666A8672A772C772A672867286727F
:102F8000A672A672C67AE67AE67A07830783278353
:102F9000478B478B688B6893689388938993899351
:102FA000899BA99BA99BA99BA99BA99BAA9BAA9B1F
:102FB000AA9BAA9BCA9BCAA3EBA3EBA3EBA3CAA39E
:102FC000CA9BCAA3CAA3EBA30BA4EAA3AA9B899397
:102FD000CA9B0BA40BA42BA48DAC0FBD71CDD2D575
:102FE000F3D534DE76E6B7E6D8EEF9EE19EF3AF728
:102FF0005AF75AF75BF75AF73AF73AF73AF73AF7C8
:103000005BEF5AEF3AEF1AEF1AEFD9E6D9E694B52B
:10301000E318E310251945194619451946192519CC
:1030200046194619461946194619461946194619A8
:103030004619661987198F5BBBBEFFE77695E721B6
:1030400010643CCFDFE73DD7EC4AC408EC4AF8A552
:10305000FFE71CCFCB42871945116A3A97A5DFEFEE
:10306000FFF7DEF7FFFFFFFFFFFFFFFFFFFFFFFFA1
:10307000FFFFFFFFFFFFFFFFFFFFFFFFFFFFFFFF60
:10308000FFFFFFFFFFFFFFFFFFFFFFFFFFFFFFFF50
:10309000FFFFFFFFFFFFFFFFFFFFFFFFFFFFFFFF40
:1030A000FFFFFFFFFFFFFFFFFFFFFFFFFFFFFFFF30
:1030B000FFFFFFFFFFFFFFFFFFFFFFFFFFFFFFFF20
:1030C000FFFFFFFFFFFFFFFFFFFFFFFFFFFFFFFF10
:1030D000FFFFDFF7DFEF39A6CF3BF033F0233124DA
:1030E0004E1C902490246F246F24902C902C902CB4
:1030F000702C9134B134902C902CB12CB12CB02484
:103100004F1C4F1C70244F2C4F2C703470340E2CDD
:10311000EE330E3CCA2AC619A5218529A639E641F7
:10312000895234A55DE7FFFFBFF7FFFF9EEF9FEFDA
:103130007EE7317C559D39BE6A420D53D06BD48CED
:10314000FFF715951595B38CF494DBCEBFEFFCD645
:10315000DFEFFFF7BFEFFFEFFFF7FCCE6F5B060976
:10316000C9198811C9194B2A88114709EA19891107
:10317000A9118911EA2188112A2AB79DFFE7BEDF2C
:103180008E5BC300C721D38CDFEFFFF73DDF2D53EC
:10319000040925111495FFEFFFEF727CE408C300CA
:1031A0004619661925190511251905110511E4108F
:1031B0002511251925192519251125112511251147
:1031C000251125112511251125112511251925193F
:1031D00005110411E410E410E410C410C310E4104D
:1031E000C410C310A310A2100221C541675A876AF8
:1031F000676A8672A772C772C672A672A672A67234
:10320000A672A672A672C67AE77A07830783078337
:103210002783478B688B689388938993A993A99395
:10322000A99BA99B899BA99BA99BA99BCA9BCA9B5C
:10323000CAA3CA9BCA9BCA9BEBA30BA4EBA3CAA3BA
:10324000CAA3CAA3CAA3CAA3EAA3CAA3A99B899B68
:10325000AA9B0BA40BA42CA4AEB40FBD51C5B2D530
:1032600013DE55DE96E6B7E6D8EEF8EE19F73AF734
:103270005AF75AF77BF75BF75AF73AF73AF75AF7E4
:103280005BEF5BEF3AEF1AEF3AEFF9E6F9E653AD91
:10329000C218E318241946190511251125114619DC
:1032A0004619461966196619661966196619661966
:1032B00066194611AB3A5595DFE71CCFEC420C433B
:1032C00079AEBEDFBFE7106C05112932148D5DCFDA
:1032D000DFE77274861166114932D484BFEFFFF7BD
:1032E000FFFFFFFFDFFFFFFFDFFFFFFFFFFFFFFF2E
:1032F000FFFFFFFFFFFFFFFFFFFFFFFFFFFFFFFFDE
:10330000FFFFFFFFFFFFFFFFFFFFFFFFFFFFFFFFCD
:10331000FFFFFFFFFFFFFFFFFFFFFFFFFFFFFFFFBD
:10332000FFFFFFFFFFFFFFFFFFFFFFFFFFFFFFFFAD
:10333000FFFFFFFFFFFFFFFFFFFFFFFFFFFFFFFF9D
:10334000FFFFFFFFFFFFFFFFFFFFFFFFFFFFFFFF8D
:10335000DFFFBFF77EDFD895CF3B313CF023312430
:103360004E146F1C90246F246F24902C902C702C82
:10337000702C9134902C702C7024902C90249024DC
:10338000701C70247024702C4F246F2C6F340E2C02
:103390000F3CCE43692A8519A629C639E7418531F4
:1033A000AA52F7BDBEF79EEFFFFFBFEFBFEFFFF7DB
:1033B000D494B7AD9ACEAB4A0C537284928476A55E
:1033C000D38C8F639384F8B55DDF9EE71CD7FFF73E
:1033D000FFF7DFEFFFF7FFF7FFF7DFEFFFF7737C94
:1033E000A81968092A2288096809EA196809680978
:1033F000CA11EA196811C91967114A327AB6FFEF82
:103400009EDF4D530409C721F48CDFEFFFF79EE7E1
:10341000CC4A4619A721148DFFEFFFEF938425199D
:10342000820066194619C3082619E4100511051112
:103430004619E51046192619051105112619051119
:1034400025112511251925112511051125192519D4
:10345000051105110419E410E410E410E410E4105F
:10346000C410C410C310A210C2188439675AA872BD
:10347000A772C772E77AC77AC772E77AC77AC67A3D
:10348000A67AC672C67AC67AE67AE77A078307838F
:103490002783488B488B6893689388938893899B8C
:1034A000889BA99BA99BA99BA99BA99BA99BA99B1D
:1034B000CA9BCA9BCAA3EBA30BAC0BACEBA3EBA3BD
:1034C000EAA3CAA3EAA3CAA3CAA3EAA3C99BA99B66
:1034D000CAA32BAC2CAC6CACAEB40FC571CDB2CDC5
:1034E00014DE75E696E6B7E6D8EEF8EE19F73AF789
:1034F0005AF75AF75AF75AF73AF73AF73AF75BF7A3
:103500005BEF5BEF5AF73AEF3AEF1AE73BEFD29CEB
:10351000C2102419251925194519251125194619EF
:1035200046196619661987194619671967194611E8
:103530004611C82131745DD7BFDFF0630822558D75
:10354000BED7FFE73595251187213174FCCEFFEFFB
:10355000F8ADA7196611E721106C7EDFFFFF9EEF23
:10356000DFFFDEFFDEFFFFFFFFFFFFFFFFFFFFFFCD
:10357000FFFFFFFFFFFFFFFFFFFFFFFFFFFFFFFF5B
:10358000FFFFFFFFFFFFFFFFFFFFFFFFFFFFFFFF4B
:10359000FFFFFFFFFFFFFFFFFFFFFFFFFFFFFFFF3B
:1035A000FFFFFFFFFFFFFFFFFFFFFFFFFFFFFFFF2B
:1035B000FFFFFFFFFFFFFFFFFFFFFFFFFFFFFFFF1B
:1035C000FFFFFFFFFFFFFFFFFFFFFFFFFFF7FFFF13
:1035D0007EEF1DDF3DD77685F043313C102C312442
:1035E0004E148F1C90246F246F24902C902C702CE0
:1035F000702C9134B134902C7024902C9024702431
:103600004F1C7024902C2F242E246F2C4F340E34FA
:10361000EE432B3B07228521A631A531C63944292B
:10362000CA5259C6BEF73DE7BFF73DDFBFEF19BE2F
:103630001074BBCE317C2D5B528497A51495938476
:103640006E63728496ADDFEF9EEFFFFFDFF79EEFB4
:10365000FFFFDFF7FFFF7EEFFFFFFFF77EE7FFF7DC
:10366000B89DC91905010A220A1A8809EA19EA113E
:10367000CA1148018911C919C91988194A327AB67B
:10368000FFEF9EDF4D532511A721D38CBFEFFFF72E
:10369000FFF7EC52A3004619F48CFFEFFFF7359DBE
:1036A00066198200E4084519261905112619251105
:1036B00005114619051105112619051105112619BF
:1036C000251125112511251125192519251925192A
:1036D0002519251904190419E418E418E410E41054
:1036E000C410E410E418A210A2104431475AC97261
:1036F000C872E87A0883087BE77AE77AE77AC77ABC
:10370000C77AE77AE77AE77AE77A07830783078356
:10371000278B488B688B889388938993899BA99B77
:10372000A99BC99BC99BA99BA99BC99BCA9BCA9BD7
:10373000EA9BEA9BEAA3EBA30BAC0BACEBA3EBA3DA
:10374000EAA3EAA3EAA3EAA3CAA3EAA3CAA3CA9B79
:103750000BA46CAC4CAC8DB4CEB42FC591CDD2D5EE
:1037600014DE75E696E6B7E6D8EEF9EE19F73AF705
:103770005AF75AF75AF75AF75AF73AF73AF75AF701
:103780005BF75BEF5AF73AEF3AEF1AE71AE79194D3
:10379000810824194519251125112519461946199D
:1037A00046198719661946114611661946114611C0
:1037B000A7194E535AB6FFEF969D082AF0631CC70F
:1037C000FFEF1CC7493225112D535AB6FFEF3DD7E5
:1037D000AB424511A7194D4B9ABEFFEFBFF79FF7BC
:1037E000DFFFDFFFDFFFFFFFFFFFFFFFFFFFFFFF49
:1037F000FFFFFFFFFFFFFFFFFFFFFFFFFFFFFFFFD9
:10380000FFFFFFFFFFFFFFFFFFFFFFFFFFFFFFFFC8
:10381000FFFFFFFFFFFFFFFFFFFFFFFFFFFFFFFFB8
:10382000FFFFFFFFFFFFFFFFFFFFFFFFFFFFFFFFA8
:10383000FFFFFFFFFFFFFFFFFFFFFFFFFFFFFFFF98
:10384000FFFFFFFFDFFFDFFFFFFFFFF7BFEF7EEFB1
:103850001DDFDCCE5DCF357DAF3B313CD023512C1D
:103860002E146F1C90246F247024902C902C902C7C
:10387000702C902CB134902C702C902C90244F24D0
:103880004F1C902470240E1C2E1C6F2C2E342E3CAA
:103890008D3B282285218629863185318429232163
:1038A0004C6379C67DE7BEEF9BCE5EE7BBCE11745D
:1038B000FCD65184C729107496A5F494D8B55284C7
:1038C0006E635184F8BD3DDFFFFF3DE7FFFFFFFF63
:1038D000FFFFFFFFFFFFFFFFFFFFFFFFDFF79EE799
:1038E000FFEF3DCFED42E500C9110A1A6809CA1180
:1038F000CA11C9110A1A8809A811C919A8190D4BAA
:10390000DCC6FFEFBFE7AF63E40866191495BFEFAD
:10391000FFF7FFF7D06BC4084619527C7EDFFFF734
:103920005ABEE829C4082519C408E4082511051160
:103930002511E51025112511051125114611051137
:1039400025192519251125112519251925190519B7
:1039500025190519051905190419E410E410C410F6
:10396000A310E410E410C310A21003210652E97260
:10397000E97A097B49834983288308830883E77AA6
:10398000E77AE77AE77AE77AE77A078307830783B4
:103990002783488B488B88938893A99BA99BA99BD5
:1039A000C99BC99BC99BC99BC99BEA9BEAA3EAA384
:1039B000EBA3EBA30BA40BA40BAC0BA4EBA3EBA30B
:1039C000EAA3EAA3EAABEAA3CAA3EAA3EAA3EAA3A7
:1039D0004CAC8DB48DB4ADB4EEBC2FC5B1D513DEF7
:1039E00034DE75E696E6B7EEF8EE19EF19F73AF71A
:1039F0005AF75AF75AF75AF75AF75AF73AF75AF75F
:103A00005BF75BEF5AF73AEF3AEF1AE71AE7508C99
:103A10008108441945192519251125114619251123
:103A20002511661966194619661966194611A719EE
:103A30004A32148D9ED71CC70C4B8A3A9ABEBFDF00
:103A40007DD7306C0401492AF4847EDFFFEF3174A6
:103A50004611C719AB3A9695DFEFFFF79EEFFFFFD0
:103A6000FFFFDFFFDFFFFFFFFFFFFFFFFFFFFFFFA6
:103A7000FFFFFFFFFFFFFFFFFFFFFFFFFFFFFFFF56
:103A8000FFFFFFFFFFFFFFFFFFFFFFFFFFFFFFFF46
:103A9000FFFFFFFFFFFFFFFFFFFFFFFFFFFFFFFF36
:103AA000FFFFFFFFFFFFFFFFFFFFFFFFFFFFFFFF26
:103AB000FFFFFFFFFFFFFFFFFFFFFFFFFFFFFFFF16
:103AC000FFFFFFF7FFFFFFFFBFF77EE73DE7FCD6F5
:103AD000FCD61DD77ECF1475AF3BF033D023312CED
:103AE0002E1C6F1C90246F247024B02CB12C902CB1
:103AF000702C902C902C702C902CB02C70242F1C9F
:103B0000502490244F242E1C4F2C6F344F3CEE43F6
:103B1000CA2AC621A629C73965314429442144212E
:103B20002C639ACEBFEF1CD7BBCEBBCED06BD8AD2B
:103B3000359D69428E63F394D494B7AD56A5328413
:103B4000159DD7B518BE39BE5DE7FFFFFFFFFFFF2C
:103B5000DEF7FFFFFFFFFFFFDEF7DFFFFFFFFFFFE7
:103B6000DFEFFFEFBFDFD05B26096811EA19A9116B
:103B7000CA110A1AA811C9110A1AA9112B22C919A6
:103B8000AC3ABBBEFFF73DD78F5B872146197284E5
:103B90009EE7DFEFFFF7F06BA300E408727CFFEF16
:103BA000FFF7DFEF8A42A300A721A7216619C40807
:103BB00025118721C408A3084619051125110511EF
:103BC000251925192519251125192511051905115D
:103BD0000519051104110411E410E410E410C410D7
:103BE000E410E410E410C310A210E320C541C96A38
:103BF000E97A097B69838A8B698B698348830883A7
:103C0000E87A087B08830883088307830783078390
:103C10002783488B488B88938893A99BA99BC99B32
:103C2000A99BA99BC99BC99BEAA30AA40BA40BA4AB
:103C30000BA40BA40BA42BA40BAC0BAC0BAC0BA4D4
:103C4000EBABEBABEAABCAA3CAA3CAA3EAA30AA431
:103C50006CACADB4AEB4CEBC0FBD50C5B2D534DE85
:103C600054E675E696E6B7EEF8EE18EF19EF39EF81
:103C70005AF75AF75AF75AF75AF75AF75BF75BF7BA
:103C80005BF75AEF5AEF5AEF3AEF1AE73BEF2F8400
:103C9000610844194519461946192511251926198F
:103CA0004619461146114611461166194611E8217A
:103CB00051743DCF9EDF1485E821358D9EDFFFEFE7
:103CC000559525096611316C1CCFFFEF19AEA72160
:103CD0004511082AD37CDFE7FFF7FFF7FFFFDFFF7F
:103CE000FFFFFFFFFFFFFFFFFFFFFFFFFFFFFFFFE4
:103CF000FFFFFFFFFFFFFFFFFFFFFFFFFFFFFFFFD4
:103D0000FFFFFFFFFFFFFFFFFFFFFFFFFFFFFFFFC3
:103D1000FFFFFFFFFFFFFFFFFFFFFFFFFFFFFFFFB3
:103D2000FFFFFFFFFFFFFFFFFFFFFFFFFFFFFFFFA3
:103D3000FFFFFFFFFFFFFFFFFFFFFFFFFFFFFFFF93
:103D4000FFF7FFF7BFF79EF73DE7FCDE3DE71DDF1E
:103D50003DDFBFE75ECFF46CAF3BD033F02B112CCF
:103D60004F1C9024902470246F24902C902C702C45
:103D7000902CB02C902C9024902CB02C90242F1CA4
:103D8000501C70242F242F244F2C6F3C4F446B3336
:103D9000682AC621A6318631853185312319231938
:103DA000EF739ACE7EE7BBCE7BC6D48CF073559D65
:103DB0000C536942B28C1495938C359D35A5D494DF
:103DC000D8ADBBCEDBCE9ACEDBD63DE7DFF7FFFF2B
:103DD000FFFFDFFFFFFFFFFFFFFFFFFFFFFFFFFF13
:103DE000DFF77EE7FFF7FFEFF58C881188110A22D5
:103DF000A911A911C911EA198809A911A911C9198B
:103E00008811CC3A7BBEFFF75ED74D532511862132
:103E10009284BEE7FFEFFFEF528405114619AF63AE
:103E20005DD7FFF7FFF7CB4AA3000411E410872109
:103E30002511E4082619A721E408C408050925115D
:103E400025112519261925192519051105190519F1
:103E50002519251905190519E410E410E410E410DA
:103E60000519E410E410E410E310E3186439A962C2
:103E70000A7B297B6A8BAA8BCA93AA938A8B498374
:103E80002983288328832883288B288B288B288BB9
:103E9000288B488B488B88938893A99BA99BC99BA7
:103EA000C99BC99BCAA3EAA30AA40BA42BA40BA475
:103EB0002BA42BA42BA42BAC2BAC2BAC2BAC0BAC82
:103EC0000BACEBABEAABEAA3EAA3EAA3EAA30BA42D
:103ED0008DB4CEBCEEBC0FBD2FC570C5D2D534DEBF
:103EE00054E675E696E6B7EEF8EE18EF19EF39EFFF
:103EF0005AF75AF75AF75AF75BF75BF75BF75BF736
:103F00005BF75AEF5AF75AF73AEF1AE73BEF2F846D
:103F100061004521251946194619261946196619C1
:103F2000661966194611461166118619C8214D4B4E
:103F300059AEBFDF59B6492A306C1CCFDFE759B6FE
:103F4000282A45114D4BF8A5DFE77EDF4D5346117A
:103F50008619F063BBC6FFEFFFFFDFF7FFFFFFFF30
:103F6000FFFFFFFFFFFFFFFFFFFFFFFFFFFFFFFF61
:103F7000FFFFFFFFFFFFFFFFFFFFFFFFFFFFFFFF51
:103F8000FFFFFFFFFFFFFFFFFFFFFFFFFFFFFFFF41
:103F9000FFFFFFFFFFFFFFFFFFFFFFFFFFFFFFFF31
:103FA000FFFFFFFFFFFFFFFFFFFFFFFFFFFFFFFF21
:103FB000FFFFFFFFFFFFFFFFFFFFFFFFDFFFDFF759
:103FC000DFEF9EEF5DEF3DEF1DE73DE79FEF7EE703
:103FD0007EE7DFE7FCB6925CCF3BF0331034112C68
:103FE0004F1C9024B02C90246F249024902C90246B
:103FF000702CB12CD12C902C9024902C902C7024CF
:10400000502470242F1CEE1B0E2C2E3C0E44C92A6B
:10401000C519C629E73986312429442103196421A9
:1040200051841CD75DE7DCCE5ABE8F637284317C2D
:10403000E7296D5BD38C928C7284F494D49477A529
:104040007BC65EDF7FE77EE7FCD6DBD69EEFBEF762
:10405000DFFFFFFFDFFFDFFFFFFFFFFFFFFFFFFFD0
:10406000FFFFFFFF9EEF9EE7FFF79BBE6B32270926
:10407000A911E911EA19C9110A1A4B22CA11CA1168
:104080002B2288116B32D9ADFFF77FDF2D5325111D
:104090002411B2849EE7FFF7FFF7AF6B0409040910
:1040A000EF6B3DDFDFEFFFF7F06BA3004619251143
:1040B0002619A721C408E408050946192511051188
:1040C000251125112619261925192519051925192E
:1040D0002519251905190519E418E410E41805191E
:1040E0000511E41004110411E310C2102329685AC9
:1040F0002A7B6A838A8BAB93EB93EB93CB93AA9344
:10410000698B498B498B498B698B498B488B488BD1
:10411000288B488B488B68938893A99BA99BC99B44
:10412000C9A3EAA3EAA3EAA3EAA30BA42BA42BA4A2
:104130002BA42BA42BAC2BAC4CAC4CAC2BAC2BAC95
:104140000BAC0BAC0BACEAA3EAA3EAA3EAA32BA447
:10415000CEBC0FBD0FBD2FBD50C591C5D2D533DE2E
:1041600054DE75E696E6B7EEF8EE19EF39F73AF752
:104170005AF75AF75BF75BF75BF75BF75BF75BF7B1
:104180007BF77BF75BF75AF73AEF1AEF3BEF2F8499
:1041900041006521451925190511251946192619CA
:1041A000251166196611661986196611CB42B79DED
:1041B000DFE71CCF0C4B6A3218AEFFE7DFE7F06B8E
:1041C00004094932148D9EDFFFEFD484050945119F
:1041D000CB4239B6FFEFFFF7FFFFFFFFFFFFDFFF27
:1041E000FFFFFFFFFFFFFFFFFFFFFFFFFFFFFFFFDF
:1041F000FFFFFFFFFFFFFFFFFFFFFFFFFFFFFFFFCF
:10420000FFFFFFFFFFFFFFFFFFFFFFFFFFFFFFFFBE
:10421000FFFFFFFFFFFFDFFFDFFFFFFFFFFFFFFFEE
:10422000FFFFFFFFFFFFFFFFFFFFFFFFFFFFFFFF9E
:10423000FFFFFFFFFFFFFFFFDFFFBFF7BEF79EEFB0
:10424000BEEF9EEF7EEF7EF79FF7BFF7BFF79FEFC2
:104250009FE79FD77A9EF043AF33313CD02B112C90
:104260002E1C7024902C70246F24902CB02CB02C19
:104270006F24B02CD12C902C702490249024702486
:10428000501C70242F24EE23ED2BED332B2B271AFB
:10429000A519A629A63145312429442103196521F0
:1042A000307C3DDF39BEBBCE3174938493842D5373
:1042B000EB4A7184B38CD38C928CD073738C159D24
:1042C0007BC6DCCE5EDFBFEFDFF75EE75DE79EEF2C
:1042D000DFFFFFFFFFFFDFFFFFFFDFFFBEF7FFFF97
:1042E000DFFFDFFFFFFFFFFFBFEFFFEFDFE7F16360
:1042F000A9112B222B22AA09EA11EA110B1A0B1A77
:104300000B1A0B22C919AD3AD9A5FFEFDFEF4D53B8
:104310002411A621B284BEE7FFEFFFEF3174041130
:104320000411CF6BBFE7FFF7BFE7CF6BC408661977
:1043300066190511251125194619051105112511B3
:1043400005112511251926192519251925192519AC
:104350002519251905190519E418E410E410E410CD
:10436000E410E410E410E408E310A210E220E649AF
:104370002A7B8B83AA8BAA8BEB930C9CEB9BEB9BEE
:10438000AB938A936A8B698B6993698B698B488B32
:10439000488B488B488B89938893A99BA99BC99B81
:1043A000C9A3EAA3EAA3EAA30AA42BA42BAC2BACCF
:1043B0002BAC4BAC4CAC4CAC4CAC4CAC2BAC2BACA1
:1043C0002BAC0BAC0BACEAAB0BAC0AA4EAA34BAC2A
:1043D000EEBC2FC52FC550C571C5B1CDF3D534DEA8
:1043E00054DE75E696E6D7EEF8EE19EF39F75AF790
:1043F0005AF77AF77BF75BF75AF75AF75BF75BF7F1
:104400007BF77BF75BF75BF73AEF3AEF5BEF2F84D5
:104410004100862145192519051125112519051178
:1044200045116619661966198619292A72745DD7AD
:10443000BFDF72748619358D7EDFBFE7559586190B
:10444000C719306CFCCEFFEF5AB66A3A4509292AE3
:10445000148DBFE7FFF7DFF7DFF7FFFFFFFFFFFF79
:10446000FFFFFFFFFFFFFFFFFFFFFFFFFFFFFFFF5C
:10447000FFFFFFFFFFFFFFFFFFFFFFFFFFFFFFFF4C
:10448000FFFFFFFFFFFFFFFFFFFFFFFFFFFFFFFF3C
:10449000FFFFFFFFFFFFDFFFDFFFFFFFFFFFFFFF6C
:1044A000FFFFFFFFFFFFFFFFFFFFFFFFFFFFDFFF3C
:1044B000DFFFDFFFDFFFBFF7BFF7BFF7BFF7BFF7D4
:1044C000BEEFBFF7DFFFDFFFDFFFDFFF9FF79FEFED
:1044D000DFE79ECFD785AE33AF2B313CD023112CF5
:1044E0000E1C6F24902C70247024902CB12CB12CB5
:1044F0006F24902CB02C902C7024902470244F2486
:104500002F1C2F1C70242F2C2F3CCD3B681AA5117B
:10451000E629A631853165294429442923198529AD
:1045200014959AC6FCCEB7AD1174B7A58F638A42B5
:104530001074759D96A5D38CF0734E63D494B8B562
:104540005AC69BC69BCEBFEFFFF79FEF7EEF7EEF75
:104550005DEF9EF7FFFFFFFFDFFFDFFFFFFFBEF70F
:10456000FFFFDFFFDFFFBEF7FFFFFFF7FFEFFFEF0C
:10457000168D0A22A9112C228909EB112B1A0B1A6C
:10458000EA19EA194C22C919AC3AD8A5FFEFDFEFB6
:104590006E5BC3002411F38CFFEFFFF7FFF7CF6BC7
:1045A0000411E408CB4A7EE7FFF7FFF7727CE410C2
:1045B000A4086619092A05098721C40825112511AF
:1045C000251125112511251925192519251105193B
:1045D00025190519051905190519E418E410E41041
:1045E000E410E410E408C3080411C310C218A54184
:1045F0000A738B83AB8BAA8BEB932C9C0B9C0C9C30
:10460000EC9BCB938A938A938A938A936993698B61
:10461000488B688B688B88938993A99BC99BC9A396
:10462000EAA3EAA30AA40BA42BA42BAC4CAC4CAC7D
:104630004CAC4CAC6CAC6CAC4CAC2BAC2BAC0BACFD
:104640002CB42BB42BAC0BAC2BAC0BAC0AA46CACC9
:104650000EBD50C52FC530BD91C5B2CD13D634DEC9
:1046600054DE75E6B6E6D7EE18EF19F739F73AF7E4
:104670005AF77AF77BF75BF75AF75AF75BF77BF74E
:104680005BF79BF75BF75BF75BF73AEF5BEF2F842A
:104690004000652125196619461946192619251164
:1046A0004619861966194511A719CF6359B6DFE770
:1046B000969DC721316CFCC6FFE779B649320409E3
:1046C0002D4B59B6DFE77EDFAF5B6611C719F0638C
:1046D0005DD7DFEFDFF7FFFFFFFFFFFFFFFFFFFF0C
:1046E000FFFFFFFFFFFFFFFFFFFFFFFFFFFFFFFFDA
:1046F000FFFFFFFFFFFFFFFFFFFFFFFFFFFFFFFFCA
:10470000FFFFFFFFFFFFFFFFFFFFFFFFFFFFFFFFB9
:10471000FFFFFFFFFFFFFFFFFFFFFFFFFFFFFFFFA9
:10472000FFFFFFFFFFFFFFFFFFFFDFFFDFFFBFFF19
:10473000BFF7BFF7BFF7BFF7BFF7BFF7DFFFFFFF59
:10474000FFF7FFF7FFFFBFFFDFFFDFFFBFF7DFF779
:10475000DFE79FD755758E2BCF2B1034CF23F02B4F
:104760004F1C9024902490247024902CB02C902CDA
:10477000702C902C902C70246F246F247024702443
:104780004F1C2E1C0E1C0E24EE332B2B2722A62191
:10479000E731652944218529242144210321083A50
:1047A00055A5FCD63DDF938497A515958B426E5B8E
:1047B000969D9AC6D7AD317CF07BD494B8B51DDFF9
:1047C000BCD69AC6DCD63DE71DDF7EE7FFFF7EEF55
:1047D0005DEF9EF7DFFFFFFFFFFFFFFFFFFFFFFF24
:1047E000DEFFFFFFBEFFBEFFFFFFDFF7BEEFFFF7FD
:1047F000FFEF9BBECD3AA9114C22EA11CA09EB1179
:104800000B1A0B1AEA11EA198809ED429BBEFFEF59
:10481000FFEFF06B6611A619927CBEE7FFFFDFF792
:10482000AF6B051146194932BEE7BEEFFFF7728440
:104830006619A3008719040966194519461126113E
:1048400026112511051125114619251125110511CE
:1048500005110511051905110511E510E410E41005
:104860000511E410041104110411E310E3200329DD
:10487000685A6B83AC8BCB8B0C940C9C0C9C0C9C63
:104880000CA4EC9BCB9BCB9BAB93AA938A93899371
:10489000899389938993A993A993A993C99BC99B48
:1048A000E99BEAA30AA42BA42BAC4BAC4BAC4CACBD
:1048B0006CAC6CAC6DB46CAC4CAC4CAC4CAC4CACAF
:1048C0004CB46CB44CB44CB44CAC2BAC4BAC8CB4C2
:1048D0000FBD50C570C570C5B1CDD2CDF3D554DE76
:1048E00075DE96E6B6E6D7EEF8EE19F739F73AF741
:1048F0005AF75AF75BF75BF75BF75BF75BF75BF72A
:104900007BF77BF77BF77BF75AF719E77CF7508C3F
:1049100081084521251946194619251146194511C1
:1049200046196619451166118A3AB79DFFE7BBBE65
:104930006A326A3259B6FFE75DCFAE5B04098A3A44
:10494000569D9FE7DFE7158DA7112501EB4259B66C
:10495000FFF7DFF7DFFFFFFFFFFFFFFFFFFFFFFFB7
:10496000FFFFFFFFFFFFFFFFFFFFFFFFFFFFFFFF57
:10497000FFFFFFFFFFFFFFFFFFFFFFFFFFFFFFFF47
:10498000FFFFFFFFFFFFFFFFFFFFFFFFFFFFFFFF37
:10499000FFFFFFFFFFFFFFFFFFFFFFFFFFFFFFFF27
:1049A000FFFFFFFFFFFFFFFFFFFFFFFFDFFFDFFF57
:1049B000BFF7BFF7DFFFDFFFFFFFFFFFFFFFFFFFD7
:1049C000FFFFFFFFFFFFDFFFDFFFFFFFDFFFDFF77F
:1049D000BFE7DCBE925CAE2B102CF023CF2B113442
:1049E0004F1C9024902490247024B02CB12C902C37
:1049F000702C902C702C4F244F24702490249024E1
:104A00004F1C4F24ED1BAC234B238922E721A62901
:104A1000442945292321441944216421E318694A82
:104A2000F49CDBCE359D159597A52D53EC4A5595F5
:104A3000DBCEFCCE569DF073F4947AC6FDDE9FEF7C
:104A40005EE71DDF3DE75EE73DE77EEFBFF7BFF7BF
:104A50005DEF5DEF7EEFDFFFFFFFFFFFDFFFDFFFBB
:104A6000BEFFFFFFDEFFDEFFFFFFFFFFDFF7FFF709
:104A7000FFF7FFF7BFDF9374C911A9110B1AEA11F1
:104A8000CA090B1A4C1A0A1A2A22A8118C3A3AB6E9
:104A9000FFEFFFEF6E5345116619307C3DDFFFFFDE
:104AA000FFF7CF636619C308E8299AC6BFEFFFF77F
:104AB00096A546190409C721251166190511251166
:104AC0002611051125112511051125112511251175
:104AD000251925190519051905190519E518E518E8
:104AE000E418E410E410E410E310E310E318E3200A
:104AF000E6496B83CC8BEC932C9C2C9C2C9C2C9CA3
:104B00002DA42DA40CA40C9CEB9BEB9BCA9BCA9BD5
:104B1000A993A993A993C99BC99BA993A99BC99B35
:104B2000EAA30AA40AA42BAC4BAC4BAC6CAC6CACA7
:104B30006CB46CB46DB46DB46CB46CAC6CAC6CB483
:104B40006CB46CB46CB44CB44CAC2BAC4CACADB4DD
:104B50002FC570C591C591C5B2CDD3CD13D655DE45
:104B600075DE96E6B7E6D7EE18EF39F73AF73AF77B
:104B70005AF75AF77BF77BF77BF75BF75BF77BF727
:104B80007BF77BF77BF77BF75AF71AEF9CF791944B
:104B9000A210652104194519461925110511461958
:104BA0002511251186194932F4845DD75DD7CF636D
:104BB000C719148D5DD7FFE755956511851151749F
:104BC000FCCEFFF7BCBEAB3A6509692A148DBEE77F
:104BD000FFFFDFFFDFFFDFFFFFFFFFFFFFFFFFFF45
:104BE000FFFFFFFFFFFFFFFFFFFFFFFFFFFFFFFFD5
:104BF000FFFFFFFFFFFFFFFFFFFFFFFFFFFFFFFFC5
:104C0000FFFFFFFFFFFFFFFFFFFFFFFFFFFFFFFFB4
:104C1000FFFFFFFFFFFFFFFFFFFFFFFFFFFFFFFFA4
:104C2000DFFFDFFFDFFFDFFFDFFFDFFFDFFFDFFF94
:104C3000DFFFDFFFFFFFFFFFFFFFFFFFFFFFFFFFC4
:104C4000FFFFFFFFFFFFDFFFDFFFFFFFBFF7BFEF4C
:104C50007FE77BB6104CCF2B302CCF23CF231134E2
:104C60004F247024902C70247024902CB12C902C04
:104C70004F24702C702C4F244F24702470247024E7
:104C80000E1C2E240E24CD2B2B2B6822A621442172
:104C9000242944294421642144190319E318CA52E0
:104CA000D7B5B7ADF0735ABEF4944A3AF06BBBC6B1
:104CB000FCCEDBCEF38C359D39BE9BCEDFF79FEF6C
:104CC0009FEFBFEFFFF7DFF7DFF7DFF79EEF9EEF16
:104CD0009EF75DEF3DE77EEFDFF7FFFFFFFFFFFF92
:104CE000DFFFFFFFFFFFDEFFFFFFFFFFFFFFFFFF15
:104CF000FFF7BFEFFFEFFFE7D89D8C32C9110A1A0B
:104D0000EA11AA090B1AEB190B22EA19A8194E4B42
:104D1000BCBEFFEFFFEF1074C4082519317C5DDFC6
:104D2000FFEFFFEF927C66190509C82139B6BFE78E
:104D3000FFF7DBCE45110409A721050967194511C5
:104D40002611461905112511461925114519251950
:104D5000251925192519051905190519E510051134
:104D60000519E4100411E410E410E310E318C2186C
:104D700044312B7BAC8BEC932C9C2C9C2C9C2DA439
:104D80002DA44DA44DA44DA42CA40CA40B9CEB9BD2
:104D9000EA9BCA9BCA9BC99BA99BA993C99BEA9BF7
:104DA0000AA40AA42BA44BAC4CAC6CAC6CB48CB471
:104DB0006DB46DB46DB46DB46DB46DB46DB46DB4EB
:104DC0006DB48DB46CB44CB44CAC4CAC6CACCEB4D7
:104DD00050C591CD91CD91C5D2CDF3D514D655DE28
:104DE00076DEB6E6D7E6D7EE18EF39F73AF75AF798
:104DF0005AF77BF77BF77BF77BF77BF77BF77BF744
:104E00007BF77BF77BF77BF75AF73AEF9CF712A516
:104E1000C2102419251986214619461946198619E2
:104E200045114511292ACF63FCC6FFE7D3848619B3
:104E3000CF5B1CC7FFE79ABE282A45096D5339B6D8
:104E4000BFEF9FE7D0634509C71931645DD7FFF70E
:104E5000FFFFDFFFDFFFDFFFFFFFFFFFFFFFFFFFC2
:104E6000FFFFFFFFFFFFFFFFFFFFFFFFFFFFFFFF52
:104E7000FFFFFFFFFFFFFFFFFFFFFFFFFFFFFFFF42
:104E8000FFFFFFFFFFFFFFFFFFFFFFFFFFFFFFFF32
:104E9000FFFFFFFFFFFFFFFFFFFFFFFFDFFFDFFF62
:104EA000DFFFDFFFDFFFDFFFDFFFDFFFFFFFFFFFD2
:104EB000FFFFFFFFFFFFFFFFFFFFFFFFFFFFFFFF02
:104EC000FFFFFFFFFFFFDFFFDFF7DFFF9FEF7FEF5A
:104ED0003EDF19A6AF3BCF335134CF1BEF23303425
:104EE0004F247024902C70244F24902C902C702CE4
:104EF0004F24702C9034502C4F24702C702C4F2445
:104F00002F240E244F346C2B891A07226521852902
:104F100065292421642985290319C21003216D6B99
:104F200096AD107456A5559D2D5B2D53F8AD5EDFE3
:104F3000BBC61495B38CB7ADBBCE7EEFBFF79FEF6A
:104F4000BFF7FFF7FFFFFFFFFFFFFFFFBFF7DFF731
:104F5000DFF79EF75DEF3DE77DEFBFF7FFFFFFFF58
:104F6000FFFFFFFFFFFFDFFFDEFFFFFFFFFFFFFF92
:104F7000DFF7FFFFDFEFFFF7FFEFDCC6B05BA91144
:104F8000EA112B1AEA11EB19CA19EA192B2267093F
:104F9000B05B1CC7FFEFDFEFF073662146198E5B35
:104FA0005DD7FFEFFFF7B7A505116719871955956D
:104FB0009EE7FFF7BBC6461946114611051145117C
:104FC00046190511251146190511871925192519A5
:104FD000251925190519051905190519E5100511D2
:104FE000051904190411041104110411E318C3185C
:104FF000E320C962CC8BEC932C9C2C9C4DA46DA41B
:105000004DA44EAC4EAC4DAC4DAC2DA42CA40CA478
:105010000BA40BA4EBA3EA9BCA9BC99BEA9B0AA423
:105020002AA42BA42BAC4BAC6CAC6CB48DB48DB45B
:105030008DB48DB48DB48DB48DB48DB46DB46DB4A8
:105040008DB48DB48DB46CB46CB44CAC8DB4EEBC7A
:1050500050C591C5B1C5B1CDD2CDF3D514D655DE6D
:1050600076DEB6E6D7EED8EE18EF39F73AF75AF70C
:105070007BFF7BFF7BF77BF77BF77BF77BF77BF790
:105080007BF77BF77BF75BF75AF73AEF7CF754B582
:10509000A210652125190511A721E40866194611FA
:1050A0000509C7216E537AB6DFE77AB6082A8A3A2D
:1050B00018AEDFE71CCFCF6304096932348D7DD78A
:1050C000FFEF779DA7196509EC3A59AEFFEFDFEFC7
:1050D000DFFFDFFFDFFFDFFFFFFFFFFFFFFFFFFF60
:1050E000FFFFFFFFFFFFFFFFFFFFFFFFFFFFFFFFD0
:1050F000FFFFFFFFFFFFFFFFFFFFFFFFFFFFFFFFC0
:10510000FFFFFFFFFFFFFFFFFFFFFFFFFFFFFFFFAF
:10511000FFFFFFFFFFFFFFFFFFFFDFFFDFFFDFFFFF
:10512000DFFFFFFFFFFFFFFFFFFFFFFFFFFFFFFFAF
:10513000FFFFFFFFFFFFFFFFFFFFFFFFFFFFFFFF7F
:10514000FFFFFFFFFFFFFFFFDFFFDFF77EEF5EE701
:10515000FDCEB7958E3BF033302CEF23EF23102C90
:105160004F247024902C70242F24702C90344F2CBA
:105170004F2490349134702C4F24702C702C4F2479
:10518000CD1B0E2C4F3C6C33281A85194419652908
:1051900045292421242144212321E3188531718CC0
:1051A000D394117CB38C93840D5314953DD75EDF5B
:1051B000769D938476A57AC6FCDEBFEFBFF7BFF776
:1051C000DFF7FFFFDFFFFFFFFFFFDFFFFFFFFFFF57
:1051D000DFFFDFFFBEF77DEF5DE77EEFBFF7FFFF8D
:1051E000FFFFDFFFFFFFFFFFFFFFFFFFFFFFDFFF0F
:1051F000DFFFFFFFFFFFBEEFFFF7FFF7BFE7D4843E
:105200002A22EA110B1ACA19EB19EB19CA114B22FF
:10521000C91111643ED7FFF7FFF7317446114511EC
:105220000C4B79BEDFEFFFF7DCCEC821251125112D
:10523000D384DFE7FFEFDCCE461126112611A7212C
:1052400005094611461905098719E408461925116B
:1052500025192519251925190519051905190519DE
:10526000051905190419041104110411E410C318D7
:10527000E320074AAC8B0C942C9C4DA46EA46EAC1E
:105280006EAC6EAC6EAC6EAC6EAC6DAC4DAC4CA49A
:105290002CA42CA42CA42BA40BA40AA4EAA30AA437
:1052A0002BAC2BAC4CAC4CAC6CAC8CB48DB48DB486
:1052B000ADB4ADB4AEB4AEB48EB48DB48DB48DB463
:1052C0008DB48DB48DB48DB46DB44CAC8DB40FBDB4
:1052D00070C591CDB1CDD2CDD2CDF3D534D655DE7A
:1052E00076DEB7E6D7EED8EEF8EE19F73AF75AF7CA
:1052F0007BFF7BF77BF75BF77BF77BF77BF77BF736
:105300007BF77BF77BF75BF75BF73AEF5BF7D6BD95
:10531000C318041945212519251166196619251187
:10532000A721EC42B79DFFEF5DD72D4B8619927CEC
:105330001CCFDFE7969D8619A719106C9ABEFFEF68
:10534000DCCE0D4B25096A2A14855DD7FFF7DFF700
:10535000DFFFDFFFFFFFFFFFFFFFFFFFFFFFFFFF9D
:10536000FFFFFFFFFFFFFFFFFFFFFFFFFFFFFFFF4D
:10537000FFFFFFFFFFFFFFFFFFFFFFFFFFFFFFFF3D
:10538000FFFFFFFFFFFFFFFFFFFFFFFFFFFFFFFF2D
:10539000FFFFFFFFFFFFDFFFDFFFDFFFDFFFDFFFBD
:1053A000DFFFFFFFFFFFFFFFFFFFFFFFFFFFFFFF2D
:1053B000FFFFFFFFFFFFFFFFFFFFFFFFFFFFFFFFFD
:1053C000DFFFDFFFDFFFDFFFBFF7BFF77EE75EE74F
:1053D000BCC615858F3BF033102C1024EF23102C06
:1053E0002F244F24902C702C2F24702C90344F2C71
:1053F0004F2C90349134502C2F244F2450244F2C78
:105400000E244F34AD33CA2AC619241965298631B2
:10541000442903212421442124212421E739107C1B
:10542000307CB28C9284CF6B527CBBC63DDF7ABE9F
:10543000B38CD38C7AC6FCD65EE7DFF75EE79FEFCE
:10544000BFF7DFFFDFFFFFFFFFFFFFFFFFFFFFFFF4
:10545000FFFFFFFFDFFFBEF75DEF3DE77EEFDFF70A
:10546000FFFFFFFFFFFFFFFFFFFFFFFFFFFFDEFF6D
:10547000DEFFFFFFDFF7DFF7FFF7FFF7FFF7FFF7CD
:1054800019A6ED42C919EA19CA190B1A0B126C1A9E
:105490004B22A8111164FDCEDFEFFFEF727CA7193C
:1054A0002509CB42F7ADBEEFFFF7FCCE082A050970
:1054B0002509B79DFFEFDFEF3AB64611C4088719FB
:1054C000261125114619671905116619251125118F
:1054D000251925192519251905190519051905195C
:1054E000051904190419041104110411E410C3105E
:1054F000C31864314B7B0D944DA46DA48EAC8EAC5F
:105500006EAC6EAC6EAC6EAC6EAC8EAC6EAC6DACAC
:105510004CAC2CA42CAC2CAC2BA42BA42BA42BACCF
:105520004CAC4CAC4CAC6CAC6CB48DB48DB48DB498
:10553000AEB4AEB4CEBCAEB4AEB48DB48DB48DB496
:105540008DB48DB48DB48DB48DB46DACADB40FBDD0
:1055500091CDB2CDD2CDF3CDF3CDF3D534DE55DE42
:1055600096DEB7E6D8EED8EEF8EE18EF39F75AF730
:105570007BFF5AF75AF75AF75BF77BF77BF77BF716
:105580007BF77BF77BF77BF75BF73AF73BEF58D678
:10559000E3182521452146194611C8210509861918
:1055A0008A3A148D7ED79EDF727404098E5B9AB698
:1055B000FFE7BBBE0C4B2509EC4218AEFFE7BFE787
:1055C00051740511C721CF5BFBC6FFEFDFF7FFFF6B
:1055D000BFFFDFFFFFFFFFFFFFFFFFFFFFFFFFFF3B
:1055E000FFFFFFFFFFFFFFFFFFFFFFFFFFFFFFFFCB
:1055F000FFFFFFFFFFFFFFFFFFFFFFFFFFFFFFFFBB
:10560000FFFFFFFFFFFFFFFFFFFFFFFFFFFFFFFFAA
:10561000FFFFFFFFDFFFDFFFDFFFDFFFDFFFFFFF3A
:10562000FFFFFFFFFFFFFFFFFFFFFFFFFFFFFFFF8A
:10563000FFFFFFFFFFFFFFFFFFFFFFFFFFFFFFFF7A
:10564000DFFFBFFFBFFFBFF79EEF9FEF5EE75EDFAD
:105650009BBE936C8F3BF033302C3024EF23302CE7
:105660004F244F24702C502C2F24702CB1344F2CED
:10567000502C702C702C4F242F244F244F2C2F2C67
:105680002E2C2E340A23281AA62145218631653175
:10569000242903212321442924214429E7396D6B3E
:1056A000317C317C6E636E63D8AD3DDFFCCEF48C13
:1056B000928476A5FCD63CDF5DE7BFF75EE7DFFFAF
:1056C000DFFFFFFFFFFFFFFFFFFFFFFFFFFFFFFF0A
:1056D000FFFFFFFFFFFFDFF79EEF7EEF7EEF9EEF06
:1056E000DFF7FFFFFFFFFFFFDFFFFFFFDFFFDFFF52
:1056F000FFFFDEFFFFFFFFFFFFFFFFFFDEF7FFF70C
:10570000FFF73DD7D063E9212B224C1A6C1AEA0926
:105710002B1A0A1AA8114E4BBBBEFFF7FFF735959F
:10572000C7212511A621B6A5FFF7FFF7DCCE2D5323
:105730008300292A9BBEBFE7BFE75ABE8721051118
:105740004611671926116619461966192511251182
:105750002511251125112511051105110511051119
:1057600005110411041103110411E410E410E410F4
:10577000C310E320A8620D942D9C6EA48EA4AEAC41
:105780008EAC8EAC8EAC8EAC8EACAFB4AEB48EACF8
:105790006DAC6DAC4CAC4CAC2CAC4CAC4CAC6CB4FF
:1057A0006CB46CB46DB46DB48DB48DB4ADB4AEB432
:1057B000AEBCCEBCCEB4AEB4AEB4AEB4AEB4AEB489
:1057C000ADB4AEB4ADB4ADB4ADB48DB4CEB430C53B
:1057D000B2CDB2CDF3CDF3CDF3CD14D635DE55DE5B
:1057E00096E6D7E6F8EEF8EE18EF19F739F75AF71C
:1057F0005AF75AF75AF75BF77BF77BF77BF77BF79C
:105800007BF77BF77BF77BF75BF73AF71BEFDAE683
:10581000652904194521661987210409A721082A49
:1058200051747DD7FFE7B69DA719292A76959EDF8B
:105830007ED77274C300493235953DD7DFE7D7A5CF
:10584000E8294511AB3AB79DDFE7FFEFFFFFDFFF28
:10585000DFFFFFFFFFFFFFFFFFFFFFFFFFFFFFFF78
:10586000FFFFFFFFFFFFFFFFFFFFFFFFFFFFFFFF48
:10587000FFFFFFFFFFFFFFFFFFFFFFFFFFFFFFFF38
:10588000FFFFFFFFFFFFFFFFFFFFFFFFFFFFFFFF28
:10589000FFFFFFFFDFFFDFFFDFFFFFFFFFFFFFFF78
:1058A000FFFFFFFFFFFFFFFFFFFFFFFFFFFFFFFF08
:1058B000FFFFFFFFFFFFFFFFFFFFFFFFDFFFDFFF38
:1058C000DFFFBFFFBFF7BFF79EEF9EEF5EE75EDF34
:1058D0007BB652648F3BF033302C1024F0233024FD
:1058E0004F246F24702C702C2F24702CB1344F2433
:1058F000702C702C702C4F244F244F24502C2F2CA4
:10590000ED2BAC33A922C6196521652965314429DF
:1059100003214429232124218531A5312842CE7336
:1059200051846E630C53B38CFCCE3DDF19B6317CD1
:10593000B38C39BE3CDF7EE77EEF9EEFDFFFBFF723
:10594000DFFFFFFFFFFFDFFFFFFFFFFFDEF7FFFFD0
:10595000FFFFFFFFFFFFFFFFFFFFDFF77EEF5DE7CA
:105960007EEFBFF7FFFFFFFFFFFFFFFFDFFFDEFF61
:10597000FFFFDEFFDEFFDEFFFFFFFFFFFFFFFFFF9A
:10598000DEF7FFFFDFEF158D6B2AC9110B126D22B9
:105990004C1A4C1AC911C811EC3A18A6FFEFFFF7C0
:1059A00059BE693AE408082AB6A5FFEFFFF75EDFA3
:1059B0006E53A3000822F8A5FFEFFFEF769D67194D
:1059C0004611461167192611461125114611251158
:1059D0002511251125112511051105110511051197
:1059E00005110411E410E310041104110411041151
:1059F000C310C218064ACC8B2D9C6EA48EA4CFB4C3
:105A0000AEACAFB4AFB4AFB4AFB4CFB4CFB4AEB448
:105A1000AEB48DB46DAC6DAC6CAC6CAC6CB46CB441
:105A20006DB46DB48DB48DB48DB4AEB4CEBCCEBCFB
:105A3000CEBCCEBCCEBCCEB4AEB4AEB4CEB4CFBC75
:105A4000AEBCCEBCAEB4AEB4AEB4ADB4EEBC50C51C
:105A5000B2CDB2CDD3CDF3CD13D614D655DE75DE8F
:105A600096E6D7EEF8EE18EF19F739F739F73AF767
:105A70005AF75AF77BF77BF77BF77BF77BF77BF7D8
:105A80007BF79BF77BF77BF75BF71AEF1BEF1BEFBF
:105A9000E739E3186621451946196619C821CF630D
:105AA000DBC6FFE7DBBE8A3266119274FCC6FFE7F5
:105AB000B79DC721A719CF639BBEFFEFDBC62D4B58
:105AC0002509E821727C5DD7FFF7DFF7DFFFFFFFD5
:105AD000FFFFFFFFFFFFFFFFFFFFFFFFFFFFFFFFD6
:105AE000FFFFFFFFFFFFFFFFFFFFFFFFFFFFFFFFC6
:105AF000FFFFFFFFFFFFFFFFFFFFFFFFFFFFFFFFB6
:105B0000FFFFFFFFFFFFFFFFFFFFFFFFFFFFFFFFA5
:105B1000FFFFFFFFFFFFFFFFFFFFFFFFFFFFFFFF95
:105B2000FFFFFFFFFFFFFFFFFFFFFFFFFFFFFFFF85
:105B3000FFFFFFFFFFFFFFFFFFFFDFFFDFFFDFFFD5
:105B4000DFFFBFFFBFF7BFF79FEF9FEF5EDF5ED7BF
:105B50007BB6525CAF3BF033103410241024EF239B
:105B60004F246F24902C4F2C2F24702C902C702CB1
:105B7000702C4F2C902C702C2F246F2C4F2C0F2C12
:105B8000AC236B2B892AC621452165318639042136
:105B90000321242124214421C639073A484ACF73DE
:105BA000CF734D63CF737AC65EDF9BC6B38C92848E
:105BB000D7ADDBCE7DE7DFF7BFF77EEFDFFFFFFF7F
:105BC000FFFFFFFFFFFFFFFFFFFFFFFFFFFFFFFFE5
:105BD000FFFFFFFFDFFFFFFFFFFFFFFFBFF79EEFAE
:105BE0003DE75DE7BFF7FFFFFFFFFFFFFFFFDEFFC2
:105BF000DFFFFFFFFFFFFFFFDEFFDEF7DEFFFFFF40
:105C0000FEFFFEFFFFF7FFEF5AAE6F4B0B1ACA11F4
:105C10000B1A2B126C1A4B1A6701AB32F8A5DFEF87
:105C2000FFF7DBD60C4B4611A7213595FFEFFFF7A9
:105C3000DFE7CF63C3008611358DDFE7FFEF19AED5
:105C400046112511451187194611251146110511D7
:105C50002611051105112611051105110511251132
:105C60000511041104190419041104110511051179
:105C70000419E31864316B7B4E9C6EA4AEACCFB4B8
:105C8000EFB4CFB4EFB4EFB4CFB4CFB4CFB4AEB4BD
:105C9000AEB4AEB4AEB4ADB48DB48DB48DB4ADB459
:105CA000ADB48DB48DB4ADB4AEB4AEBCAEBCCEBCF0
:105CB000CFBCCFBCCFBCCFBCCFBCEFBCCFBCCFB474
:105CC000CEBCEFBCEFBCCEBCCEB4AEB4EFBC71C5A5
:105CD000B2CDD2CDD3CD14D614D634D655DE76DEA1
:105CE000B7E6D7EEF8EEF8EE19F739F73AF75AF7C4
:105CF0005AF75AF77BF77BF77BF77BF77BF79BF736
:105D00009BF77BF79BF77BF73AF73BF7FAEE3BEF16
:105D1000AA52A210452125116619E8290C4B7AB622
:105D2000FFE77DD78E5BC3002D4B59B6FFE71CCF35
:105D3000EC42C3002D53D8A5BFE7DFE7B38445117C
:105D400065112C4B7ABEFFF7DFF7FFFFDFFFBFF7D0
:105D5000FFFFFFFFFFFFFFFFFFFFFFFFFFFFFFFF53
:105D6000FFFFFFFFFFFFFFFFFFFFFFFFFFFFFFFF43
:105D7000FFFFFFFFFFFFFFFFFFFFFFFFFFFFFFFF33
:105D8000FFFFFFFFFFFFFFFFFFFFFFFFFFFFFFFF23
:105D9000FFFFFFFFFFFFFFFFFFFFFFFFFFFFFFFF13
:105DA000FFFFFFFFFFFFFFFFFFFFFFFFFFFFFFFF03
:105DB000FFFFFFFFFFFFFFFFFFFFFFFFDFFFDFFF33
:105DC000DFFFDFFFBFF7DFF7DFF7BFEF7EDF5ED775
:105DD0007BAEF053AF3BF033F02B102CF023CF23EE
:105DE0004F1C6F24702C4F2C2F24702C902C4F2480
:105DF000702C9034502C4F244F24702C4F2C0E3488
:105E00006B2B0A2B482285194421653185310321EA
:105E10002321232103216429E7392742484AAA5232
:105E2000EC526D6376A5BBCE1DD776A5B38C569D7F
:105E30005ABE3DDF9EEFBFEFBFF79EEFFFFFFFFFB4
:105E4000FFFFFFFFFFFFFFFFFFFFFFFFFFFFFFFF62
:105E5000FFFFFFFFFFFFFFFFFFFFFFFFFFFFDFF77A
:105E60009EEF5DE75DEFBFF7FFFFFFFFDFFFDFFFA7
:105E7000DFFFDFFFFFFFFFFFFFFFFFFFDFFFDEFFB3
:105E8000BEFFFFFFFFF7DFEFFFEF5ECFF2630B22F6
:105E90002B1A4C1A0B128C22E91187096B32769D52
:105EA0009EE7FFF79FDF6E5B26118719D38C5DDFBE
:105EB000FFF7FFEF8E5BC300E821358DFFEFFFEFAB
:105EC000D8AD661966192511871946112511461195
:105ED00026112611051105112619051105110511A7
:105EE0000511041104110411041104110411041109
:105EF0000411C3102329C9624E9C8FA48EA4CFAC79
:105F0000EFB4EFB4F0BCF0BCCFB4CFB4CFB4AEB408
:105F1000CEB4AEB4AEB4AEB4AEBCCEBCCEBCCEBCD1
:105F2000AEBCAEB4AEBCAEBCCEBCCEBCCFBCEFBC87
:105F3000CFBCCFBCEFBCEFBCEFBCEFBCEFBCCFBC69
:105F4000EFBCEFBCEFBCEFBCCEBCAEB4EFBC71C5D8
:105F5000D2CDD3CDF3CD14D634D635D655DE96E694
:105F6000B7E6D7EEF8EEF8EE19F739F73AF75AF741
:105F70005AF75AF77BF77BF77BF77BF77BF79BF7B3
:105F80009BF75AEF7BF77BF77BFF3BF7FAE63BEF9C
:105F90002C63A208251966216619EC4AB7A59EDF75
:105FA0009EDFD37C04016932148D5DD71CCF106C49
:105FB0000409292AD4845ED7FFEFD8A5092A451100
:105FC0006A32348D7EE7FFF7BFF7FFFFFFFFDFF791
:105FD000FFFFFFFFFFFFFFFFFFFFFFFFFFFFFFFFD1
:105FE000FFFFFFFFFFFFFFFFFFFFFFFFFFFFFFFFC1
:105FF000FFFFFFFFFFFFFFFFFFFFFFFFFFFFFFFFB1
:10600000FFFFFFFFFFFFFFFFFFFFFFFFFFFFFFFFA0
:10601000FFFFFFFFFFFFFFFFFFFFFFFFFFFFFFFF90
:10602000FFFFFFFFFFFFFFFFFFFFFFFFFFFFFFFF80
:10603000FFFFFFFFFFFFFFFFFFFFFFFFDFFFDFFFB0
:10604000DFFFDFF7FFF7DFF7BFEF9FE77EDF5ED70A
:106050005AA6D04BAF3BD033F02BF02BEF23CF23FE
:106060004F1C6F24702C2F242F24702C902C4F2425
:10607000702C702C90346F2C4F244E24903CCD2BE0
:106080002A2BA92207226521652986314529E31893
:10609000232103192421C631284207422842AA524B
:1060A0006D63518459BE3DDF5ABE9384569D18B628
:1060B000DBCE7EE77EE77EE79EEFBFF7FFFFFFFFC9
:1060C000FFFFFFFFFFFFFFFFFFFFFFFFFFFFFFFFE0
:1060D000FFFFFFFFFFFFFFFFFFFFFFFFFFFFFFFFD0
:1060E000DFFF9EF75DEF5DEFBFF7FFFFFFFFFFFFF5
:1060F000DFFFFFFFFFFFFFFFFFFFFFFFFFFFFFFFD0
:10610000FFFFFFFFBFF7DFF7FFF7DFEFDFEF168DD2
:106110008D32A9112B1A6C222B1A2B228911E921FD
:10612000158D7EDFFFEFDFEF527C4611C300317427
:106130001CD7FFEFFFEFAF63E4086611148D9EDFFD
:10614000FFEF5595A721251166194611251146190E
:10615000251146192619251126192519051105118C
:106160000511041104110411051105110411041184
:106170000411E310E320064A2E948FA48EA4CFAC22
:10618000CFB4EFB40FBD0FBDEFB4EFB4EFB4EFB4C5
:10619000CEB4CEB4AEB4CEB4CEBCEEBCEEBCEEBC8F
:1061A000CEBCCEBCCEBCCEBCEEBCEFBCEFBCEFBC1C
:1061B000EFBCEFBCEFBCEFBCEFBC0FBDEFBCEFBC66
:1061C0000FBD0FBD0FBDEFBCEFBCCEB40FBD91CD69
:1061D000D3CDD3CDF3CD14D634D655DE76DE96E6C8
:1061E000B7E6D7E6F8EEF8EE19EF39F73AF75AF7CF
:1061F0005AF75AF77BF77BF77BF77BF77BF79BF731
:106200009BF77BF77BF77BF75BF73AEF1AE75CEFDF
:10621000CE7BA208251945196A3A979D9EDFDFE7D4
:10622000B69D240986197174FBC6FFE7969D250962
:10623000A719106CBBC6FFEFBBC62D532511A719BC
:106240001064FBCEFFF7FFFFDFFFDFFFFFFFFFFF65
:10625000FFFFFFFFDFFFFFFFFFFFFFFFFFFFFFFF6E
:10626000FFFFFFFFFFFFFFFFFFFFFFFFFFFFFFFF3E
:10627000FFFFFFFFFFFFFFFFFFFFFFFFFFFFFFFF2E
:10628000FFFFFFFFFFFFFFFFFFFFFFFFFFFFFFFF1E
:10629000FFFFFFFFFFFFFFFFFFFFFFFFFFFFFFFF0E
:1062A000FFFFFFFFFFFFFFFFFFFFFFFFFFFFFFFFFE
:1062B000FFFFFFFFFFFFFFFFFFFFFFFFFFFFDFFF0E
:1062C000FFFFDFF7DFF7BFEF9FEF9FE75EDF7FD7CF
:1062D000199E8F3BAF33D033F033F02BCF23CF2336
:1062E0002E146F24702C2F2C2F24702C902C6F2C9C
:1062F000702C4F2C903490342E242E2C4F346C2B39
:106300000A2B6822C6216421652965312429E318F6
:10631000031923218531C6312842284228428E6B39
:10632000928496A5DBCEBBCE1595938497A539BEF6
:10633000DCD67EE75DE73DDF7EEFBFF7DFFFFFFFE7
:10634000FFFFFFFFFFFFFFFFFFFFFFFFFFFFFFFF5D
:10635000FFFFFFFFFFFFFFFFFFFFFFFFFFFFFFFF4D
:10636000FFFFDFFF9EEF5DE77EEFBFF7DFFFFFFF81
:10637000FFFFFFFFFFFFFFFFFFFFFFFFFFFFFFFF2D
:10638000FFFFFFFFFFFFFFFFBFF7DFF7FFF7FFEFA5
:106390005BB64F4BC9112B1A4C222C1A2C1AC9115F
:1063A000E919D47C5ED7FFF7FFF715956619040944
:1063B000CF63FBCEFFEFFFEF106C0409451134955E
:1063C0009EDFFFEF769D8619251166192511661946
:1063D00005114611461946192511251125112519B2
:1063E000051124110511251125110511051104119F
:1063F0000411E418C31864318C7B6F9C8FA4CFB454
:10640000CFB4EFB40FBD0FBDEFB4EFB40FBDEFB419
:10641000CFB4CEB4AEB4AEB4CEBCCEBCCEBCCEBC8B
:10642000EEBCEEBCEEBCEEBCEEBC0FC5EFBCEFBCF0
:10643000EFBCEFBCEFBCEFBC0FBD10BD0FBD0FBD7F
:106440000FBD0FBD0FBD0FBDEFBCCEB410BD92CDC3
:10645000D3CDF3CDF3CD34D635D655DE76DE96E604
:10646000B7E6D7E6F8EEF8EE19EF39F73AF73AF76C
:106470005AF75AF75BF77BF77BF77BF77BF77BF7EE
:106480009BF79CFF7BF77BF71AEF7BF71AEF5CEF2C
:10649000B1946100A621493A148D5DD7BFE7D7A515
:1064A000661186192D4B38AEDFE7BBBEAB3A4511FE
:1064B0004D53D8A5DFE79FDF727C46114611EC4AA9
:1064C000D7A5DFE7DFF7FFFFFFFFDFFFDFFFFFFFFE
:1064D000FFFFFFFFFFFFFFFFFFFFFFFFFFFFFFFFCC
:1064E000FFFFFFFFFFFFFFFFFFFFDFFFDFFFFFFFFC
:1064F000FFFFFFFFFFFFFFFFFFFFFFFFFFFFFFFFAC
:10650000FFFFFFFFFFFFFFFFFFFFFFFFFFFFFFFF9B
:10651000FFFFFFFFFFFFFFFFFFFFFFFFFFFFFFFF8B
:10652000FFFFFFFFFFFFFFFFFFFFFFFFFFFFFFFF7B
:10653000FFFFFFFFFFFFFFFFFFFFFFFFDFFFDFFFAB
:10654000DFFFDFF7DFF79FEF9FEF9FE75EDFBFDF44
:10655000D88D8F33D033CF2BF033F02BCF2BF02BC4
:106560000E146F2490344F2C2F24702C902C702CF0
:106570004F2C70342F2C4F2C4F2C8F34AD236C2B81
:10658000CA2A2722A5214419442144290321032191
:1065900003216429C639A6310842484A694AEF7B7B
:1065A000D38C9AC61CD7D7AD9384D48CD8AD9BC658
:1065B0001CD77EE73CDF1CDF5DE77EEF9EF7BFF771
:1065C000DFFFFFFFFFFFFFFFFFFFFFFFFFFFFFFFFB
:1065D000FFFFFFFFFFFFFFFFFFFFFFFFFFFFFFFFCB
:1065E000FFFFFFFFBFF79EF79EF77EEF9EF7FFFFCF
:1065F000FFFFFFFFFFFFFFFFFFFFFFFFFFFFFFFFAB
:10660000FFFFDFFFDFFFFFFFFFFFFFFFBFF7FFF72A
:10661000FFEF1DCF73742B22EA198D220B128D22EE
:106620002B1AEA195274FCCEDFEFFFF75595082AB2
:10663000C3000C4B3DD7FFEFDFEF927C45194511AE
:10664000D384BFE7FFEF3595C8296200661925118D
:106650002611251146196619251105112619251926
:10666000251125112511251125112511251124117B
:1066700004190419C3180421A95A2E94AFACCFB43D
:10668000EFB4EFBCEFB4EFB4EFB4EFB4F0BCF0BCD8
:10669000EFB4CFB4CFB4CEB4CFBCEFBCCEBCCEBC85
:1066A000EEBCEEBCEEBCCEBCEEBCEFBCEFBCEEBCB8
:1066B000EFBCEFBCEFBCEFBC0FBD0FBD0FBD0FBDFE
:1066C0000FBD2FBD0FBD0FBDEFBCEFB410BDB2CDE0
:1066D000F3D5F3CD13D634D655D655DE76DE96E611
:1066E000B7E6D8EEF8EE18EF19EF39F73AF75AF7A0
:1066F0005AF75AF75BF75BF77BF77BF77BF77BF78C
:106700009BF79BF75AF77BF73AEF9BF71AE73BE7C4
:10671000139D8108693AF38C3DD7BEDF39B6493203
:1067200024094D4BD7A59ED77DD7316CC4006A3A5A
:1067300035951DCFBFE7F8AD6B3A2511092A727C5C
:106740005DD7FFF7DFF7DFFFDFFFFFFFFFFFFFFF93
:10675000FFFFFFFFFFFFFFFFFFFFFFFFFFFFFFFF49
:10676000FFFFFFFFFFFFFFFFFFFFDFFFDFFFFFFF79
:10677000FFFFFFFFFFFFFFFFFFFFFFFFFFFFFFFF29
:10678000FFFFFFFFFFFFFFFFFFFFFFFFFFFFFFFF19
:10679000FFFFFFFFFFFFFFFFFFFFFFFFFFFFFFFF09
:1067A000FFFFFFFFFFFFFFFFFFFFFFFFFFFFFFFFF9
:1067B000FFFFFFFFFFFFFFFFFFFFDFFFDFFFDFFF49
:1067C000DFF7FFF7DFF79EEF9FEF7FEF7EDFFFE75B
:1067D000767DAF33D033CF2BF02BF02BD023F02BA3
:1067E0002E14902470342F2C0F24502C902C902C8D
:1067F0004F2C70344F340D246F346F34AC2B8C33EA
:10680000682AE6218521642144292421E3200321EB
:10681000232185310742284228420742694ACF7323
:10682000D7ADFCD67AC6559D938435955ABEDCCE3D
:106830003DDF5DDF1CDF1CDF5DE75DE77EEF9EF780
:10684000BFF7DFFFDFFFFFFFFFFFFFFFFFFFFFFFE0
:10685000FFFFFFFFFFFFFFFFFFFFFFFFFFFFFFFF48
:10686000FFFFFFFFFFFFDFFFDFF7BEF7BFF7BFF759
:10687000FFFFFFFFFFFFDFFFFFFFFFFFFFFFFFFF48
:10688000FFFFFFFFFFFFDFFFDFFFFFFFDFFFFFFF78
:10689000FFF7FFF79FDF368D6C2AC9110B126C1AB8
:1068A0006C1A4C22C9194E537BBEDFE7FFEFD7A508
:1068B000A7194511AB4239B6FFEFFFEFD38445115D
:1068C0004511F48C7EDFDFEF979DC829C408661957
:1068D00046190511251946192519251926190511D5
:1068E00025192511251125112611251124112419E9
:1068F00004190419C318C318E741CD8BB0ACAFAC71
:10690000CFB4EFB4EFB4EFB4EFB4F0BC10BD10BD32
:10691000F0BCEFB4CFBCCFB4CFBCEFBCCFBCCFBCCE
:10692000CEBCEEBCEEBCEEBCEEBCEFBC0FBD0FBDF2
:106930000FBD0FBDEFBCEFBC0FBD0FBD2FC50FBD11
:106940000FBD2FBD2FC50FBD0FBDEFBC30BDB2CDEC
:10695000F3D513D614D634D655DE75DE96E6B7E6F3
:10696000D7E6F8EE18EF18EF39F739F73AF75AF794
:106970005AF75AF75BF75BF77BF77BF77BF77BF709
:106980007BF77BF77BF77BF75AF75AEF1AE77BEF3A
:1069900054A5852114951CCFDFE759B68A3A8200A9
:1069A000CB4214855DD7DFDF76954511A721116CA9
:1069B000DBC6FFEF1DCF6E5BE50887194E539BBE0C
:1069C000FFEFFFF7DFF7DFFFBFFFFFFFFFFFFFFF77
:1069D000FFFFFFFFFFFFFFFFFFFFFFFFFFFFFFFFC7
:1069E000FFFFFFFFFFFFFFFFDFFFDFFFDFFFFFFF17
:1069F000FFFFFFFFFFFFFFFFFFFFFFFFFFFFFFFFA7
:106A0000FFFFFFFFFFFFFFFFFFFFFFFFFFFFFFFF96
:106A1000FFFFFFFFFFFFFFFFFFFFFFFFFFFFFFFF86
:106A2000FFFFFFFFFFFFFFFFFFFFFFFFFFFFFFFF76
:106A3000FFFFFFFFFFFFFFFFFFFFDFFFDFFFDFFFC6
:106A4000DFF7FFF7BFEF9EEF7FEF7EEF9FE7FFE7F8
:106A5000F46CAF33F02BCF23D02BF02BCF23F023CC
:106A60004F1C902C70340F2C0E244F2C702C902C1B
:106A70002F2C4F34B03C2E2C0E24ED23ED334B3312
:106A8000272AC6298521852985290321E318032181
:106A90004429C639694A694A284AC7398A52728CD8
:106AA000FCD69AC6B7ADD38CB38CF8AD7AC6FCD6FB
:106AB0005EDF5DDF1DDF3DDF7EEF9EEF9EF7BFF700
:106AC000BFF7BFF7DFFFDFFFFFFFFFFFFFFFFFFFA6
:106AD000FFFFFFFFFFFFFFFFFFFFFFFFFFFFFFFFC6
:106AE000FFFFFFFFFFFFFFFFDFFFFFFFDFF79EEF6F
:106AF000FFFFFFFFFFFFDFFFFFFFFFFFFFFFFFFFC6
:106B0000FEFFFFFFFFFFFFFFDFFFFFFFFFFFDFF7DE
:106B1000FFF7FFF7FFEFFFE7F99DAD320A12EA0931
:106B20002B1A2B1A6C220A12CC32F9A5DFE7FFF7D9
:106B30007ABE493282008A3A9ABEFFEFFFEFB384F1
:106B40006619661931747EDFDFEFB7A52932C400FC
:106B5000251125112511251126194619251905116B
:106B600025112511251126112611051104110419CD
:106B700004190419E418C31845312B738FA4AFAC62
:106B8000AFB4EFB4EFB4EFB410BD10BD10BD10BD85
:106B900010BDF0BCF0BCEFBCEFBCEFBCEFBCEFBC79
:106BA000EFBCEEBCEEBCEFBCEFBCEFBCEFBC0FBD6E
:106BB0000FBD0FBD0FBD0FBD0FBD2FC50FBD0FBD4D
:106BC0000FBD30BD30C530C530C50FBD30C5B2CDED
:106BD00014D614D634D655DE75DE76DE96E6B7E6E4
:106BE000D7EEF8EE18EF18F739F739F73AF75AF702
:106BF0005AF75AF75BF77BF77BF77BF77BF77BF767
:106C00007BF77BF79BFF5AF75AF73AEF1AE77BEFD0
:106C100037BE507C3CD7BEE759B68A3A04094932A0
:106C2000148D3CCF9EDF9ABE493224096E5319AEB3
:106C3000BFDF9EDF727C25114611CC42168DBFE767
:106C4000FFF7BFF7DFF7FFFFFFFFFFFFDFFFFFFFEC
:106C5000FFFFFFFFFFFFFFFFFFFFFFFFFFFFFFFF44
:106C6000FFFFFFFFFFFFDFFFDFFFDFFFDFFFFFFFB4
:106C7000FFFFFFFFFFFFFFFFFFFFFFFFFFFFFFFF24
:106C8000FFFFFFFFFFFFFFFFFFFFFFFFFFFFFFFF14
:106C9000FFFFFFFFFFFFFFFFFFFFFFFFFFFFFFFF04
:106CA000FFFFFFFFFFFFFFFFFFFFFFFFFFFFFFFFF4
:106CB000FFFFFFFFFFFFFFFFFFFFFFFFDFFFDFF72C
:106CC000BFF7DFF79EEF9EEF5EEF7FEFBFEF9FD73F
:106CD0005254CF33EF2BCF23CF23F02BAF23F0230E
:106CE0004F1C902C70340F2C2F2C4F2C4F2C4F2CD2
:106CF0002F2C6F346F3C6F346B13AC23AD33C92A28
:106D00004832E629652185296529E318E3182421FD
:106D10008531484AAA520742E7390842CB5A96B50C
:106D20009AC639B6359D728497A59BC61DD73DDF9F
:106D30007EE75DE75DE77EEFBFF7FFFFFFFFDFFF69
:106D4000DFFFDFFFDFFFDFFFDFFFDFFFDFFFDFFF53
:106D5000DFFFFFFFFFFFFFFFFFFFFFFFFFFFFFFF63
:106D6000FFFFDFFFFFFFFFFFFFFFFFFFFFFFBFF79B
:106D70009EEFDFF7FFFFFFFFFFFFFFFFFFFFFFFFBC
:106D8000FFFFDEFFFFFFDEFFFFFFDFFFFFFFFFFF75
:106D9000FFFFFFFFDFEFFFEFFFEFBBB64F432A1A06
:106DA0002B1AEA11EA096C1AC909AC32F8A5FFEFEF
:106DB000FFEFFBCEEC4AE4084932B7A5FFEFBFE78F
:106DC000B7A5C7212511727C3DD7FFEFD8AD092AA1
:106DD000051146194611051146194619251125199F
:106DE00005112511051105110511051104110411D5
:106DF000041104190419C3180429A9624E9C8FAC0C
:106E0000AFACEFB410BDF0BC10BD10BDF0BCF0BC19
:106E100010BD10BD10BDF0BCF0BCF0BCF0BCEFBCB0
:106E2000EFBCEFBC0FBD0FBD0FBDEEBCEFBCEFBCA8
:106E30000FBD0FC50FC50FC50FBD2FC50FBD0FBDB2
:106E40000FBD30C530C550C530C50FBD50C5D3CD01
:106E500014D614D634D655DE75DE96E696E6D7E619
:106E6000D7EEF8EE18EF18F739F739F73AF75AF77F
:106E70005AF75AF75BF77BF77BF77BF77BF77BF7E4
:106E80009BF77BF77BF75BF77BF79BF71AE7FADE5D
:106E9000DAD638BE9EE7BAC6CB42C3002932B384E5
:106EA000FBC6DFE7FBC62C4BE408AB42F48C5DD796
:106EB000FFEFD7A5A7210509E829D0631DCFFFEF74
:106EC000FFF7FFFFFFFFDFFFFFFFFFFFDFFFFFFF1A
:106ED000FFFFFFFFFFFFFFFFFFFFFFFFFFFFFFFFC2
:106EE000FFFFFFFFFFFFDFFFDFFFDFFFFFFFDFFF32
:106EF000FFFFFFFFFFFFFFFFFFFFFFFFFFFFFFFFA2
:106F0000FFFFFFFFFFFFFFFFFFFFFFFFFFFFFFFF91
:106F1000FFFFFFFFFFFFFFFFFFFFFFFFFFFFFFFF81
:106F2000FFFFFFFFFFFFFFFFFFFFFFFFFFFFFFFF71
:106F3000FFFFFFFFFFFFFFFFFFFFFFFFFFFFDFF789
:106F4000BFEF9EEF7EEF9EF75EEFBFF7FFF71DC727
:106F50001044EF33EF2BCF23CF23F02BAF23CF23DE
:106F60004E1C6F24703450344F2C4F2C4F242F2440
:106F70006F34703C4F342E346B23AD332B2B892A66
:106F80004832A529642144212321E318E318642908
:106F9000E739694A894A484228422842694A349D69
:106FA000F7B5B7A5B384159559BE7AC61DD75DDF71
:106FB0005EE75DE75DE79EEFDFF7FFFFDFFFFFFFC7
:106FC000FFFFFFFFFFFFFFFFDFFFDFFFDFFFDFFF51
:106FD000FFFFFFFFFFFFFFFFFFFFFFFFFFFFFFFFC1
:106FE000FFFFFFFFFFFFFFFFFFFFFFFFDFFFDFFFF1
:106FF0009EF7BEF7DFF7FFFFFFFFFFFFFFFFFFFF7B
:10700000FFFFFFFFFFFFFFFFFFFFFFFFFFFFDEFFB1
:10701000FFFFDEFFFFFFFFF7DFEFFFF71CCF72740C
:10702000E9190A122B12EB114C1AC9114B2AF8A5B7
:10703000FFEFFFF77EDFEB4AC30029321595DFEF44
:10704000FFF7D7AD293A251111741DD7DFE719AE27
:107050006A3AE4086619871946194611251105117F
:107060002519E51005110511051105112511251129
:107070000511E4100419E418C218E641EE8B8FA440
:107080008FACF0BCF0B4F0BC10BDF0BCF0B410BDDF
:1070900010BD10BD10BD10BD10BD10BD10BD10C580
:1070A00010BD0FBD0FBD10C510BD0FBD10BD0FBD74
:1070B00010BD10BD10BD10C530C530C510C50FBD09
:1070C0002FC550C550C550C550C530BD51C5F3D5AD
:1070D00014D634D655D675DE76DE76DE96E6D7EE55
:1070E000D7EEF8EE18EF19F739F739F73AF75AF7FC
:1070F0005AF77BF77BF77BF77BF77BF77BF77BF721
:107100007BF79BF77BF77BF73AEF3AEF5BEFFADE23
:10711000DAD67CE738B6EB4AC3002932927CFCCE43
:107120009EDF9ABE8E5B0509E8293174DBC6FFEF4E
:107130009ABEAB42050987198B3AB7A5DFE7FFF77F
:10714000FFF7DFF7DFF7FFFFFFFFFFFFDFFFDFFFE7
:10715000FFFFFFFFFFFFFFFFFFFFFFFFFFFFFFFF3F
:10716000FFFFFFFFFFFFDFFFDFFFFFFFFFFFFFFF6F
:10717000FFFFFFFFFFFFFFFFFFFFFFFFFFFFFFFF1F
:10718000FFFFFFFFFFFFFFFFFFFFFFFFFFFFFFFF0F
:10719000FFFFFFFFFFFFFFFFFFFFFFFFFFFFFFFFFF
:1071A000FFFFFFFFFFFFFFFFFFFFFFFFFFFFFFFFEF
:1071B000FFFFFFFFFFFFFFFFFFFFFFFFDFF7DFF72F
:1071C0009EEFBFF79EF77EF79FFFDFFFFFEF59A609
:1071D000CF3BF033F02BCF23D023F02BAF23F02B7A
:1071E0004E1C6F2470342F2C0F244F2C902C6F2C9E
:1071F000703C4F3C4F3CAC2B6C23AD330B2BCA3255
:107200000732652944212421E318E3182321642946
:10721000073A694A6842273A2842E731C731718400
:10722000F8B535959384B7A57ABEFCCEFCD63DDF84
:107230007EE77EE77EEFBFEFDFFFDFFFDFFFDFFFF1
:10724000FFFFFFFFFFFFFFFFFFFFFFFFFFFFFFFF4E
:10725000DFFFDFFFDFFFDFFFDFFFDFFFDFFFDFFF3E
:10726000FFFFFFFFFFFFFFFFFFFFFFFFFFFFFFFF2E
:10727000DFF79EF79EEFBFF7FFFFFFFFFFFFFFFF68
:10728000FFFFFFFFFFFFFFFFFFFFFFFFDFFFDEFF4F
:10729000FFFFFFFFFFFFFFF7FFF7FFF7FFEF9EDFA7
:1072A000F57C4B1A0A122B122B124C1AEA19C81928
:1072B000D8A59EDFFFEFBEE74D5B0411C7217284A6
:1072C0003DD7FFF739BEAB420511CF631DCFFFEFAE
:1072D0005AB64A324611A72125112511451125110B
:1072E0000511051126192511051125112511251145
:1072F000051104112519E418C21843314B738FA4EA
:10730000AFACCFB4F0B4F0BCF0BC10BD11BDF0BC5C
:1073100031BD31BD31BD31BD10BD10BD10C510C571
:1073200010C510C510C530C530C530C530C530C515
:1073300010BD10C510C530C530C530C530C52FC50E
:107340002FC550C550C550C550C530BD71C5F3D50A
:1073500034DE34D655DE75DE96E696E6B6E6D7EE32
:10736000F7EEF8EE18EF19F739F739F73AF75AF759
:107370007AF77BF77BF77BF77BF77BF77BF77BF77E
:107380007BF79BF77BF77BF73AF75AF71AEF1AE789
:10739000B9D678C60B5382002932727CDBC6DFE790
:1073A000FCC64D53050987192D537ABEBFE73DD75B
:1073B000CF6BE4086619083231743DD7FFF7FFF749
:1073C000FFFFDFF7DFF7DFFFFFFFFFFFDFFFFFFF5D
:1073D000FFFFFFFFFFFFFFFFFFFFFFFFFFFFFFFFBD
:1073E000FFFFFFFFFFFFDFFFFFFFFFFFFFFFFFFFCD
:1073F000FFFFFFFFFFFFFFFFFFFFFFFFFFFFFFFF9D
:10740000FFFFFFFFFFFFFFFFFFFFFFFFFFFFFFFF8C
:10741000FFFFFFFFFFFFFFFFFFFFFFFFFFFFFFFF7C
:10742000FFFFFFFFFFFFFFFFFFFFFFFFFFFFFFFF6C
:10743000FFFFFFFFFFFFFFFFFFFFDFF7DFF7DFF7D4
:10744000BFEF9EEF9FF7DFFFDFFFFFFFFFEF9685A8
:10745000AF33F033F02BF023F02BF02BAF23CF2BF7
:107460002E1C6F2C6F340E2CEE232F24702C6F2CBF
:107470004F34703C2F3C8C23CD332B2B4C3BCA3AE2
:10748000C629642185294421E21823216429A631D3
:10749000073A48422742E739073AA6316529CE73B1
:1074A000359D517CD48CF8AD9BC6FCD61DD75DDFD5
:1074B0005DE77EE79EEFBFF7BFF7DFFFFFFFDFFF70
:1074C000DFFFFFFFFFFFFFFFFFFFFFFFFFFFFFFFEC
:1074D000FFFFFFFFFFFFDFFFDFFFDFFFDFFFDFFF5C
:1074E000DFFFDFFFFFFFFFFFFFFFFFFFFFFFFFFFEC
:1074F000FFFFBFF79EEF7EEFBEF7FFFFFFFFFFFF2F
:10750000FFFFFFFFFFFFFFFFFFFFFFFFFFFFFFFF8B
:10751000FFFFFFFFFFFFFFFFFFFFFFF7FFF7FFF793
:10752000DFE7F99D2B2289012B120A124B1A8811D1
:10753000E82114957EDFFFF7BFEFAF6325116619D1
:10754000106C3DD7FFEFDBC66E5B04094D539BBE4D
:10755000FFEF7AB60C4BC4008719251125112511B0
:1075600026110511251105112511451905110511C2
:107570000511051925190419E320E220885A6F9C8A
:10758000AFACAFACF0B4F0B4F0B410BD11BD30BDD1
:1075900051C551BD31BD30BD30BD31C531C510C53E
:1075A00010C530C530C530C530C530C530C530C553
:1075B00030C530C530C530C530C530C530C530C523
:1075C00030C550C550C550C550C530BD71C5F3D587
:1075D00035DE35DE55DE96DE96E6B6E6B7E6D7EE64
:1075E000F8EEF8EE18F739F739F739F75AF75AF78E
:1075F0007AF77BF77BF77BF77BF77BF77BF77BF7FC
:107600007BF77BF77BF77BF75AF77BF7F9E63AE7EF
:10761000FADE4B5BE3080832727CFCCE9FE7BBC608
:107620008E5B04096619EC4AD8ADFFEF3DD7B384F1
:107630006619451145190C4B59BEFFEFDFEFFFF7F7
:10764000FFFFDFF7DFFFDFFFFFFFFFFFFFFFFFFFB2
:10765000FFFFFFFFFFFFFFFFFFFFFFFFFFFFFFFF3A
:10766000FFFFFFFFFFFFFFFFFFFFFFFFFFFFFFFF2A
:10767000FFFFFFFFFFFFFFFFFFFFFFFFFFFFFFFF1A
:10768000FFFFFFFFFFFFFFFFFFFFFFFFFFFFFFFF0A
:10769000FFFFFFFFFFFFFFFFFFFFFFFFFFFFFFFFFA
:1076A000FFFFFFFFFFFFFFFFFFFFFFFFFFFFFFFFEA
:1076B000FFFFFFFFFFFFFFFFFFFFDFF7DFF7BFF772
:1076C000FFFFBFF7DFFFBFFFDFFFDFF7DFDF926402
:1076D000CF331034F02BF023F023F023CF23CF232C
:1076E0002E1C4E244F2C0E2C0E244F2C702C4F2C65
:1076F0002E349044CD2BAD2BAC332B2B8D436932E4
:10770000A6298529A631442903216429A531E73911
:10771000073A28422742073A073A852965294D63E7
:10772000928C517C76A519B67ABE9BC6FCD63DDFFD
:107730003DDF5EE79FEFBFF7BFF7DFFFFFFFFFFF14
:10774000DFFFDFFFFFFFFFFFFFFFFFFFFFFFFFFF89
:10775000FFFFFFFFFFFFFFFFFFFFFFFFFFFFFFFF39
:10776000DFFFDFFFDFFFDFFFDFFFFFFFFFFFFFFFC9
:10777000FFFFFFFFDFF77DEF7DEFBFF7FFFFFFFFAD
:10778000FFFFFFFFFFFFFFFFFFFFFFFFFFFFFFFF09
:10779000FFFFFFFFFFFFFFFFFFFFFFFFFFFFDFF721
:1077A000FFF7FFEFF9A5C911EA092B122A1A091AE6
:1077B0006611C721D48C7EDFFFF7BFE7727C6619A4
:1077C00004096E5B39B6FFEF7EDF517466190D4B0D
:1077D00019AEFFEF7ABEEC4A050966196619051164
:1077E0002511261125112511251904110511251919
:1077F00025110519051904190421E220A539ED8B7D
:107800008FA4AFACF0B4F0B410BD10BD10BD51C525
:1078100051BD51C551C551BD31C551C531C531C528
:1078200030C530C530C530C530C530C530C530C5B0
:1078300030C530C530C530C530C530C530C530C5A0
:1078400030C530C530C530C531C530BD92C514D640
:1078500055DE55DE55DE96DEB6E6B6E6D7EEF7EE39
:10786000F8EE18EF18F739F739F739F75AF75AF7EA
:107870007BF77BF77BF77BF77BF77BF77BF77BF778
:107880007BF77BF77BF77BF75AF75BF71AE71AE78B
:10789000FADE273AE729917CBAC69EDF1CCF306C0E
:1078A000C300A7212D53B7A57EDF7EDFD7A5A72173
:1078B00005118619E829B2845DDFFFF7DFF7FFF7CE
:1078C000FFFFFFFFDFFFFFFFFFFFFFFFFFFFFFFFE8
:1078D000FFFFFFFFFFFFFFFFFFFFFFFFFFFFFFFFB8
:1078E000FFFFFFFFFFFFFFFFFFFFFFFFFFFFFFFFA8
:1078F000FFFFFFFFFFFFFFFFFFFFFFFFFFFFFFFF98
:10790000FFFFFFFFFFFFFFFFFFFFFFFFFFFFFFFF87
:10791000FFFFFFFFFFFFFFFFFFFFFFFFFFFFFFFF77
:10792000FFFFFFFFFFFFFFFFFFFFFFFFFFFFFFFF67
:10793000DFFFDFFFDFFFDFFFDFFFDFFFDFF7DFF767
:10794000BFF7DFFFFFFFBFF7DFF7FFF7DBB6F04B57
:10795000CF331034D023CF23CF23CF23CF23CF2334
:107960002E242F244F2C2F2C0E2C4F2C90346F3480
:107970002E342E34AC2BED334B2BCD430B3B072A4F
:10798000A521852965292321242185298531E739E8
:107990002842284248422742C63165218529CB52D8
:1079A000317CF494F8B57AC639BE59C69AC61CD74C
:1079B0001DDF5DDF9FEFBFF7BFF7FFFFFFFFDFFFBB
:1079C000FFFFFFFFFFFFFFFFFFFFFFFFFFFFFFFFC7
:1079D000FFFFFFFFFFFFFFFFFFFFFFFFFFFFFFFFB7
:1079E000FFFFFFFFFFFFFFFFFFFFFFFFFFFFFFFFA7
:1079F000FFFFFFFFFFFFBEF77EEF9EEFBFF7FFFF2A
:107A0000FFFFFFFFFFFFFFFFFFFFFFFFFFFFFFFF86
:107A1000FFFFFFFFFFFFFFFFFFFFFFFFFFFFDFFF96
:107A2000DFFFDFF7FFEF9895A809EA112A1AE9119D
:107A30000922A7198719F06B5EDFFFEFFFEFF48CC7
:107A400045116511AB42969DFFEF9EDF358D082AEB
:107A50006A3AF8A5FFEF7ABEAB4205114611461906
:107A600025114619251146194619E4102511261924
:107A700025190519051904190421032103292A6B65
:107A8000B0A48FA4CFAC10B530BD51C551C530BD29
:107A900051C571C571C571C551C551C531C551C5F6
:107AA00031C530C531C530C530C530C530C530C52C
:107AB00030C530C530C530C530C531CD31CD30C50C
:107AC00030C530C530C530C530C531C592CD14D6AE
:107AD00035DE55DE75DE96E6B7E6B7E6D7EEF7EEAD
:107AE000F8EE18EF19F739F739F739F75AF75AF767
:107AF0007BF77BF77BF77BF77BF77BF77BF77BF7F6
:107B00007BF77BF77BF77BF73AF73AF75BEFF9DE2A
:107B10001ADFCE73EF73FBCE7DDF5DD7106C0409E7
:107B2000A6190C4B769D9EDFBFE739B68A3AE4086A
:107B3000661946116E5B79BEFFEFFFF7FFF7FFF79F
:107B4000DFF7DFFFFFFFFFFFFFFFFFFFFFFFFFFF8D
:107B5000FFFFFFFFFFFFFFFFFFFFFFFFFFFFFFFF35
:107B6000DFFFDFFFDFFFFFFFFFFFFFFFFFFFFFFF85
:107B7000FFFFFFFFFFFFFFFFFFFFFFFFFFFFFFFF15
:107B8000FFFFFFFFFFFFFFFFFFFFFFFFFFFFFFFF05
:107B9000FFFFFFFFFFFFFFFFFFFFFFFFFFFFFFFFF5
:107BA000FFFFFFFFFFFFFFFFFFFFFFFFFFFFDFFF05
:107BB000FFFFDFFFDFFFDFFFDFFFFFFFFFFFDFFF75
:107BC000DFFFFFFFBFFFFFFFFFF7FFEF557DF04334
:107BD000AF2BF02BF023F023CF23CF23CF23CF23C2
:107BE0006F2C4F2C4F344F340E2C4F2C90346F345D
:107BF0000E34CD2BED33CD334B2BAD43A9320722C1
:107C0000652144210319E31844298531A531073A38
:107C1000684A2842273AC63165296521C7398A4A08
:107C2000107C55A518BE7AC69AC659C67AC6BBCE70
:107C3000BBCEFCD65DE79FEFBFF7DFFFFFFFDFFFA7
:107C4000FFFFFFFFFFFFFFFFFFFFFFFFFFFFFFFF44
:107C5000FFFFFFFFFFFFFFFFFFFFFFFFFFFFFFFF34
:107C6000FFFFFFFFFFFFFFFFDFFFDFFFFFFFFFFF64
:107C7000DFFFDFFFFFFFFFFFDFFF9EF79EF7DFF76E
:107C8000FFFFFFFFFFFFFFFFFFFFFFFFFFFFFFFF04
:107C9000FFFFFFFFFFFFFFFFFFFFFFFFBFF7BEF785
:107CA000BEFFFFFFDFEFFFE7D57C8809091A091A3D
:107CB0006B2AC819871146114E531DCFFFF7DFEF0E
:107CC00055958619C300AA3A5595BFDFFFE7969DE3
:107CD0002932092AD8A5BFE739B6CC42E4082511D4
:107CE0002611661925112511451925112619051189
:107CF0000519051925190419E4180421C218274A81
:107D00006F9C8EA4D0AC51BD10B551BD71C550BD96
:107D100051BD71C571C571C551C551C551C531C57B
:107D200031C531C531C531C551C551C551C551C523
:107D300030C530C530C530C530C531CD31CD31CD80
:107D400030C530C530C530C530C551C5B2CD14D6EB
:107D500055DE55DE76DE96E6B7E6D7E6D7EEF8EEE8
:107D6000F8EE18EF19F739F739F75AF75AF75AF7C3
:107D70007BF77BF77BF77BF77BF77BF77BF77BF773
:107D80007BF77BF77BF77BF73AF73AEF5BF7F9DEA8
:107D9000D9D694A558BEBEE75DD7717C25112511B3
:107DA0008E5BB6A57EDFFFEF9ABEEC4AA3002511DD
:107DB00066192932B3849EE7FFF7DFF7DFF7FFFF8D
:107DC000DFFFDFFFFFFFFFFFFFFFDFFFFFFFFFFF23
:107DD000FFFFFFFFFFFFFFFFFFFFFFFFFFFFFFFFB3
:107DE000DFFFDFFFDFFFFFFFFFFFFFFFFFFFFFFF03
:107DF000FFFFFFFFFFFFFFFFFFFFFFFFFFFFFFFF93
:107E0000FFFFFFFFFFFFFFFFFFFFFFFFFFFFFFFF82
:107E1000FFFFFFFFFFFFFFFFFFFFFFFFFFFFFFFF72
:107E2000FFFFFFFFFFFFFFFFFFFFFFFFFFFFFFFF62
:107E3000FFFFDFFFDFFFDFFFDFFFFFFFFFFFFFFFD2
:107E4000FFFFDFFFDFF7FFFFFFEFFCBEF04BCF3B95
:107E5000D033F02BF02BF023CF23CF23CF23CF230E
:107E60006F2C6F2C90344F340E2C4F2C90344F3499
:107E7000CD2BED2B0E3C6B2BCD3B2B33892AE729E9
:107E800064214421E318032165298531E63928421C
:107E9000694A2842E6316429242185290742494A52
:107EA000AE7375A559C67AC6FCD69ACE7AC67AC67E
:107EB0009AC6BBCEFCDE5DE79EEFDFF7DFFFFFFF7C
:107EC000FFFFFFFFFFFFFFFFFFFFFFFFFFFFFFFFC2
:107ED000FFFFFFFFFFFFFFFFFFFFFFFFFFFFFFFFB2
:107EE000FFFFFFFFFFFFFFFFDFFFDFFFFFFFFFFFE2
:107EF000DFFFDFFFFFFFFFFFFFFFDFFFBFF7BFF782
:107F0000DFFFFFFFFFFFFFFFFFFFFFFFFFFFFFFFA1
:107F1000DFFFFFFFFFFFDFFFFFFFFFFFBFFFDFFF11
:107F2000FFFFDEFFBFEFFFEFDFE7B05B26012A2296
:107F300088092A222A22670967112E4B39B6FFF7D2
:107F4000FFEF5595A7214511E829148DBFDFFFEFFD
:107F5000D7A56A3AC8213595DFE77ABE0D4B2511C2
:107F600026114611461946112511251125112519ED
:107F70000519051905190519E418E418E318653100
:107F80008C7B8F9CD0AC31B5F0B431B551BD71BD97
:107F900071BD71C571C571C551C552C552C552C5B6
:107FA00031C531C551C551C551C551C551C551C561
:107FB00051C531C531C531C531C531C531C531CDE9
:107FC00030C530C530C530C510C551C5B2CD14D689
:107FD00055DE55DE96DEB6E6B7E6D7E6F8EEF8EE05
:107FE00018EF18F739F739F739F75AF75AF75AF7F8
:107FF0007BF77BF77BF77BF77BF77BF77BF75BF711
:108000007BF79BF77BF77BF73AF75AF73AEF19E7DD
:10801000D9DEFAD6FFF75CD7717C04094519EC4A22
:10802000B7A5DFE7FFEF7ABE2D53040925114619E6
:10803000A7218E5B7ABEFFF7BFEFFFFFFFFFFFFFB9
:10804000DFFFFFFFFFFFFFFFFFFFFFFFFFFFFFFF60
:10805000FFFFFFFFFFFFFFFFFFFFFFFFFFFFDFFF50
:10806000DFF7DFFFFFFFFFFFDFFFDFFFFFFFFFFFA8
:10807000FFFFFFFFFFFFFFFFFFFFFFFFFFFFFFFF10
:10808000FFFFFFFFFFFFFFFFFFFFFFFFFFFFFFFF00
:10809000FFFFFFFFFFFFFFFFFFFFFFFFFFFFFFFFF0
:1080A000FFFFFFFFFFFFFFFFFFFFFFFFFFFFFFFFE0
:1080B000DFFFDFFFDFFFFFFFFFFFFFFFFFFFFFFF30
:1080C000FFFFBFFFFFFFFFEF5DCF357D6E338E2BD0
:1080D0001034F02BF02BF023AF23CF23CF23EF234B
:1080E0004F246F2CB03C70342E2C4F2C90344F2CDE
:1080F000AC23ED2BCD332B230E4C4B3B0722E62933
:10810000852944292321642965296429E739684A96
:10811000684A2842C63144214529A631E739C73982
:108120000C5B55A559C6BACEFCD61CDFDBD6BBCE40
:10813000DBCEFCD6FCD63DE77EEFBFF7BFF7FFFFF7
:10814000DFFFFFFFFFFFFFFFFFFFFFFFFFFFFFFF5F
:10815000FFFFFFFFFFFFFFFFFFFFFFFFFFFFFFFF2F
:10816000FFFFFFFFFFFFFFFFFFFFFFFFFFFFFFFF1F
:10817000FFFFFFFFFFFFDFFFDFFFFFFFDFFFBFF7B7
:10818000DFFFDFFFFFFFFFFFFFFFFFFFFFFFFFFF3F
:10819000FFFFFFFFFFFFFFFFFFFFFFFFDFFFFFFF0F
:1081A000FFFFDEFFFFFFFFF7FFF75ED78B3A4709C0
:1081B000C9114B1A89012A1AE91905018B4239B6EE
:1081C000DFE7FFEFB7A5C721E408293293841CCF6E
:1081D000FFEF39B6AB42A721F48C9EDFDCC6116CF1
:1081E000871905094611461145114619051125192A
:1081F00026192619051105190419C3100421E318BD
:10820000CA62B09CB0A4F1AC11B531B511B572BD64
:1082100072BD72BD72BD52BD52C572C552C552C546
:1082200052C552C572C572C572C571C551C551C519
:1082300051C530C531C531C531C531CD31CD51CD37
:1082400030C530C530C530C530BD51C5B2CD14D6EE
:1082500055DE75DE96DEB6E6B7E6D7E6F8EEF8EE62
:1082600018EF18F739F739F75AF75AF75AF75AF754
:108270007BF77BF77BF77BF77BF77BF77BF75BF78E
:108280007BF79BF77BF77BF73AF75AF7F9E63AE784
:10829000FADE5BE75CDFB28445110409CB42769DD0
:1082A0005DDFDFEFDBCE2D53E4086619661946115A
:1082B00029323595FFEFFFF7BFF7DEF7FFFFFFFF2E
:1082C000FFFFFFFFFFFFFFFFFFFFFFFFFFFFFFFFBE
:1082D000FFFFFFFFFFFFFFFFFFFFFFFFFFFFDFF7D6
:1082E000BFF7DFFFDFFFDFF7BFF7BFF7BFF7BFF76E
:1082F000DFFFFFFFFFFFFFFFFFFFFFFFFFFFFFFFAE
:10830000FFFFFFFFFFFFFFFFFFFFFFFFFFFFFFFF7D
:10831000FFFFFFFFFFFFFFFFFFFFFFFFFFFFFFFF6D
:10832000FFFFFFFFFFFFFFFFFFFFFFFFFFFFFFFF5D
:10833000FFFFFFFFFFFFFFFFFFFFFFFFDFFFDFFF8D
:10834000DFFFFFFFFFEF9ED7968DF043AF33CF33B4
:10835000F033CF2BD02BF02BCF23F02BCF23EF23D9
:108360002E1C702CB0344F2C0E2C6F348F340E2CEE
:10837000CD23ED2B8C238C33EE43EA32C519A52196
:10838000652965290321442985316529E739895201
:108390008952C639852965296529E7390842652941
:1083A000E739B28CF7BD9ACEDBD67DE75DE73DDFDE
:1083B0005DE73DDF3DE73DE79EEF9EEF9EEFDFF798
:1083C000DFFFDFFFFFFFFFFFFFFFFFFFFFFFFFFFFD
:1083D000FFFFFFFFFFFFFFFFFFFFFFFFFFFFFFFFAD
:1083E000FFFFFFFFFFFFFFFFFFFFFFFFFFFFFFFF9D
:1083F000FFFFFFFFDFFFDFFFDFFFDFFFFFFFFFFF0D
:10840000BFF7BFF7DFFFFFFFFFFFFFFFFFFFFFFF2C
:10841000FFFFFFFFFFFFFFFFFFFFFFFFFFFFFFFF6C
:10842000DEFFFFFFDFF7FFFFBFF7FFF79BC6460941
:108430000A1ACA11CA092B124B1A670905098B427D
:10844000D8ADFFEFFFEFF8AD8A3A0409C829727C76
:108450001DCFFFEF7ABE0D4B661172743DCF5DD715
:108460007695CC420509050966192519251925199E
:108470002619E51005110511E410E418E418C310DD
:10848000E7417094D1A4D2A433B532B532B552B518
:1084900072BD52B572BD72BD72C572C572C572C56C
:1084A00072C572C552C551C551C551C551C530C5FA
:1084B00030C530C530CD30CD31CD31CD30CD30CDE2
:1084C00030C52FC530C530C510BD51C5D2CD14D66D
:1084D00035DE75DE96DEB6E6D7E6D7E6F8EE18EFBF
:1084E00019F719F739F739F75AF75AF75AF77BFF9F
:1084F0005BF77BF77BF77BF77BF77BF77BF77BF70C
:108500009BF77BF77BF77AF73AF77BF73AEFB8D62A
:108510001ADFFAD671842411E3088A3AF48C5DD705
:10852000BFEF9BC62D532511251166194611E82969
:108530008F63DCCEDFF7DFF7FFFFDEF7FFFFBEF76D
:10854000DFFFDFFFDFFFFFFFFFFFFFFFFFFFFFFF9B
:10855000FFFFFFFFFFFFFFFFFFFFDFFFDFF79EEFE4
:108560009EF7DFF7DFFF9FF79EF79FF77EF79FF7F6
:10857000BFF7BFF7BFFFDFFFFFFFFFFFFFFFFFFFFB
:10858000FFFFFFFFFFFFFFFFFFFFFFFFFFFFFFFFFB
:10859000FFFFFFFFFFFFFFFFFFFFFFFFFFFFFFFFEB
:1085A000FFFFFFFFFFFFFFFFFFFFFFFFFFFFFFFFDB
:1085B000FFFFFFFFDFFFFFFFFFFFDFFFFFFFFFFF0B
:1085C000FFFFFFF73DD7968D104CCF33CF33F02B05
:1085D000AF23D02BD02BCF2BD02BCF2BCF23EF23E0
:1085E0002F1C6F246F2C2E2C0E246F344F2CAC1BA1
:1085F000CD23CD2BCD2BCD3B8D43A932C62185215B
:10860000A5318531E31803214429A639484289520E
:10861000073A64296529C631E7390742C739652910
:108620008629CF7396AD38BEDBD67EE75DE77EE761
:10863000BFEF9EEF7EEF3DE77EE79EEF9EEFDFF719
:10864000DFFFDFFFDFFFFFFFFFFFFFFFFFFFFFFF9A
:10865000FFFFFFFFFFFFFFFFFFFFFFFFFFFFFFFF2A
:10866000FFFFFFFFFFFFFFFFFFFFFFFFFFFFFFFF1A
:10867000FFFFFFFFFFFFFFFFFFFFFFFFFFFFFFFF0A
:10868000BFFFBFF7BFF7DFFFFFFFFFFFFFFFFFFFEA
:10869000FFFFFFFFFFFFFFFFFFFFFFFFFFFFFFFFEA
:1086A000DEFFFFFFFFFFDFF7FFFFFFFFBFEF989D3C
:1086B0002709CA11CB090B12EA11C911C8194611B1
:1086C0006A3AD8ADDFEFFFEF7ABE0D53E408A72179
:1086D00011741CCFFFEFDBC62D4B86118E53FCC6E9
:1086E000FFE7BBBE106CC829E40805114619051147
:1086F000E5100511051105112619E4100519E410FE
:108700002421EF7B17C6F7C595BD33AD12AD33B548
:1087100032B552B573BD93BD73BD73BD73BD52C544
:1087200052C552C552C551C551C551C531C531CDCE
:1087300030C510C510C510C510C530CD30CD30CDF9
:108740002FC52FC530C530C510BD50C5D3CD34D6CB
:1087500055D675DE96DEB7E6D7E6D7E6F8EE18EF23
:1087600019F719F739F739F75AF75AF75AF75BFF3C
:108770007BF77BF77BF77BF77BF77BF77BF77BF769
:108780009BF77BF75BF77BF75AF7F9E65AF71AE79F
:108790001ADF339D4419E308693AD3845DD7BFE7F4
:1087A000BBCE2D5BE40846196619251166198A3A75
:1087B00097A59FE7FFF7DFF7FFFFDFFFFFFFDFFF73
:1087C000FFFFDFFFDFFFFFFFFFFFFFFFFFFFFFFFF9
:1087D000FFFFFFFFFFFFFFFFFFFFFFFF9EEF7EEFAB
:1087E0009EF79FF7BFF79EF77EF79EF77EEF9EF707
:1087F0009EF79EF79EF7BFFFDFFFDFFFFFFFFFFF44
:10880000FFFFFFFFFFFFFFFFFFFFFFFFFFFFFFFF78
:10881000FFFFFFFFFFFFFFFFFFFFFFFFFFFFFFFF68
:10882000FFFFFFFFFFFFFFFFFFFFFFFFFFFFFFFF58
:10883000FFFFFFFFFFFFFFFFFFFFFFFFFFFFFFFF48
:108840007EE71CD7D79DCF4BCF3BEF33AE23AF2373
:10885000CF23D02BD02BCF2BCF2BCF2BCF2BCF2356
:108860004F246F244F240E242E2C4F2C0D246B13D9
:10887000ED23ED2BEE330E448C438932E629A529F6
:1088800085316529E318242185310742484A494A40
:10889000A6314421A629073AE731073AA631242117
:1088A0006529AA52D39496AD79CE1CDF9EEFDFF7EF
:1088B000DFF7DFF7BFF79EEFBEF79EEF9EEFDFF724
:1088C000DFFFDFFFDFFFDFFFFFFFFFFFFFFFDFFF58
:1088D000FFFFFFFFFFFFFFFFFFFFFFFFFFFFFFFFA8
:1088E000FFFFFFFFFFFFFFFFFFFFFFFFFFFFFFFF98
:1088F000FFFFFFFFFFFFFFFFFFFFFFFFFFFFFFFF88
:10890000DFFFBFF79FF7BFFFFFFFFFFFFFFFFFFF87
:10891000FFFFFFFFFFFFFFFFFFFFFFFFFFFFFFFF67
:10892000FFFFFFFFFFFFFFFFFFFFDFF7DFF7FFF7AF
:108930000F4B4809CB11CB090B1AA911E819861165
:108940004611E929F58C9FE7FFF7BBC64E5BA300F4
:108950008619CF6BDBC6FFEF5DD7F06386110C4342
:1089600018AEFFE79FDF769DAB420409C4082511CE
:1089700025194619C40825192519051105192519A0
:10898000C3108A52F8BDBBD6BAD6BADE58CE17C6C7
:1089900094B553B533AD33B553B573BD73BD53BD46
:1089A00052BD52C552C551C531C531C531C530C59D
:1089B00051CD30CD10CD10CD10CD10CD10CD0FC577
:1089C0000FC50FC530C530BD30BD70C5D3CD34D651
:1089D00055DE75DE96E6B7E6D7E6D8EED8EEF9EEC8
:1089E00019F719F739F73AF75AF75AF75AF75AF7C2
:1089F0007BF77BF77BF77BF77BF77BF77BF77BF7E7
:108A00007BF77BF75BF77BF77BFFF9E65AF7D8DE5E
:108A10003BE7129D8100483AB284FCCE9EE73DD7E9
:108A20004E5B04110411661945114611A7215174BA
:108A30003DD7DFF7DFF7DFF7FFFFDFFFFFFFFFFFC8
:108A4000FFFFFFFFFFFFFFFFFFFFFFFFFFFFFFFF36
:108A5000FFFFFFFFFFFFDFFFFFFFDFF73DE77EEFD9
:108A60009EEF7EEF9EF79EF79EF79EF79EF79EF78E
:108A7000BEF7BEF7BFF7BFFFDFFFDFFFFFFFFFFF60
:108A8000FFFFFFFFFFFFFFFFFFFFFFFFFFFFFFFFF6
:108A9000FFFFFFFFFFFFFFFFFFFFFFFFFFFFFFFFE6
:108AA000FFFFFFFFFFFFFFFFFFFFFFFFFFFFFFFFD6
:108AB000FFFFFFFFFFFFFFFFFFFFFFFF9FEF5EE7EF
:108AC000FCCE39AED36C6D33CF33F02BCF23CF2315
:108AD000CF2BF02BD02BCF2BCF2BCF2BAF2BCF2BC4
:108AE0004F2490246F2C2E2C4F2C2E2CCD1BAC1BE6
:108AF0002E2C0E34EE33CD3B4B3B272A65218529A6
:108B00006529442103218531E739284A2842E7397C
:108B1000A6318529E739073A8529C6316529031920
:108B200024218529CE7375ADB6B559C65DE7BFEF73
:108B3000FFF7FFF7DFF7FFFFFFFFDFF7BEF7DFF716
:108B4000DFFFDFFFDFFFFFFFFFFFFFFFFFFFFFFF95
:108B5000FFFFFFFFFFFFFFFFFFFFFFFFFFFFFFFF25
:108B6000FFFFFFFFFFFFFFFFFFFFFFFFFFFFFFFF15
:108B7000FFFFFFFFFFFFFFFFFFFFFFFFFFFFFFFF05
:108B8000DFFFBFFF9FF7BFF7DFFFDFFFFFFFFFFF45
:108B9000FFFFFFFFFFFFFFFFFFFFFFFFFFFFFFFFE5
:108BA000FFFFFFFFFFFFFFFFDFFFFFFFBFF7FFF745
:108BB000DDCECA214909AA11EA11EA19C8112922F0
:108BC000671147190A32D48C9FDFFFF7DCCE10748F
:108BD000041145196E5B59B6DFE77ED77274A71989
:108BE0004932148D3DD7FFEF1CCF927C092AC4086F
:108BF000E40846110509251925112519051105193E
:108C0000C4084621738C9BCEFCDE7EEF5DEF3CE713
:108C1000DADE99D637CEB5BD53AD33AD53B553B5C6
:108C200073C572C552BD52C531C531C531C531C5D7
:108C300010C510C510C510C510C510C510CD10C584
:108C4000EFC40FBD0FBD0FBD10BD71C5F3CD34D640
:108C500055DE76DE97E6B7E6D7E6D8EED8EEF9EE43
:108C600019F719F739F73AF75AF75AF75AF75AF73F
:108C70007BF77BF77BF77BF77BF77BF77BF77BF764
:108C80005BF77BF77BF75AF75AF75AF71AEF97D645
:108C90003BE7D1942319717C1CD7DFEFBFE78F63CB
:108CA000E40845196619461125118619EC4AF8ADF4
:108CB000BFEFDFEFDFF7FFFFFFFFDFFFDFFFDFFFCC
:108CC000FFFFFFFFFFFFFFFFFFFFFFFFFFFFFFFFB4
:108CD000FFFFFFFFFFFFFFFFDFF79EEF3DE77EE7B0
:108CE0007EEF7EEF9FF7BFF7BFF7DFFFDFFFDFFF0E
:108CF000FFFFDFFFDFFFFFFFFFFFDFFFFFFFFFFFE4
:108D0000FFFFFFFFFFFFFFFFFFFFFFFFFFFFFFFF73
:108D1000FFFFFFFFFFFFFFFFFFFFFFFFFFFFFFFF63
:108D2000FFFFFFFFFFFFFFFFFFFFFFFFFFFFFFFF53
:108D3000FFFFFFFFDFFFDFF7BFF77EEFDCD67ABE76
:108D40007AB6D89D3154EF3BEF2BCF23F02BCF23B6
:108D5000CF2BD02BCF2BCF2BCF2BCF2BAF23AF2392
:108D60002F1C902C902C6F2C2F2CCD23AC1B0E2C59
:108D70002E340E34EE33AD3BEA32E6214421852910
:108D8000442924214429A631284228420842C731D7
:108D9000A631C731073AC631C631852924210319C6
:108DA0000321C2184842139D149DB6AD79C67DE7D4
:108DB000FFFFFFFFDFF7FFF7FFFFFFFFFFFFFFFFF3
:108DC000DFFFDFFFDFFFFFFFFFFFFFFFFFFFFFFF13
:108DD000FFFFFFFFFFFFFFFFFFFFFFFFFFFFFFFFA3
:108DE000FFFFFFFFFFFFFFFFFFFFFFFFFFFFFFFF93
:108DF000FFFFFFFFFFFFFFFFFFFFFFFFFFFFFFFF83
:108E0000FFFFDFFFBFF7BEF7BEF7BEF7DFFFFFFFD5
:108E1000FFFFFFFFFFFFFFFFFFFFFFFFFFFFFFFF62
:108E2000FFFFFFFFFFFFFFFFFFFFFFFFFFFFFFFF52
:108E3000FFF798A5A5000B22A911CA11A8094B2A72
:108E4000C91947114711C821937C7FDFFFEF1DD758
:108E5000517C451925116E5B39B6FFE7BEDF358DB4
:108E6000E721C721927C5DD7DFE79FDF19AE6E5BFC
:108E70006619050966194619661925112519261955
:108E8000251105110D5B19BE9BCEFCDE3DE75DE7AC
:108E90009EEF5DEF1CE7DADE99D658CEF6C594BD9D
:108EA00033B532B532B532BD73BD73C572C552C567
:108EB00051C551C531C531C510C510C510C510BD4E
:108EC00010C5F0BCEFBCF0BC30BD92C5F3CD34D6BC
:108ED00055DE96DEB7E6B7E6D7EED8EED8EEF8EE7A
:108EE00019F719F739F75AF75AF75AF75AF75AF79D
:108EF0007BF75BF77BF77BF77BF77BF77BF77BF702
:108F00005BF77BF75AF75BF73AF73AEF1AEF19E797
:108F10001AE7D5B56D63FBD6DFEF9EE7527C0511EE
:108F200026196621051146114511E821927C3DD78D
:108F3000FFF7DFF7FFFFFFFFDFFFDFFFFFFFFFFFB1
:108F4000FFFFFFFFFFFFFFFFFFFFFFFFFFFFFFFF31
:108F5000FFFFFFFFFFFFFFFF9EEF3DDF5EE77EE7C6
:108F60005DE79EEFDFF7DFFFBFFFDFFFFFFFDFFF04
:108F7000FFFFFFFFFFFFFFFFFFFFFFFFFFFFFFFF01
:108F8000FFFFFFFFFFFFFFFFFFFFFFFFFFFFFFFFF1
:108F9000FFFFFFFFFFFFFFFFFFFFFFFFFFFFFFFFE1
:108FA000FFFFFFFFFFFFFFFFFFFFFFFFFFFFFFFFD1
:108FB000FFFFFFFFBFF77EEF1DDFBBCE7BC65AB6BC
:108FC0009BB6D895CF43AF33CF2BEF23EF23CF23DF
:108FD000AF2BCF2BCF2BCF2BCF2BCF2BAF23AF2331
:108FE0000E147024902C4F2CED23AC1BCD234F344A
:108FF0000E2C0E342F44AD43892AC621A529A53154
:10900000E31823216529853107420742073AA63133
:10901000A6312842C6314521E7396529E3180319ED
:10902000031981104421CE73349D149D75AD79CE02
:109030005DE7DFF7FFFFFFFFFFFFFFFFFFFFDFFF42
:10904000FFFFFFFFFFFFFFFFFFFFFFFFFFFFFFFF30
:10905000FFFFFFFFFFFFFFFFFFFFFFFFFFFFFFFF20
:10906000FFFFFFFFFFFFFFFFFFFFFFFFFFFFFFFF10
:10907000FFFFFFFFFFFFFFFFFFFFFFFFFFFFFFFF00
:10908000FFFFFFFFDFFFDFFF9EF79EF7BFF7FFFF4A
:10909000FFFFFFFFFFFFFFFFFFFFFFFFFFFFFFFFE0
:1090A000FFFFFFFFFFFFFFFFFFFFFFFFDEF7FFFFF9
:1090B000DFF7FFEF2E53681188118911C911C9110B
:1090C000EA21A819C8196711A819116CDCC6FFF7A5
:1090D0007EDFF48C8619C308AB42F8ADFFEFDFE703
:1090E000B69D6A3266192D5339B6FFEFFFEF5ED792
:1090F000769DCC424511C40825112511051146194C
:1091000046190509E829369D9BCEFDD63DDF3DDF9A
:109110001CDF3DE79EEF9EF77DEF3CEF1BE7FBE694
:10912000DADE78D6D6C574B533B532B512B511B519
:1091300011BD31BD31BD31BD31BD11BD11BDF0BC61
:1091400031C510BDF0B4F0B431BDB2C5F4D535D6DB
:1091500055DE96E6B7E6B7E6D7EED8EEF8EEF8EECF
:1091600019F719F739F75AF75AF75AF75AF75AF71A
:109170005BF75BF77BF75BF77BF77BF77BF77BF7BF
:109180007BF77BF75AF75AF75AF719EF3AEF3AEFAE
:10919000B8D678CE58C69DE79EE7B3840411251152
:1091A00046194611251166196619EB4218B6FFF7E4
:1091B000DFF7BFF7FFFFFFFFBFFFDFFFFFFFDFFFAF
:1091C000FFFFFFFFFFFFFFFFFFFFFFFFFFFFFFFFAF
:1091D000FFFFFFFFFFFFFFF75DE7FCDE7EE77EE7B7
:1091E0007EEFBFF7FFFFFFFFDFFFDFFFFFFFDFFFC8
:1091F000DFFFDFFFDFFFFFFFFFFFFFFFFFFFFFFFDF
:10920000DFFFDFFFDFFFFFFFFFFFFFFFFFFFFFFFCE
:10921000FFFFFFFFFFFFFFFFFFFFFFFFFFFFFFFF5E
:10922000FFFFFFFFFFFFFFFFFFFFFFFFFFFFFFFF4E
:10923000DFF7DFF75DE7FCD6BBCE7AC6BCC6DCC67F
:10924000DCBE1575D03BAF2BCF231024F023CF23EA
:10925000AF23CF2BAF2BAF23CF2BCF23AF23AF2306
:109260000E1C2F24702C0E246C13CD232E340E34A0
:109270000E2C2F3C2F444C3B272285216529442965
:10928000E318242165318631E739E739C731A63142
:10929000E739283A86294521A63145210319E318E3
:1092A000C218A110C2104842F39CF39C149D75A5EE
:1092B00038BE1CDFBEF7FFFFFFFFDFF7FFFFFFFF3A
:1092C000FFFFFFFFFFFFFFFFFFFFFFFFFFFFFFFFAE
:1092D000FFFFFFFFFFFFFFFFFFFFFFFFFFFFFFFF9E
:1092E000FFFFFFFFFFFFFFFFFFFFFFFFFFFFFFFF8E
:1092F000FFFFFFFFFFFFFFFFFFFFFFFFFFFFFFFF7E
:10930000FFFFFFFFFFFFFFFFBFF79EF79EF7BEF7D0
:10931000FFFFFFFFFFFFFFFFFFFFFFFFFFFFFFFF5D
:10932000FFFFFFFFDFFFFFFFFFFFFFFFBEF7FFFFB6
:10933000FFFFFFF73ED76711A911EA19A91188119C
:10934000C9112B2AC919A819671125094E5339B615
:10935000FFF79EDFB6A52832C308AB42969DFFE714
:10936000FFEF38AE2C4B25116A32148DFCCEFFEF87
:10937000DFE7DBC6927C2932C408251105110511EF
:109380000511E5084619AF633ABEFDD63EDF5EDF44
:109390007EE75DE75DE75DE75DE75DEF7DEF7DEF34
:1093A0009EF75DEF1BE7DADE78D617CED5C594BD04
:1093B00012B512ADF1AC12B512B532B532B511B568
:1093C00011BDF0BCF0B4F0B431BD92C514D635D6A1
:1093D00076DE97E6B7E6B7E6D7EEF8EEF8EEF8EE0B
:1093E00019F739F73AF75AF75AF75AF75AF75AF777
:1093F0005BF75BF75BF75BF75BF77BF77BF77BF77D
:109400007BF79BF75BF75BF75AF75AF73AEFF9E60A
:10941000D9D6D9D6DEEF5CDFB38C45196621461963
:109420000511461946116619292A927C7EDFDFEF65
:10943000BFEFBFF7DFF7DFFFDFFFDFFFFFFFDFFF7C
:10944000FFFFFFFFFFFFFFFFFFFFFFFFFFFFFFFF2C
:10945000FFFFFFFFFFFF9EEF1CDFFCD65DDF5EE737
:10946000BFEFFFFFFFFFFFFFFFFFFFFFFFFFDFFF7C
:10947000FFFFFFFFFFFFFFFFFFFFDFFFDFFFDFFF5C
:10948000DFFFDFFFFFFFFFFFFFFFFFFFFFFFFFFF2C
:10949000FFFFFFFFFFFFFFFFFFFFFFFFFFFFFFFFDC
:1094A000FFFFFFFFFFFFFFFFFFFFFFFFFFFFDFF7F4
:1094B000BEEF5DE7FBD6BBCEDBCEDCCEFDD61DCF4F
:1094C00019A61154AF33D02BCF23F023F023AF23B1
:1094D000AF23CF2BAF23AE23CF23CF23AF23AF2395
:1094E0000F1C0E1C4F2CCD1B2B0BED2BB03CCD239A
:1094F000ED2B4F3CEE43AA2AC621652124212321CE
:109500002421442965298631C739C739A631C7398D
:109510002842A6314521C7316529E3180419E3180B
:10952000C218E31861080319CF73149D54A5349D24
:1095300055A5D6AD79C65DE7BEF7DFF7FFFFDFF7CC
:10954000FFFFFFFFFFFFFFFFDFFFDFFFFFFFFFFF6B
:10955000FFFFFFFFFFFFFFFFFFFFFFFFFFFFFFFF1B
:10956000FFFFFFFFFFFFFFFFFFFFFFFFFFFFFFFF0B
:10957000FFFFFFFFFFFFFFFFFFFFFFFFFFFFFFFFFB
:10958000FFFFFFFFFFFFFFFFFFFFBEF79EF77EEF2E
:10959000DFFFFFFFFFFFFFFFFFFFFFFFFFFFFFFFFB
:1095A000FFFFFFFFFFFFFFFFFFFFFFFFFFFFFFFFCB
:1095B000FFFFFFF7FFEFB47C060989118911EA1953
:1095C0008811E919E9196711881967118719AB42E0
:1095D00018AEFFEFFFEFD7ADEC4A04114932F48C1F
:1095E000BEDFFFEFFCCE3174871946114D53B7A58E
:1095F0009EDFFFEFBFE759B6CF636619C40866194F
:109600004611461105114A3A97A5BCCE1DD73EDF3B
:109610003DDF3EDF7EE79EEF5DE73DE73CE73DE770
:109620007EEF9EEF9EEF7EEF5DEF5CE73BE71BE793
:10963000FAE678D6D6C574B533AD12ADF2ACF2AC5D
:10964000F1ACD1B4D1B4F1AC11B593C514D655D6A3
:1096500076DE97E6B7E6D7E6D7EEF8EEF8EE18F73F
:1096600019EF39F73AF75AF75AF75AF75AF75BF7FB
:109670005BF75BF75AF75AF75AF75BF77BF77BF71D
:109680007BF75BF75BF77BF73AF79BFFD8E6F9E6EA
:109690003BE7D9D69DEF349D041105114619E5101D
:1096A000C8292511661966190C4B59B6DFEFFFEF73
:1096B000DFF7DFF7DFF7FFFFDFFFDFFFDFFFFFFF92
:1096C000FFFFFFFFFFFFFFFFFFFFFFFFFFFFFFFFAA
:1096D000FFFFFFFFFFFF5DE7FCDEFCDE1CDF5DE759
:1096E000BFF7FFFFDFF7FFFFFFFFFFFFFFFFFFFFFA
:1096F000FFFFFFFFFFFFFFFFDFFFDFFFDFFFDFFFFA
:10970000FFFFFFFFFFFFFFFFFFFFFFFFFFFFFFFF69
:10971000FFFFFFFFFFFFFFFFFFFFFFFFFFFFFFFF59
:10972000FFFFFFFFFFFFFFFFFFFFFFFFDFF79EEFE2
:109730003CDFFBD6DBD6DBD61DD75EDF1DCFFDC6FB
:10974000157DD0438F2BAF2BF023F023D0238E2316
:10975000AF2BCF2BCF2BCF23CF23EF23CF23AF2381
:109760000F1C2F24EE238C1B8C1B4F348F34ED23C6
:10977000ED2B2F444C3B482AA62144216429442147
:10978000242165298631C739E739E739A631C73938
:10979000A6312421A631E7394521E31804192421F3
:1097A000E318A210A210C210283A718C54A595ADEE
:1097B00075A5349D549D17B699C6FBD65DDFBEEFE7
:1097C000DFF7FFF7FFF7FFF7FFFFFFFFFFFFFFFFE9
:1097D000FFFFFFFFFFFFFFFFFFFFFFFFFFFFFFFF99
:1097E000FFFFFFFFFFFFFFFFFFFFFFFFFFFFFFFF89
:1097F000FFFFFFFFFFFFFFFFFFFFFFFFFFFFFFFF79
:10980000FFFFFFFFFFFFFFFFFFFFFFFFBFF77EEF41
:109810009EEFBFF7DFFFFFFFFFFFFFFFFFFFFFFF31
:10982000FFFFFFFFFFFFFFFFFFFFFFFFFFFFDFFF68
:10983000FFFFFFFFFFF7BFE7AC422609EA21470918
:109840000A1AEA196809C919881167114611C82945
:10985000AB42769DFFEFFFF79BC68F632511C721B3
:109860003174BBC6FFEF9EDF358DC721A300082AE8
:10987000116C19AEBFE7FFEF1DD7358DAB42E40881
:109880008300A72166194611D06319B69CC65EDF16
:109890005FDF7FE77FE77EE73EDF9EE75DDF7DE717
:1098A0005EE75EE73DDF3DDF5DE77DE77DE75DE7A6
:1098B0003DE75DE73CE71CE7DBDE9AD639CE38CEE4
:1098C000F7C5F7CDD6C594BD52B592BD14CE55D6C9
:1098D00076DE96E6B7E6B7EED8EEF8EE18EF19F7B3
:1098E00019EF39F75AF75AF75AF75BF77BF77BF717
:1098F0007BF75BF75AF75AF75BF77BF77BF77BF75A
:109900007BF77BF77BF77BF73AF77BF7F9E619E70D
:10991000B9D6B9D6B18C85210419E41066190511A0
:10992000251166196619E829B38C7EDFDFEFBFEFDA
:10993000DFF7DFF7DFF7DFF7DFFFDFFFDFFFDFFF57
:10994000FFFFFFFFFFFFFFFFFFFFFFFFFFFFDFFF47
:10995000FFFFFFFFBFF71CDF1CDF1CDF3DDF7EEFDB
:10996000BFF7DFF7DFFFFFFFFFFFFFFFFFFFFFFF97
:10997000FFFFFFFFDFFFDFFFDFFFDFFFDFFFDFFFB7
:10998000FFFFFFFFFFFFFFFFFFFFFFFFFFFFFFFFE7
:10999000FFFFFFFFFFFFFFFFFFFFFFFFFFFFFFFFD7
:1099A000FFFFFFFFFFFFFFFFFFFFDFF77EEF3DDF62
:1099B0001CDFFCD61DDF3DDF3DDF3DD75ECFBBAEFC
:1099C000725CAF3BAF33CF2BEF23EF23CF238E233C
:1099D000AF23CF2BCF23CF23CF23CF23AF23AF234F
:1099E000CE13502CAD1B2B130E2C4F34ED234E2CCD
:1099F0000E340E44EA32072AA6292421442185295F
:109A000044216529A631C739C739C739C631C63996
:109A100065294529E739E7392421C31003190419B9
:109A20008208C210A210820844212C5B339D54A5E9
:109A3000B6AD95A5549D549D95A5D7AD18B69AC6BB
:109A4000BACEFBD61CDF3CDF5DE77EE79EEFBFF7BB
:109A5000BEF7DFF7DFFFFFFFFFFFFFFFFFFFFFFFA7
:109A6000FFFFFFFFFFFFFFFFFFFFFFFFFFFFFFFF06
:109A7000FFFFFFFFFFFFFFFFFFFFFFFFFFFFFFFFF6
:109A8000FFFFFFFFFFFFFFFFFFFFFFFFDFFFBEF74F
:109A90003CE77EEFDFFFFFFFDFFFDFFFFFFFFFFFA2
:109AA000FFFFFFFFFFFFFFFFFFFFFFFFFFFFFFFFC6
:109AB000FFFFFFFF5DE7FFF7FDCE67190601EA191B
:109AC000A91168090A1A89118911881967192611BB
:109AD00087196A42F494BFE7FFF73DD7B38487192B
:109AE00025092D537ABEFFEFBFE739AEEC4AC4001B
:109AF00025118B3A116CDCC6DFE7BFE7FCC6517459
:109B0000092A8300E40846118B42B484D9AD9BC670
:109B10001ED73EDF7FE79FE73EDF7EE77EE77EE7FB
:109B20007EE77EE75DDF3DDF3DDF3DDF5DDF5DE75B
:109B30005DE75DE73DE73DE73DE71DE71CE73DE706
:109B40003DEF5DEF5CEFD9DEF5C593BD35CE76DE3A
:109B500076DE96E6B7EEB7EED8EEF8EE18EF39EF10
:109B600039F739F75AF75AF75BF75BF75BF75BF7AB
:109B70007BF75BF77BF77BF77BF77BF77BF77BF775
:109B80007BF77BF77BF77BF73AF77BF7F9E6F9E6AC
:109B9000F9DE57C6A631C3108621E30846194511E0
:109BA0004619461166192D5339BEDFEFDFF79EEFD8
:109BB000DFF7DFF7DFF7DFF7DFFFDFFFFFFFDFFFB5
:109BC000FFFFFFFFFFFFFFFFFFFFFFFFFFFFDFFFC5
:109BD000DFFFFFFF9EF7DBDEDBD61CDF5DE79EEFDE
:109BE000DFFFDFFFFFFFFFFFFFFFFFFFFFFFFFFFC5
:109BF000FFFFFFFFFFFFFFFFFFFFFFFFFFFFFFFF75
:109C0000FFFFFFFFFFFFFFFFFFFFFFFFFFFFFFFF64
:109C1000FFFFFFFFFFFFFFFFFFFFFFFFFFFFFFFF54
:109C2000FFFFFFFFFFFFFFFFDFF79EEF5EE73DDF78
:109C30003DDF5DDF5EE77EE77EE75ED75DCF1896AE
:109C4000104C8F33CF2BCF231024EF23EF2BCF2BB0
:109C5000AF2BCF2BCF23CF23CF23AF23AF23AF23E4
:109C60000E1CCE1B8D13AD1B0E2C2E2C2E2C0E3449
:109C70000E3CCD43A932E729A631232103218529B2
:109C800044298631C631A631C7390742E7398529CB
:109C900044218631E7396529E318C3100419E31814
:109CA000A210C310C310C310E310C631307C75A5D9
:109CB00074A5F6B5B6ADB6ADD7ADB6ADF8B5F7ADE2
:109CC000F8B538BE59C67AC6BACEDBD6FCDE1CDF84
:109CD0003DE75DE77EEFBEF7BFF7DFF7DFFFFFFF92
:109CE000FFFFFFFFFFFFFFFFFFFFFFFFFFFFFFFF84
:109CF000FFFFFFFFFFFFFFFFFFFFFFFFFFFFFFFF74
:109D0000FFFFFFFFFFFFFFFFFFFFFFFFFFFFDFFF83
:109D10009EF75DEF5DEFBFF7FFFFFFFFFFFFFFFF68
:109D2000FFFFFFFFFFFFFFFFFFFFFFFFFFFFFFFF43
:109D3000FFFFFFFFDFF7FFFFBFEF5BBE671167119C
:109D4000A919C91968090A1A8811881147116719D0
:109D5000871946190832517CFCCEFFEFFFEF979D23
:109D6000292A2409CB42B7A5DFEFDFEF3DD7727C6C
:109D7000A719C30086190C43D7A59EDFFFEF9EDF0E
:109D800059B6316C8719A3008721F16BD48C3AB690
:109D90007BBEFDD63EDF7FE75EE77EE77EE77EE7C0
:109DA0009FEF7EE75EE73DDF3DDF3DDF3DDF5DDFCF
:109DB0003DDF3DE73DDF3DE73DE73DE73DE75DEF6B
:109DC0001DE73DEF3CEFFAE6F5C572B514CE55D66A
:109DD00076DE97E6B7EEB7EED8EEF8EE18EF19EFAD
:109DE00039F759F75AF75AF75BF75BF75BF75BF709
:109DF0007BF77BF77BF77BF77BF77BF77BF77BF7D3
:109E00007BF77BF77BF75BF73AF77BF719EFF9E620
:109E1000FAE678CE2421C3104519041166194619B3
:109E200046194511082AD48C7EE7DFF7DFEFBFEF34
:109E3000DFF7DFF7DFF7DFF7DFFFDFFFFFFFDFFF32
:109E4000FFFFFFFFFFFFFFFFFFFFFFFFFFFFDFFF42
:109E5000DFFFFFFF5DEFDBDEFCDE7EEFBFF7DFF74E
:109E6000FFFFFFFFFFFFFFFFFFFFFFFFFFFFFFFF02
:109E7000FFFFFFFFFFFFFFFFFFFFFFFFFFFFFFFFF2
:109E8000FFFFFFFFFFFFFFFFFFFFFFFFFFFFFFFFE2
:109E9000FFFFFFFFFFFFFFFFFFFFFFFFFFFFFFFFD2
:109EA000FFFFFFFFFFFFDFF79EEF5EE75EE75EE786
:109EB0007EE7BFEF5EE79FE79FE75DD7FCBE1475C7
:109EC0008F3B8F33CF2BCF23EF23EF23CF23CF2B0A
:109ED000AF2BCF2BAF23CF23CF23AF23AF23AF2382
:109EE000EE1B8D13AD1BEE23EE230E2C2E34ED3323
:109EF000ED3B8C43A932E6298529032103216529FD
:109F0000652985318631A63128422842C739242166
:109F10004529A631C7310421C210E3182421E318D2
:109F2000A210A210C210E3180319C210283AF39429
:109F3000549DB5ADF7B517B618B618B679BE18B6B4
:109F400079C69AC69AC6BACEDBD6FCD6FCDEFCDE53
:109F50001CDF1CDF3CE75DE75DEF7EEF9EF7BEF7A1
:109F6000BEF7DFFFFFFFFFFFFFFFFFFFFFFFFFFF6A
:109F7000FFFFFFFFFFFFFFFFFFFFFFFFFFFFFFFFF1
:109F8000FFFFFFFFFFFFFFFFFFFFFFFFFFFFFFFFE1
:109F9000FFFF7EEF3CE77DEFBEF7DFFFFFFFFFFF38
:109FA000FFFFFFFFFFFFFFFFFFFFFFFFFFFFFFFFC1
:109FB000FFFFFFFFFFFFFFF7FFF7FFEF16952609F3
:109FC0006711C919E919A911EA19A91188194711C5
:109FD000471987210511A7216E5B59B6FFF7FFEFDF
:109FE0007ABE2D53E408082AD48C3DD7FFEFDFE773
:109FF000F8AD2D4BE400E400E8218E5BD7A5BFE768
:10A00000DFE73DCFF8AD8E5BE508EC4A3695B8A5A5
:10A01000F9B59BC6FDD61DD75EE77EE75EE77EE716
:10A020007EE79EE77EE77EE75EE75DDF5DE75DE773
:10A030005DE75DE75DDF3DDF3DDF1CDFFCDE1CDF54
:10A040001DDFFCE6FBDEDADED5C593BD55D676DE38
:10A0500076DE97E6B7EEB7EED8EEF8EEF8EE19EF4B
:10A0600039F73AF75AF75AF75BF75BF75BF75BF7A5
:10A070007BF77BF77BF77BF77BF77BF77BF77BF750
:10A080005BF77BF75BF75AF73AF75AF719EFF9E600
:10A09000D9DE58CEA529E3104519251925194511F2
:10A0A000661966192D537ABEDFEF9EE7BFEFDFF723
:10A0B000DFF7DFF7DFF7DFF7DFFFDFFFFFFFFFFF90
:10A0C000FFFFFFFFFFFFFFFFFFFFFFFFFFFFDFFFC0
:10A0D000FFFFDFFF1CE71CE77EEFDFF7FFFFFFFF5F
:10A0E000FFFFFFFFFFFFFFFFFFFFFFFFFFFFFFFF80
:10A0F000FFFFFFFFFFFFFFFFFFFFFFFFFFFFFFFF70
:10A10000FFFFFFFFFFFFFFFFFFFFFFFFFFFFFFFF5F
:10A11000FFFFFFFFFFFFFFFFFFFFFFFFFFFFFFFF4F
:10A12000FFFFFFFFDFF7BFF79EEF7EEF7EE7BFEF9A
:10A13000BFEFBFEF7EE79FE77EE73DCF59A63154E3
:10A140006E338F33CF2BCF23EF23CF23CF23CF2BD0
:10A15000AF2BCF2BAF23CF23CF23CF23AF23AF23DF
:10A16000AD1BAD1BEE230E24EE230E2C0E34CD338F
:10A17000EE4B4B43883AC6292321E3184429853105
:10A18000652985318529C739694A073A6529032137
:10A190004529A631A6310419E31804192421E3182E
:10A1A000A210A210A210041944218108C2106C63ED
:10A1B000549D74A517B617B659BE9AC6BACEDBCE53
:10A1C000FCD61CDF1CDF3DDF5DE77EE75DE77EEF51
:10A1D0007EEF7EEF5DEF5DEF5DEF5DEF5DEF5DE7E5
:10A1E0007DEF7EEF9EF7BEF79EF79EF7BEF7BFF7B7
:10A1F000DFFFDFFFFFFFFFFFFFFFFFFFFFFFFFFFAF
:10A20000FFFFFFFFFFFFFFFFFFFFFFFFFFFFFFFF5E
:10A21000FFFFDFFF9EF75DE77DEFDFFFFFFFFFFF43
:10A22000FFFFFFFFFFFFFFFFFFFFFFFFFFFFFFFF3E
:10A23000FFFFFFFFFFFFFFFFFFF7DFF7DFEF527CBE
:10A24000C500E9210A1A8809A809EA19A919881973
:10A2500088216721671905118719CB4235959FE73A
:10A26000FFF73DD7517404114511AF639ABEFFEF5C
:10A27000FFEF1CCF148D082AA3006619E8296E5B36
:10A280005AB67EDF9EDF1DCFF48C0D53158DD8ADF1
:10A290003ABE5ABEFDD6DCCE1DDF5DDF5DDF3DDFA1
:10A2A0005EE75EE75EE75EE75EE75DDF5DDF5EE798
:10A2B0005EDF5DDF3DDF3DDF3DDF1DDF1DDF3DDFBD
:10A2C0001DDF1DDF1CDFDADEB5BD73B535D676DEEA
:10A2D00076DE97E6B7E6B7EED8EEF8EEF9EE19EFD0
:10A2E00039EF3AF75AF75AF75BF75BF75BF75BF72B
:10A2F0007BF77BF77BF77BF77BF77BF77BF77BF7CE
:10A300005BF77BF75BF75AF73AF75AF719EFF9E67D
:10A31000B9DE58CE6529A210652125190511251130
:10A320006619092AB3847EE7BFEF9FEFBFF7DFF717
:10A33000DFF7DFF7DFF7DFF7DFFFDFFFFFFFFFFF0D
:10A34000FFFFFFFFFFFFFFFFFFFFFFFFFFFFFFFF1D
:10A35000DFFF9EF73DE77EEFDFFFFFFFFFFFFFFF21
:10A36000DFFFFFFFFFFFFFFFFFFFFFFFFFFFFFFF1D
:10A37000FFFFFFFFFFFFFFFFFFFFFFFFFFFFFFFFED
:10A38000FFFFFFFFFFFFFFFFFFFFFFFFFFFFFFFFDD
:10A39000FFFFFFFFFFFFFFFFFFFFFFFFFFFFFFFFCD
:10A3A000DFFFBFF79EEF9EEF9FEF9FEFBFEFDFF75F
:10A3B000DFEFBFEF9FEF9EE75ED7FCC6B78DAF43E1
:10A3C0004E33AF33CF2BCF23CF23CF23AF23CF2396
:10A3D000AF2BCF2BAF23CF23CF23AF23AF23AF237D
:10A3E0008D13CD1B4F2C4F2CCD1B0F2C4F3CAD3B59
:10A3F000CD4BEA42683AA529E2180321853185311F
:10A400002421C739E739E7392842C63144292421B4
:10A41000862986314529E318E31804210421C3184D
:10A420008208E318E31803190319A210810885298B
:10A43000507C74A5B6ADF7B59AC67AC6FBCE3DDFA3
:10A440003DDF5DE77EE79EE79EEF9EEF9EEFBFF765
:10A45000BFF7BFF7BFF7BFF7BEF79EF79DEF7DEFE2
:10A460003DE73CE71CE73CE73DE73DE75DE73DE7CF
:10A470007DEF7EEFBEF7BFF7DFF7DFFFDFFFDFFF28
:10A48000FFFFFFFFFFFFFFFFFFFFFFFFFFFFFFFFDC
:10A49000DFFFFFFFDFFFBEF7BFF7FFFFFFFFDFF7C5
:10A4A000FFFFFFFFFFFFFFFFFFFFFFFFFFFFFFFFBC
:10A4B000FFFFDEFFDFFFFFFFFFFFDFF7FFFFBFEF65
:10A4C000B0630601C811A809E911EA196811CA297F
:10A4D000682148216719A82146112511E829D48C43
:10A4E0003DD7FFEFDFE7B7A5082A04118A3A559553
:10A4F0005EDFFFEFDFE77ABEF06B4611A300451188
:10A50000292A316CDBC6DFE77EDF3595737C19B60F
:10A510005BBE9BC6DDCEBCCE1DD73DDF3DDF5DDF24
:10A520005EE75EE73DE73DDF3DDF3DDF3DDF5DDFD1
:10A530003DDF5DDF3DDF3DDF3DDF1DD71DD73DD773
:10A540001DDF1DDF1CDFDADEB5BDB4BD35D676DE1E
:10A5500096E6B7E6B7E6B7E6D8EEF9EE19EF19EFEB
:10A5600039EF3AF75AF75AF75BF75BF75BF75BF7A8
:10A570007BF77BF77BF77BF77BF77BF75BF75BF78B
:10A580007BF77BF75BF75AF73AF73AF719EFF9E6FB
:10A59000D9DE78CEA631C31024192519251125112D
:10A5A00066192D5318B6FFF79FEFBFF7DFF7BFF718
:10A5B000DFF7BFF7BFF7DFF7DFFFFFFFFFFFFFFFAB
:10A5C000FFFFFFFFFFFFFFFFFFFFFFFFDFFFDFFFDB
:10A5D000BFF79EF77EEFDFFFFFFFFFFFDFF7FFFF15
:10A5E000FFFFFFFFFFFFFFFFFFFFFFFFFFFFFFFF7B
:10A5F000FFFFFFFFFFFFFFFFFFFFFFFFFFFFFFFF6B
:10A60000FFFFFFFFFFFFFFFFFFFFFFFFFFFFFFFF5A
:10A61000FFFFFFFFFFFFFFFFFFFFFFFFDFF7BEF7BB
:10A620007EEF5DE73DDF3DDF5DE77EE79FEFBFEF5C
:10A63000DFEFBFEFBFEF5EDFDCCEBBBE7685AF43A3
:10A640008E33D033CF2BEF2BEF23CF23AF23AF238A
:10A650008F23AF2BAF23CF23CF23AF23AF23AF2342
:10A660008C132F24702C2F24EE1B2F2C0F3CAD436A
:10A670006C4B683AE6318429E21803218631653152
:10A680002421073A073AE739C6318531652945293A
:10A69000A6316529E318A210C318E3180419C210E3
:10A6A0008208E418E318C210C210C210A110810879
:10A6B000CA4A139D75A5D6AD59BE59BEFCD61DD745
:10A6C0005DDF7EE79EEFBFEFBFEFBFEFBFF7DFF7C6
:10A6D000BFF7DFFFDFFFFFFFFFFFFFFFDFFFDFFF52
:10A6E000BEF79EEF7DEF7DEF7EEF9EEF7EEF7DEF7D
:10A6F0005DEF7DEF7EEF9EF7BEF7BFF7DFFFDFFF79
:10A70000FFFFFFFFFFFFFFFFFFFFFFFFFFFFFFFF59
:10A71000BFF7DFFFFFFFFFFFDFFFBEF7BFF7FFFF62
:10A72000FFFFFFFFFFFFFFFFFFFFFFFFFFFFFFFF39
:10A73000FFFFFFFFFFFFFFFFFFFFFFFF9FF7FFF799
:10A740005EDFAC3A46012A1A4B1AA911EA214819D0
:10A7500028194819682126116719A721661945117A
:10A76000AF63FCD6FFF7FFEF7ABECB420409E829BE
:10A770006E5BF8ADBFE7DFE77EDF7ABE4D530509BC
:10A78000050946116A3AB3841DCF7EDF158DF58C1D
:10A79000F9ADBCCE9CC6DCCEFDD63DDF3DDF7EE70D
:10A7A0007EE75EE73DDF3DDF3DDF3DDF3DDF3DDF57
:10A7B0005DDF5EDF5EDF5EDF3DDF1DD71DD71DD7AE
:10A7C0001ED71DD71CDF9AD694B5D4C535D676DEF4
:10A7D00096E6B7E6B7EED7EED8EEF8EE19EF19EF3A
:10A7E00039F73AF75AF75AF75BF75BF75BF75BF71E
:10A7F0007BF77BF77BF77BF77BF77BF75BF75BF709
:10A800007BF77BF75BF75AF73AF719EF19EFF9E6A1
:10A81000D9E637CEC639E318251925192519451962
:10A82000082AD3843DDFBFEF9EEFBFF7BFF7BFFF1E
:10A83000BFF7BFF7BFF7DFFFFFFFFFFFFFFFFFFF20
:10A84000FFFFFFFFFFFFFFFFFFFFFFFFDFFFDFF760
:10A85000BFF7BFF7DFFFFFFFFFFFFFFFDFFFFFFFD8
:10A86000FFFFFFFFFFFFFFFFFFFFFFFFFFFFFFFFF8
:10A87000FFFFFFFFFFFFFFFFFFFFFFFFFFFFFFFFE8
:10A88000FFFFFFFFFFFFFFFFFFFFFFFFFFFFFFFFD8
:10A89000FFFFFFFFFFFFFFFFDFF7BEF77DEF5DE785
:10A8A0003DE71CDFFCDEDCD6DCDEFDDE3DE75EE7FF
:10A8B0009FEF9FE77FE7FCD69BC6DCC6968DAF4334
:10A8C0008F33D033AF2BEF2BCF23CF23AF23AF2347
:10A8D0008F23AF2BAF23AF23AF23AF238F238F2340
:10A8E000CD1B2F24902C2F1CCD1B0E2C0F44AD43C1
:10A8F0004B53273AA4294321E218232165314529E6
:10A900006529C639A631C6398631442945298529A4
:10A9100065294521E318A210C310C210E318C3181B
:10A92000C310E318C310A210C210A210A108A108FE
:10A93000E318AD6B54A595A5B7AD9AC6BBCEDCD6D2
:10A940003DDF5DDF7EE79EEFBFEFBFEFBFF7BFF7F5
:10A95000DFF7DFFFDFFFDFFFDFFFFFFFFFFFFFFFAF
:10A96000FFFFFFFFFFFFFFFFFFFFFFFFDFFFDFFF37
:10A97000DFF7BFF7BEF7BEF7BFF7DFF7DFFFDFFF99
:10A98000FFFFFFFFDFFFFFFFFFFFFFFFDFFFDFFF37
:10A99000FFFFFFFFFFFFFFFFFFFFFFFFFFFFDFFFE7
:10A9A000FFFFFFFFFFFFFFFFFFFFFFFFFFFFFFFFB7
:10A9B000FFFFFFFFFFFFFFFFFFFFFFFFBFFFFFFFE7
:10A9C000FFF7BBBE09222601E911C911EA218A213C
:10A9D0006921692168196711871987196619451155
:10A9E00066190C53F8ADFFEFFFEF7EDF727C0409B0
:10A9F000C3080832AF637ABEBFE75ED79EDFD8A533
:10AA0000CC422509830045118A3A56953AB6F48C12
:10AA100097A59BC67BC61ED7BCCEFDD65EE77EE75C
:10AA20007EE75EE73DDF3DDF3DDF3DDF3DDF3DDFD4
:10AA30003DDF3DDF1DDF1DD71DD71DD71DD73DDFF6
:10AA40001DD71DD71DDF99CE94B5F5C535D676DE59
:10AA500096E6B7E6D7EED7EEF8EEF8EE19EF19EF77
:10AA60003AF75AF75AF75BF75BF75BF75BF75BF779
:10AA70007BF77BF77BF77BF77BF77BF75BF77BF766
:10AA80007BF77BF75BF75AF73AF719EF19EFF9E61F
:10AA9000B9DEB9DE073AA21065210411251966193D
:10AAA0000C4B39B6FFEF5EDFBFEFBFF79FF7BFF785
:10AAB000BFF7BFF7BFF7DFFFFFFFFFFFFFFFFFFF9E
:10AAC000FFFFFFFFFFFFFFFFFFFFFFFFFFFFDFFFB6
:10AAD000BFF7BFF7FFFFDFF7FFFFFFFFFFFFFFFF3E
:10AAE000FFFFFFFFFFFFFFFFFFFFFFFFFFFFFFFF76
:10AAF000FFFFFFFFFFFFFFFFFFFFFFFFFFFFFFFF66
:10AB0000FFFFFFFFFFFFFFFFFFFFFFFFFFFFFFFF55
:10AB1000FFFFFFFFDFFFBEF79EEF5DE73CE71CDFB7
:10AB20001CE71DE71DDFFCDEDCDEFCDEFDDE1DDFDD
:10AB30003DDF7EE75EE7DCCEBBC63ECFD8956E3B01
:10AB40008E33AF2B8E23EF2BCF23CF23CF23AF23F7
:10AB5000AF23AF2BAF23AF23AF238E238F238F23BE
:10AB6000CD1B0E1C4F242E1CCD1BEE2BEE436C4335
:10AB7000C942063263212221032123214429652968
:10AB8000A63185316529E73985292421652985295B
:10AB900065290419E318E318C210C318E318E31871
:10ABA000E318A2108208E318E318A210C210C21022
:10ABB0002000273A718475A575A559BE7AC6DBCEEB
:10ABC0001CD73DDF7EE77EE79FEFBFEFBFF7DFF7E4
:10ABD000DFFFDFF7DFFFFFFFFFFFFFFFFFFFFFFFED
:10ABE000FFFFFFFFFFFFFFFFFFFFFFFFFFFFFFFF75
:10ABF000FFFFFFFFFFFFFFFFFFFFFFFFFFFFFFFF65
:10AC0000FFFFFFFFFFFFFFFFFFFFFFFFFFFFFFFF54
:10AC1000FFFFFFFFFFFFFFFFFFFFFFFFFFFFDFFF64
:10AC2000DFFFFFFFFFFFFFFFDFFFFFFFFFFFDFFF94
:10AC3000FFFFFFFFFFFFFFFFFFFFFFFFFFFFFFFF24
:10AC4000FFF7DFEFD89D4609A809EA196811AA2184
:10AC50008A2149196819A919881966118721A7211C
:10AC60006619461909323595BFEFFFF7DFEF39B6A0
:10AC7000CB42C300E4004932727CFCC69EDFDFE7B2
:10AC80001CCF158D4932C400E408E829159597A515
:10AC9000D8ADD8ADBCCEFDCEBCCEDCCE1DD73DDF11
:10ACA0005EE75EE77EE77EE75DDF3DDF1DDF3DDFE0
:10ACB0003DDF1DDFFDD6FCD6FCD6FCD6FDD61DD76C
:10ACC000FDD63DD71CDF78CE94B5F5C555D676DEDA
:10ACD00096E6B7E6D7EED8EEF8EEF8EE19EF39EFD4
:10ACE00039F75AF75AF77BF75BF75BF75BF77BF7B8
:10ACF0007BF77BF77BF77BF77BF77BF77BF77BF7C4
:10AD00005BF77BEF5BF75AF75AF7F9EE19EFD9E6E5
:10AD1000B9DEB9D6E739C2104521E3104619093228
:10AD2000D38C5DD7BFEF7EE7BFF7BFF79FF7BFFFBD
:10AD3000BFF7BFF7BFFFDFFFFFFFFFFFFFFFFFFF13
:10AD4000FFFFFFFFFFFFFFFFDFFFFFFFFFFF9EEFA4
:10AD50007DEFDFFFDFFFDFFFFFFFFFFFFFFFFFFFF5
:10AD6000FFFFFFFFFFFFFFFFFFFFFFFFFFFFFFFFF3
:10AD7000FFFFFFFFFFFFFFFFFFFFFFFFFFFFFFFFE3
:10AD8000FFFFFFFFFFFFFFFFFFFFFFFFFFFFFFFFD3
:10AD9000DFFFBFF7BEF77EEF5DE75DE75DE75DE7ED
:10ADA0007EEF5EEF5EE75EE75EEF3DE71DE71DE7E6
:10ADB0003DDF5EE7FDDE1DD73DD79FDFB78D8F3BC3
:10ADC000AF33AF2BAF23AF23CF23EF2BCF2BCF2B23
:10ADD0008F23AF2BAF23AF23AF23AF23AF238F231B
:10ADE000EE23ED1B4F1C2E1CCD1BCD2BCD436C4BEE
:10ADF000683AE5314321221923192421452965297F
:10AE0000A63185316529E7396529442165298529D8
:10AE10004521E318E318C318A210E318042104190C
:10AE2000E418A2108108A210A2108108C210C2105A
:10AE3000A108A2106D63349D96ADD7ADF8B5FCD6D0
:10AE40001CD73DDF3DDF7EE79FEF9FEFBFF7DFF7CA
:10AE5000DFF7DFF7DFFFFFFFFFFFFFFFFFFFFFFF72
:10AE6000FFFFFFFFFFFFFFFFFFFFFFFFFFFFFFFFF2
:10AE7000DFFFFFFFFFFFFFFFFFFFFFFFFFFFFFFF02
:10AE8000FFFFFFFFFFFFFFFFFFFFFFFFFFFFFFFFD2
:10AE9000DFFFFFFFFFFFFFFFFFFFFFFFFFFFDFFF02
:10AEA000DFFFBFFFDFFFDFFFFFFFDFFFFFFFFFFF72
:10AEB000DFFFFFFFFFFFFFFFFFFFFFFFDFFFBFFF22
:10AEC000FFFFFFF7FFEFF4840501C911CA19CA1982
:10AED00069196919CA1947096711A819671925114C
:10AEE0008719661966198721327C5EDFFFEFFFEF55
:10AEF0009EDF727C8619A3002511AB42569D1DD79B
:10AF0000DFE79FDFDBC6317466198300092A979D4E
:10AF1000B8A519B65ABE5BBE1DD7DCCEFCD6DCCEBA
:10AF20001DDF5DDF5EE75DDF3DDF3DDF3EDF3DDFF7
:10AF30003EDF3DDF3DDF3DDF1DDF1DD7FDD61DD7E9
:10AF40001DD73DD71CDF38C694B515CE55D676DE55
:10AF500096E6B6E6D7EEF7EEF8EEF8EE19EF39EF33
:10AF60003AF73AF75AF75BF75BF75BF77BF77BF754
:10AF70007BF77BF77BF77AF77BF77BF77BF77BF742
:10AF80005BF77BEF5BF75AF75AF719EF19EFD9E642
:10AF900078D699D60742A208451925116619EC52B0
:10AFA00059BEDFEF7EE79FEFBFF79FF7DFFF9FF709
:10AFB000BFF7BFF7BFFFDFFFFFFFFFFFFFFFFFFF91
:10AFC000FFFFFFFFFFFFFFFFDFFFDFFFBFF75DEFCB
:10AFD0007DEFDFFFFFFFDFFFFFFFFFFFFFFFFFFF53
:10AFE000FFFFFFFFFFFFFFFFFFFFFFFFFFFFFFFF71
:10AFF000FFFFFFFFFFFFFFFFFFFFFFFFFFFFFFFF61
:10B00000FFFFFFFFFFFFFFFFFFFFFFFFDFFFBFF7B8
:10B01000BEF79EF77EEF7EEF7EEF7EEF9EEF9EEF18
:10B02000BFF7BFF7BFF79FF79FF77EEF7EEF7EEF8B
:10B030003DE75DE71DDF3DDF5EDF7ED7978D8F3B10
:10B04000AF33AF2BAF23AF23CF2BEF2BCF2BCF2B98
:10B05000AF23CF2BAF23AF23AF23AF23AF238F2358
:10B06000EE1B0E246F242E1CCD1BCD2BCD432B436A
:10B070000732C63164212319231924214529863139
:10B08000C63985316529E739442165218529852916
:10B090002421E318C318C310A210E31804210421CB
:10B0A000C318A2108210A21082108108A210A21050
:10B0B000A21081080419B28C75A575A518BE59BED9
:10B0C000FCD63DD71CD75DDF7EE77EE79FEFBFEF65
:10B0D000BFF7BFF7DFFFDFFFFFFFFFFFFFFFFFFF50
:10B0E000FFFFFFFFFFFFFFFFFFFFFFFFFFFFFFFF70
:10B0F000FFFFFFFFFFFFFFFFFFFFFFFFFFFFFFFF60
:10B10000FFFFFFFFFFFFFFFFDFFFDFFFFFFFFFFF8F
:10B11000DFFFDFFFFFFFFFFFFFFFFFFFFFFFFFFF7F
:10B12000BFFF9EF7DFFFDFFFFFFFDFF7DFFFFFFF60
:10B13000FFFFDFFFDFFFFFFFFFFFFFFFDFFFDFFF9F
:10B14000FFFFDFFFFFF7DFE72D4325012A22A911CB
:10B15000A919AA196811A911881147116721672136
:10B1600046196719661967194611CC4A19B6FFF7CF
:10B17000FFEFFFEF7ABEEC4AE40805112511AB4260
:10B1800035955ED7DFE79EDF39B6EC4AA300EC4A7F
:10B19000F9AD3AB6D9AD7BBEDCCEBCCEDCCEDCCED2
:10B1A000FCD61DD71DDF3DDF5EDF5EE75EE75EDFBD
:10B1B0003EE73EE73EE73EE73EDF1DDFFDDEFDD634
:10B1C0003DDF3DD71CDF17C674B515CE56DE76DEE3
:10B1D00096E6B6E6D7E6D7EEF8EEF8EE18EF19EFFA
:10B1E00039F73AF73AF75AF75BF75BF77BF77BF7F4
:10B1F0007BF77BF75AF75AF77BF77BF75BF75BF741
:10B200005BF77BF75BF73AEF3AF719EF1AEFF9E6DE
:10B21000B9DEB9DE4842A20845196519C729927CF2
:10B220007EE79FE77EE79FEFBFF7BFF7BFF7BFF768
:10B23000BFF7BFF7DFFFFFFFFFFFFFFFFFFFFFFFCE
:10B24000FFFFFFFFFFFFFFFFFFFFDFF77EEF3DE7A1
:10B250009EEFDFFFFFFFFFFFFFFFFFFFFFFFFFFF8F
:10B26000FFFFFFFFFFFFFFFFFFFFFFFFFFFFFFFFEE
:10B27000FFFFFFFFFFFFFFFFFFFFFFFFFFFFFFFFDE
:10B28000FFFFFFFFFFFFFFFFFFFFDFFFBEF79EF7A0
:10B290009EF79EF7BEF7BFF7DFF7DFF7FFF7FFFF79
:10B2A000DFFFDFFFDFF7DFF7BFF7BFFF9FF77EEFBF
:10B2B0005DE73DDF1DDF5EDFBFE79FD776858F3B14
:10B2C000D033CF2BAF23AF23CF2BCF2BCF2BAF231D
:10B2D000AF23CF2BAF23AF23AF238F23AF238F23F6
:10B2E000EE1B4F24902C2E24AC1BEE33AD4BCA42E8
:10B2F0000732A53143210319231944216529A639B1
:10B30000C73985314529C63944218529A62985298A
:10B310002421C310C310C318C318E318E318042171
:10B32000A210A210A210C21082108208A210C31094
:10B3300082088208E318894A75A5149D18BE18B6BC
:10B34000BBCEFCD61CD71DD75EE77EE77EEF9FEF16
:10B350009FF7BFF7BFF7DFFFDFFFFFFFFFFFFFFF35
:10B36000FFFFFFFFFFFFFFFFFFFFFFFFFFFFFFFFED
:10B37000FFFFFFFFFFFFFFFFFFFFFFFFFFFFFFFFDD
:10B38000FFFFFFFFFFFFDFFFDFFFDFFFDFFFDFFF6D
:10B39000DFFFDFFFFFFFFFFFFFFFFFFFFFFFFFFFFD
:10B3A000DFFFBEF79EF7DFFFDFF7FFFFDFF7DFFF0F
:10B3B000FFFFFFFFFFFFDFFFFFFFFFFFFFFFFFFFBD
:10B3C000DFFFFFFF9EEFFFEF7ED74A2A2609EA192B
:10B3D000A911A911CA11A9116811A9216721471939
:10B3E000872167196719871967196619C829D063F2
:10B3F000DCCEDFEFFFEF5EDFF48C6619C4080409D2
:10B4000066194D53F8ADBFE7FFEF7EDF3595293262
:10B41000117419AE3AB63AB67BBEDCCEBCCEBCCE09
:10B42000BBCEBBC6DCCE3DD75EE75EE75EDF5EDF50
:10B430001DDF3DDF3EDF3EE73EDF1DDF1DDFFDDEC2
:10B440003DDF3DDFFBDEF6BD94B536D656DE96DE3B
:10B4500096E6B6E6D7E6D7EEF8EE18EF18EF39F72E
:10B460003AF73AF75AF75BF75BF75BF77BF77BF74F
:10B470007BF75BF75AF75AF77BF77BF75BF75BF7DE
:10B480005BF77BF75AF73AEF3AF73AEF1AEFF9E63C
:10B49000B9DE99D64842C20845196619AB4219B6B9
:10B4A000BFE75EDF9EE79FEFBFEFBFF79FF7BFFFEE
:10B4B000BFFFDFFFDFFFFFFFFFFFFFFFFFFFFFFF1C
:10B4C000FFFFFFFFFFFFFFFFFFFFBFF77EEF7EEFF6
:10B4D000DFF7FFFFFFFFFFFFFFFFFFFFFFFFFFFFA4
:10B4E000FFFFFFFFFFFFFFFFFFFFFFFFFFFFFFFF6C
:10B4F000FFFFFFFFFFFFFFFFFFFFFFFFFFFFFFFF5C
:10B50000FFFFFFFFFFFFDFFFDFFFBFF7BEF79EF785
:10B51000BEF7BFF7DFFFFFFFFFFFFFFFFFFFFFFFEC
:10B52000DFF7DFFFDFF7DFF7DFFFDFFF9FF75EEF1C
:10B530003DE73DDF3DE79FE7DFEF9FD7157DAF3B61
:10B54000CF2BCF2BAF23AF23CF2BCF2BAF238E23EC
:10B55000AF23CF2BAF23AF238F238F238F238F23B3
:10B560000F242F246F242E24ED2BED3B6C436832E7
:10B57000E6314429E3180319442144216529863121
:10B58000C63965294429A63144218529852965299B
:10B590002421C310A210E318E318E318C3180421F0
:10B5A000C318A210C210A21062088210A310A31028
:10B5B0008210A210C310C210307C95A575A517B6D5
:10B5C00059BEBBC61DD7FCD63DDF7EE75EE79FEFC9
:10B5D0009FEFBFF7BFF7BFF7DFF7DFFFFFFFFFFF0B
:10B5E000FFFFFFFFFFFFFFFFFFFFFFFFFFFFFFFF6B
:10B5F000FFFFFFFFFFFFFFFFFFFFFFFFFFFFFFFF5B
:10B60000FFFFFFFFFFFFFFFFFFFFFFFFFFFFFFFF4A
:10B61000DFFFFFFFFFFFFFFFFFFFFFFFFFFFFFFF5A
:10B62000FFFFDFFF7EEF9EEFBFF7FFFFDFFFBFF7FC
:10B63000DFFFFFFFFFFFDFFFDFFFFFFFFFFFFFFF7A
:10B64000FFFFFFFFFFFFDFF7FFF7D8A526098811EF
:10B65000EA19C911A9118811A91968194719671997
:10B66000671947196719871987198719050905097E
:10B670002932359D9FE7FFF7DFEF5DD71174E408AE
:10B68000A300451929329284DBC6FFEFFFEFD8A54E
:10B69000F16BF9AD5AB6979D3AB65ABE7BBEDCCE79
:10B6A000BBC69BC69BC6FCCE3DDF3DDF3DDF3DDF1D
:10B6B0001DDF1DDF3DDF3EDF3DDF1DDF1DDF1DD751
:10B6C0003DDF1CDFDBDEB5BD94BD36D656DE96E62B
:10B6D000B7E6B7E6D7EEF8EEF8EE18EF19F739F758
:10B6E0005AF75AF77BF77BFF7BF77BF77BF77BF704
:10B6F0005BF75BF75AF77AF77BF77BF75BF75BF75C
:10B700005BF77BF75BF75AEF3AEF3AF719EFF9E699
:10B7100098D698D62842C3106521C729727C5EDF6F
:10B720009FE79FE79FE7BFEFBFF79FEFDFF7DFFFE1
:10B73000DFFFDFFFDFFFFFFFFFFFFFFFFFFFFFFF79
:10B74000FFFFFFFFFFFFFFFFDFF7BFF79EEFBFF732
:10B75000DFFFFFFFFFFFFFFFFFFFFFFFFFFFFFFF19
:10B76000FFFFFFFFFFFFFFFFFFFFFFFFFFFFFFFFE9
:10B77000FFFFFFFFFFFFFFFFFFFFFFFFFFFFFFFFD9
:10B78000FFFFFFFFDFFFDFFFBFF7BFF7BFFFDFFFF9
:10B79000FFFFFFFFFFFFDFFFFFFFFFFFFFFFFFFFD9
:10B7A000FFFFFFFFFFF7DFF7DFFFDFF77EEF3DE78C
:10B7B000FCDE1DDF9EE7DFEFDFE77ECFB364AF3354
:10B7C000AF2BAF23AF23AF23CF2BCF2BAF2BAF2389
:10B7D000AF23CF2BAF238F23AF23AF23AF238F23F1
:10B7E0000F244F2C4F240D24ED330E442B43062AF7
:10B7F000A52944294421652964212421442965314E
:10B800008631442144218631442165216529442122
:10B810002421E318E318E318E318C318A218E31867
:10B820000319A210A210A2108210A21082106208A6
:10B83000A310A21061084100E739139D75A5B6ADAC
:10B84000B7AD59BEFCD6DCCE1DDF5EE71DDF7EE75F
:10B850009FEFBFF7BFF7BFF7BFF7DFFFFFFFFFFFA8
:10B86000DFFFDFFFFFFFFFFFFFFFFFFFFFFFFFFF28
:10B87000FFFFFFFFFFFFFFFFFFFFFFFFFFFFFFFFD8
:10B88000FFFFFFFFFFFFFFFFFFFFFFFFFFFFFFFFC8
:10B89000FFFFFFFFFFFFFFFFFFFFFFFFFFFFFFFFB8
:10B8A000FFFFFFFFDFF77DEF9EEFBFF7FFFFFFFF1B
:10B8B000BFFFBFFFDFFFFFFFFFFFFFFFFFFFFFFF38
:10B8C000FFFF9DF7FFFFFFFF5DE7BFEFB484C500FB
:10B8D000A919A9118909EA198811881168198821FB
:10B8E0004719671947116711671187198719871950
:10B8F0004611A308EC4A5ABEDFEFFFEFFFEF5ABE36
:10B900000C4BA30082000409AB4255957ABEFFF7A9
:10B910003DD7F48C3AB67BBED9AD5BBE5BBEBCCE28
:10B92000BBCEBBC69BC69BC6DCCE1DD73DDF3DDF75
:10B930003EDF3EDF3EDF3EDF1DDF1DDF1DDF1DD7AB
:10B940001DDFFCDEBAD6B5BDB4BD36D676DE96E6D2
:10B95000B7E6B7E6D7E6F8EEF8EE18EF39F739F7BD
:10B960005AF75AF77BFF7BFF7BF77BF77BF75BF799
:10B970005AF75BF77BF77BF77BFF7BF75BF75BF7B0
:10B980007BF77BF75BF75AF739EF39F719EFF9E6F1
:10B99000B9DEFADE694AC2088621EC4A19B6DFE749
:10B9A0005EDF9FE7BFEFBFEFDFF7DFF7DFF7DFFF18
:10B9B000DFFFDFFFFFFFFFFFFFFFFFFFFFFFFFFFD7
:10B9C000FFFFFFFFFFFFFFFFDFF7BEF7BFF7FFFF40
:10B9D000DFFFDFFFFFFFFFFFFFFFFFFFFFFFFFFFB7
:10B9E000FFFFFFFFFFFFFFFFFFFFFFFFFFFFFFFF67
:10B9F000FFFFFFFFFFFFFFFFFFFFFFFFFFFFFFFF57
:10BA0000FFFFDFFFDFFFBFF7BFF7DFFFDFFFFFFF56
:10BA1000FFFFFFFFFFFFFFFFFFFFFFFFFFFFFFFF36
:10BA2000FFFFFFFFFFF7DFF7BFF79EF75EEF3DE792
:10BA30003DDF5DDF9FEFFFEFFFE7FDBE31546E2B73
:10BA4000AF23AF23AF23AF23AF2BCF2BAF2B8E234F
:10BA5000AF23AF2B8E238E23AF23AF23AF23AF2390
:10BA6000EF23502C4F2CED23ED33CD43EA3AC6297A
:10BA7000A53165298529A631442103192429653179
:10BA8000442924216529A63144212421242144214B
:10BA9000242104190419E318C318A210A210E318F2
:10BAA000E318A210A210A210A210A2108210620825
:10BAB000A310A310C310C21061088D6354A5B6ADC6
:10BAC00096A518B69AC6BBCE1DD73DDFFDD65EE75C
:10BAD0007EEF9FEFBFF7BFF7BFF7DFFFDFFFFFFF8F
:10BAE000DFFFFFFFFFFFFFFFFFFFFFFFFFFFFFFF86
:10BAF000FFFFFFFFFFFFFFFFFFFFFFFFFFFFDFFF76
:10BB0000FFFFFFFFFFFFFFFFFFFFFFFFFFFFFFFF45
:10BB1000FFFFFFFFFFFFFFFFFFFFFFFFFFFFFFFF35
:10BB2000DFFFFFFFFFFFBEF77EEF5DE7BFF7FFFF21
:10BB3000DFFF9FF79FF7FFFFFFFFDFF7DFF7FFFF55
:10BB4000DEF7FFFF9DF7FFFFFFFFFFFF9FEF6F5B3C
:10BB5000E5002B2A89116809A911C91988116711F3
:10BB6000681188196819671167194719671946110B
:10BB700045118721C4084511F073FCD6FFF7FFF784
:10BB8000FFF796A58A422411A30045114D53359520
:10BB90003DD79BBEF9ADBCC65BBE3AB67BBE5ABEB6
:10BBA0009BC69BC69BC67BC69BC6DCCE1DD73DDF16
:10BBB0005EDF5EDF5EDF3EDF3DDF3DDF1DDF1DDF81
:10BBC0001CD7FCDE79CE95B5B5C536D676DE97E6C0
:10BBD000B7E6B7E6D7E6F8E6F8EE19EF19F739F762
:10BBE0005AF75AF75BF77BFF7BF77BF77BF75BF73F
:10BBF0005BF77BF77BF77BF77BFF7BF75BF75BF70D
:10BC00007BF77BEF5BF77AF739F73AF7F9E6F9E676
:10BC1000D9DEFADE694AA208E82992845DD77EDF80
:10BC20003DDF5EDFDFEF9FEFDFF7FFFFBFF7FFFFD7
:10BC3000FFFFFFFFFFFFFFFFFFFFFFFFFFFFFFFF14
:10BC4000FFFFFFFFFFFFDFFFBFF7BFF7FFFFFFFFB4
:10BC5000DFF7DFF7FFFFFFFFFFFFFFFFFFFFFFFF44
:10BC6000FFFFFFFFFFFFFFFFFFFFFFFFFFFFFFFFE4
:10BC7000FFFFFFFFFFFFFFFFFFFFFFFFFFFFDFFFF4
:10BC8000DFFFDFFFDFFFDFFFDFFFDFFFFFFFFFFF84
:10BC9000DFFFFFFFFFFFFFFFFFFFFFFFFFFFFFFFD4
:10BCA000FFF7FFF7DFF7BFEF9EEF7EEF7DEF5DE77A
:10BCB0009EEFBFEFBFEFFFEFDFE719A6D04B4E2B94
:10BCC000AF2BCF23AF238F23AF23AF2BAF238E23F5
:10BCD000AF23AF238E238E23AF23AF23AF23AF2316
:10BCE000EE1B4F2C2F2CED2BED3B6B3B6832E629E6
:10BCF000C631442965296429E318E31844296531CC
:10BD0000042124218531A6316529031924194421F0
:10BD1000E31803190319C318A210A210A210E31804
:10BD2000E318A210C210A210820882108310A31080
:10BD30006208E318A210820881088529D29495A58B
:10BD400096A518B659BE9ACE1CDF3DDF1DDF5EE713
:10BD50007EE79FEFBFF7BFF7BFF7DFFFDFFFDFFF34
:10BD6000DFFFFFFFFFFFFFFFFFFFFFFFFFFFFFFF03
:10BD7000FFFFFFFFFFFFFFFFFFFFFFFFFFFFFFFFD3
:10BD8000FFFFFFFFFFFFFFFFFFFFFFFFFFFFFFFFC3
:10BD9000FFFFFFFFFFFFFFFFFFFFFFFFFFFFDFFFD3
:10BDA000DFFFFFFFFFFFFFFF7EEF5DE75DE79FF730
:10BDB000FFFFDFFF9FF7BFF7BFF7DFF7FFF7FFF7E3
:10BDC000DFF7FFFFDFFFBEF7FFFF9EF7FFF77FE71D
:10BDD0008C3AC500CA1989118911A911A811A9198C
:10BDE00088194711A8194711471167196719461192
:10BDF0004611872187210511C408E83115959FE771
:10BE0000FFF7FFEFFFF7759DE82962006200040964
:10BE1000AB427BBE9CBE7BBE1ED7BCC67BBE7BBE80
:10BE20005ABE7ABE9BC69BC67BC69BC6DCCE3DD7A0
:10BE30005EDF5EDF5EDF3EDF3DDF3DDF3DDF3DDFBE
:10BE40001CD7FBDE58CE74B5D5C536D676DE97E660
:10BE5000B7E6B7E6D7E6F8EEF8EE19EF19F739F7D7
:10BE60005AF75AF75AF77BF77BF77BF77BF77BF7A5
:10BE70007BF77BF77BF77BF77BFF7BF75BF77BF74A
:10BE80007BF77BF75AF75AF73AF73AF7F9E6F9E60C
:10BE9000D9DED9DE694AC310CB4A39B6FFEF1DD7C8
:10BEA0007EDF9FE7BFEFBFEFDFF7BFF7FFFFFFFFCB
:10BEB000FFFFFFFFFFFFFFFFFFFFFFFFFFFFFFFF92
:10BEC000FFFFDFFFDFFFFFFFDFF7DFF7FFFFFFFF12
:10BED000DFF7BFF7FFFFFFFFFFFFFFFFFFFFFFFFE2
:10BEE000FFFFFFFFFFFFFFFFFFFFFFFFFFFFFFFF62
:10BEF000FFFFFFFFFFFFFFFFDFFFFFFFDFFFDFFFB2
:10BF0000DFFFDFFFDFFFFFFFFFFFFFFFFFFFFFFFA1
:10BF1000FFFFFFFFFFFFDFFFFFFFFFFFFFFFFFFF51
:10BF2000FFF7FFF7DFF7BEEF7DEF5DEF7EEFBEF7C8
:10BF3000BFEFFFF7FFF7FFEF9FD7157D8F3B6E2B0E
:10BF4000CF2BCF23AF238E238F23AF2BAF2B8E236B
:10BF50008F23AF238E238E238F23AF23AF23AF23D3
:10BF60000E1C6F2C4F2CED2B8C3BEA32272AE6312E
:10BF7000652903210321E318C218242145294529F5
:10BF8000242103216529A631852944214421442106
:10BF90002319E318C218C218C218C210A210C21086
:10BFA000A210A210A210A210A310A2108210A21020
:10BFB0006208C310A2108108E3106100894A139D32
:10BFC000B6ADF7B5F7B579C6DBCE1CDF5EDF3DDF7A
:10BFD0005EE79EE79FEFBFF7BFF7BFF7BFF7DFFF53
:10BFE000FFFFDFFFDFFFFFFFFFFFFFFFFFFFFFFFA1
:10BFF000FFFFFFFFFFFFFFFFFFFFFFFFFFFFFFFF51
:10C00000FFFFFFFFFFFFFFFFFFFFFFFFFFFFFFFF40
:10C01000FFFFFFFFFFFFFFFFFFFFFFFFFFFFFFFF30
:10C02000FFFFFFFFFFFFFFFFDFF7BFF73DE75DE724
:10C030009FEFDFF7DFFF9FEF7EEFDFF7FFFF9EEF62
:10C04000FFFFFFFFFFFFBEF7BEF7DFFFDFF7FFF7E2
:10C05000BCC68719A919CA1927098911A919681114
:10C06000A9196711A819881167118719461125099F
:10C0700046192511261946194619E5100511CB4216
:10C08000F8ADBFE7FFEFFFEFFFEF969D082AA30093
:10C09000E4006611979DFDCEDDCE1ED7DDCE7BC6BA
:10C0A0007BC67BC69BC67BC69BC67BC6BCCEFDD66D
:10C0B0001DD71DD71DDF3EDF3DDF3DDF1DDF3DDF2F
:10C0C000FCD6FBDE58CE74B5F5CD56D676DE96E6B8
:10C0D000B7E6D7E6D7E6F8E619EF19EF19EF3AF722
:10C0E0005AF75AF73AF75BF77BF77BF77BF77BFF5B
:10C0F0007BF77BF75AF77AF77BF77BF77BF77BF7D2
:10C100007BF75BF75AF75AF719EF3AF7F9E6B8DE1B
:10C1100098D6DADE894A241992841CD7BFE73DD726
:10C120009FE7BFEFBFEFBFEFDFF7DFF7DFFFFFFFF7
:10C13000DFFFDFFFFFFFFFFFDFFFFEFFFFFFFFFF70
:10C14000FFFFFFFFFFFFDFF7FFFFDFFFDFFFFFFF67
:10C15000DFFFDFFFDFFFDFFFFFFFFFFFFFFFFFFF6F
:10C16000FFFFFFFFFFFFFFFFFFFFFFFFFFFFFFFFDF
:10C17000FFFFFFFFFFFFFFFFFFFFDFFFDFFFDFFF2F
:10C18000FFFFFFFFFFFFFFFFFFFFFFFFFFFFFFFFBF
:10C19000DFFFDFFFDFFFDFFFFFFFFFFFFFFFFFF737
:10C1A000DFF7DFF7DEEFBEF79EF79EF7DFFFDFF783
:10C1B000DFF7FFF7FFEFFFE77AAE315C8E3B8E2BA8
:10C1C0008E23AF23AF23AE23AF23AF2BAF2B8E2312
:10C1D0008E23AF2B8F23AF238F23AF238F23AF2348
:10C1E0004F246F2C0E2CEE338D3BA932E629E6311D
:10C1F0006531E22003210321E31885298631442992
:10C20000242103216529A631852944214421442183
:10C210002321E318C218C218C218C218A210C210F3
:10C22000A210A210A210A210A310A31082108210BC
:10C230008208A210C2100319C210A1088100918CBB
:10C2400054A5B6AD96A5F7B559C6BACE3DDF7EE783
:10C250005EE77EE79FEFBFEFBFF7BFF7BFF7DFFFF8
:10C26000DFFFDFFFDFFFFFFFFFFFFFFFFFFFFFFF3E
:10C27000FFFFFFFFFFFFFFFFFFFFFFFFFFFFFFFFCE
:10C28000FFFFFFFFFFFFFFFFFFFFFFFFFFFFFFFFBE
:10C29000FFFFFFFFFFFFFFFFFFFFFFFFFFFFFFFFAE
:10C2A000FFFFFFFFDFFFDFFFFFFFFFFF9EEF1DE749
:10C2B0001CDFDFF7FFFFBFF7DFF79FEF5EEFFFFF4A
:10C2C000BFF7FFFFFFFFDFFFDFFFDFFFDFF7DFF776
:10C2D000FFEF5695A4002709EA216811A9198919C9
:10C2E0006819A92147118819A8194709A819A81977
:10C2F00026112611261905112619661904090509A2
:10C3000025112C53B6A5BFE7FFEFFFEF9FDFD484C5
:10C31000A719A400261136955FDF3ED71ED7FDCEA4
:10C320009CC6DCCE9BC69BC67BC67BC6BCCEDCCE89
:10C33000DCCEFCD61DD73DDF3DDF3DDF3DDF3DDF01
:10C340001CDFFBDE58CE74B5F6CD56DE76DE96E603
:10C35000B6E6D7EEF7EEF8EE19EF19EF39F75AF720
:10C360005AF75AF75AF75BF77BF77BF75BF77BF7E0
:10C370007BF77BF77BF77BF77BF77BF77BF77BF72D
:10C380007BF77BF75AF75AF73AF75AF719EFD8DEE7
:10C3900098D6D9DE0B5BA629D7AD9EE71CD77EDFEA
:10C3A0007EE79FEFBFEFBFF7DFF7DFF7DFFFFFFFAE
:10C3B000DFFFDFFFFFFFFFFFDFFFFEFFFFFFFFFFEE
:10C3C000FFFFFFFFDFF7DFF7FFFFFFFFDFFFDFFF0D
:10C3D000DFFFDFFFDFFFFFFFFFFFFFFFFFFFFFFFCD
:10C3E000FFFFFFFFFFFFFFFFFFFFFFFFFFFFFFFF5D
:10C3F000FFFFFFFFFFFFFFFFFFFFFFFFDFFFDFFF8D
:10C40000FFFFFFFFFFFFFFFFFFFFFFFFFFFFFFFF3C
:10C41000FFFFFFFFFFFFFFFFFFFFFFFFFFFFFFF734
:10C42000DFF7FFF7DFF7DFF7BEF7DFFFFFFFFFFF05
:10C43000FFFFDFEFFFEFFFDFB78D8E3B6E33D033B3
:10C440008E23AF23AF238E238E23AE23AF23AF23C0
:10C450008F23AF2B8F23AF238F23AF23AF23AF23A4
:10C460000D1C90342F348C2B2B3BA932E629A529A7
:10C470006531E220E2180321E31885318529242162
:10C48000242123216529A5318529642144214421C2
:10C490002421E318C218C218E218C218A210A21070
:10C4A00082108210A210A210A310A210821082107B
:10C4B000A210A210A2088108C210A210A208852909
:10C4C00075A5B6ADD7B5B6AD7AC679C6DBCE1CD7E5
:10C4D0003DDF5EE77EE79FEFBFF79FF79FF7BFF770
:10C4E000BFF7DFF7DFFFFFFFFFFFFFFFFFFFFFFFEC
:10C4F000FFFFFFFFFFFFFFFFFFFFFFFFFFFFFFFF4C
:10C50000FFFFFFFFFFFFFFFFFFFFFFFFFFFFFFFF3B
:10C51000FFFFFFFFFFFFFFFFFFFFFFFFFFFFFFFF2B
:10C52000FFFFFFFFFFFFFFFFFFFFFFFFFFFF7EEFAC
:10C53000FCDEFCDE9EF7FFFFDFFFBFF79EEF7EEF26
:10C540009EF7BFF7DFFFFFFFFFFFFFFFDFF7FFF7FC
:10C55000FFF7DFE7737C06094711C91968118919CC
:10C560006819892168194811681167114711471125
:10C57000661926112611461926194619461146191B
:10C580006619E408C3000C4BD7A57EDFDFE7FFE7A1
:10C590009BBE116CE408671998A59FE73EDFDDCECE
:10C5A0003EDF9BC69BC6BCCE5ABE9BC67BC67BC627
:10C5B000DCCEFCCE1DD71DD71DD73DD73DDF3DDFDF
:10C5C0001CDFFCDE38C674B516CE36DE56DE96E6C7
:10C5D000B6E6D7E6F7EE18EF19EF19EF19EF3AF7CD
:10C5E0005AF75AF75BF77BF77BF75BF75BF77BF75D
:10C5F0007BF77BF77BF77BF77BF77BF77BF77BF7AB
:10C600007BF77BF75BF75AF75AF75AF73AEFD8DE22
:10C61000B9DEFADEEB526D633DDFFCCE7EDF7EDFFE
:10C620007EE79FEFBFF7BFF7DFF7DFFFFFFFFFFFFB
:10C63000FFFFFFFFFFFFFFFFFFFFFFFFFFFFFFFF0A
:10C64000FFFFFFFFDFF7FFFFFFFFFFFFFFFFDFFF42
:10C65000FFFFFFFFFFFFFFFFFFFFFFFFFFFFFFFFEA
:10C66000FFFFFFFFFFFFFFFFFFFFFFFFFFFFFFFFDA
:10C67000FFFFFFFFFFFFFFFFFFFFFFFFFFFFFFFFCA
:10C68000FFFFFFFFFFFFFFFFFFFFFFFFFFFFFFFFBA
:10C69000FFFFFFFFFFFFFFFFFFFFFFFFDFFFFFF7D2
:10C6A000FFF7FFF7FFFFDFFFDFFFFFFFDFFFDFFF2A
:10C6B000FFFFFFEFFFEF59A6F04BAE3BCF3BAF2B99
:10C6C0008E23AF23CF23AE238E23AF23AF238E231E
:10C6D0008F23AF238F23AF238F23AF23AF23AF232A
:10C6E0000D1C4F2C0E348D3B0B3B282A8521A52990
:10C6F00064290321E218E218C21844294421442184
:10C700002421242165298531852965294421242175
:10C710000321E318C218C218E218C218A210A1100F
:10C72000A2108210A210A210A210A21082108210D9
:10C73000A210A210C210A210C2108108A208810883
:10C740000C5B55A596A5F7B5F7B59AC659BE1CD78B
:10C75000FCD63DDF5EE77EE79FEF9FEF9FF79FF7F9
:10C76000BFF7BFF7DFFFFFFFDFFFDFFFDFFFDFFF09
:10C77000DFFFDFFFFFFFFFFFFFFFFFFFFFFFFFFF09
:10C78000FFFFFFFFFFFFFFFFFFFFFFFFFFFFFFFFB9
:10C79000FFFFFFFFFFFFFFFFFFFFFFFFFFFFFFFFA9
:10C7A000FFFFFFFFFFFFFFFFFFFFFFFFFFFFDFFFB9
:10C7B0009EEF1CE71DE75DEFBFF7FFFFBFF7BFF779
:10C7C0009EEF7EEFBFF7FFFFFFFFDFFFDFFFFFFF03
:10C7D000DFF7DFEF9FDF327406094711891968110F
:10C7E000AA2168194819A9218821671967194611D2
:10C7F000461126110511261105114619461926194B
:10C80000661946190511251146198F6339B63DD7AA
:10C81000DFE7FFEF769D2932C8219BC65EDF3EDF52
:10C82000DCCEFDCE9BC6FDCEDCCE7BBE7BC6DCCE99
:10C83000BCCEDCCEFCD6FCD6FCD61DD73DDF3DDF22
:10C840001CDFFBDED6BD54B516CE36DE55DE96E6D1
:10C85000B6E6D7E6F8E6F8EE19EF19EF19EF3AF772
:10C860005AF75AF77BF75BF77BF75BF75BF77BF7DA
:10C870007BF77BF77BF77BF77BF77BF77BF77BF728
:10C880007BF77BF75BF75AF75AF719EF3AEFD8E6E1
:10C89000FAE678CE0F7CD3945DDF5DDF9EE77EE71E
:10C8A0007FE7BFEFBFF7DFF7DFFFFFFFFFFFFFFF10
:10C8B000FFFFFFFFFFFFFFFFFFFFFFFFFFFFFFFF88
:10C8C000FFFFDFF7DFF7FFFFFFFFFFFFFFFFFFFFC8
:10C8D000FFFFFFFFFFFFFFFFFFFFFFFFFFFFFFFF68
:10C8E000FFFFFFFFFFFFFFFFFFFFFFFFFFFFFFFF58
:10C8F000FFFFFFFFFFFFFFFFFFFFFFFFFFFFFFFF48
:10C90000FFFFFFFFFFFFFFFFFFFFFFFFFFFFFFFF37
:10C91000FFFFFFFFFFFFDFFFFFFFFFFFFFFFFFFF47
:10C92000FFFFFFFFDFFFFFFFDFFFFFFFBFFFDFFFB7
:10C93000FFFFFFEFFCC6D36C6E3BAE33AF2BAF2BCC
:10C940008E23AF23AF23AF23AF23AF23AF238E2399
:10C950006E1BAF236F1B8F238F1BAF23AF23AF2320
:10C960000E240E2CEE3BAD430B43C6214419C631B9
:10C9700043212321E220C218E32024210319652149
:10C980004421442944298529A52985296421232175
:10C99000E318E218C218C218C218C218A210A110D7
:10C9A000A2108210A210A210A210A210820882105F
:10C9B000A310A210C310A2108208E318C2104000F6
:10C9C000E310B28CB6AD18B696AD59BE59BEBBCE0B
:10C9D000DBCE1CD73DDF3DDF5EE79FEF9FEF7EEFB5
:10C9E0009FF7BFF7DFF7DFF7DFFFDFFFDFFFDFFFD7
:10C9F000DFFFDFFFDFFFDFFFDFFFDFFFFFFFFFFF07
:10CA0000FFFFFFFFFFFFFFFFFFFFFFFFFFFFFFFF36
:10CA1000FFFFFFFFFFFFFFFFFFFFFFFFFFFFFFFF26
:10CA2000FFFFFFFFFFFFFFFFFFFFFFFFDFFFFFFF36
:10CA3000FFFFDFFF5DEF3DE79EF7DFFFBFF7FFFF83
:10CA4000BEF79EEF9FF7FFFFFFFFFFFFDFFFDFF760
:10CA5000FFFFBFEFFFF71DD7B063EA292709891948
:10CA6000891968196819A921681967196819471976
:10CA70002611471926114611461967194719261913
:10CA800046190511261146194619C408C3008E5BC4
:10CA900059B69BC69FE79FE7727C569D3ED7BFE77E
:10CAA0001DD7FDCE3DD7FCCE9BC6BCC67BBE7BBE94
:10CAB0009BBEBCC6DCCEFCD61DD71DD71DD7FCD671
:10CAC000FCD6BAD695B574B516CE56DE76E6B6E681
:10CAD000B7E6D7EED8EEF8EE19EF19EF39F73AF7D7
:10CAE0005AF75AF77BF75BF75BF77BF77BF77CFF2F
:10CAF0007BFF7BF77BF75BF77BF77BF77BF77BF7BE
:10CB00007BF77BF75AF75AF73AF7F8EE19EFD9E6C1
:10CB1000B9DE78CE139D58BE7DE77EE75EDF5EE727
:10CB20009FEFBFF7BFF7DFF7DFFFFFFFDFFFDFFF9D
:10CB3000DFFFDFFFFFFFFFFFDFFFDFFFDFFFDFFFC5
:10CB4000DFF7BFF7BFF7DFF7FFFFFFFFFFFFFFFFD5
:10CB5000FFFFFFFFFFFFFFFFFFFFFFFFFFFFFFFFE5
:10CB6000FFFFFFFFFFFFFFFFFFFFFFFFFFFFFFFFD5
:10CB7000FFFFFFFFFFFFFFFFFFFFFFFFFFFFFFFFC5
:10CB8000FFFFFFFFFFFFFFFFFFFFFFFFFFFFFFFFB5
:10CB9000FFFFFFFFFFFFFFFFFFFFFFFFFFFFFFFFA5
:10CBA000FFFFFFFFDFFFFFFFDFFFDFFFDFF7FFF725
:10CBB000FFEFBFDF357D2D334D2BAE2BF033F02B48
:10CBC000AF23AF23AF23AF23CF23CF23AF238E1BBE
:10CBD0008E1BAF238F1B8F1B8F1BAF1BAE1BAF2377
:10CBE000ED230E2CEE438D4BCA3AE7318529C53132
:10CBF00023210321E320C22024292421E3186421D6
:10CC00004421442944218529A529852964292421F1
:10CC1000E218E218C218C218C218C210A210A2105C
:10CC2000A210A210A210A210A210A21082108210B4
:10CC30008208C31082088208E3106108A208A210CB
:10CC40006100283AB6ADB6ADD7AD96A5BBC67ABEE3
:10CC5000DBCE1CD73DDF3DDF5DE79EEF9FEF7EEF34
:10CC60009EEFBFF7BFF7BFF7DFF7DFFFDFFFDFFFA5
:10CC7000DFFFDFFFDFFFDFFFDFFFDFFFDFFFFFFFA4
:10CC8000FFFFFFFFFFFFFFFFFFFFFFFFFFFFFFFFB4
:10CC9000FFFFFFFFFFFFFFFFFFFFFFFFFFFFFFFFA4
:10CCA000FFFFFFFFFFFFFFFFFFFFFFFFBFF7FFFFDC
:10CCB000FFFFDFFFFFFFFFFF9EF79EF7DFF7BEF7E7
:10CCC000DFF7DFF7BFF79EEFBFF7FFFFFFFFBEF70E
:10CCD000FFFFFFFFBFEFFFF71DCFD163EA21681110
:10CCE0004709A919C92147114711471927192619B9
:10CCF0000611261106112611261126112611671973
:10CD00006719261126116719261986216619C30885
:10CD10002511AF6BF8ADFCCEFFEFBBC6BBC6BBC6E3
:10CD20009FE7BFEF3DD71DCFFDCEDCCE9BC67BBEC0
:10CD30007BBE9BC6BCCEFCCE1DD71DD71DD71CD736
:10CD40001CDFBAD695B594BD16D656DE76E696E6C5
:10CD5000B7EED7EED8EEF8EE19EF39F73AF73AF723
:10CD60005AF75BF75BF75BF77BF77BF77BF77CFFAB
:10CD70007BF77BF75BF75AF77BF77BF77BF77BF764
:10CD80007BF75BEF5AF75AF73AEF19EF19E7F9E635
:10CD9000B9DE78CED6B53CDF5DE75DDF1DD77EE737
:10CDA0009FEFBFF7BFF7BFF7DFFFDFFFDFFFDFFF5B
:10CDB000DFFFDFFFFFFFFFFFFFFFFFFFFFFFFFFFC3
:10CDC000DFFF7EEF7EEFDFF7DFFFFFFFFFFFFFFFFD
:10CDD000FFFFFFFFFFFFFFFFFFFFFFFFFFFFFFFF63
:10CDE000FFFFFFFFFFFFFFFFFFFFFFFFFFFFFFFF53
:10CDF000FFFFFFFFFFFFFFFFFFFFFFFFFFFFFFFF43
:10CE0000FFFFFFFFFFFFFFFFFFFFFFFFFFFFFFFF32
:10CE1000FFFFFFFFFFFFFFFFFFFFFFFFFFFFFFFF22
:10CE2000FFFFFFFFFFFFFFFFFFFFFFFFFFF7FFEF2A
:10CE3000FCC63585CF436D338E2BCF2BCF2BCF2B1D
:10CE4000D02BCF23AF238E23AE23CF23AF238E232C
:10CE5000AF23AF238F1B8F238F1BAF1B8E1BAE1BEC
:10CE6000ED230E34CE434C43893A0732A63185294F
:10CE70002319E218E320E320442903210319442164
:10CE80002421442944298529A52985296429442167
:10CE9000E218E218C218C210A210A210A218A21022
:10CEA000A210A110A210A210A210A2108210821033
:10CEB000C3108208A210C3108208A210A210A210F0
:10CEC000E3108208B28C17B6D7AD75A538B679BE17
:10CED000BAC61CD73DDF3DDF5DDF7EE79EEF9EEFEC
:10CEE0009FF7BFF7BFF7BFF7BFF7DFF7DFFFDFFF42
:10CEF000DFFFDFFFDFFFDFFFDFFFDFFFDFFFFFFF22
:10CF0000FFFFFFFFFFFFFFFFFFFFFFFFFFFFFFFF31
:10CF1000FFFFFFFFFFFFFFFFFFFFFFFFFFFFFFFF21
:10CF2000FFFFFFFFFFFFFFFFFFFFFFFFFFFFFFFF11
:10CF3000DFFFFFFFFFFFFFFFFFFFBFF7DFF79EEF02
:10CF4000BFF7FFF7DFF77EEF9FEFDFF7FFFFDFFFB2
:10CF5000DFFFDEFFDFFFDFF79FE79BBE74740A226F
:10CF60008811A811470988198821271147194719DD
:10CF70002719471947194719471968192711061121
:10CF80000611461946192511051105110411041140
:10CF9000041182008621F073B7AD3DD71DD73DD770
:10CFA0007FE73DDF5EDF5EDF9BC69BC69CC69BC600
:10CFB0007BBE9BC6BCC6DCCEFCCEFDD61DD73DDFFE
:10CFC0001DDFBAD674B5D5BD16D656DE76E696E622
:10CFD000B7EED8EEF8EEF8EE19EF39F73AF73AF780
:10CFE0005BF75BF75BF75BF77BF77CFF7BF77BF728
:10CFF0007BF75BF77BF77BF77BF77BF77BF77BF7C1
:10D000007BF75BEF5AF75AF73AEF39EF19EFF9E68A
:10D01000B9DEB9D659CE3CE71CDF3DDF7EE75EE7DF
:10D020007FE79FEF9FF7BFF7DFFFFFFFDFFFDFFF28
:10D03000FFFFFFFFFFFFFFFFFFFFFFFFFFFFFFFF00
:10D04000BFF73DE73DE7BFF7DFFFDFFFFFFFDFFF94
:10D05000FFFFFFFFFFFFFFFFFFFFFFFFFFFFFFFFE0
:10D06000FFFFFFFFFFFFFFFFFFFFFFFFFFFFFFFFD0
:10D07000FFFFFFFFFFFFFFFFFFFFFFFFFFFFFFFFC0
:10D08000FFFFFFFFFFFFFFFFFFFFFFFFFFFFFFFFB0
:10D09000FFFFFFFFFFFFFFFFFFFFFFFFFFFFFFFFA0
:10D0A000DFFFDFFFFFFFFFFFFFFFDFEF9FE7BBBEFD
:10D0B00035854D3B2D2B6E2B8E2BCF2BAF2BCF2BB6
:10D0C000D023CF23AF238E1BAE1BCF23AF23AF23A1
:10D0D000AF23CF238F1BAF1B8F1BAF1BAE1BAE1B12
:10D0E0000E2C2E3CEE4BEB42283A073AC631231960
:10D0F0002319C1100321032924290321242165298F
:10D10000242164296429A529A529642164214429AD
:10D11000E318E218C218A210A110A210C218A21897
:10D12000A210A110C210C210A210A2108210821070
:10D13000A210A210A210A310A210820882088208D6
:10D14000E3108208AA4AF7B538BEF7B596A538B6F7
:10D1500079BEDBCE1CD73DDF5DDF5DDF7EE79EEF76
:10D160009FF79FF79FF79EEFBFF7DFF7DFFFDFFF28
:10D17000DFFFDFFFDFFFFFFFFFFFFFFFFFFFFFFF1F
:10D18000FFFFFFFFFFFFFFFFFFFFFFFFFFFFFFFFAF
:10D19000FFFFFFFFFFFFFFFFFFFFFFFFFFFFFFFF9F
:10D1A000FFFFFFFFFFFFFFFFFFFFDFFFFFFFDFFFCF
:10D1B000DFFFFFFFDFFFFFFFFFFFFFFFFFFF7EEF50
:10D1C0003DE7BFEFDFF7BFEFBFEF9EEFBFF7FFFF1A
:10D1D000DEFFFFFFFFFFFFFFFFF75ED71AAE1685EA
:10D1E0006C2A2709470947096811A8190611471928
:10D1F00047194719471967194719882167192611CF
:10D200002611261926194619661945192519E410FB
:10D21000A208C308C308E41025192D5B1595DCCEC0
:10D220009FE77FE79FE7BFE79BC6BCC6BCC67BBE48
:10D230007BBE7BBEBCC6DCCEDCCEDCCEFCD61CD737
:10D240001CDF9AD654ADD5C515D656DE96E696E6C1
:10D25000B7EED8EEF8EEF8EE19EF39F739F73AF7FE
:10D260005BF77BF75BF75BF77CFF9CFF7BF75BF77C
:10D270005BF75BF77BF77BF77BF77BF77BF77BF75E
:10D280007BF75BEF5AF73AEF19EF5AF7F9E6D8DE7A
:10D29000D9DEB9D6BAD63CDF3DDF5EE75EE77FE791
:10D2A0005EE77FEFBFF7DFF7FFFFFFFFFFFFFFFF47
:10D2B000FFFFFFFFFFFFFFFFFFFFDFFFDFF7BFF70E
:10D2C0005DE7BBD6DCDE7EEFDFF7DFFFFFFFFFFFB2
:10D2D000FFFFFFFFFFFFFFFFFFFFFFFFFFFFFFFF5E
:10D2E000FFFFFFFFFFFFFFFFFFFFFFFFFFFFFFFF4E
:10D2F000FFFFFFFFFFFFFFFFFFFFFFFFFFFFFFFF3E
:10D30000FFFFFFFFFFFFFFFFFFFFFFFFFFFFFFFF2D
:10D31000FFFFFFFFFFFFFFFFFFFFFFFFFFFFFFFF1D
:10D32000FFFFFFFFDFFFBFF7BFEF1CD75AB6726CDE
:10D330004D3B6E332D234D238E238E23AF2BCF2BCE
:10D34000AF23AF23AF23AF23AF23CF23AF23AE1B36
:10D35000AF23CF238F1B8F1B8E1BAF1BAE1BAE1BB0
:10D360002E2CED33CD4BCA42E631E639853103210F
:10D370004319A108242904290429032144296429E3
:10D38000442964296429A529E631842144214421C2
:10D39000E318E318E218C210C210A210A110A210E4
:10D3A000A110A210A210C210C210A210A210A210AE
:10D3B000A210A210A310A210A21082088208A20834
:10D3C000A210C310452175A518B618B6B6A517AE9C
:10D3D00038B69AC6DBCE1CD73DDF5DDF3DE77EE782
:10D3E0007EEFBFEFBFF7BFF79FEFBFF7DFF7DFFFBE
:10D3F000DFFFDFFFDFFFDFFFFFFFFFFFFFFFDFFFDD
:10D40000FFFFFFFFFFFFFFFFFFFFFFFFFFFFFFFF2C
:10D41000FFFFFFFFFFFFFFFFFFFFFFFFFFFFFFFF1C
:10D42000FFFFFFFFFFFFFFFFFFFFFFFFFFFFFFFF0C
:10D43000FFFFFFFFFFFFFFFFFFFFDFFFDFFFDFFF5C
:10D440009EEF7EE7BFEFDFF7BFF79EEFBFF77EF7F8
:10D45000FFFFFFFFDEFFFFFFFFFFDFEF3ED71AAE4C
:10D46000378D0E438811891168114709881167119A
:10D47000471168196721471947194719671967192B
:10D480006719661925110411E4100411041904190F
:10D49000C30824192519E408251962006619CC4A25
:10D4A000D8ADDFEF7FE73ED7DFEFFDCEBCCE7BC64A
:10D4B0005BBE7BC69CC69BC6DCCEDCCEFCD61DD735
:10D4C000DCD679CE74B515CE35D676DE96E697E6FF
:10D4D000B7EED8EEF8EEF8EE19EF39F73AF73AF77B
:10D4E0005BF75BF75BF75BF77BF77BF77BF77BF72C
:10D4F0007BF77BF77BF77BF77BF77BF77BF77BF79C
:10D500005BF75AEF5AEF5AF73AEF39EFB8DEF9E620
:10D510001AE758CEBAD63CDF3DDF5EE75EE75EE74E
:10D520007EEF9FF7BFF7DFF7FFFFFFFFFFFFFFFF74
:10D53000FFFFDFFFDFFFDFFFDFFFDFFFBFF79FEF53
:10D540001DDF7ACEDCDE9FF7DFFFFFFFFFFFDFFF8F
:10D55000FFFFFFFFFFFFFFFFFFFFFFFFFFFFFFFFDB
:10D56000FFFFFFFFFFFFFFFFFFFFFFFFFFFFFFFFCB
:10D57000FFFFFFFFFFFFFFFFFFFFFFFFFFFFFFFFBB
:10D58000FFFFFFFFFFFFFFFFFFFFFFFFFFFFFFFFAB
:10D59000FFFFFFFFDFFFFFFFFFFFFFFFFFFFFFFFBB
:10D5A000BFF7DFFF9EEF1CDFFCD67ABE19A6105432
:10D5B0000C2B8E2B8E234D1B6E1B8E23AF23CF2B5C
:10D5C0006E1BAF23AF23AF23AE23CF23AF23AE1BFE
:10D5D000AF23CF23AF23AF1BAF1BAF1BAE1B8E1BE5
:10D5E000ED23ED33CD4BA93AC631A5314429232192
:10D5F0002319A10824290429E320E32044296529CB
:10D60000652965296421A5290632A52944212321FC
:10D61000E318E318E218C210C210C210A210A21040
:10D62000A210A210A210C210C210A210A21082104A
:10D63000A210A210C310C310A310A2108208820867
:10D640008208A2088208517CF7B5F7B559BEF7AD3C
:10D6500018AE38B69AC6FBCE1CD73DDF5DDF5EE75D
:10D660007EEF9FEFBFF7BFF79FF7BFF7DFF7DFF75B
:10D67000DFFFDFFFDFFFDFFFDFFFDFFFFFFFFFFF7A
:10D68000FFFFFFFFFFFFFFFFFFFFFFFFFFFFFFFFAA
:10D69000FFFFFFFFFFFFFFFFFFFFFFFFFFFFFFFF9A
:10D6A000FFFFFFFFFFFFFFFFFFFFFFFFFFFFFFFF8A
:10D6B000FFFFFFFFFFFFFFFFFFFFFFFFFFFFFFFF7A
:10D6C000FFFF9FEF9FEFDFF7DFF7BFF77EEFBEFFB4
:10D6D000DEFFDEFFFFFFFFFFDFF7FFEFDFEFBDC67F
:10D6E000FAAD999DB15BA9112701880968098811D4
:10D6F000881147114719672188216721461925118B
:10D700000511251146194619451925190411E4106A
:10D710002519A308E4108621E410251146192100DB
:10D72000C82919BEDFEF5EDF3ED7DDCEBCCE9CC67A
:10D730007CC65BBE5BBEBCCE9BC6FDD6FDD61DD7F0
:10D74000FCD659C674B536CE55D676DE96E697E643
:10D75000B7EED8EEF8EEF8EE19EF39F73AF73AF7F8
:10D760005BF75BF75BF75BF77BF77BF77BF77BF7A9
:10D770007BF77BF77BF77BF77BF77BF77BF77BF719
:10D780007BF77BF75AF75AEF5AF739EFD8E6F9E605
:10D79000FAE678CEBAD63CDF3DDF3DDF5EDF5EE7FE
:10D7A0007EEFBFF7DFF7DFFFDFFFDFFFDFFFFFFF0A
:10D7B000DFFFDFFFDFFFDFFFDFFFDFFFDFF79FF7C9
:10D7C0001DDFBBD63DE7DFFFDFFFDFFFFFFFFFFF12
:10D7D000FFFFFFFFFFFFFFFFFFFFFFFFFFFFFFFF59
:10D7E000FFFFFFFFFFFFFFFFFFFFFFFFFFFFFFFF49
:10D7F000FFFFFFFFFFFFFFFFFFFFFFFFFFFFFFFF39
:10D80000FFFFFFFFFFFFFFFFFFFFFFFFFFFFFFFF28
:10D81000FFFFFFFFFFFFFFFFFFFFFFFFDFF7BFF788
:10D820009EEF3DE7DBD67AC67ABE7ABEBBBE3575C3
:10D830002D2B6E2B8E236E1B6E1B8E1B6E238E2349
:10D840006E1B8E1BAF238E23AE23CF23CF23AF239C
:10D85000AF1BCF23AF1B8F1BAF1BAF1BAF1BAE1B71
:10D86000CC230E3CAD4B683AE631A5312329432940
:10D870002319C10824292429E320E32064298531C0
:10D8800064296529642185290732A52944210319C2
:10D89000C218E318E218C210C210C210821082101F
:10D8A000A210A210A210A210C210A210A2108210E8
:10D8B0008208A210A210C310A31082108210820846
:10D8C0008208E31040008A42F7B517B638B658B65A
:10D8D00018AEF7AD39B69AC6DBCE1CD73DDF5EE792
:10D8E0005EE77EEF9FEFBFF7BFEFBFEFBFF7BFF77A
:10D8F000DFF7DFFFDFFFDFFFDFFFDFFFDFFFFFFF20
:10D90000FFFFFFFFFFFFFFFFFFFFFFFFFFFFFFFF27
:10D91000FFFFFFFFFFFFFFFFFFFFFFFFFFFFFFFF17
:10D92000FFFFFFFFFFFFFFFFFFFFFFFFFFFFFFFF07
:10D93000FFFFFFFFFFFFFFFFFFFFFFFFFFFFFFFFF7
:10D94000FFFFDFF7BFF7DFF79FEF9FEF9EF7BFF710
:10D950009EF7BEF7BEF7FFFFFFFFFFF7FFF7BFEF32
:10D96000BDCEFBB5BAA59574CD32A80947016701B4
:10D970006709A81967192611461946192519461964
:10D9800025194511461946192519051104110411C7
:10D99000041125196621E41025194619051187215E
:10D9A0008300E931D8AD5EDF3EDF3EDFDDCE5BBE1A
:10D9B0009CC61AB61AB6BCCE7BC6DCCEBCCE1DDF6A
:10D9C000DCD618BE54AD36CE55D655DE76E697E693
:10D9D000B7EED8EEF8EEF8EE18EF39EF3AF73AF77F
:10D9E0005AF75BF75BF75BF77BF77BF77BF77BF728
:10D9F0007BF77BF77BF77BF77BF77BF77BF77BF797
:10DA00007BF77BF75AEF3AEF3AEFF9E6F9E6D9E61A
:10DA1000D9DE98D69AD61CDF3DDF1DDF5EDF5EE7DC
:10DA20007FEFBFF7BFF7DFF7DFFFDFF7DFFFDFFFD6
:10DA3000DFFFDFFFFFFFFFFFFFFFFFFFDFFF9FF7BE
:10DA40001DE7FCDE7EEFDFFFDFFFBFFFFFFFFFFF15
:10DA5000FFFFFFFFFFFFFFFFFFFFFFFFFFFFFFFFD6
:10DA6000FFFFFFFFFFFFFFFFFFFFFFFFFFFFFFFFC6
:10DA7000FFFFFFFFFFFFFFFFFFFFFFFFFFFFFFFFB6
:10DA8000FFFFFFFFFFFFFFFFFFFFFFFFFFFFFFFFA6
:10DA9000FFFFFFFFDFFFDFFFDFF7BFEF7EE75DDFA9
:10DAA000FBD6BAC69ACE9BC69BC6BBC61DC776859B
:10DAB0004D334D238E238E238E1B8E1B8E1B6E1B90
:10DAC0006E1B8E238E238E1B8E1BAF23AF238E1BCC
:10DAD0008F1BAF238E1B8E1B8E1B8F1BAF23AE1B8A
:10DAE000CC23ED3B4B3B072AE639C63903212321E2
:10DAF0000211E2104429242903210321A531A53173
:10DB0000242944298529A5290732A5292421E31898
:10DB1000C218E218C210C210C210A21081108110E7
:10DB2000A210A210A210A210C210C210A210821045
:10DB3000820882088210A310A31082108210A21003
:10DB4000C310820882084521149D38BE18B69ABEBB
:10DB500059B618B6F8AD18B67AC6DBCE1CD73DDF7D
:10DB60003DDF3EE77EEF9FEFBFEF9FEF9FF7BFF7F1
:10DB7000BFF7BFF7DFFFDFFFDFFFDFFFDFFFFFFFE5
:10DB8000FFFFFFFFFFFFFFFFFFFFFFFFFFFFFFFFA5
:10DB9000FFFFFFFFFFFFFFFFFFFFFFFFFFFFFFFF95
:10DBA000FFFFFFFFFFFFFFFFFFFFFFFFFFFFFFFF85
:10DBB000FFFFFFFFFFFFFFFFFFFFFFFFFFFFFFFF75
:10DBC000DFF7FFF7BFF79EEF7EEF7EEFFFFF9EF7D9
:10DBD0007EEFFFFFFFFFFFFFFFFFDFF7DFF7FFF73E
:10DBE0005FE79DCE3BB61BAE3785704B0A1AC9095D
:10DBF000670988114711261167194621251945190A
:10DC0000661946192511051105110411051125196B
:10DC1000461925114619461946196621A3082511EA
:10DC200087218300AB421AB69CC69CC63FD7BDCEA7
:10DC30005BBE7CBE7CBE3BBE5BBEBCCEBCCEDCD67F
:10DC4000BBD6D7BD53AD36CE55D675DE76E697E654
:10DC5000B7EED8EEF8EEF8EE18EF39EF3AF73AF7FC
:10DC60005AF75AF75BF75BF77BF77BF77BF77BF7A6
:10DC70007BF77BF77BF77BF77BF77BF77BF77BF714
:10DC80007BF77BF73AEF3AEF3AEFF8E6F9E6D8DEC2
:10DC9000B9DEB9D699CE1CDF3DDF3DDF5EE77EE71A
:10DCA000BFEFBFF7BFF7BFF7DFFFDFFFDFFFDFFF2C
:10DCB000FFFFFFFFFFFFFFFFFFFFFFFFDFFF9EF7FD
:10DCC0005DE73DE79FF7FFFFDFFFDFFFFFFFFFFFA0
:10DCD000FFFFFFFFFFFFFFFFFFFFFFFFFFFFFFFF54
:10DCE000FFFFFFFFFFFFFFFFFFFFFFFFFFFFFFFF44
:10DCF000FFFFFFFFFFFFFFFFFFFFFFFFFFFFFFFF34
:10DD0000FFFFFFFFFFFFFFFFFFFFFFFFFFFFFFFF23
:10DD1000DFFFDFFF9FF77EEF5DE73DDF1CDFFBD618
:10DD2000DBCEBBC6BBCEDCCEDCCEDCCE3DCFD895C9
:10DD3000AF3B2D238E23AE238E1B8E238E236E1B93
:10DD40008E1B8E238E1B6E1B6E1BAE23AE238E1B73
:10DD50008E1BAF238E1B6E1B8E1B8E1BAF23AE1B29
:10DD6000CC23ED3BEA32C629073AC639C220E2206D
:10DD7000021123196529032144294429C639853113
:10DD800024214429A529C6292732C5292319E318A6
:10DD9000C218C218C210C208C210A210811081108D
:10DDA000A2108210A210A210C210C210A210A210C3
:10DDB000821082108210A310C310A310A210A3100F
:10DDC000A2106108C3106100CF7358BED7AD9AC6C8
:10DDD0009AC69AC618B6D7AD19B67AC6BBCEFCD6C7
:10DDE0001DDF3DDF5EE77EE77FEF9FEF9FEFBFF731
:10DDF000BFF7BFF7DFF7DFFFDFFFDFFFDFFFFFFF6B
:10DE0000FFFFFFFFFFFFFFFFFFFFFFFFFFFFFFFF22
:10DE1000FFFFFFFFFFFFFFFFFFFFFFFFFFFFFFFF12
:10DE2000FFFFFFFFFFFFFFFFFFFFFFFFFFFFFFFF02
:10DE3000FFFFFFFFFFFFFFFFFFFFFFFFFFFFFFFFF2
:10DE4000FFFFFFFFDFF79EF77EEF3DE77EEFBFF7B7
:10DE5000DFF79EEFBFF7FFFFFFFFDFF7FFFFFFFFDB
:10DE6000DFF71EDF9CC65BB6FAA59895946CED3281
:10DE7000C91147096811A8214719261146194619E1
:10DE80004611261125112511251105110511051120
:10DE900026194619261966194619251946192511F4
:10DEA0000511A308E4104E5BBCCEDDCEDDCEFECE68
:10DEB0007CBE9DC69DC63BB65BBE9CC6BCCEDCD6BA
:10DEC0009BCEB6B594B556D655DE75DE96E6B7EE62
:10DED000B8EED8EEF8EE18EF18EF39EF3AF73AF758
:10DEE0005AF75BF75BF75BF77BF77BF77BF77BF723
:10DEF0007BF77BF77AF77AF77BF77BF75BF77BF7B4
:10DF00007BF77BF75AEF3AEF3AEFF8E619EFD9E6ED
:10DF1000D9DED9D679CE3CDF5DE73DDF5EE77EE72F
:10DF2000BFF7DFF7DFF7DFF7FFFFFFFFFFFFFFFFC1
:10DF3000FFFFFFFFFFFFFFFFFFFFFFFFDFFF9EF77A
:10DF40009EF79EF7BFF7FFFFDFFFFFFFFFFFFFFF1B
:10DF5000FFFFFFFFFFFFFFFFFFFFFFFFFFFFFFFFD1
:10DF6000FFFFFFFFFFFFFFFFFFFFFFFFFFFFFFFFC1
:10DF7000FFFFFFFFFFFFFFFFFFFFFFFFFFFFFFFFB1
:10DF8000FFFFFFFFFFFFFFFFFFFFFFFFDFFFDFFFE1
:10DF90009FF79EF77EEF3DE71CDF1CDFFCD6FCCE33
:10DFA0001CCF1CCFFCCEDCCEDCD6FDD65ED79BAE24
:10DFB000114C4D2B8E2BAE238E1B8E1B6E1B6E1B9E
:10DFC0006E238E236E236E1B8E1BAE23AF238E1B00
:10DFD000AF23CF23AF1B8E1B8E1B8E1BAF23AE2315
:10DFE000AC2BED3BC932E6292742A539C220E220FD
:10DFF000021184216529032164298529C6396429F0
:10E0000044296529A529E6292732C6292319C218DA
:10E01000C218E218C210A108C210C210A210A218A1
:10E0200082108210A210A210C210C210A210A21060
:10E0300082108210A210C310C318C310A210821045
:10E040006108A210C2100000AA4AF7B5D7AD58BEA9
:10E05000BAC61CCFBBC639B639B639BE5AC6BCCE55
:10E06000FDD61DDF1DDF3DDF5EE77EEF9FEFBFF7D3
:10E070009FF7BFF7DFF7DFFFDFFFDFFFDFFFDFFF28
:10E08000FFFFFFFFFFFFFFFFFFFFFFFFFFFFFFFFA0
:10E09000FFFFFFFFFFFFFFFFFFFFFFFFFFFFFFFF90
:10E0A000FFFFFFFFFFFFFFFFFFFFFFFFFFFFFFFF80
:10E0B000FFFFFFFFFFFFFFFFFFFFFFFFFFFFFFFF70
:10E0C000DFFFFFFFFFFFDFFF9EF75DE7BBD65EE7E9
:10E0D000BFF79EEF9EEFDFF7FFFFFFFFFFFFFFFFA2
:10E0E000FFFFDFF71DD77BBE3AB63AAED99DF67C6F
:10E0F000704B4B2A6811471106112611471926113A
:10E10000471946112611261126112611261126110E
:10E1100046192611471925114619E41066190511EB
:10E12000A3086621E40826113695DDCEBDC6DDC6FE
:10E13000FECE7CBE5CBEBDC67CC67BBE9CC6DCCEB5
:10E140007AC696B594B555D655DE75DE76E6B7EE49
:10E15000D8EED8EEF8EE18EF18EF39EF3AF73AF7B5
:10E160005BF75BF75BF75BF75BF75BF75BF77BF7FF
:10E170007BF77BF75AF77AF77BF77BF75BF75BF771
:10E180005BF77BF73AEF5AF73AEFF8E619EFD9E683
:10E19000D9DED9D699CE3CDF3DDF3DDF3DDF5EE7FE
:10E1A0009EEFDFF7FFFFFFFFFFFFDFFFDFFFFFFF58
:10E1B000FFFFFFFFFFFFFFFFFFFFFFFFDFFF9EF7F8
:10E1C000BFF7DFFFDFFFFFFFDFFFDFFFFFFFFFFF27
:10E1D000FFFFFFFFFFFFFFFFFFFFFFFFFFFFFFFF4F
:10E1E000FFFFFFFFFFFFFFFFFFFFFFFFFFFFFFFF3F
:10E1F000FFFFFFFFFFFFFFFFFFFFFFFFFFFFFFFF2F
:10E20000FFFFFFFFFFFFFFFFFFFFFFFFDFFFBEF787
:10E210007EEF7EEF5EEF5DE73DDF3DDF3DDF3DDF23
:10E220003DD75DD71DDFFDD61DDF3EDF7FD7DCB6D6
:10E2300051544D2BAE23AE238E1B8E1B6E1B6E1BBB
:10E240006E238E236E236E1B8E1BAE23AF238E1B7D
:10E250008E23AF23AF1B8E1B8E1B8E23AF238E1BF3
:10E26000AC2BCD3BA932E731273A6431A220E22022
:10E270000311E629852924218529A529A6314429C8
:10E2800065296529A529E6292732A5290319C21878
:10E29000C218C218C210A108C208C210A210A21847
:10E2A00082108210A210A210C210C210A210A210DE
:10E2B00082108210A210A210C318C318A210620804
:10E2C000A210C2108208A2108629349538BED7AD9C
:10E2D0009ABE1CD73DD7FCCE9BC65ABE3ABE7BC663
:10E2E000BBCEDCD61DDF1DDF3DE75EE77EEF9FEF97
:10E2F0009FF7BFF7BFF7DFF7BFFFDFFFDFFFDFFFEE
:10E30000FFFFFFFFFFFFFFFFFFFFFFFFFFFFFFFF1D
:10E31000FFFFFFFFFFFFFFFFFFFFFFFFFFFFFFFF0D
:10E32000FFFFFFFFFFFFFFFFFFFFFFFFFFFFFFFFFD
:10E33000FFFFFFFFFFFFFFFFFFFFFFFFFFFFFFFFED
:10E34000FFFFFFFFFFFFFFFFDFFFBFF7FCDE9BCEFE
:10E35000DCD69FEFDFF79EE79EEFDFFFDFFFDEFFFC
:10E36000DEF7FFFFDFF75DDFFCCE7BBED9A578953A
:10E37000D6841364CE3ACA194811271127114711C0
:10E380004719471127112611261126114711471940
:10E39000671947194719461946192619E410051136
:10E3A000C3084519E410A4006B3A9CBEBDC6BDC6A7
:10E3B000BDC69DC67CBEBDC67CBE9CC6BCC69BC63B
:10E3C00039BE96ADB5BD55D655DE75DE76E6B7EEEF
:10E3D000D8EED8EEF8EE18EF18EF39EF3AF75AF713
:10E3E0005AF75AF75BF75BF75BF75BF77BF75BF77F
:10E3F0007BF77AF75AF75AF77BF77BF75BF75BF710
:10E400005BF75BF73AEF5AF719EFF8E6F9E6D8DE73
:10E41000D9DEB9D699CE3CDF1CDF1DDF3DDF5EE7DC
:10E42000BFEFDFF7FFFFFFFFFFFFDFFFDFFFFFFFB4
:10E43000FFFFFFFFFFFFFFFFFFFFFFFFFFFFBEF735
:10E440009EF7DFFFDFFFFFFFFFFFDFFFFFFFFFFFA5
:10E45000FFFFFFFFFFFFFFFFFFFFFFFFFFFFFFFFCC
:10E46000FFFFFFFFFFFFFFFFFFFFFFFFFFFFFFFFBC
:10E47000FFFFFFFFFFFFFFFFFFFFFFFFFFFFFFFFAC
:10E48000FFFFFFFFFFFFFFFFFFFFFFFFDFFFBFF704
:10E490009EF79EF79EEF7EEF7EE77EE77EE77EDFCC
:10E4A0007EE75EE75EE73EDF3EDF5EDF9FDFFCB6D6
:10E4B00051544D23AE238E1BAE238E236E236E2329
:10E4C0008E238E238E236D1B8E1BAE238E236E1BFD
:10E4D0006E1BAF238E1B6E1B8E1B8E1BAE238E1BE3
:10E4E0006B238C3B482AC629E6312321A118C21888
:10E4F00043192732852944218529C631A53144296C
:10E5000085298529C629E6292732A5210319E3187B
:10E51000C218C218A210A108A210C210A210821024
:10E520008210A210A210C210C210A210A210A2103B
:10E5300082108210A210A210C318C318A310821058
:10E540008210E318410804192419928438B6D7AD13
:10E5500039BEFCCE7EDF7EE71CD79BC63ABE5AC6CC
:10E560007AC6BBD6FDDE1DDF1DDF3DE77EE77EEF11
:10E57000BFF7BFF7BFF7BFF7BFF7BFFFDFFFDFFF93
:10E58000FFFFFFFFFFFFFFFFFFFFFFFFFFFFFFFF9B
:10E59000FFFFFFFFFFFFFFFFFFFFFFFFFFFFFFFF8B
:10E5A000FFFFFFFFFFFFFFFFFFFFFFFFFFFFFFFF7B
:10E5B000FFFFFFFFFFFFFFFFFFFFFFFFFFFFFFFF6B
:10E5C000FFFFDFFFFFFFFFFFFFFFBFF7DFF7BBD658
:10E5D00039BE7AC63DDF9FEFBEEFDFF7DFFFFEFFFC
:10E5E000FEFFDEF7FFFFDFF71DD7DDCE7CC61BAEDB
:10E5F0007995F784346C514B6D2AAA194911280971
:10E60000E6002709270927090709280948114711A2
:10E610002711471147112611471905110511C40883
:10E62000E4080511C40825112611537CDEC6BDC6B9
:10E630007CBEBDC67CBE9CC69CC67CC6BCC69CC6F9
:10E6400018BE95B5D5C555D675DE95DE76E6B7EE1E
:10E65000D8EED8EEF8EE18EF18EF39EF3AF75AF790
:10E660005AF75BF75BF77BF75BF75BF77BF75BF7DB
:10E670007BF75AF75AF75AF77BF77BF75BF75BF7AD
:10E680007BF77BF75AF75AF719EFF9EEF9E6F9E657
:10E69000D9DEB9D699CE1CDFFCD61DDF3EDF9FEF59
:10E6A000DFF7FFF7FFFFDFFFFFFFFFFFFFFFFFFFCA
:10E6B000FFFFFFFFFFFFFFFFDFFFFFFFFFFFBEF7D3
:10E6C0009EF7DFFFDFFFFFFFFFFFFFFFFFFFFFFF03
:10E6D000FFFFFFFFFFFFFFFFFFFFFFFFFFFFFFFF4A
:10E6E000FFFFFFFFFFFFFFFFFFFFFFFFFFFFFFFF3A
:10E6F000FFFFFFFFFFFFFFFFFFFFFFFFFFFFFFFF2A
:10E70000FFFFFFFFFFFFFFFFFFFFFFFFDFFFDFFF59
:10E71000DFFFDFFFDFF7BFF7BEEF9FEFBEE79EE74C
:10E720007EE75EE75EE75EEF5EE79FE7BFDFDCB6B2
:10E7300051544D23AE238E23AE23AE236D238E235F
:10E740008E238E238E238E238E23AE23AF238E2300
:10E750006E1BAF238E1B6E1B8E238E23AF238E2347
:10E760004B2B4B3B0722A6298529E2180321E218EF
:10E770004419893A652985296529E639C531642115
:10E780008429E63127322732062A85210319C31846
:10E79000C218C218C210C210C210C210A210A21019
:10E7A000A210A210A210A210A210A210A210A210D9
:10E7B000A210A210A210C210C318C310A21082107F
:10E7C0008210C2106108E3106521CF7396A559BE6F
:10E7D00018B65ABE5DDFBFEF7EE71DDFDCD6BBD6C5
:10E7E0007AC67AC6FCD61DDF1DDF3DDF3DE75EE75A
:10E7F0007EEF9FEFBFF79FF7BFF7DFFFFFFFDFFF62
:10E80000DFFFDFFFFFFFFFFFDFFFFFFFFFFFFFFF78
:10E81000FFFFFFFFFFFFFFFFFFFFFFFFFFFFFFFF08
:10E82000FFFFFFFFFFFFFFFFFFFFFFFFFFFFFFFFF8
:10E83000FFFFFFFFFFFFFFFFFFFFFFFFFFFFFFFFE8
:10E84000FFFFFFFFFFFFFFFFFFFFFFFFDFF7DFF728
:10E85000DBD659BE39BEDBD65DE79EEFDFF7FFFFA3
:10E86000FFFFFFFFFFFFFFF7BFEF1ED71FD7DFCE72
:10E870005DB6DB9D187D5664734BAF2A2D22CB11FC
:10E880008A11AA11AB118B114A096A098A098909EF
:10E890008909680948094709271106110611261137
:10E8A000C40025112611050926110B32789DBECE14
:10E8B0007CC69CC67CC65BBE5BBE9CC6BCC67AC61C
:10E8C000D7BD95B516CE55D676DE76DEB7DEB7E681
:10E8D000D7E6D7EEF7EE18EF18EF19EF3AEF5AF741
:10E8E0005AF75BF75BF75BF75BF77BF75BF75BF779
:10E8F0007BF77BF77BF77BF77BF77BF75BF75AF7C9
:10E900005BF75AF75AF75AF739F7F9EE19EFF9E6C4
:10E91000FAE6B9D699CE3CDF5DE75DDF5EE79EE7BC
:10E92000BFEFDFF7FFFFFFFFFFFFFFFFFFFFFFFF6F
:10E93000FFFFFFFFFFFFFFFFFFFFDFFFBFFF9EF7B0
:10E94000BFF7DFFFDFFFFFFFFFFFFFFFFFFFDFFF7F
:10E95000FFFFFFFFFFFFFFFFFFFFFFFFFFFFFFFFC7
:10E96000FFFFFFFFFFFFFFFFFFFFFFFFFFFFFFFFB7
:10E97000FFFFFFFFFFFFFFFFFFFFFFFFFFFFFFFFA7
:10E98000FFFFFFFFFFFFFFFFFFFFFFFFFFFFFFFF97
:10E99000FFFFFFFFFFFFDFF7DFF7DFEFDFEFDFEF67
:10E9A0009EEF7EEF7EF77FF79FF7BFEFBFDFDCB60E
:10E9B000314C4D238E236D23AE238E23AE238E2325
:10E9C0008E23AF238E238E238E238E238E238E1BA6
:10E9D0006E1B8E236E1B6E1B6E238E238F238F2345
:10E9E0008C3B4B3BE721A5298529032123210319D2
:10E9F000C521A9428529852985290632E631A42920
:10EA0000A5292732883A6732E62144190311E31811
:10EA1000C218C218C210C210C210C210C210A21076
:10EA2000A210A210A210C218A210A210A210A2102E
:10EA3000A2108210A210C210C318C318A210A210F4
:10EA40008110A210A21082088629EF73D49459BEB7
:10EA500019B619B6DBCE9FEFDFF7DFF79EEF5DE764
:10EA6000BBD69AC6BBCEFCD61DDF3DDF3DDF5EE7E1
:10EA70007EE79EEFBFEFBFEFBFF7DFF7DFFFDFFF00
:10EA8000DFFFFFFFFFFFFFFFDFFFFFFFFFFFFFFFD6
:10EA9000FFFFFFFFFFFFFFFFFFFFFFFFFFFFFFFF86
:10EAA000FFFFFFFFFFFFFFFFFFFFFFFFFFFFFFFF76
:10EAB000FFFFFFFFFFFFFFFFFFFFFFFFFFFFFFFF66
:10EAC000FFFFFFFFFFFFFFFFFFFFFFFFFFF7FFF766
:10EAD000FFF71CDF7AC69ACE1CDF5EE77EEFBFF73A
:10EAE000FFFFFFFFFEFFFEF7FFFF9FEF1FD7BEC632
:10EAF000BEC63DA65A85565C533BD02AB02A8F220B
:10EB0000AF2AF032123BB1322E22ED19EC11CB09B3
:10EB1000AB098A096909690969094809480948115D
:10EB2000E60006014609E5002709E708715B5DBEBE
:10EB3000DECE1AB63BB65BBE3BB65BBE7BBE5AC6EC
:10EB4000B6B595BD15CE15D676DE96DEB7DED7DE28
:10EB5000D7E6F7EEF7EE18EF18EF19EF3AEF5AF79E
:10EB60003AF75BF75BF75BF75BF77BF77BF77BF7D6
:10EB70007BF77BF77BF77BF77BF77BF75BF75AF746
:10EB80007AF75AEF5BF75AF739F7F8EE19EFD9E64B
:10EB9000D9E6B9DE99D63CDF5DE73DDF5EDF7EE793
:10EBA000BFEFDFF7FFFFFFFFFFFFFFFFFFFFFFFFED
:10EBB000FFFFFFFFFFFFFFFFFFFFDFFFBFFFBEF70E
:10EBC000BFF7DFFFDFFFDFFFFFFFFFFFFFFFFFFFFD
:10EBD000FFFFFFFFFFFFFFFFFFFFFFFFFFFFDFFF65
:10EBE000FFFFFFFFFFFFFFFFFFFFFFFFFFFFFFFF35
:10EBF000FFFFFFFFFFFFFFFFFFFFFFFFFFFFFFFF25
:10EC0000FFFFFFFFFFFFFFFFFFFFFFFFFFFFFFFF14
:10EC1000FFFFFFFFFFFFFFF7DFF7DFF7DFF7DFF7AC
:10EC2000BEF79EF79FF7BFFF9FF7BFEFDFDF5AA644
:10EC3000F0436D2B8E2B6D238E238E23AE238E23DC
:10EC40008E238E238F238E238E238E238E236E1B63
:10EC50004D1B8E1B6E1B6E1B6E238E238F238F23EB
:10EC60008C3B0B3BE6218521642923214429031990
:10EC70002732A942A6298529A529E631E631C529E9
:10EC8000C5294732A93A6832A5212311E318E318B0
:10EC9000E320C218A210A210C210C210C218A218FB
:10ECA0008110A210C218C318C218A210A210A2107C
:10ECB000A2108210A210C210E318C318C310A21031
:10ECC0008108A210C3106100A729107C7284F8ADDE
:10ECD00039BE39BE39BEFCD6DFF7FFF7DFF7FFF7E5
:10ECE0009EEF1CDFFCD6FBD6FCD61CDF3DDF5DE7CC
:10ECF0005EE77EEF9FEF9FF7BFF7BFF7BFFFDFFF36
:10ED0000DFFFFFFFFFFFFFFFDFFFDFFFFFFFFFFF73
:10ED1000FFFFFFFFFFFFFFFFFFFFFFFFFFFFFFFF03
:10ED2000FFFFFFFFFFFFFFFFFFFFFFFFFFFFFFFFF3
:10ED3000FFFFFFFFFFFFFFFFFFFFFFFFFFFFFFFFE3
:10ED4000FFFFFFFFFFFFFFFFFFFFFFFFFFFFFFFFD3
:10ED5000FFFFFFFFFFFFDFF7BFF77EEF7EEFBFF79D
:10ED6000DFFFFFFFFEFFFFFFFFF7DFF71EDF179557
:10ED7000925B31430D120D120E0AEE09EE112E12A6
:10ED8000901A132B743B343BB12A50222F1AED11E9
:10ED9000CC09AC098B09AB09AB098B098B098B0931
:10EDA0008A098A098A09690969090801AB19B77CC6
:10EDB000DFC69DBE1BAE5CB63CB63BB67CC619BE7C
:10EDC00055AD94BD16D614D676DE97DEB7DED8E6FE
:10EDD000F8EEF7EEF8EE18EF19EF39EF3AF73AF7E9
:10EDE0003AF73AF75BF75BF75BF75BF77BF77BF795
:10EDF0007BF77BF77BF77BF75BF75BF75BF75BF703
:10EE00005AF75AEF5BF75AF739F7F8EE19EFD9E6E8
:10EE1000D9DEB9DE99D63CE75DE73DDF5DDF7EE711
:10EE2000BFEFDFF7FFFFFFFFFFFFFFFFDFFFFFFF8A
:10EE3000FFFFFFFFFFFFFFFFDFFFDFFFBFF79EF7D3
:10EE4000BFF7DFFFDFFFDFFFFFFFFFFFFFFFFFFF7A
:10EE5000FFFFFFFFFFFFFFFFFFFFFFFFFFFFFFFFC2
:10EE6000FFFFFFFFFFFFFFFFFFFFFFFFFFFFFFFFB2
:10EE7000FFFFFFFFFFFFFFFFFFFFFFFFFFFFFFFFA2
:10EE8000FFFFFFFFFFFFFFFFFFFFFFFFFFFFFFFF92
:10EE9000FFFFFFFFFFFFFFFFFFFFFFFFFFF7DFF7B2
:10EEA000DFF7DFFFDFFFFFFF9FEFDFEF9FD79685E5
:10EEB0006E334D23AE2B6E238E238E23AE238E23F3
:10EEC0006E238E238E236E236E238E238E236E1B42
:10EED0006E1B8E236E1B6E1B6E236E236E236E23A2
:10EEE0006C3BCA32C6298529442103214429442187
:10EEF000883AA93AC629C629E629E631C529C5298D
:10EF0000C5294732A93A6832A52124190319C31823
:10EF1000E320C218A210A210C210C218C218A21078
:10EF20008110A210C218C318C218A210A210A210F9
:10EF3000A210A210A210C218E318E318C318C2103E
:10EF40008208A210A2106208E731517CD38C359D53
:10EF50005ABE9BC639BE59BE3DDFDFEFFFF7FFF754
:10EF6000FFF7DFF79EEF3DDFFCDE1CDF3DDF3DE717
:10EF70005EE75EEF7EEF9EEF9EF79EF7BFF7BFFF67
:10EF8000DFFFDFFFFFFFFFFFDFFFDFFFFFFFFFFF11
:10EF9000FFFFFFFFFFFFFFFFFFFFFFFFFFFFFFFF81
:10EFA000FFFFFFFFFFFFFFFFFFFFFFFFFFFFFFFF71
:10EFB000FFFFFFFFFFFFFFFFFFFFFFFFFFFFFFFF61
:10EFC000FFFFFFFFFFFFFFFFFFFFFFFFFFFFFFFF51
:10EFD000FFFFFFFFFFFFFFF7FFFFFFFFBFF7BFF7D9
:10EFE000BFF7FFFFFFFFFFFFBEF7FFFF7FEF1274CA
:10EFF000E70808016B01CD09CE010F0A4F129122DB
:10F00000F32A34335533F32A511AEF11CE09AD09DF
:10F01000AD01AC01AC01AC01AD01AD01AE01CE0959
:10F02000CD09CC09CC09EC11CC09CC116B01B03263
:10F0300059855DA6FC9D3CAE7DBEDBAD589DB4946C
:10F04000F39CD5C515D635D676DE97DEB7DEF8E665
:10F05000F8EEF8EEF8EE18EF39F73AF75AF75AF7F4
:10F060005AF75BF75BF75BF75BF75BF75BF75BF711
:10F070005BF77BF77BF77BF75BF75AF75AF75BF7A2
:10F080005AF75AEF5AF73AEF39F7F8EEF9EED9E6B0
:10F09000D9E6B9DE99D63CDF5DE73DDF5EDF7EE78E
:10F0A000BFEFDFF7DFFFDFFFDFFFDFFFDFFFFFFF88
:10F0B000FFFFFFFFFFFFFFFFDFFFBFF79EF79EF79A
:10F0C000DFFFDFFFDFFFDFFFFFFFFFFFDFFFDFFF10
:10F0D000DFFFDFFFDFFFDFFFFFFFFFFFFFFFFFFFC0
:10F0E000FFFFFFFFFFFFFFFFFFFFFFFFDFFFDFFF70
:10F0F000FFFFFFFFFFFFFFFFFFFFFFFFFFFFFFFF20
:10F10000FFFFFFFFFFFFFFFFFFFFFFFFFFFFFFFF0F
:10F11000FFFFFFFFFFFFFFFFFFFFFFFFFFFFFFFFFF
:10F12000DFF7FFFFFFFFDFF7BFEFDFE7BBB6315CC5
:10F130002D2B6D23AF2B6E238E238E238E238E23B8
:10F140006E238E238E236E1B6E1B8E238E236E1BCF
:10F150006E1BAF238E236E1B6E236E1B6E236E1BE6
:10F160006C3BA932E62985294421032144218421CD
:10F17000C93AC93A072AE62906320632A529A5293D
:10F18000E629683AC9428832A52144190319C218F0
:10F19000C320A218A210A210C210C218A218A2184E
:10F1A000A210A218C218C218A210A210A210A21077
:10F1B000A210A210A210C218E318E318E318C31893
:10F1C000A210A21082086208083A9284159514953C
:10F1D000F8B59BC69AC639BE7AC65DDFFFFFDFF77A
:10F1E000FFF7FFFFFFFFBFF77EEF7EEF5EEF5DE70C
:10F1F0007EEF7EEF7EEF9EEF9EF77EF79EF7BFF7E6
:10F20000DFFFDFFFDFFFDFFFDFFFDFFFDFFFFFFFEE
:10F21000FFFFFFFFFFFFFFFFFFFFFFFFFFFFFFFFFE
:10F22000FFFFFFFFFFFFFFFFFFFFFFFFFFFFFFFFEE
:10F23000FFFFFFFFFFFFFFFFFFFFFFFFFFFFFFFFDE
:10F24000FFFFFFFFFFFFFFFFFFFFFFFFFFFFFFFFCE
:10F25000DFF7FFFFFFFFFFFFFFFFFFFFFFFFDFFF06
:10F26000FFFFDFF7FFFFFFFFDFFFBFF7FFFF9FE7B6
:10F27000F26B69110D12501A711A921AB222132BE5
:10F28000963BD743D6431333501ACE098D018D01D7
:10F290008D01AD01CD01CD01CE01CE01CF01EF0138
:10F2A0000F0A0E020E0A2E122E12EE09EE09EE11B0
:10F2B0008F22934B5664B774D784B263CA2929420C
:10F2C000F29C15CE15D655DE76DE97E6B7E6D8E683
:10F2D000D8EEF7EEF8EE18F719F73AF75AF75AF7AB
:10F2E0005AF75BF75BF75BF75BF75BF75BF75BF78F
:10F2F0005BF77BF77BF77BF75BF75AF75AF75BF720
:10F300005AF75AEF3AEF3AEF19EFF8EEF9EED9E67D
:10F31000D9E6B9DE99D63CDF5DE73EDF5EE77EE702
:10F32000BFEFDFF7DFFFDFFFFFFFFFFFFFFFFFFFA5
:10F33000FFFFFFFFFFFFFFFFDFFFDFFFBFF7BFF7AD
:10F34000DFFFDFFFBFFFBFFFDFFFDFFFDFFFFFFFED
:10F35000FFFFFFFFFFFFFFFFFFFFFFFFDFFFFFFFDD
:10F36000FFFFFFFFFFFFFFFFFFFFFFFFFFFFFFFFAD
:10F37000FFFFFFFFFFFFFFFFFFFFFFFFFFFFFFFF9D
:10F38000FFFFFFFFFFFFFFFFFFFFFFFFFFFFFFFF8D
:10F39000FFFFFFFFDFFFFFFFFFFFFFFFFFFFFFFF9D
:10F3A000DFFFFFF7DFF7DFEFBFEF1DC7F47C2D3383
:10F3B0002D236D238E2B6E238E238E238E238E235F
:10F3C0006E238E236E236E1B6E238E238E236E1B65
:10F3D0006E1B8E236E1B6E1B6E236E238E236E237D
:10F3E0006C43882AC6298529442123212421A5216B
:10F3F0000A43E93A472A072A062A2732A529A521DE
:10F40000062AC9420A4B8832A52123190319C218BA
:10F41000C218A218A210C210E210C210A2188210C4
:10F42000A210A218C218C218A210A210A210A210F4
:10F43000A2108210A210C210E318E318E318C31838
:10F44000A210A21082086200493AD38C1595769DCD
:10F4500097A539B69AC67AC639BE7AC65DE7FFF770
:10F46000FFFFFFFFDFF7FFFFFFFFDFF7BFF79EEFB5
:10F470009EF79EF79EF79EF79EF79EF79FF7BFF7C2
:10F48000BFFFDFFFDFFFDFFFDFFFDFFFDFFFFFFF8C
:10F49000FFFFFFFFFFFFFFFFFFFFFFFFFFFFFFFF7C
:10F4A000FFFFFFFFFFFFFFFFFFFFFFFFFFFFFFFF6C
:10F4B000FFFFFFFFFFFFFFFFFFFFFFFFFFFFFFFF5C
:10F4C000FFFFFFFFFFFFFFFFFFFFFFFFFFFFFFFF4C
:10F4D000FFFFDFF7FFFFFFFFDFFFFFFFFFFFDFFFA4
:10F4E000DFF7BFF7FFFFBFFFFFFFFFFFDEF7FFF70D
:10F4F000DDCE2F434A01EE113012100A3012D32212
:10F50000963B184CF74B132B3012CE09AE018D01F0
:10F51000AD01CE01EE010E02EE01CE01CF01F001F0
:10F520000F022F0A0E0A0E0A0E0AEE09EF11EE1153
:10F530006C018C01AC09ED19EC214919A5084A4A66
:10F5400053AD36D614D655DE76DE97E6B7E6D7E667
:10F55000D7EED7EEF8EE18F719F739F73AF75AF76A
:10F560003AF73AF75BF75BF75BF75BF77BF77BF70D
:10F570007BF77BF77BF75BF75BF75AF75AF75BF79D
:10F580005AF75AEF3AEF39EF18EFD8E6F9EED9E625
:10F59000D9E6B9DE99D63CDF5DE75EE77EE79EE718
:10F5A000BFEFDFF7DFFFDFFFFFFFFFFFFFFFFFFF23
:10F5B000FFFFFFFFFFFFFFFFDFFFBFFFBFFFBFFF3B
:10F5C000BFF7DFFFFFFFFFFFFFFFDFFFDFFFFFFFF3
:10F5D000FFFFFFFFFFFFFFFFFFFFFFFFFFFFFFFF3B
:10F5E000FFFFFFFFFFFFFFFFFFFFFFFFFFFFFFFF2B
:10F5F000FFFFFFFFFFFFFFFFFFFFFFFFFFFFFFFF1B
:10F60000FFFFFFFFFFFFFFFFFFFFFFFFFFFFFFFF0A
:10F61000FFFFDFFFDFFFFFFFFFFFDFFFDFFFDFFF9A
:10F62000FFFFDFF7DFF7BFE7FCC6568D6E430C2305
:10F630004D2B6E238E236E238E238E236E236E23FB
:10F640006E236E236E236E238E23AF238E236E1BB9
:10F650006E1B8E236E1B6E1B6E238E238E238E23BA
:10F660004B43472A85216421442923212319C5219D
:10F670000A3BE932682A272A272A683AC529C52978
:10F68000272AC9420A43673284192319E318C31889
:10F69000C218A218A210C210E310C210A218A21819
:10F6A000A210C210C218C210C210C210C210A21002
:10F6B000A210A210A210C218E318E318C318C310B6
:10F6C000C210A310820862006A421495359D97A566
:10F6D00097A5D8AD59B69AC69AC618B659BE7DE751
:10F6E000DFF7FFFFDFF7FFFFFFFFFFFFDFF7DFF7CA
:10F6F000DFF7DFF7BFF7BFF7BFF7BFF7BFF7DFFFF2
:10F70000DFFFDFFFDFFFDFFFDFFFDFFFDFFFFFFFE9
:10F71000DFFFFFFFFFFFFFFFFFFFFFFFFFFFFFFF19
:10F72000FFFFFFFFFFFFFFFFFFFFFFFFFFFFFFFFE9
:10F73000FFFFFFFFFFFFFFFFFFFFFFFFFFFFFFFFD9
:10F74000FFFFFFFFFFFFFFFFFFFFFFFFFFFFFFFFC9
:10F75000FFFFFFFFFFFFFFFFFFFFFFFFFFFFFFFFB9
:10F76000FFFFBFF7FFFFBFFFFFFFFFFFBEF7DEF7A3
:10F77000FFF73AAE4E2A6C01F011721AF32AB64323
:10F7800038541854553B5012AE018D016D016D0176
:10F790008D01CD01EE010E0A0E0AEE01CE01CE0161
:10F7A000CE012F0AEE092E12EE1170220F1A301A16
:10F7B0000F12EE116C018B094A09E70847212C63EF
:10F7C000D5BD35CE35D655DE76DE97E6B7E6D8E63A
:10F7D000D8EEF8EEF8F619F719F739F739F73AF7DE
:10F7E0003AF75AF75AF75BF75BF75BF77BF77BF76C
:10F7F0007BF77BF75BF75BF75BF75BF75BF75AF73A
:10F800005AF75AEF3AEF39EF18EFD8E6F9EED9E6A2
:10F81000D9E6B9DE99D63CE75EE75EE77EE79EEF84
:10F82000BFEFDFF7DFFFDFFFFFFFFFFFFFFFFFFFA0
:10F83000FFFFFFFFFFFFFFFFDFFFBFF79FF7BFF7F0
:10F84000BFFFDEFFDEFFDEFFBEFFBDF79DF7BDF7AA
:10F850009DF7BDF7BEFFBEFFBEFFBEFFDEFFDEFFB2
:10F86000DEFFDEFFFEFFFEFFFFFFFFFFFFFFFFFFEC
:10F87000FFFFFFFFFFFFFFFFFFFFFFFFFFFFFFFF98
:10F88000FFFFFFFFFFFFFFFFFFFFFFFFFFFFFFFF88
:10F89000FFFFDFFFDFFFDFFFDFFFBFF79FF7BFF7F0
:10F8A000DFF79FEF7EDFBBC61585AF4BEC2A2D2B14
:10F8B0004D236E236E236E236E1B6E236E236E23E9
:10F8C0006E1B6E236E236E1B8E23AF238E236E1B47
:10F8D0006E1BAF238E238E1B8E238E238E238E23AF
:10F8E0002B43272A85214421442123214319062A19
:10F8F0000A3B0933882A472A472AA9420632E629C1
:10F90000272AE93AEA3A272A841943190319E320F6
:10F91000C320A218A210C210E310C218C218A21865
:10F92000A210C210C218C218C218C218C218C2103F
:10F93000C218A210A210C318E318E318C318C2100B
:10F94000C310C310820882086A42559D97A5969DF0
:10F95000D8ADB7A518AEBBC6FCCE9AC6F8B518B6DA
:10F960003CDFDFF7FFFFFFFFFFFFDFF7FFFFFFFFDA
:10F97000FFFFFFFFDFFFDFFFDFFFDFFFDFFFDFFF57
:10F98000DFFFDFFFDFFFDFFFDFFFDFFFFFFFFFFF47
:10F99000DFFFFFFFFFFFFFFFFFFFFFFFFFFFFFFF97
:10F9A000FFFFFFFFFFFFFFFFFFFFFFFFFFFFFFFF67
:10F9B000FFFFFFFFFFFFFFFFFFFFFFFFFFFFFFFF57
:10F9C000FFFFFFFFFFFFFFFFFFFFFFFFFFFFFFFF47
:10F9D000FFFFFFFFFFFFDFFFFFFFDFFFDFFFFFFF97
:10F9E000FFFFFFFFBFF7BFFFFFFFBEFFFEFFFEFFF2
:10F9F000FFF7DFE7D77CAC110F1AB32A753B595CD0
:10FA0000BA64B64B7122AE01AE01AE018D018D011B
:10FA10006C018D01CD01EE090E0AEE09AD098D01D3
:10FA20008D018C01CD09AC09AC090E1A8D11AD11F7
:10FA3000CE11CD11CD09AC118B11681967218D6BD9
:10FA4000F5C5F4CD55DE55DE76E697E6B7E6F8EE79
:10FA5000F8EEF8EE19F719F719F719EF39F73AF741
:10FA60005AF75AF75AF75BF75BF75BF77BF75BF7E9
:10FA70007BF75BF75AF75AF75BF75BF75BF75AF7D9
:10FA80005AF73AEF3AEF3AEF19EFD8E6F9EED9E63E
:10FA9000D9E6B9DEB9D65CE77EE75EE77EE79EEFA2
:10FAA000BFF7DFF7DFFFDFFFFFFFFFFFFFFFFFFF16
:10FAB000FFFFFFFFFFFFFFFFDFF79FF79EF7BFF797
:10FAC000BEF79DF75CEF1BE71BE71BE7FAE61AE7BB
:10FAD0001BE73BEF5BEF5BEF5BEF5CEF7CEF7DF7F2
:10FAE0007DF79DF7BDF7DEFFDEFFFFFFFFFFFFFFA6
:10FAF000FFFFFFFFFFFFFFFFFFFFFFFFFFFFFFFF16
:10FB0000FFFFFFFFFFFFFFFFFFFFFFFFFFFFFFFF05
:10FB1000FFFFDFFFDFFFDFFFBFF79EF79EF79FF7D7
:10FB20009FEF5DDFBBC6768D6E43EC2A2D2B4D23F8
:10FB30002D1B6D1B6E236E1B4D1B6E238E236E1BA8
:10FB40006E236E236E1B6E1B8E1B8E238E238E1BCD
:10FB50006E1BAF238E238E238E238E238E238E2324
:10FB60004B43E621A52944212319441964198832FD
:10FB70006B43C92AC93288326832A93AE62927324A
:10FB80008832EA3A0A43272A641923190321E32019
:10FB9000E320C218C318C210C210C218C218A2189B
:10FBA0008110C218C218C210C218C218C218E218B6
:10FBB000C318A210A210C218C318E318C318A210C9
:10FBC000A310C310A310A208AB4A96A5B7A5D7A54A
:10FBD000F8ADF8ADD8A559B6DBCEFBCE9AC618B6AF
:10FBE00018BE9ACE7EE7FFFFFFF7FFF7FFFFDFF7B4
:10FBF000FFFFFFFFFFFFFFFFFFFFFFFFFFFFDFFF35
:10FC0000DFFFFFFFFFFFFFFFFFFFFFFFFFFFFFFF24
:10FC1000FFFFFFFFFFFFFFFFDFFFDFFFFFFFFFFF34
:10FC2000FFFFFFFFFFFFFFFFFFFFFFFFFFFFFFFFE4
:10FC3000FFFFFFFFFFFFFFFFFFFFFFFFFFFFFFFFD4
:10FC4000FFFFFFFFFFFFFFFFFFFFFFFFFFFFFFFFC4
:10FC5000FFFFFFFFFFFFFFFFFFFFFFFFFFFFFFFFB4
:10FC6000FFFFDFFFDFFFDFFFBFF7DEFFFEFFFEFF6F
:10FC7000DEEFFFF73FD77253CD19712A7543385421
:10FC800079647443301AAD01EF09EF09AD096C01D5
:10FC90006C016C016C018D01CE09CE11AE11AD0964
:10FCA0008C096B014B014A014A092A094B112B119E
:10FCB0002B096C098C098C096A094811C829708CB8
:10FCC00036CE14D635DE75E676E697E6B7E6D8E6A4
:10FCD000F8EEF8EEF8F619F719F719EF39F739F7E2
:10FCE0003AF75AF75BF75BF77BF77BF75BF75BF766
:10FCF0005BF75BF75BF75BF75BF75BF75BF75BF774
:10FD00005AEF3AEF3AEF39EF19EFF8EEF9EED8E69D
:10FD1000D9E6D9DEB9D63CE75EEF5EE77EE79EEF37
:10FD2000BFF7DFF7DFFFDFFFDFFFFFFFFFFFFFFFB3
:10FD3000FFFFFFFFFFFFDFF7DFFFBFF77EF73CEFBF
:10FD4000DADEB9DEB9DEFAE61AE71AE73BEF5BEF77
:10FD50005BF75BF77CF75BEF5CEF7CF77CF77CF79E
:10FD60007CF77CEF7CEF7CEF7CF79DF7DEFFFEFFFE
:10FD7000FEFFFFFFFFFFFFFFFFFFFFFFFFFFFFFF94
:10FD8000FFFFFFFFFFFFDFFFFFFFFFFFFFFFFFFFA3
:10FD9000FFFFFFFFDFFFFFFFBFF79EF79EF79EEF1E
:10FDA0005EE7FCCEB79D8F4BEC2A2D2B6D2B2D1BC8
:10FDB0004D1B6D1B6E1B6E1B6E1B8E238E238E23A5
:10FDC0008E238E238E236E1B8E1BAE23AF238E239A
:10FDD0006E1B6E1B6E1B6E1B6E238E23AF23AF2319
:10FDE0000A43062A6421442144214419C521E93AE1
:10FDF0006B43E92AC932882A8832A93A062A47324F
:10FE0000EA3A0A3BEA3A272A842144210321E218EC
:10FE1000C218C218C318C210C210C218C218A21049
:10FE2000A210C218C218C210C218C218C210C2183A
:10FE3000C318A210A210C218E318E318E318A21006
:10FE4000A210C3108208A208CC52B7ADD8ADF8AD4D
:10FE500019B6F8ADB7A5F8AD7ABEFCCE1CD7DBCE8F
:10FE600018B6D7AD38BEFBD69EE7DFF7FFFFFFFF22
:10FE7000FFFFFFFFFFFFFFFFFFFFFFFFFFFFFFFF92
:10FE8000FFFFFFFFFFFFFFFFFFFFFFFFFFFFFFFF82
:10FE9000FFFFFFFFFFFFFFFFDFFFDFFFFFFFFFFFB2
:10FEA000FFFFFFFFFFFFFFFFFFFFFFFFFFFFFFFF62
:10FEB000FFFFFFFFFFFFFFFFFFFFFFFFFFFFFFFF52
:10FEC000FFFFFFFFFFFFFFFFFFFFFFFFFFFFFFFF42
:10FED000FFFFFFFFFFFFFFFFFFFFFFFFFFFFFFFF32
:10FEE000FFFFFFFFDFFFBFFFBEF7DEF7FFFFFEFFF5
:10FEF000FFFFFFF7DFF77CBEAF3AED19133BF74B7F
:10FF0000585C95432F12AE013012CE09AD098C0911
:10FF10006B094B014B014C016D098D09AE11AE11FE
:10FF2000AD118C094A09290909094A112A11291117
:10FF300009094A096B096B098A09AA194A3A139DEA
:10FF400035CE14CE35DE55E676E697E6B7E6D8E64A
:10FF5000F8EEF8EEF8F619F719F71AF739F739F756
:10FF60005AF75BF75BF77BF77BF77BF75BF75BF7A2
:10FF70005BF75AF75AF75AF75AF75BF75AF75AF7F7
:10FF80005AEF3AEF3AEF39EF19EFF8EEF9EED8E61B
:10FF9000D9E6D9DEB9D63CE75EEF5EE79FEF9FEF8B
:10FFA000BFF7DFF7DFF7DFFFDFFFFFFFFFFFFFFF39
:10FFB000FFFFFFFFFFFFDFFFBEF73CE7DBDEBAD648
:10FFC000B9DEFADE1AE73BEF3BEF5BEF7CF79CFF15
:10FFD0009CF79CFF9CFF9CFF9CF7BCF7BDFFBDFFFF
:10FFE000BDFF9DF79DF77CF77CF77CF77CF77CF7EE
:10FFF000BDFFBDFFDEFFFFFFFFFFFFFFFFFFFFFFB6
:020000040804EE
:10000000FFFFFFFFFFFFDFFFFFFFDFFFFFFFFFFF40
:10001000FFFFFFFFDFFFFFFFBFF79EEF9EF77EEFC3
:100020001DD79BBE15852D3BEB224D2B4D234D1B24
:100030004D1B6E1B6E1B6E1B6E1B8E238E238E2321
:100040008E238E238E236E238E1B8E238E238E1B58
:100050006E1B6E1B8E1B6E1B6E238E238F238E23B7
:10006000C942E6294421642144214319272A2A430D
:100070004B3BE92AC932682AA932893A072A8832D1
:100080002B3B2B33C932272A852143210321E31837
:10009000C218C218C318C218C218C218C218A110B8
:1000A000A210C218C218C210C218C218A210C218D8
:1000B000E218C218A210C218C318E318E318C21835
:1000C000A210C3108208A208EC52F8ADF8ADF8AD4A
:1000D00019B6F8ADD7A5F8AD39B6BBC61DD71CD734
:1000E000DBCE79BEF7B5B7ADF8B59ACE5DDFBEEF22
:1000F000BEEFDFF7FFF7FFFFFFFFFFFFFFFFDFF7B9
:10010000FFFFFFFFFFFFFFFFDFFFFFFFFFFFDFFF3F
:10011000DFFFFFFFFFFFFFFFFFFFFFFFFFFFFFFF0F
:10012000FFFFFFFFFFFFFFFFFFFFFFFFFFFFFFFFDF
:10013000FFFFFFFFFFFFFFFFFFFFFFFFFFFFFFFFCF
:10014000FFFFFFFFFFFFFFFFFFFFFFFFFFFFFFFFBF
:10015000FFFFFFFFFFFFFFFFFFFFFFFFFFFFFFFFAF
:10016000DFFFFFFFFFFFDFFFBEF7BEF7DEF7FFFF9A
:10017000FFFFDFF7FFFFFFF737952C22702A343B94
:10018000585CF64B50120F0A0E0AAD014B016B0979
:100190006B094A094B094B014B016C098D118D11FB
:1001A0008C118C116A0929090809291108110809FB
:1001B000290929016B01AC09CC11EB21AC4275A5D1
:1001C00036CE14D655DE76E676E697E6B7E6F8E65E
:1001D000F7EEF8EEF8F619F71AF71AF739F759F7B4
:1001E0005AF75AF75AF75BFF5AF75AF75BF75BF77C
:1001F0005AF75AF73AF73AF73AF75AF73AF73AF717
:100200005AEF3AEF3AEF39EF19EFF8EEF8EED8E699
:10021000B8DEB9DEB9D63CE75EEF7EEF9FEFBFEF09
:10022000BFF7DFF7DFF7DFF7DFFFFFFFFFFFDFFFDE
:10023000FFFFFFFFDFFFDFF77DEFBADE59CE99D674
:10024000FAE63AEF5BEF5BF75BEF5BEF7BF77BF791
:100250009CF79CFF9CFF9CFF9CFF9CFFBCFFBCFF8E
:10026000BDFFBDFF9DFF9CFF9CF77CF77CF75CEF1B
:100270005CF77CF79CF7BDF7DEFFFFFFFFFFFFFF9A
:10028000FFFFFFFFFFFFFFFFFFFFFFFFFFFFFFFF7E
:10029000FFFFFFF7DFF7FFF7BFF79FEF9FEF7EE767
:1002A000FCCE9BBED474EC2A0C236D236D236D23EE
:1002B0006D1B6E1B6E1B6E1B6E1B8E1B8E1B8E1B97
:1002C0006E1B8E238E238E238E238E238E236E1BF6
:1002D0006E1B8E1B8E236E1B8E1B8E238E238E1BFE
:1002E000A942E6292421642144192311472A4B43BA
:1002F0004B3B092BC92A882ACA3A8932472ACA3273
:100300002B332B33CA32272A6421232103212321B3
:10031000C218C218C318C218C218E218E218A210F4
:10032000A210C218A210A210C218C218A210C2189D
:10033000E318C218C210C210C318E318E318C31898
:10034000C210C2108208A3080C5318B619B618AE12
:1003500018AE19AE19B618AEF8AD59BEDBCEFCCE4C
:100360003DD73DDFDBCE18B696A575A5B6ADF8B581
:100370009ACEFBD65DE77DE77DE77EEF9EEFBFF788
:10038000BFF7BFF7BFF7BFF7BFF7DFF7DFF7DFF75D
:10039000BFF7BFF7DFFFDFFFFFFFFFFFFFFFFFFF3D
:1003A000FFFFFFFFFFFFFFFFFFFFFFFFFFFFFFFF5D
:1003B000FFFFFFFFFFFFFFFFFFFFFFFFFFFFFFFF4D
:1003C000FFFFFFFFFFFFFFFFFFFFFFFFFFFFFFFF3D
:1003D000FFFFFFFFFFFFFFFFFFFFFFFFFFFFFFFF2D
:1003E000FFFFFFFFFFFFFFFFDEF79DEF9EEFDFF751
:1003F000FFFFDFFFFFFFDFF79FE7F2630D22133BF5
:100400005854174CB21A0F02CE01AD016B014A09C4
:100410004A094A094A094A094A094B094B094B1139
:100420006B116B098A1149094909E708080908098C
:10043000490949018B09ED114D228D326F5BB6AD33
:1004400056D635D656E676E697E6B7E6D7E6F8E628
:10045000F7EEF8EEF8EE19F719F71AF739F759F73A
:100460005AF75AF75AF75AF75AF75AF75BF75BF702
:100470005BF75AF73AF73AF75AF75AF73AF73AF773
:100480005AEF3AEF3AEF19EF19EFF8EEF8EED8E637
:10049000B8DEB9DEB9D63CE75EEF7EEF9FEFBFEF87
:1004A000BFF7DFF7DFF7FFFFDFFFFFFFFFFFFFFF14
:1004B000FFFFFFFFBEF73CE7DADE79D699D6FAE612
:1004C0001AE71AEF3AEF5AEF7BF77BF77BF79BF7C8
:1004D0009BF79CFFBCFF9CFF9CFF9CFFBCFFBCFFED
:1004E000BCFFBCFFBDFFBCFF9CFF9CFF9CFF9CFFB3
:1004F0007BF77CF73BEF3BEF7CF7BDFFFEFFFEFF9A
:10050000FEFFFFFFFFFFFFFFFFFFFFFFFFFFFFFFFC
:10051000FFF7FFF7DFF7DFF7BFF79FEF9FEF7EE70C
:10052000FDD69BBED474EC2A0C1B4C1B4D1B6D1BC3
:100530004D1B6E1B4D1B4D1B6E1B8E1B8E1B6E1B96
:100540006E1B8E238E238E238E238E238E236E1B73
:100550008E1B8E238E236E1B6E1B8E1B8E1B6E1BA3
:100560006842A5292421442144196419682A6C434E
:100570006B3B0A33E932C9322A3BA93268224B3B32
:100580002B2B2B2BCA32072A442123210321231989
:100590000319E318E318C318C218E318E218C210CD
:1005A000A210A210A210C210E318E218C210C218C2
:1005B000E318E218C218A210C218E318E320C21808
:1005C000A210C2108208A2080C5318B639B619B688
:1005D000F8AD39B67ABE39B6D8AD19B69BC6FCCEE1
:1005E0001DD73DD73DD73CD7DBCE18BE75A5349D72
:1005F00076A5D7B539C69ACEBBD6DBD6FCDE3DE7AD
:100600005DE77EE77EEF9EEF9FEF9FF79FF7BEF7D8
:10061000BEF7BFF7BFF7DFFFDFFFFFFFFFFFFFFF03
:10062000FFFFFFFFFFFFFFFFFFFFFFFFFFFFFFFFDA
:10063000FFFFFFFFFFFFFFFFFFFFFFFFFFFFFFFFCA
:10064000FFFFFFFFFFFFFFFFFFFFFFFFFFFFFFFFBA
:10065000FFFFFFFFFFFFFFFFFFFFFFFFFFFFFFFFAA
:10066000FFFFFFFFFFFFFFFFFFFFBDEF7DEF9EEFEF
:10067000FFFFDFFFDFFFFFFFFFF7BCC6F042B13235
:10068000D74B194CD322CE010F0ACE09AC092A014F
:100690002909280928094809480948092809280971
:1006A0004A094A096A09490949090809080908095A
:1006B00048096909AB11ED198E322F4B527CF7BDF9
:1006C00036CE35D656E676E697E6B7EED7E6F7EEBF
:1006D000F7EEF7EEF8EEF9F61AF719EF39F739F702
:1006E0005AF75AF75AF75AF75AF75AF75AF75AF782
:1006F0005BF75AF75AF75AF75AF75AF75AF75AF771
:100700005AEF3AEF3AEF19EF19EFF8EEF8EED8E6B4
:10071000B8DEB9DEB9D63CE75EEF7EEF9FEFBFEF04
:10072000BFF7DFF7DFF7FFFFDFFFDFFFDFFFFFFFD1
:10073000DFFFFFFF3CE758CE38C678D6D9DE1AE790
:100740003AEF1AEF1AEF5AEF7BF77BF79BF79BFF15
:100750009BFF9CFFBCFF9CFF9CFFBCFFBCFFBCFF42
:10076000BCFFBCFFBCFFBCFF9CFF9CFF9CFF9CFF31
:100770009CFF7BF75BF75BEF3BEF1BE75BEFBDFF9E
:10078000DEFFFEFFFFFFFEFFDEFFFFFFFFFFFFFFBD
:10079000FFF7DFF7DFF7DFF7BFEFBFEF9FEF7EE792
:1007A0001DD77AB6936CEC2A0C1B4C1B4D1B4D1BB2
:1007B0004D1B4D1B4D1B4D1B6D1B8E1B8E1B6D1B37
:1007C0006E1B8E238E238E238E238E238E238E1BD1
:1007D0006E1B8E238E1B6E1B6E1B6E1B8E1B6E1B69
:1007E000273A8429242123192419A52188328C43EE
:1007F0006B3B0A33E932EA322B3BC92AA9228C3BF4
:100800006B2B2B2BA932E62944212321032102192A
:1008100003190319C318A218A218C2180219C2108A
:10082000A210A210A110C218E318E318C218C2182F
:10083000E318E318C218A210A218E318E320C318A3
:10084000A210C2108208A2080C5318B619B619B625
:1008500018AE5AB69BBE5AB6F8ADF8AD39B6BBC69F
:100860001CCF3DD75EDF9EE79FE75DDFBBCE59BE65
:10087000B7AD96AD96ADF8BD59C69ACEBBD6DBD610
:100880001CDF3DE77EE77EEF7EEF9EEF9FEF9EEF62
:10089000BFF7BFF7DFF7DFFFDFFFDFFFDFFFDFFFC0
:1008A000FFFFFFFFFFFFFFFFFFFFFFFFFFFFFFFF58
:1008B000FFFFFFFFFFFFFFFFFFFFFFFFFFFFFFFF48
:1008C000FFFFFFFFFFFFFFFFFFFFFFFFFFFFFFFF38
:1008D000FFFFFFFFFFFFFFFFFFFFFFFFFFFFFFFF28
:1008E000FFFFFFFFFFFFFFFFFFFFFEFF9DEF1CDF8E
:1008F000BFEFFFFFBFF7DFF7FFF7FFEF58956F2A56
:10090000343B7A5C142B10020F02EE09AD094B093F
:10091000290928092809270107010709E708E70825
:10092000080129012801490149016A0949112809D9
:1009300049098A11CC110C1A0C2AAD42938C37C686
:1009400036D635D656E677E697EEB8EED7E6F7E632
:10095000F7EEF7EEF8EEF9F61AF719EF39F739F77F
:100960003AF73AF75AF75AF75AF75AF75AF75AF73F
:100970005BF75AF73AF73AF75AF75AF73AF73AF76E
:100980005AEF3AEF3AEF19EF19EFF8EEF8EED8E632
:10099000D9DEB9DEB9D63CE77EEF7EEF9FEFBFEF41
:1009A000BFF7DFF7DFF7FFFFDFFFDFFFDFFFFFFF4F
:1009B000DFFFDFFFDBDEF7BD17C6B9D6D9DED9E62C
:1009C0005AEF5BF75AF75AEF5AF77BF79BF77BF72B
:1009D0009BF79CFF9CFF9CFF9CFF9CFFBCFFBCFF08
:1009E000BCFFBCFFBCFFBCFF9CFF7BFF7BF77BF722
:1009F0009BFF7BFF7BFF7BF75BF73AEF1AE73BEF51
:100A00007CEFBDF7FEFFFFFFFEFFFFFFFFFFFFFFD5
:100A1000FFFFDFF7BFF7BFF7BFEF9FEF9FEF5EE787
:100A20001DD75AAE936C0C2B0C1B2C1B4D1B4D1B56
:100A30004D1B4D234E234D1B6D1B8E1B8E1B8E1B82
:100A40008E1B8E238E238E238E1B8E238E236E1B56
:100A50006E1B6E1B6E1B4D1B6E1B8E1B8E236E1B27
:100A6000C6396429242103214421E629C9326B4374
:100A70004B3B2A33E9320A332B3BC92AE92AAC3BE8
:100A80008C2B2B23892AE629642923212319021977
:100A900003190319C318A218A218C218E210C11032
:100AA000C210C210A210C218E318E218C210C21875
:100AB000E318E318C218A210A218E3200321C318F8
:100AC000A210C318A210A3100C5B18B639B619B641
:100AD00039B67ABE9ABE5ABE39B6F8ADF8AD59B637
:100AE000BBC61DD75EDF7EDF9EE7BFEF9EEF7EE7D2
:100AF0001CDF7AC6F8BDD7B539C69ACEBBD6DBD6D1
:100B00001DDF5EE77EEF9FEF9FEF9FEF9FEF9EEF72
:100B1000BFF7DFF7DFF7FFFFDFF7DFF7DFFFFFFFED
:100B2000FFFFFFFFFFFFFFFFFFFFFFFFFFFFFFFFD5
:100B3000FFFFFFFFFFFFFFFFFFFFFFFFFFFFFFFFC5
:100B4000FFFFFFFFFFFFFFFFFFFFFFFFFFFFFFFFB5
:100B5000FFFFFFFFFFFFFFFFFFFFFFFFFFFFFFFFA5
:100B6000FFFFFFFFFFFFDFFFDFFFFFFFDEEF3CDFE9
:100B7000FCDEFFF7FFFFDFF7FFF7FFEF9FDF556CAE
:100B8000F33A395C963B9112EE010F0AAD098D11D3
:100B90004B114A11280907090709E708C710E71090
:100BA00007012801480189018A09AB116A11290945
:100BB0006A098B11AC11CB19AA192A3AB29416CE34
:100BC00056D635DE76E697EE97EEB8EED7E6D7E660
:100BD000F7EEF7EEF8EEF9F61AF719EF39F739F7FD
:100BE0003AF73AF75AF75AF75AF75AF75AF75AF7BD
:100BF0005AF73AF73AF73AF73AF73AF73AF73AF74D
:100C00005AEF3AEF3AEF19EF19EFF8EEF8EED8E6AF
:100C1000B9E6B9DEB9D63CE77EEF7EEF9FEFBFEFD6
:100C2000DFF7DFF7DFF7DFF7DFFFBFF7DFFFDFFF1C
:100C3000DFFF9EF7BAD6F7BD58CED9DEF9E6F9E662
:100C40003AEF5AEF5AF75AF75AF77BF79CFF9BFF98
:100C50009BFF9CFFBCFFBCFFBCFFBCFFBDFFBCFFFC
:100C60009CFFBCFFBCFFBCFF9CFF9CFF9BFF9BFF4E
:100C70007BFF9BFF7BF77BF77BF77BF73BEF1AE76D
:100C80001AE73BEF7CF7FEFFFFFFFFFFFFFFFFFFD1
:100C9000DFF7DFF7BFF7BFF79FEF9FEF7FE71DDFBE
:100CA000FDCE3AAE72640C2B0C1B0C132C1B2C1BB0
:100CB0002D1B4D234E234D1B6D1B8E1B8E1B8D1B21
:100CC0008E1B8E238E236E1B6E1B8E238E236E1B1C
:100CD0006D1B6E1B6E1B4D1B6D1B6E1B8E1B6E1BCF
:100CE00065314429032124218521272A0A3B6B3BB6
:100CF0006B3B4B33E92A0A330A33EA2A0A2BCD3BF2
:100D00008C2B0A23892AE7296529232123192319F2
:100D100023190319E318A218A218C218E210C2106E
:100D2000C210C218C210C218E218C218C210E218CB
:100D3000E318E318E218A210C21803210421E318F3
:100D4000C218E318A310C3102D5B39BE5ABE59B6A2
:100D50007ABE7ABE7ABE5AB65ABE39B6D8AD19B680
:100D60005ABEBBC61DD75EDF9EE7BFEFDFF7FFF7BA
:100D7000DFF79EEF1CDFBBD69ACE9ACEDBD6FCDE29
:100D80003DE75EE79EEF9FEF9FEF9FEF9FEF9EEFA8
:100D9000DFF7DFF7FFFFFFFFFFFFFFFFFFFFFFFFB3
:100DA000FFFFFFFFFFFFFFFFFFFFFFFFFFFFFFFF53
:100DB000FFFFFFFFFFFFFFFFFFFFFFFFFFFFFFFF43
:100DC000FFFFFFFFFFFFFFFFFFFFFFFFFFFFFFFF33
:100DD000FFFFFFFFFFFFFFFFFFFFFFFFFFFFFFFF23
:100DE000FFFFFFFFFFFFFFFFDFFFFFFFFFFF9EEFA4
:100DF000FCD65DE7DFF7FFFFFFF7FFF7FFF7FEC663
:100E0000B453B653585CB2220F0A2F0ACE096D01B3
:100E10006C094B094A09290928090809E810091130
:100E200029096901AB09CB09EC118B096A09290968
:100E300029098A118A1149118821AB5294B5F5CD3F
:100E400035D635D656E677E697EEB8EED7E6D7E64E
:100E5000F7EEF7EEF8EE19F71AEF19EF39F739F761
:100E60005AF73AF75AF75AF75BFF5AF75AF75AF711
:100E70003AF73AF73AF73AF73AF73AF73AF73AF7EA
:100E80005AEF39EF39EF19EF19EFF8EEF8EED8E62F
:100E9000B8DEB9DEB9D63CE77EEF7EEF9FEFBFEF5D
:100EA000DFF7BEF7BFF7DFF7DFFFBFF7BFF7DFFF03
:100EB0009EF75DEF99D637C698D6F9E6F9E61AEFB0
:100EC0003AEF3AEF5AF77BF77BF77BF77BF77BFF3D
:100ED0009BFF9CFFBCFFBCFFBCFFBCFFBDFFBCFF7A
:100EE000BCFF9CFF9CFFBCFF9CFF9CFF9BFF9BFFEC
:100EF0009BFF5BF75AF77BF77BF75AF73AEF5AF706
:100F00001AEFFAE6FAE67CF7BEFFFFFFDFFFFFFF0E
:100F1000DFF7DFF7BFF7BFF79FEF9FEF7EE71DD744
:100F2000FDCE3AAE315CCB222C232C1B0C130C13C0
:100F30002D1B4D1B4D234D1B4D1B6D1B8E1B8D1BE8
:100F40006E1B8E1B8E1B6E1B6E1B8E238E236E1BC9
:100F50006E1B8E1B8E1B6D1B6D1B8E1B6E1B4D1B0C
:100F60008431442923212319C629A93A0A3B6B3B22
:100F70004B332A2B0A330A33EA2AE92A8B2BAC2B70
:100F80008C2B2A2BA92A062A8521232123192319F0
:100F900023192319E318C218C218C218E218C21084
:100FA000C218E218C218A210C218C218C218C21081
:100FB000E31803190319C318C318E32004210321FC
:100FC000C218C218C31004198E6B7AC65ABEBBC6AB
:100FD0007ABE5AB67ABE9BBE7ABE18AE18AE7ABE3C
:100FE00039B639BEBBCE3CD75DDF7EE7BFEFDFF75A
:100FF000FFFFFFFFFFFFBFF77EEF3DE71CDFDBDEFC
:101000003DE75DE79EEFBFF7BFF7BFF7BFF7DFF73D
:10101000DFFFFFFFFFFFFFFFFFFFFFFFFFFFFFFF00
:10102000FFFFFFFFFFFFFFFFFFFFFFFFFFFFFFFFD0
:10103000FFFFFFFFFFFFFFFFFFFFFFFFFFFFFFFFC0
:10104000FFFFFFFFFFFFFFFFFFFFFFFFFFFFFFFFB0
:10105000FFFFFFFFFFFFFFFFFFFFFFFFFFFFFFFFA0
:10106000FFFFFFFFFFFFFFFFDFFFDFFFFFFFDFF7F8
:101070003CE79ACE5DE7FFFFDFF7DFF7FFF7FFEF13
:10108000FAA5724BB86CF332100A310A100A8E01BD
:101090008D016C096B096A0929092A094B114B0951
:1010A0006B09AC090E124F224F222A012A09E808C7
:1010B000081128112811471987292C63F5C515D661
:1010C00035D656DE56DE77E697E6B8EEB7E6D7EECB
:1010D000F7EEF7EEF8EE19EF1AF73AF73AF73AF7B4
:1010E0005AF75AF75AF75AF75AF75AF75AF75AF778
:1010F0005AF75AF73AF73AF73AF73AF73AF73AF728
:101100003AEF3AEF19EF19EF19EFF8EEF8EED8E6EB
:10111000D8E6B9DE99D65CE77EEF7EEF9FEFBFF7AA
:10112000DFF7BEEFBFF7DFF7BFF7BFF7BFFF9FF7F0
:101130007EF71BE737CE57CEB8DED9E6F9E65AEF91
:101140005AEF5AEF5AF77BF77BF77BF79BF79CFF39
:101150009CFFBCFFBCFFBCFFBCFFBCFFBCFFBCFFD7
:10116000BCFFBCFFBCFF9CFF9CFF9CFF9CFF9BFF48
:101170009BFF9BFF9BFF7BFF5AF75AF75AF73AEF0B
:101180003AEFF9E6D9DEB9DE3BEFBDF7FFFFFFFF2F
:10119000DFF7DFF7BFF7BFEF9FEF9FEF5EE7FDD60B
:1011A000FCC63AA6315CCC220C1B2D1B2C134D1B0C
:1011B0004D1B4D1B4D1B4D1B6D1B6D1B8E1B6E1B4D
:1011C0006D1B6E1B8E236E236E238E236E236E1B70
:1011D0008E1B8E1B6E1B4D134D136E1B8E1B8E1B99
:1011E0004429432944216421062A0A436B3B8B3B53
:1011F0006B332A2B0A330A33EA2A0A2B8B2BAC2BAC
:101200008B2B2A2B882AE6296421242123190319F0
:1012100023192319E318C218A218C218E218C21021
:10122000C210C210C210A210A210C218C218C2105E
:10123000C21803190321E318E318E318E320E3209D
:10124000C218E318C3180419F0737AC65ABEBBC695
:101250009BBE7ABE7ABE9ABE7ABE39B618AE59B671
:1012600059BE39BE59BE9AC6FCD63DDF7EE79EEF19
:10127000DFF7FFFFFFFFFFFFFFFFDFFFBFF77EEF9F
:101280007EEF9EF7BFF7BFF7BFF7BFF7DFFFDFFFC8
:10129000DFFFDFFFFFFFFFFFFFFFFFFFFFFFFFFF9E
:1012A000FFFFFFFFFFFFFFFFFFFFFFFFFFFFFFFF4E
:1012B000FFFFFFFFFFFFFFFFFFFFFFFFFFFFFFFF3E
:1012C000FFFFFFFFFFFFFFFFFFFFFFFFFFFFFFFF2E
:1012D000FFFFFFFFFFFFFFFFFFFFFFFFFFFFFFFF1E
:1012E000FFFFFFFFFFFFFFFFFFFFFFFFDFFFDFFF4E
:1012F000DFF759C69ACEBEF7DFFFFFFFDEFFFFF72D
:10130000DFE7F684976CF332F009100A100AEF0158
:10131000AD01AC098C094B096B094B094B098C09D0
:101320008C09CD09EE11702AEE190A01E908E808C6
:10133000C7084819682126194521AD7BD5C515D6A2
:1013400035DE76E676E697E698E6B8EEB7EEF7EEA7
:10135000F7EEF7EE18EF19EF39EF3AF73AEF5AF7E1
:101360005AF75AF75AF75AF75AF75AF75AF75AF7F5
:101370005AF73AF73AF73AF73AF73AF73AF73AF7C5
:101380003AF739EF19EF19EF19EFD8EEF8EED8E682
:10139000D8E6B8DE99D63CE77EEF9EEF9FEF9FEF51
:1013A0009EEFBEF7BFF79FEF9FF79FF79FF79EF760
:1013B0005DEF99D637CE98D6D9DEF9E619EF3AEF38
:1013C0005AF75AF75BF77BF77BF79BF79BFF9CFF7E
:1013D0009CFFBCFFBCFFBCFFBCFFBCFFBCFFBCFF55
:1013E0009CFF9CFF9CFF9BFF9BFF9CFF9CFF7BF750
:1013F0009BFF9BFF9BFF7BFF5AF75AF739F739F7A3
:1014000019EF19EF19E7D9DE98DED9DE7CEFFFFF7F
:10141000DFF79EEFFFF79EEFBFEF7EE73EDF3DD7A2
:101420001DCF39A6F053AB22EC222D232C132D1304
:101430004D1B4D1B4D1B4D1B6D1B6D1B8E1B6E1BCA
:101440006D1B8E1B8E236E236E238E236E236E1BCD
:101450006E1B6E1B6E1B4D134D136D136E1B8E1B7F
:101460004429442964298421472A6B43CC436B33A4
:101470004B330A2B0A330A33EA2A2A2BAC2BAC2330
:101480008C2B2A2B882AE62164212421032102198E
:1014900003190319E318C318C218C218C210C210E6
:1014A000C210C210C218A210A218C218E218C218A4
:1014B000C218031903210319E318C318C318E32042
:1014C000C2180321E318041972847AC67ABEDCC6F6
:1014D000BBC69BBE7ABE7ABE7ABE39B618B639B6DE
:1014E00059BE39B638B659BE9AC6FCD63CDF5DE760
:1014F0009EEFBFEFDFF7DFF7FFFFFFFFFFFFFFFF0D
:10150000DFFFDFFFDFFFBFF7BFF7DFFFDFFFDFFF3B
:10151000DFFFFFFFFFFFFFFFFFFFFFFFFFFFFFFFFB
:10152000FFFFFFFFFFFFFFFFFFFFFFFFFFFFFFFFCB
:10153000FFFFFFFFFFFFFFFFFFFFFFFFFFFFFFFFBB
:10154000FFFFFFFFFFFFFFFFFFFFFFFFFFFFFFFFAB
:10155000FFFFFFFFFFFFFFFFFFFFFFFFFFFFFFFF9B
:10156000DFFFDFFFDFFFFFFFFFFFDFFFDFFFDFFF4B
:10157000FFFF1CE759CEFBDEBEF7DFFFFFFFDFF703
:10158000FFEF5ED7B67C323B301A1012EF09CD0167
:10159000AC018B016B016A018B096A018A09AB09F5
:1015A0004A018B098B092E222A09A800C7000811BD
:1015B000E71068214719A3084521709415CE14D669
:1015C00035DE75DE76DE97E697E6B8E6D7EEF8EE1E
:1015D000F8EE18EF18EF19EF39EF3AF73AF75AF734
:1015E0005AF75AF75AF75AF75AF75AF75AF73AF793
:1015F0003AF73AF73AF73AF73AF73AF739F73AF764
:1016000039F739EF19EFF8EE18EFF8EEF8EED8E603
:10161000D8E6B8DE99D63CE79EEF9EEF9FEF9FEFAE
:101620009EEFDFF7BFF79FEF9FF79FF79FF79EF7BC
:101630001CE737C637CEB8DED9E6F9E63AEF3AEF1F
:101640005BF75BF77BF77BF79BF79BFF9CFFBCFF90
:101650009CFFBCFFBCFFBCFFBCFFBCFFBCFFBCFFD2
:101660009CFF9CFF9CFF9BFF9BFF9CFF9BFF7BF7CE
:101670007BF79BFF7BFF5AF75AF75AF73AF739F790
:1016800019EF19EFF9EED9E677D657D6DADE9DF7DE
:10169000FFFFDEF7DFF79EEFBFEF7EE73EDF3DD7D0
:1016A0001DC739A6F053AB220C234D232D1B2D1340
:1016B0004D1B4D1B4D1B4D1B4D1B6E1B6E1B6E1B87
:1016C0006E1B8E238E236E1B6E1B6E236E234D1B93
:1016D0004D1B6E1B6E1B6D136D136D136E1B8E1BDE
:1016E000853144298421A521682A8C43AC3B6B2B8E
:1016F0004B2B0A2B0A330B330A2B6B2BED33AC230A
:101700006B230A2B882AC621642124210321E21895
:10171000E2180319E318C318C218C218C210C21085
:10172000C210E218C218C218C218C218E218C218B1
:10173000E31803190319E318C318C318C318C3180F
:10174000A2100319A3100419B28C9AC6BBC6FCCE12
:10175000DCCEBCC69BBE9BBE9ABE5AB639B618B686
:1017600038B639B638B639BE7AC6BAC6DBD63DDF2A
:101770007DE79EEF9EEF9EEFDFF7FFFFFFFFFFFF8E
:10178000FFFFFFFFFFFFDFFFDFFFDFFFDFFFDFFF09
:10179000DFFFDFFFFFFFFFFFFFFFFFFFFFFFFFFF99
:1017A000FFFFFFFFFFFFFFFFFFFFFFFFFFFFFFFF49
:1017B000FFFFFFFFFFFFFFFFFFFFFFFFFFFFFFFF39
:1017C000FFFFFFFFFFFFFFFFFFFFFFFFFFFFFFFF29
:1017D000FFFFFFFFFFFFFFFFFFFFFFFFFFFFFFFF19
:1017E000FFFFFFFFDFFFFFFFFFFFFFFFFFFFFFFF29
:1017F000FFFFDEFF17C6D7BD1CE77DEFDFFFFFFF52
:10180000FFEFFFEF7CB611437022501ACD09ED09AE
:101810000D128A018A018A0949014901A909A90908
:101820004801AB19EC194E2A0801C700C708071177
:1018300048192719C508E4104842F2A456D614D610
:1018400035D655DE76DE77E697E6B8EED7EEF8EEDB
:1018500018EF18EF18EF19EF39EF3AF73AF75AF790
:101860005AF75AF75AF75AF75AF75AF75AF73AF710
:101870003AF73AF73AF73AF73AF73AF739F73AF7E1
:1018800039F739EF19EFF8EE18EFD8EEF8EED8E6A1
:10189000D8E6B8DE99D65CE79EEF9EEF9FEF9FEF0C
:1018A000BFF7BFF7BFF7BFF79FF79FF77EF77EF74A
:1018B000BADEF7C558D6B9DED9E6F9E63AEF3AEF1F
:1018C0007BF77BF77BF77BF79BF79BFF9CFFBCFFCE
:1018D000BCFFBCFFBCFFBCFFBCFFBCFFBCFFBCFF30
:1018E0009CFF9CFF9CFF9BFF9BFF9CFF9BFF9BFF24
:1018F0007BF77BF75AF75AF75AF75AF75AFF5AFF0E
:1019000039F719EFD8E6F9E6B8DE77D657D698D684
:10191000BEF7FFFFBEEF9EEF9EE77EE75EDFFDCEE8
:101920001DC739A6F053CB220D232D232D1B2D13BC
:101930002D134D1B4D1B4D1B4D1B6E1B6E1B6E1B2C
:101940006E1B8E238E236E1B6E1B6E236E234D1B10
:101950004D1B6E1B6E1B6D1B6D136D1B8E1B8E1B2B
:10196000C63944218521E621A82A8C3BAC336B2B58
:101970004B2B0A2B2B3B2B3B0A2B8C330D34CC23CC
:101980004B230A2B682AC621642124210321C21873
:10199000E21003190321E318C218C218E210C210A2
:1019A000C210C218C218C218C218C218C218C2186F
:1019B000E318E3180319E318E318E318E318C3184E
:1019C000A210C31882080419928CBBCEDCCE1DCFA6
:1019D0001DCFFDCEDCC6BBC6BBC67ABE39B639B696
:1019E00038B638B618B638B659BE59BE9AC6FCD6FF
:1019F0003CDF7DE79EE79EEFBFEFDFF7DFF7FFFFFE
:101A0000FFFFFFFFFFFFFFFFFFFFFFFFFFFFDFFF06
:101A1000DFFFDFFFDFFFFFFFFFFFFFFFFFFFFFFF36
:101A2000FFFFFFFFFFFFFFFFFFFFFFFFFFFFFFFFC6
:101A3000FFFFFFFFFFFFFFFFFFFFFFFFFFFFFFFFB6
:101A4000FFFFFFFFFFFFFFFFFFFFFFFFFFFFFFFFA6
:101A5000FFFFFFFFFFFFFFFFFFFFFFFFFFFFFFFF96
:101A6000DFFFDFFFFFFFFFFFFFFFFFFF9DF73CEF03
:101A7000DADE99D6B6BDD29C18C65DEFBEFFDFFF99
:101A8000FFF7DFEFFFEFB67C6E2AB02A6F222E1A27
:101A90006D22EB11CB110C1AAA11CA110A1A2A1ABB
:101AA0000A226C32AD3A2C2AE700A6000711481929
:101AB0002719C5082619E8316D6B94B536D614CEB2
:101AC00055DE75DE96E697E6B8E6D8EED8EEF8EE87
:101AD00018EF18EF18EF19EF1AF73AF73AF73AF745
:101AE0003AF75AF75AF75AF75AF75AF73AF73AF7CE
:101AF0003AF73AF75AF75AF73AF739F739F739F721
:101B000039EF39EF19EFF8EEF8EED8EEF8EED8E647
:101B1000D8E6B8DEB9DE5CEF9EEF9EEF9FEF9FEF59
:101B2000BFEF9FEFBFF7BFF79FF79FF77EF7FBE68B
:101B300058CE17CEB9DED9E6F9E61AEF3AEF5BF7E1
:101B40007BF77BF77BF77BF79BF79BFF9CFFBCFF4B
:101B5000BCFFBCFFBCFFBCFFBCFFBCFFBCFFBCFFAD
:101B60009CFF9CFF9CFF9BFF9BFF9CFF9BFF9BFFA1
:101B70007BFF7BFF5BFF5AF73AF75AF75AFF5AFF92
:101B800019F7F8EED7EED8EEB7E697DE36CEF6C503
:101B9000DADEBEF7BEF7BEEF5EDF7EDF5EDFFDCED4
:101BA0001DC739A6F053CB220D232D1B2D1B0C1363
:101BB0002D1B4D1B4D1B4D1B4D1B6E1B6E1B6E1BA2
:101BC0006E1B8E238E236E1B6E1B6E236E234D1B8E
:101BD0006E1B6E1B6E1B6D1B6D136E1B6E1B8E1BA7
:101BE000C6314421C629472AE92AAC3BAC2B8B2BB2
:101BF0006B2B4B334C3B2B332B2BAC330D2CAC23AF
:101C00002B23EA2A682AC629642924210321E21801
:101C1000E21803190321E318C218E218E218C210EF
:101C2000C210C218C218C210C218C218C218C218F4
:101C3000E218E318E318031903210321E318C3187A
:101C4000A210C21062080419928CDBCEFCCE1DD704
:101C50001DD71DD7FCCEDCC6BBC67ABE39B638B69A
:101C600018B618AE18AE38B659BE38B659BE7AC6D0
:101C7000BACEFCD65DDF7DE79EEF9EEF9EEFBFF70D
:101C8000FFFFFFFFFFFFFFFFFFFFFFFFFFFFFFFF64
:101C9000FFFFFFFFFFFFFFFFFFFFFFFFFFFFFFFF54
:101CA000FFFFFFFFFFFFFFFFFFFFFFFFFFFFFFFF44
:101CB000FFFFFFFFFFFFFFFFFFFFFFFFFFFFFFFF34
:101CC000FFFFFFFFFFFFFFFFFFFFFFFFFFFFFFFF24
:101CD000FFFFFFFFFFFFFFFFFFFFFFFFFFFFFFFF14
:101CE000FFFFFFFFFFFFBEF77DEF3CEF1BE7DADEF4
:101CF0001BE71BE799DE75B595B599D67DF7DEFF35
:101D0000DFF7DFF7FFF75FD791538E32103B8E2A54
:101D1000AE326D2A4C2A4C2A4C2A4C226B2AAC3209
:101D20008C3ACD4AEE4AA921A500A50027116821C9
:101D30008821A8216A42CB52AE7B16C615CE14CE9E
:101D400075DE96DE97E697E6B8E6D8EED8EEF7EEC3
:101D500018EFF8EE18EF19EF19EF1AF73AF73AF70C
:101D60003AF75AF75AF75AF75AF75AF73AF73AF74B
:101D70003AF73AF73AF73AF73AF739F719F719EF26
:101D800039EF19EF19EFF8EEF8EED8EED8EED8E605
:101D9000D8E6B8DEB9DE5CEF9EEF7EEF9FEF9FEFF7
:101DA0009FEF9FEFBFF79FEF5EEF9EF73DEF58CE9F
:101DB000F7C558D6B9DEF9E61AEF3AEF3AF75BF70E
:101DC0005BF77BF79BF79BF79BF79BFF9CFFBCFFA9
:101DD000BCFFBCFFBCFFBCFFBCFFBCFFBCFFBCFF2B
:101DE0009CFF9CFF9CFF9CFF9CFF9CFF9BFF9BFF1D
:101DF0007BFF7BFF7BFF5BFF5AFF3AF73AF739F730
:101E0000F8F6F8EED7EEB7E697E697DE56D6F5C5C4
:101E1000D6BDDADEDEF7BEEF5DDF5EDF3EDF1DCF73
:101E20001DCF39A6B04BAB1A0D232D1B2D1B0C1348
:101E30002D132D1B4D1B4D1B4D1B6E1B6E1B6E1B47
:101E40006E1B6E1B6E1B6E1B6E1B6E1B6E1B6E1B4A
:101E50006E1B6E1B6D1B6D136D136D1B6D136D1360
:101E6000A52985212732882A0A2BCC3BAC2B8B2B2A
:101E70006B2B6B336C3B2B332B2BCD33ED2B8C230C
:101E80002B23EA2A682AE729652924210321E2185D
:101E9000E21823212321E318E218E318E218C21004
:101EA000C210C218C218A218C218E218E318C21849
:101EB000E31803190319E318032104210321C318AC
:101EC000A210C31082082419B38CFCD6FCD61DD7EF
:101ED0001DD73DD71DCFFCCEDBC67ABE39B618B6AE
:101EE00018AE18AE18B638B659B659BE59BE39B67E
:101EF00079BEBAC6DBD61CD73DDF5DE77EE77EEF55
:101F0000BFF7BFF7DFF7DFF7DFFFDFFFFFFFDFFF21
:101F1000FFFFFFFFFFFFFFFFFFFFDFFFDFFFDFFF31
:101F2000DFFFDFFFFFFFFFFFFFFFFFFFFFFFFFFF01
:101F3000FFFFFFFFFFFFFFFFFFFFFFFFFFFFFFFFB1
:101F4000FFFFFFFFFFFFFFFFFFFFFFFFFFFFFFFFA1
:101F5000FFFFFFFFFFFFFFFFFFFFFFFFFFFFFFFF91
:101F6000FFFFDEFF9DF71BE7FADEFAE63BEF7CF7AB
:101F70005BEF7CF75CF73BEF78D6F7C599DE5DF752
:101F8000FFFFDFF7FFF7FFF73AB6EE42AD3A0F4338
:101F9000CE3AAD3A8D3A4B2A6C324B326C326C3AB7
:101FA0006B3AED4AED4A8819C500061127118821C0
:101FB0006C3AAC422D5B0C5B0F8436CE35D614D612
:101FC00075DE96DEB7E696DEB7E6B7E6F8EEF8EE33
:101FD00018EF18EF18EF19EF19EF1AF73AF73AF769
:101FE0003AF73AF73AF73AF73AF75AF75AF73AF729
:101FF0003AF73AF73AF73AF739F739F719F719EFA5
:1020000019EF19EF19EFF8EEF8EED7EED8EEB8E6C3
:10201000D8E6B8DE99D63CEF9EF77EEF9FEF9FEFB4
:102020009FEF7FEF9FEF7FEF5EEF7DEFFBE6F7C562
:10203000F6C598DED9E6FAEE1AEF3AF73AF75BF70B
:102040005BF77BF79BFF9BFF9BFF9CFFBCFFBCFFED
:10205000BCFFBCFFBCFF9CFF9CFF9CFF9CFF9CFF48
:102060009BFF9BFF9BFF9BFF9CFF9BFF9BFF9BFF9F
:102070007BFF7BFF7BFF7AFF5AFF3AF719F719F7CF
:1020800018F7D7EEB7EE97E697E676DE56D636CE59
:10209000B4BD16C63CE7BEEF7DE73DDFFDD6FDCE05
:1020A0001DCF39A6AF4B8B1A0D232D1B2D1B0C13E7
:1020B0000D1B2D1B4D1B4D1B4D1B6E1B6E1B6E1BDD
:1020C0006E1B6E1B6E1B6E1B6E1B4D1B6E1B6E1BE9
:1020D0006E1B6D1B6D1B6D1B6D1B6D134D134D1317
:1020E000A529E629A932C9322A2BEC3BAC2B8B233C
:1020F0008B2B6B336C332B2B4B2BCD33ED2B8C235A
:102100002B2BEA2A892AE729852924210321E32088
:10211000E31823212421E318E318E318E218C2107E
:10212000C210C218A218A210C218E318E318E218CD
:10213000032123210321E318E31804210321E318D9
:10214000A210C310A2102519F4943DDFFCD61DD7B0
:102150003DD73DD71DD71DCFDCCE9ABE39B638B698
:1021600018AE18AE38B638B638B679BE7AC659BE8B
:1021700039BE59BE7AC69AC6DBCEFCD61DDF5DE7F6
:102180007EEF9EEF9EEFBEF7BFF7BFF7BFF7BFF73B
:10219000DFFFDFFFBFFFDFFFDFFFBFF7BFF7BFF7E7
:1021A000DFFFDFFFDFFFDFFFFFFFFFFFFFFFFFFFBF
:1021B000FFFFFFFFFFFFFFFFFFFFFFFFFFFFFFFF2F
:1021C000FFFFFFFFFFFFFFFFFFFFFFFFFFFFFFFF1F
:1021D000FFFFFFFFFFFFFFFFFFFFFFFFDEFFDEFF51
:1021E0005CEF1BE7FADE1BE75BEF7CF77CF77CF725
:1021F0003BEF7CF77CF77CF7FAE658D6D6C5DAE6F3
:102200005DEFFFFFDFF7DFF7FFF7D48CED4AEE4A13
:10221000EE4AAD42CE426C3AAD426C3ACE4A8C3A6E
:10222000CD4A0D53CD4A4611A50067194719EA2931
:102230002E53CC4ACC524D63F2A415CE15D635D6CA
:1022400075DE96DEB7E696DEB7E6B7E6F8EE18EF8F
:1022500018EF18EF18EF19EF19EF1AEF3AF73AF7EE
:102260003AF73AF73AF73AF73AF75AF75AF73AF7A6
:102270003AF73AF73AF73AF73AF739F719F719EF21
:1022800019EF19EF18EFF8EEF8EED7EED8EEB8E642
:10229000D8E6B8DE98D63CE79EF77EEF9FEF9FEF3B
:1022A0009FEF7FE75EE77EEF7EEF3CEF99D6D6BDEE
:1022B00037CEB9E6D9E61AEF3AF73AF73AF75BF7CD
:1022C0007BF79CF79CFF9BFF9BFF9CFFBCFFBCFF29
:1022D000BCFFBCFF9CFF9CFF9CFF9CFF9BFF9BFFE8
:1022E0009BFF9BFF9BFF9BFF9BFF9BFF9BFF7BFF3E
:1022F0007BFF7BFF5AFF5AFF3AF719F719F7F9EE00
:10230000F8EED7EED7EEB7E6B7E655DE35D635D6DA
:10231000D4C5B4BD58CE7DEF5DE73DDFFCCEFCCE2D
:102320001DCF39A6B04BAB1A0D232D1B2D1B0D1B3A
:102330000D1B2D1B4D1B4D1B4D1B6E1B6E1B6E1B5A
:102340006E1B6D1B4D1B6E1B6E1B4D1B4D1B6E1BA9
:102350006E1B6E1B6E1B8E1B8E1B6D1B4D132D1368
:102360008519272AC932E9324A2BCC3BCC338B233F
:102370008B2B8B2B6B2B2B2B4C2BCD33EE336C23DE
:102380004B2B0B2BA932273265292321E320E22096
:10239000E320232103210319E218E2180319C210D4
:1023A000C210A210A110A110A210C218E318E318C5
:1023B000242124210319E31803210421E318A21086
:1023C000A210A21082084521149D3DDFFCD63DD706
:1023D0001DD73DD75ED73DD71CCF9BC639B618B6A3
:1023E00018AEF7AD38B638B638B699BEBAC69AC682
:1023F00059BE59BE59BE59BE7AC69AC6DBCE1DDF3C
:102400005DE75EE77EE77EEF9EEF9EEF9FEF7EEF5C
:102410007EEF9EEF9FF79EF77EEF7EEF9EF7BFF772
:10242000BEF7DEF7DFF7DFFFDFFFFFFFDFFFDFFFD6
:10243000FFFFFFFFFFFFFFFFFFFFFFFFFFFFFFFFAC
:10244000FFFFFFFFFFFFFFFFFFFFFFFFFFFFFFFF9C
:10245000FFFFFFFFFFFFFFFFFFFFDEFF7DF73BEF0B
:10246000FAE63BEF9CF79CF79CF77BF75BF77BF773
:102470007BF79CFF3BEF1AEF7CFF3BEF58D6F7C58D
:10248000BBE69FF7DFFFFFFFFFF77EE7AF63ED4A95
:102490004F5BAD42905BEE4ACD4A0E4BCE4AEE4AC0
:1024A0006F5B6F5BED4A2611C500671188192B32EF
:1024B000B0632E532D5BAE7353ADF5CD15D635DE1F
:1024C00055DE96DE97E6B7E6D7E6D8EEF8EEF8EEFC
:1024D00018EF18EF19EF19F719EF1AF71AF73AF77B
:1024E0003AF73AF73AF73AF73AF75AF75AF73AF724
:1024F0005AF73AF739F739F739F739F719F739F75A
:1025000019EF19EF19EFF8EEF8EED8EEF8EEB8E69D
:10251000B8E6B8DE98D63CE79EF77EEF9FEF9FEFD8
:102520007FE75FE75EE75EE75DEFFBDEF7C5F6C5D9
:1025300078D6B8DED9E61AEF3AF73AF75BF75BF7E9
:102540007BF77BF79CFF9CFF9CFFBCFFBCFFBCFFA5
:10255000BCFFBCFF9CFF9CFF9BFF9BFF9BFF9BFF67
:102560009BFF7BFF9BFF9BFF9BFF9BFF7BFF7BFFFB
:102570005AFF5AFF3AFF3AF719F719F7F9EEF8EE52
:10258000F8EED7EEB7E6B7E676DE76DE55DEF4CDCA
:10259000D4C5B4BD95B5BAD65DE75DDFFCD61DD711
:1025A0003DCF39A6D04BAB222D232D232D1B0D1B48
:1025B0002D1B2D1B4D1B4D1B4D1B6E1B6E1B4E1BD8
:1025C0006E1B6D1B4D1B4D1B4D1B4D1B6E1B6E1B48
:1025D0006D1B6D1B4D136D136D1B6D1B4D134D133B
:1025E000E619882A0A3B0A334A33CC33AB2B6A23D9
:1025F0008B2B8C2B6C2B4B236C2BCD33ED338C2BFB
:102600004B2B0B33A932273264212321E320E32013
:10261000E320032103210319E318E2180219C21071
:10262000C218C210A218A210A210C218E318E21811
:10263000232144290319E318032104210321C2188B
:10264000A210A21082084521349D3DDF1CD73DDF3A
:102650001DD73DD75EDF5ED71DD7BBC659B618AEB6
:1026600018AEF7AD38B618AE38B679BEBAC6BBC626
:10267000DBCEBBCE9AC679BE5AC67AC69AC6BBCE48
:10268000FCD61CD73DDF5EE79EEFBFF7BFF79FEF9D
:102690007EEF7EEF9EEF9EEF9EF79EF7BFF7DFF790
:1026A000DFFFDFFFDFFFDFFFDFFFFFFFDFFFDFFF1A
:1026B000DFFFFFFFFFFFFFFFFFFFFFFFFFFFFFFF4A
:1026C000DFFFFFFFFFFFFFFFDFFFFFFFFFFFFFFF5A
:1026D000DEFFFFFFFFFFFEFF7DF73BEF3BEF5CEF11
:1026E0007CF79CF79CF79CF79CF79BF77BF77BF7B5
:1026F0007BF75BF77BF75BF71AEF5BF73BEF58D69F
:10270000F7CDBADEFFFFDFFFDFFFFFFF9AC60D53F5
:102710002F53B163705B705B2F53705B1374705BEE
:10272000F26B53740E4BC500E608891989192F4BBB
:10273000D1636F5B6E6BEF7B94BD15D635D655DEDE
:1027400075DE96DEB7E6B7E6D7E6D8EEF8EEF8EE39
:10275000F8EEF8EEF9EE19EF1AEF1AEF19EF1AF793
:102760001AF73AF73AF73AF73AF75AF75AF73AF7C1
:102770003AF73AF739F739F739F719F719F719EF3F
:1027800019EF19EF18EFF8EEF8EED7EEF8EED8E6FD
:10279000B8E6B8DE98D63CE79EEF5EE77FE77FEFCE
:1027A0007FE77FE77FEF5DE73DE799D6D6C517CE98
:1027B000B8DEB9E6F9EE3AF73AF75BF75BF75BF7A5
:1027C0007BF77BF79CFFBCFFBCFFBCFFBCFFBCFFE3
:1027D0009CFF9CFF9CFF9CFF9BFF9BFF9BFF9BFF25
:1027E0009BFF9BFF9BFF9BFF9BFF9BFF7BFF7BFF59
:1027F0005AFF5AFF5AFF3AF73AF719F719F7F9EE65
:10280000F8EED8EED7EEB7E676DE75DE55DEF4CD1F
:10281000B3C594BD73B537C61BE73DDFFCD63DD7C6
:102820003ED739A6B04BAB1A0D232D1B2D1B0D1B0C
:102830000D1B2D1B4D1B6D1B4D1B6E1B6E1B4D1B56
:102840004D1B4D1B4D1B4D1B4D1B4D1B4D1B4D1B48
:102850004D1B6D1B6D1B6D136D1B6E1B6E1B6D1B5E
:10286000471AE92A2B332A2B6B33CC3BAC338B2B07
:102870008B2BAC2BAC2B6B238C2BCD33CD2B8C2B00
:102880006C2B2B33CA32482A852124210321E220D4
:102890000321032103210319E318E2180219C218C6
:1028A000C218C210A218A210A210C218E318E2188F
:1028B000232185290319C210032104212421C218D0
:1028C000A210A2108208652155A55DE71DD75DDF26
:1028D0003DD75DDF5EDF5EDF3DD7DCCE59B6F8ADBC
:1028E000F7ADD7ADF8AD18AE18AE79BEBAC6FBCE0F
:1028F0001CD71CD7DCCEBBC69BCE9BC67AC67AC67D
:102900009BC69BC6BBCE1CD75EE79FEFBFEFDFF732
:10291000BFEFBFEF9FF7BFF7BFF7DFF7DFF7DFF7D7
:10292000FFFFDFFFDFFFDFFFDFFFDFFFDFFFDFFF97
:10293000DFFFFFFFDFFFFFFFFFFFFFFFFFFFFFFFE7
:10294000FFFFFFFFFFFFDFFFDFFFDEFFFFFFFFFFF8
:10295000FFFFDEFF9DF75CEF3BEF3BEF7CF79CF763
:10296000DDFFBCFF9CF79BF79BFF9BFF9BF77BF773
:102970007BF75AF75AF75AF73AEF3BF73BEFFAE68D
:1029800057D658D6DBE6BFFFFFFFFFFFFFF7359DA9
:10299000CD4AD263915BF2631264F2635374336C79
:1029A0007474D6842F4BA4002711A919A919D263D6
:1029B000F26BB06BCF73508CD5C515D635D655DEBE
:1029C00075DE96DEB7E6B7E6B7E6D8EEF8EEF8EED7
:1029D000F8EEF8EEF9EE19EF1AEF1AEF1AF739F7E9
:1029E0001AF73AF73AF73AF73AF75AF75AF73AF73F
:1029F0003AF739F739F739F739F739F719F718EF9F
:102A000019EF19EF18EFF8EED8EEB7EED8EEB7E6FB
:102A1000B8E6B8DE78D61BE79EEF5EE75EE77FEFAD
:102A20005FE75FE77FEF3DE7FBE617C6D5BD78D6EA
:102A3000D9E6D9E6F9EE3AF75BF75BF75BF75BF7B8
:102A40007BF77BF79CFFBCFFBCFFBCFF9CFF9CFFA0
:102A50009CFF9CFF9CFF9CFF9BFF9BFF9CFF9CFFA0
:102A60007BFF7BFF7BFF7BFF7BFF7BFF7BFF7BFF96
:102A70005AFF5AFF5AFF3AF739F719F719F7F9EEE3
:102A8000D8EEB8E6B7E6B6E675DE55DE34DEF3CD51
:102A9000D3C593BD53B594B5B9D61CDFFCD65EDF64
:102AA0003ED719A6AF4BAB1A0D1B2C1B2D1B2D1B94
:102AB0000C1B2D1B4D1B4D1B4D1B6E1B6E1B4D1BF5
:102AC0004D1B6D1B6E1B6D1B4D1B6E1B4D1B4D1B44
:102AD0004D1B6D1B6D1B6D1B4D1B6D1B6D1B4D1B16
:102AE000A9224B334B330A2B8C33ED3BAC33AC2B4D
:102AF0008B2BCC2BCC2B8C23AC2BCD2BAD2B8C2B25
:102B00006C2B4B33CA32482AA52144210321C21819
:102B100003212321032123210319E218E218E218DB
:102B2000C210A210A218A210A210C218E318E31833
:102B30002421A5314421C210032124210421C318DA
:102B4000A210A210A210662955A57EE71DDF5DDF49
:102B50003DDF5EDF5EDF7EDF5EDFFCCE59BE18AE9E
:102B6000D7ADD7A5F7ADF7AD18AE59B69ABEFBCE27
:102B70001CD73DD73DD7FCD6FCD6FCD6DCD6BBCE89
:102B8000BBCE9BCEBBCEDCD61DDF5DDF7EEFBFEFC5
:102B9000DFF7DFF7DFF7DFF7DFF7DFF7DFF7DFF785
:102BA000FFFFFFFFFFFFFFFFFFFFFFFFFFFFFFFF35
:102BB000FFFFFFFFFFFFFFFFFFFFFFFFDFFFFFFF45
:102BC000FFFFFFFFFFFFFFFFFFFFFFFFFFFFFEFF16
:102BD000BDF75CEF3BE73BEF7CF7BDFFBDFFBCFF04
:102BE0009CFFBCFFBCFFBCFF9BFF9BF77BF77BF709
:102BF0007BF77BF73AEF3AEF5BF73AEF1AEF5BF7C9
:102C00001AEF37CEF7C55DEFBFFFDFFFFFFF9EE78F
:102C10005274905B346C1364546C9474536C168DC2
:102C2000F684178D0F4B8400881968114B2A537452
:102C300033741274107C9194F5CD15D614D655DEEC
:102C400075DE96DE97E6B7E6D7EED8EEF8EEF8EE4C
:102C5000F8EEF8EEF9EE19EF1AEF1AF739F739F73F
:102C60001AF73AF73AF73AF73AF75AF73AF73AF7DC
:102C70003AF739F739F739F739F739F719F718EF1C
:102C800019EF18EF18EFF8EED7EEB7EED8EE97E69B
:102C9000B8E6B8DE78D6FBE69EF75EE75EE77FE74C
:102CA0003EE71EE73EE7FCE699D6F6C5F6C5B8DE78
:102CB000F9EED9E61AEF5BF73AF75BF75BF75BF7EC
:102CC0007BF79CF79CFFBCFFBCFFBCFF9CFF9CFFFD
:102CD0009CFF9CFF9CFF9CFF9CFF9BFF9BFF9BFF1F
:102CE0007BFF7BFF7BFF7BFF7BFF7BFF7BFF7AFF15
:102CF0005AF75AF73AF739F719F719F7F9EEF8EEE4
:102D0000D8E6B7E697E676E655DE34DE14D6D3CDC0
:102D1000D3C572BD32AD33A517C61CDF1CDF5EDF25
:102D20003ED719A68F43AB1A2C232D1B2D1B4D23E9
:102D30002D1B2D1B2D1B4D134D136D1B6E1B4D1B82
:102D40004D1B6E1B6E1B6E1B6E1B6E1B6E1B4D1B7D
:102D50006D1B6D1B6D1B6D1B4D1B6D1B4D1B2D1BB3
:102D60002B2BAC336B2B0A238B2BCD33AC2B8B2330
:102D7000AC2BED2BCD2BAC23CD23CD2BAC236C2357
:102D80006C2B4B330A338832A52144210321C22006
:102D900003210321032123210319E2180219E21858
:102DA000C218A218C218C218C218C2180319E31810
:102DB0002321853185290319242165290421E3185C
:102DC000C210A210A210862976A57EE73DDF5EDF45
:102DD0003DDF7EDF7EE77EE77EDF1CD77ABE18B65A
:102DE000F8ADD7ADF7ADF7ADF8AD18B659B6BAC670
:102DF000FCCE5DD75EDF5DDF5DDF5DDF3DDF3DDFAC
:102E00003DDF3DDF1DDF1DDF1CD71DDF3DDF7EEF1A
:102E1000BFF7DFF7FFFFDFFFDFFFDFFFDFF7DFF7E2
:102E2000FFFFFFFFFFFFFFFFFFFFFFFFFFFFFFFFB2
:102E3000FFFFFFFFFFFFFFFFFFFFFFFFFFFFFFFFA2
:102E4000FFFFFFFFFFFFDEFFFFFFFFFFDEFF7CF75F
:102E50001BE73BEF7CF7BCFFBDFFBCFFBCFFBCFF2B
:102E60007BF79BFFBCFFBCFFBCFF9BFF7BFF7BFF97
:102E70007BF75BF77BF75BF73AEF5BF75BF73AEFD4
:102E80001AEFF9E678D659D63CEFFFFFFFF7FFF7C8
:102E90009BBED163546C346C1364D67CB57C378D87
:102EA000178DF7844C32A500A9194711CD3AB57C8E
:102EB0003374527C3184F2A4F5CD15D614D655DE88
:102EC00076DE96DE97E6B7E6D7EED8EEF8EEF8EEC9
:102ED000F8EEF8EEF9EE19EF1AEF1AF739F739F7BD
:102EE00039F73AF73AF73AF73AF73AF739F739F75D
:102EF00039F739F739F739F739F719F718F718EFBC
:102F000019EFF8EEF8EEF8EEF8F6D7EEF8EEB7E6D1
:102F1000D8E6B9E678D6FBDE9EEF5EE73EDF3EE719
:102F20001EDFFDDE1DE7DBDE17C6D6C537D6B9E6E8
:102F3000F9EE19EF3AF73AF73AF75BF77BFF7BF7D1
:102F40007BF79BF7BCFFBCFFBCFFBCFF9CFF9CFF5B
:102F50009CFF9CFF9CFF9CFF9CFF9CFF7BFF7BFFDB
:102F60009CFF9CFF9CFF7BFF7BFF7BFF7BFF5AFF4F
:102F70003AFF3AF739F739F719F718F7F8EEF8EE9C
:102F8000D8EEB7E697E676DE55DE54DE14DED3CD16
:102F900092C551B511AD12A595B51CDF3DDF5EDFC1
:102FA0003ED7F9A58E43AB1A2D232C1B2D1B4D2389
:102FB0002D1B2D1B4D1B2D134D136D1B6E1B4D1B00
:102FC0006D1B8E1B6E1B6D1B4D1B6E1B6E1B4D1BDD
:102FD0006E1B6E1B6E1B6D1B4D1B4D1B4D1B2D1356
:102FE0006C2BCD336C2B0A1B6B2BCC33AC2B8C2373
:102FF000CD2BED2BCD23AC23AD23ED23CD238C2383
:103000004B234B2B2B33A932A5212319E218E220A5
:1030100003210321032123190319E3180319E218DB
:10302000C218A218C218C218C218C218E318E318AE
:1030300003196529A6312421442985290321E31890
:10304000C318C318A210652955A57EE73DDF5EE7CA
:103050005EDF7EE77EE77EE77EDF1DD79BC659BE3B
:1030600018B618AE18AEF8AD18AE18AE18B67ABECF
:10307000DBC63DDF9EE79FE79FEF9EE77EE77EE7AB
:103080007EE77EE77EE77EE75EE73DDF3DE75EE7E2
:103090009FF7DFF7FFFFFFFFDFFFDFFFDFFFDFFF50
:1030A000DFF7DFF7FFFFFFFFFFFFFFFFFFFFFFFF80
:1030B000FFFFFFFFFFFFFFFFFFFFFFFFFFFFFFFF20
:1030C000FFFFFFFFFFFFFFFFBEF75CEF3BEF3BEFB4
:1030D0007CF79CF7BDFFDCFFBCFF9BF79BF7BCFFB9
:1030E000BCFFBCFFBCFFBCFF9CFF9CFF9CFF9BFF89
:1030F0007BF77BF77BFF7BF75AEF7BF77BF719E7D3
:1031000019E79CF7DAE638CE9AD69EF7DEF7FFF796
:10311000FFEF56951264B67C7574D67C378DF684B5
:10312000388D957C6819E600881947110E43B57CE7
:103130003274727C518454ADF5CD15D635D675DE1A
:1031400076DE96E697E6B7E6B7E6D8EEF8EEF8EE66
:10315000F8EEF8EE19EF19F71AEF1AF739F739F711
:1031600039F73AF73AF73AF73AF73AF739F739F7DA
:1031700039F739F739F739F739F719F718F718F731
:1031800018EFF8EEF8EEF8EEF8F6D7EED8EEB7E670
:10319000B8E6B8DE78D6FBDE7EEF3DE73EDF1EDF29
:1031A000FDDEFDDEFCDE9AD6B6BDF6C598DEF9EE94
:1031B000F9EE3AF75BF75BF73AF75BF77BF77BF7EC
:1031C0009CFF9CFFBCFFBCFFBCFFBCFFBCFF9CFF87
:1031D0009CFF9CFF9CFF9CFF9CFF9CFF7BFF7BFF59
:1031E0007CFF9CFF9CFF7BFF7BFF7BFF5BFF5AFF0D
:1031F0005AFF5AFF39F739F719F7F8EEF8EEF8EEFB
:10320000D8EEB7E696E675E655E634DEF3D5D3CDCF
:1032100092C531B511ADF2A454ADFCD65EDF5EDFD0
:103220003ED7F8A58E43AB1A2D232C1B0C1B2D1B50
:103230002D1B2D1B4D1B4D134D134D134D1B4D1BA6
:103240006D1B8E1B6E1B4D1B4D1B6E1B6E1B4D1B7A
:103250006D1B6E1B6D1B4D1B4D1B4D1B4D1B2D13F5
:103260006C23EE338C2B2B1B8C23CD33ED33CD2BEA
:10327000CD2BED2BCD23AC1BAC1BED23EE238C23F0
:103280004B236B2B2B33A92AA52123190319E320E8
:10329000E3200321032103190319E3180321E21892
:1032A000C218A218A218C218C218C218E318E3184C
:1032B0000319442985294421442165290421E3185F
:1032C000E318E318A2104521359D5DE73DE77EE751
:1032D0005EE77EE77EE77EDF7EDF5DDFDCCE7ABE07
:1032E00059BE39BE39B618B618B618B618B659BE92
:1032F0007AC6FCCE7EDF9EE7BFEF9EE77EE79EE7C5
:103300007EE79EE77EE77EE77EEF7EEF7EEF7EEF55
:103310009FEFBFF7DFFFFFFFFFFFFFFFDFFFDFFFD5
:10332000DFF7DFF7DFF7FFFFFFFFFFFFFFFFFFFF25
:10333000FFFFFFFFFFFFFFFFFFFFFFFFDFFFFFFFBD
:10334000DEFFDEFFDEFFBEF73CEFDADE1BE79CF7B9
:10335000DEFFBDFF9CFF9CF79CFF9CFFBCFFBCFFFA
:10336000BCFFBCFF9CFF9BFF9CFF9CFF9CFF9CFF46
:103370007CFF7BF77BF77BF77BF75BF73AEF3AEF66
:103380005BEFF9DED9DE1AE737CEBAD6BDF7FFFF1D
:10339000FFF71CCFB484B684B684967C3895F78C3E
:1033A000BAA5D363C6002711671167119053D5845E
:1033B00032747284718C94B515CE15D655D675DEDF
:1033C00096E697E697E6B7E6B7E6D7EEF8EEF8EEBC
:1033D00018F718F719F719F719EF19EF39F739F73F
:1033E00039F71AF739F739F73AF73AF739F739F77A
:1033F00039F719F739F739F739F719F719F718F7CE
:1034000019F718EFF8EEF8F6F8F6B7EED7EE97E6FC
:10341000B8E698DE78D6FBDE5DE73DDF3EDF1DDFF8
:10342000DCDEDCDE7ACE17C6B6BD37CED9E6F9EEE5
:103430001AEF5BFF5BF75BF75BF75BF77BF79BFFD5
:10344000BCFFBCFF9CFFBCFFBCFFBCFFBCFF9CFFE4
:103450009CFF9CFF9CFF9CFF9CFF9CFF7BFF7BFFD6
:103460007CFF7CFF7CFF7BFF5BFF5BFF5AFF3AFF2B
:103470003AF739F739F739F719F7F8EEF8EEF8EEC9
:10348000D7EEB7E676E655DE34DE13DEF3D5B2CD01
:1034900092C551B511ADD19C75ADFBD65EDF5EDF37
:1034A0003ED719A68F43AB1A2C1B0C130C1B0C1BFD
:1034B0000C1B2C1B4D1B4D134D134D134D1B4D1B46
:1034C0004D136D1B6D1B6D1B4D1B6D1B4D1B4D1B44
:1034D0004D136D1B4D1B4D132D1B4D1B4D1B2D1BDC
:1034E0008C230E34AD236B1B8C23CD2BEE33CD2BD5
:1034F000AC23CD23CD23AC1BAC1BED23EE238C1BC7
:103500006B236B2B2B33892AC52144210321E2181D
:1035100003210321032103210319E3180321E218E6
:10352000C218A218A218C218C218E318E318E318A8
:103530002421652945212421242144212421E31823
:10354000E318E318A2102421149D5DE75EE79FEFC6
:103550007EE79FE77EE77EE79FE77EDF1CD7BBC65F
:103560009AC67AC659BE39B639B638B618AE39B623
:1035700059BEBAC61CD73DDF5DE77EE79EE7BFEFC9
:103580009FEF9FEF7EE77EE79EEFBFEF9EEF7EE728
:103590007EEF9EEFBFF7DFF7DFFFFFFFFFFFDFFFED
:1035A000DFFFDFFFDFFFDFFFFFFFFFFFFFFFFFFFAB
:1035B000FFFFFFFFFFFFFFFFFFFFDFFFDFFFDFFF7B
:1035C000FFFFBEFF1BE7DADE1BE7BDFFFEFFBDFF0F
:1035D0007CF79CF79CF79CFFBCFFBCFFBCFFBCFFCB
:1035E000BCFFBCFFBCFF9CFF9BFF9BF77CFF9CFFCD
:1035F0007BF77BF75BF77BF77BF75BF73AEF5BF7E4
:103600005BEFD9DED9DE1AE798D637C6FADEDEF7E9
:10361000FFF7FFF75ABE178DB784F88C9AA5389537
:103620009A9DEF4A8500891947116811D15B73741F
:10363000537C9284B294B5BD35D615D675DE75DE51
:1036400096E6B7E6B7E6B7E6B7E6D7EED8EEF8EE19
:10365000F8EEF8EE19EF19EF19EF19EF19EF19EF6E
:1036600019EF19EF39F739F739F739F739F739F72A
:1036700019F719F719F739F739F719F719F718F78B
:1036800019F718EF18F7F8F6F8F6B7EED8EEB7E630
:10369000B8E698DE78D61BE75DE73DDF3EDF1DDF4D
:1036A000DCDEBBD618C675B5D6C578D6D9E6D9E660
:1036B000F9EE3AF73AF73AF75BF75BF75BF79CFFFF
:1036C000BCFFBCFF9CFFBCFFBCFFBCFFBCFF9CFF62
:1036D0009CFF9CFF9CFF9CFF9CFF9CFF9CFF9CFF12
:1036E0007BFF9CFF7CFF7BFF5BFF5AFF5AFF5AFF6B
:1036F00039F739F719F719F718F7F8EED8EED8EEC9
:10370000B7E6B7E676E655E634DEF3DDD2D5B2CDE0
:1037100071C551B5F1A4B19495ADDBD67EDF7FDFE5
:103720003ED719A6AF4BCB1A0C1B0C130C132C1B3A
:103730000C1B2C1B4D1B4D1B2C134D134D1B4D1BDC
:103740004D136D1B6E1B6D1B6D1B6D1B4D1B4D1BA0
:103750004D136D1B4D1B4D132D1B4D1B4D1B2D1B59
:10376000CD1B0E24EE238C1B8C1BCD23CD2BAD2328
:10377000AD23CD23CD23AD1BCD1B0E240E24AD1BBD
:103780006C1B6B2B0A2BA82AC62164210321E22083
:1037900023210321232124210319E3180321E21803
:1037A000C218A210C218C218C218E218E318C3182F
:1037B0004529452945212421E31824216429E318BA
:1037C000E318031982084521F49C7DE77EE7BFEFEB
:1037D0009FEF9EE77EE77EE79EE77EE73DD7DBCE65
:1037E000DBCEBBC69ABE7ABE59B639B639B618AE6C
:1037F00039B659BEBBC61CD75EE77EE77EEF7EEFCB
:103800009FEF9FEF9EE79EEFBFEFBFEFDFEFBFEFB2
:103810007EEF9EEF9EF7BFF7FFFFFFFFFFFFFFFF6B
:10382000DFFFFFFFDFFFDFFFFFFFDFF7FFFFFFFF30
:10383000FFFFFFFFFFFFFFFFDFFFDFFFFFFFBEFF19
:10384000FBE6D9DE1AE79CF7BDFF9CF79CF77BF7F8
:10385000BCFFBCFFBCFFBCFFBCFFBCFFBCFF9CFFB0
:103860009BFF9BFF9CFF9CFF9CFF9BFF7BF77BF7D5
:103870007BF77BF77BF75BF75BF75BF75BF75AF759
:103880001AE77BF719EFB8DE3AE7D9DE16BE3BE759
:10389000FFFFFFFFDFF798A53795789D799D799D0C
:1038A0007A9DEC298500681989196811126473746E
:1038B000737C928CD29CB4C515CE55DE55D696DE5F
:1038C000B7E6B7E6B7E6B7E6B7E6D7EEF8EEF8EE56
:1038D000F8EEF8EEF9EE19EF19EF19EF19EF19EF0D
:1038E00019EF19EF19EF39F719F739F739F739F7F0
:1038F00039F719F719F719F719F718F7F8EEF8EE7D
:1039000018F7F8EEF8EEF8EEF8EED7EED8EE97E608
:10391000B8E697DE98D61CE73EE73EDF3EDF1DDFC8
:10392000DCDEBBD6D7BD95B557D698DED9E61AF7FB
:103930005BFF5BFF5BFF5BFF5BF75BF77BFF9CFF66
:103940009CFFBCFFBCFFBCFFBCFFBCFFBCFF9CFFDF
:103950009CFF9CFF9CFF9CFF9BFF9CFF9CFF9CFF90
:103960007BFF9BFF7BFF7BFF5BFF7AFF5AFF5AFFCA
:103970003AFF39FF19F7F8F6F8EEF8EED8EED7EE81
:10398000B7E696E675E655E634DEF3DDB2CD91CDC9
:1039900051BD31B5F1A4B194B6ADFCD69EDF9FDF29
:1039A0003ED719A68F4B6A1A0C1B0C130C1B2C1B31
:1039B0000C1B0C1B2C1B4D1B4D1B4D1B4D1B4D1B6A
:1039C0004D1B6E1B6E1B4D1B4D1B6D1B6D1B4D133D
:1039D0004D1B6D1B6E1B4D1B4D1B4D1B4D1B2D1B86
:1039E000EE1B2F240E24AC13AD1BED23EE2BCD23A9
:1039F0008C1BCD23ED23CD1BCD1BEE1BEE1B8C139F
:103A00008C1B6B2B2A2BA82AC51964190321E320D0
:103A100003210321032123210319E218E318E218EB
:103A2000C218C218C218C218C218E220032103210A
:103A30004529A63186314529042144212421E21853
:103A4000C218C218E3182419B394BFEF5EE7BFEFA2
:103A50009FEF9EE77EE79EE79FE79EE75DDF1CD72F
:103A60001CD7FCCEDBC6BBC69ABE9ABE7ABE59BE78
:103A700018B639B69BC6FCD61DDF3DE77EEF9FEF3B
:103A80007EEF7EEF7EE77EE79FEFDFEFDFF7DFF78A
:103A9000BFF7BFF7BFF7DFF7FFFFFFFFDFFFDFFF76
:103AA000FFFFFFFFBFFFDFFFBFF7FFFFFFFFFFFFCE
:103AB000FFFFDFFFDFFFFFFFFFFFFFFF1BE779D601
:103AC00099DE7CF7DDFF7CF75BF7BCFFBCFF7BF783
:103AD0009CFF9CFFBCFFBCFFBCFFBCFFBCFFBCFF4E
:103AE0009CFF9CFF9CFF9CFF9CFF9BFF9BF77BF731
:103AF0007BF77BF77BF75BF75BF75BF75BF75AF7D7
:103B00005AF719EF1AEF19E7F8DED8DE77CE77CE3D
:103B10005CEFFFFFFFFF5EDF579D589DBAA5BAA57A
:103B2000799D0811E708A9210709A9113364947444
:103B30001274728CD2A4D4C535D655DE76DEB6DECC
:103B4000B6E6B7E6B7E6B7E6B7E6D7E6F8EEF8EEDC
:103B5000F8EEF8EEF9EE19F719EF19EF19EF19EF82
:103B600019EF19EF19EF19EF19F719F719F719F7F5
:103B700019F719F719F719F719F719F718F7F8EEF0
:103B800018F7F8EEF8EED8EED7EED7EED8EE97E6C7
:103B900097E697DE78D6DBDE1DDFFED61EDFDCD6AD
:103BA000DBDE7ACE95B5B5BD77D6B8E6F9EE1AF775
:103BB0003BF75BF75BF75BF75BF75BF77CFF9CFF23
:103BC0009CFFBCFFBCFFBCFFBCFFBCFFBCFF9CFF5D
:103BD0007BFF9BFF9CFF9BFF9BFF9BFF9BFF7BFF54
:103BE0007BFF9BFF9BFF7BFF5BFF5AFF5AFF5AFF48
:103BF00039F739F719F7F8F6F8EED8EED8EED7EE30
:103C0000B6E696E675E634DEF3DDD2D591CD71C524
:103C100051BDF1A4B19CD294F7B51CD79FE79FDFAB
:103C20005FD719A66E438A1A2C230B1B2C1B2C1B47
:103C30000C1B0C1B2C1B2C1B2D1B4D1B4D1B4D1B28
:103C40004D1B6D1B6D1B4D1B4D1B6E1B6E1B6D1B92
:103C50004D1B6D1B6E1B4D1B2D132D130D130C13C4
:103C6000ED130E24EE1BAC138C1BCD23CD23AD2303
:103C70008C1BCD23EE23CD1BAD1BEE1BCD1B8C135C
:103C80006B1B4B230A2B882AA51944190321E22018
:103C900003212321031903212321E318E218E21849
:103CA000C218C218C218C218C218E218032104218F
:103CB00065292842C73945210319442923210319BD
:103CC000C218C21824210419728CBFEF5EE7BFEF3F
:103CD0009FEF9FEF9FEF9FEFBFEF9FE77EE75EDFD6
:103CE0003DD71CD7FCCEDBCEDBC6BBC69AC67ABEA0
:103CF00018B618B639BE9BC6FCD61DDF7EE79FEF0F
:103D00009FEF9EEF7EEF7EE79EEFBFEFDFF7FFF7BF
:103D1000BFF7BFF7BFF7BFF7DFFFFFFFFFFFFFFFF3
:103D2000FFFFDFFFFFFFFFFFFFFF9EF7BFF7FFFF74
:103D3000FFFFBEF7BEF7FEFF9DF799DEFAE61BEF29
:103D40003BEF7CF77CF77BF79CFF9CFF9CF79CFF8D
:103D50009BFF9CFF9CFF9CFF9CFF9CFF9CFF9CFF8C
:103D60009CFFBCFFBCFFBCFFBCFF9CFF9CFF9BFFFC
:103D70009BF77BF77BF77BF77BF77BF77BF75BF7B3
:103D80005BF71AEF3AEF19E719E7F9DE97D636C66F
:103D9000B9D65DEFFFF7FFF75BBE579D99A5FBAD69
:103DA000968486000711A9194709A919546C9474BF
:103DB000327CB29453B5F5CD15D634D675DE76DEA9
:103DC00096E6B6E6B7E6B7E6D7EED7EEF8EEF8EE4B
:103DD000F8EEF8EEF8EE19F719F739F739F739F781
:103DE00039F739F739F719EF19F719F719F719F7FB
:103DF00019F719F719F719F739F739F719F7F8EE2D
:103E000018F718F7F8EEB7E6D7E6B7E6D8EEB7EE4C
:103E100097E698DE57CEDBDE3EE7BDD6FDDEBBD6AD
:103E20009BD617C674B516CE98DED9E61AF71AF7E0
:103E30003BF75BF75BF75BF77BF77BFF9CFF9CFF38
:103E4000BCFFBCFFBCFFBCFFBCFFBCFFBCFF9CFFBA
:103E50007BF79BFF9CFF9CFF9BFF9BFF9BFF7BFFD8
:103E60007BFF7BFF7BFF5BFF5AFF5AF75AFF3AF756
:103E700019F719F719F7F8EEF8EED8EED7EEB7E61E
:103E800096DE75DE54DE13DED2D592D571CD51C5E6
:103E900031B5D0A4B094139DF7B51CD77EDF7FDF7A
:103EA0009FDF19A66E43AA1A0C230B1B2C1B2C1B7D
:103EB0000C1B0C1B2C1B2C1B2D1B4D1B4D1B4D1BA6
:103EC0004D1B4D1B4D1B4D1B4D136D1B6E1B6D1B59
:103ED0004D1B6E1B4D1B4D132D132D132D130C134A
:103EE000CD130E1CEE1B8C138C13CD1BCD23AC1BE2
:103EF000AD1BED23EE23CD1BAD1BEE1B0E1CAD1B2E
:103F00008C1B4B23EA22882AE62164210321C21854
:103F1000232123210319032144212321E318C2185B
:103F2000A218C218C218E218C218C218E318032156
:103F300086318A4AC73904210419442124210319EE
:103F4000E31803192421041951847EE77EE7BFEFAB
:103F50009FEFBFEF9FEF9FEF9FEF9FEF9FE77EE702
:103F60007EDF5DDF3DD71CD7FCCEFCCEBBC69ABE44
:103F70005ABE18B6F8B559BEBBCE1DDF5EE77EE768
:103F8000BFF7BFF79EEF7EE77EE79EEFDFF7DFF735
:103F9000DFFFDFF7BFF7BFF7BFF7DFFFDFFFFFFF91
:103FA000FFFFFFFFBEF7DFFFFFFFFFFFFFFFBEF7D3
:103FB000DEFFFFFFFEFF1BE737CE78D6FAE67CF781
:103FC000DDFF7BF71AEF5BF7BCFFBCFF7BF79CFFC5
:103FD0009BFF9BFF9BFF9CFF9CFF9CFF9CFF9CFF0C
:103FE0009CFFBCFFBCFFBCFFBCFFBCFFBCFF9CFF39
:103FF0009CFF9BFF7BF77BF77BF77BF77BF75BF700
:104000003AEF5BF73AEFF9E63AEFF9E6B8DE78D641
:1040100037C699D69EEFFFFF9FEFD9AD3795FBAD21
:10402000D36B6500281168116811EA2195747474C6
:10403000527CB29494BDF4CD14D614D655DE76DEFF
:1040400096E6B7E6B7E6D7EED8EED8EEF8EEF8EE9D
:10405000F8EEF8EEF9EE19F719F719F739F739F71D
:1040600019EF19EF19EF19EF19F719F719F719F7F0
:1040700019F719F719F719F719F739F719F7F8EECA
:10408000F8EEF8F6F8EEB7E6B7E6B7EED8F6B7EE24
:10409000B8EE98DE57CEDBDE1DDF9CCE9BCE9BD6E6
:1040A00038C695B5B5BD78D6B8E6F9EE3AF73BF720
:1040B0003BF75BF75BF77BF77BFF9CFF9CFF9CFF6D
:1040C000BCFFBCFFBCFFBCFFBCFFBCFFBCFF9CFF38
:1040D0009BFF9CFF9CFF9CFF9BFF9CFF9BFF9BFF0C
:1040E0007BF77BFF7BFF5BFF5AF73AF73AF739F72D
:1040F00019F719F7F8F6F8EEF8EED7EEB7E6B7E6E7
:1041000075DE55DE34DEF3D5D2D5B2CD71C551BDE5
:1041100011B5B09CB194339DD7ADFCCE7EDF7EDF70
:10412000BFE75AAE6E43AA1AEB1A0B1B2C1B2C1BB3
:104130002C1B2C1B2C1B2C1B2D1B4D1B4D1B2D1B03
:104140004D1B4D1B4D1B4D1B4D136D1B6D1B4D13FF
:104150004D134D1B4D1B4D1B2D1B2D1B2D1B2D1BA7
:10416000CD130E1C0E1CAD13AD1BEE23ED23AD1BAA
:10417000AD1BED23EE23CD1BAD13EE1BEE1BAC1BD5
:104180008C236B230A2BA92A062285210321E218FE
:10419000232144210319031944212421E318C218BF
:1041A000A210C218E218E218E218C218E21803219D
:1041B00045298A52C7310421242123212421C218F0
:1041C0000321242124212419F0735DE79FEF9FEF41
:1041D0009FEF9FEFBFEF9FEF9FEF9FEF9FEF9FE757
:1041E0009FE77EE77EDF5DDF3DD71CD7FCCEBBCEF1
:1041F000BBC69AC67ABE5ABE7AC6FCD65EE77EE7D2
:10420000DFF7BFF79EEF7EEF7EEF9EEFBFF7DFF7A2
:10421000FFFFFFFFBFF7BFF7BFF7DFF7FFFFFFFFAE
:10422000FFFFFFFFFFFFFFFFDFFFBEF7DFFFFFFF27
:10423000DEFF1BE717CE37CE1AEFBCFF7BF77CFF04
:104240007CFF5BF77BF79CFF7CFF7BF77BFF7BFFB3
:104250007BFF7BFF7BFF9BFF9BFF9CFF9CFF9CFFEB
:104260009CFFBCFFBCFF9CFF9CFFBCFF9CFF9CFF16
:104270009BFF7BF77BF77BF77BF77BF75BF75BF7C6
:104280003AEF3AEF3AEF1AEF19EFF9E6F9E6B8DE4E
:1042900057CE37C63CE7FFFFFFF7DDCEB9A51BB60B
:1042A000716324006819881906094B2AB57C737458
:1042B0007384B294D5C5F4CD13D634DE55DE76DEE4
:1042C00096E6B6E6B7E6D7EED8EEF8EEF8EEF8EEFC
:1042D000F9EEF8EEF9EE19EF19F719EF19F719F7EA
:1042E00019EF19EF19EF19EF19F719F719F719F76E
:1042F00019F719F719F7F8EE18F719F718F7F8EE94
:10430000F8EEF8EEF8EED7EEB7EEB7EED8EE97EEA1
:10431000B8EE98DE58CEBAD6BCD65BC63AC659C6F9
:10432000D6BD54AD16CE98DED9E61AEF3AF75BF754
:104330005BF75BF77BFF7BF77BF79BFF9CFF9CFFAB
:104340009CFFBCFFBCFFBCFFBCFFBCFF9CFF9CFFF5
:104350009BFF9CFF9CFF7BFF9BFF9BFF9BFF9BFFAB
:104360007BFF7BFF7BFF5BFF5AFF3AF73AF73AF799
:1043700039F719F7F8F6F8EED8EED7EEB7E696E685
:1043800075DE54DE34DEF3D5D2D5B2CD71C551BD64
:1043900011ADD09CB194339DB6ADDBCE7EDF7FDF17
:1043A000BFE7BCBED053AA22CB1A0C1B2C1B0B1B85
:1043B0002C1B2C1B2D1B4D1B4D1B4D1B4D1B4D1B1F
:1043C0004D1B6D1B6D1B4D1B4D136D1B6D1B4D133D
:1043D0004D134D134D132D132D132D132D132D137D
:1043E000AD130E1CEE1BAD13AD13EE23EE23CD1B50
:1043F0008C13CD1BED1BAD13AD13CD1BAD136C1387
:104400008C1B8C2B2B2BA92A0622842103192321F8
:10441000432164210321031944214421E318A218F4
:10442000C210E218E318E218E218E218E318242197
:1044300024214942863104212421E3182421C21871
:1044400023214421652145218E6B5DE7BFEF9FEF5E
:104450009FEFBFF7BFF79FEF9FEF9FEF9FEF9FE7A4
:104460009FEF9EE77EE77EE75DDF5DDF3DD7FCD611
:10447000DCCEDBCEBBCE7AC69AC6FCD67EE7BFEFDB
:10448000DFF7DFF7BFF79EEF9EEF9EEFBEF7BFF7B8
:10449000DFF7DFF7BFF7BFF7BFF7DFF7DFF7FFFFA4
:1044A000FFFFDFFFDEF7DEFFDEFFFFFFFFFFB9DE0E
:1044B000B5BDB5BDB8DE9CFFBCFFF9E67BF75BF789
:1044C0005BF75BF77CFF9CFF7BF75BF77BF77BF78A
:1044D0007BF77BF77BF77BFF9BFF9CFFBCFFBCFF61
:1044E000BCFFBCFFBCFF9CFF9CFF9CFF9CFF9BFF95
:1044F0007BF77BF77BF77BF77BF77BF75BF75BF76C
:104500005AF73AEF3AEF3AEF1AEFF9E6F9E6D9E659
:1045100098D636CE78CE5CE7FFFFBFEFBCCEB9AD04
:10452000AE4A650027110A222609AD3AF684947C2A
:10453000B38CF39CF5CDF4D514D655DE35DE76DE9E
:1045400096E696E6B7E6D7EED8EED8EEF8EEF8EEB9
:10455000F9EEF8EEF9EEF9EEF9EEF9EEF9EE19F7FB
:1045600019EF19EF19EF19EF19F719F719F718F7EC
:1045700018F718F7F8EEF8EEF8EEF8EEF8EEF8EEB9
:10458000F8F6F8F6F8EED7EED7EEB7EEB7EE97EE10
:1045900098E698DE58CE9AD69BCE7BCE19BEF8BD53
:1045A00095B574B536D698DED9EE1AF73AF75BF7BB
:1045B0005CF75BF77BF77BFF9BFF9BFF9CFF9CFF00
:1045C0009CFF9CFF9CFF9CFFBCFFBCFFBCFF9CFFB3
:1045D0009BFF9CFF9CFF7BFF9BFF9BFF9BFF9BFF29
:1045E0007BFF7BFF7BFF5BFF5AFF3AF73AF739F718
:1045F00039F719F7F8EEF8EED8EEB7EE96E696E64C
:1046000075DE54DE13D6F2D5D2CD92CD51BD10B5A4
:10461000F0A4B094918CF294759D9ABE7EDF9FDFDA
:104620009FDF1DC7726CAB22AA1A0C1B2C1B0B1B25
:104630002C1B2C1B2D1B2C1B2D1B4D1B4D1B2D1BFD
:104640004D1B6D1B6E1B6D1B6D1B6E1B6E1B4D136F
:104650002D134D132D132D132D132D132D132D133A
:10466000AD13EE1BED1B8C13AD13EE1BEE1BCD1B20
:10467000AD13CD1BEE1BCD13AD13CD1BCD136C13A2
:104680006B1BAC2B2B2BC92A2722A52103194421F4
:10469000642164212321242144212421E318C21808
:1046A000C210E218E218E318E218E218E318242115
:1046B0002421073A65292421242103212321E218FA
:1046C00044296421852986214D5B5DDFBFEF9FEF83
:1046D000BFF7DFF7DFF7BFEF9FEF9FEF9FEF9FEF92
:1046E0009FEF9FEF9FEF9EE77EE77EE77EE75DDF30
:1046F0001CD7FCD6BBCE9AC69BC6FCD67EE7BFEFC6
:10470000BFF7DFF7DFF7BFF79EF79EEF9EF79EF745
:10471000FFFFFFFFDFF7BFF7BFF7BFF7BEF7DFF71A
:10472000DFF7DEFFFFFFFFFFFEFF5BF753B594BD32
:1047300057D67BFFBCFFF9E6D9E69BFF3AEF5BF764
:104740005BF75BF75BF73AF75BF77BFF7BFF5BF7AA
:104750007BF77BF77BF77BF77CFF9CFF9CFF9CFF45
:104760009CFFBCFF9CFF9BFF9BFF9CFF9CFF9BFF54
:104770009BF77BF77BF77BF77BF77BF77BF77BF789
:104780005BF75BF73AEF3AEF3BEF1AEFD9E6D9E682
:1047900097DE36CE37CE99D6FFFFFFFF7FE7D9AD44
:1047A000CA29A600E6080A2289114F4B378DB48426
:1047B000B39433A5D5CDF4D534DE55DE75DE96E65B
:1047C00096E6B6E6B7E6D7EED8EED8EEF8EEF8EE17
:1047D00018EFF8EEF8EEF9EEF9EEF8EEF9EE19EF63
:1047E00019F719F719F719F719F719F719F719F749
:1047F000F8F6F8F6F8F6F8F6F8EEF8EEF8EEF8EE69
:10480000F8F6D8EED8EEF8EED8EEB7EEB7EE97E6BB
:1048100098E678DE37CE79CE9BCE7BCE39C6B6B55C
:1048200074B5D5C577D6B8E6F9EE3AF73BF75CF73D
:104830005CF75CF77BF79CFF9BFF9BFF9CFFBCFF3B
:10484000BCFFBCFFBCFFBCFFBCFFBCFF9CFF9CFFD0
:104850007BFF9CFF9CFF9CFF9BFF9BFF9BFF7BFFC5
:104860005BFF5BFF5BFF5BFF3AFF3AF719F719F756
:1048700019F7F8F6F8EEF8EED7EEB7E696E675DE3D
:1048800054DE34DEF3D5D2CDB2CD71C531B5F0AC46
:10489000D09CB194B18CB28C1495D7AD1DCF7FDF75
:1048A0007FDF7ED7357DCB2AAB1A0B1B0B1B0B1B77
:1048B0000C1B2C1B2C1B2C1B2D1B2D1B2D1B2C13E5
:1048C0002D134D1B4D1B4D1B6D1B6E1B6E1B6D1B4E
:1048D0004D134D134D134D134D132D134D134D13F8
:1048E000CD13EE1BED138C0BAD130E1C0E24CD1B44
:1048F000CD1B0E1C0E1CCD1BCD13EE1BEE1BAC13E3
:104900006B13AC2B2B2BC92A682AC5210319442110
:10491000642964212321442164210319E218C21867
:10492000A210C218C218E218E218C218E218232115
:104930004529C73965294421442165290321E31804
:10494000852985298521C7292C5BFCD69FEF9FEF00
:10495000BFF7BFF7DFF7BFEF9FEF9FEF9FEF9FEF2F
:104960009FEF9FEF9FEF9FEF9EE79EE79EE77EE71B
:104970003DDF1CD7DBCE9BC69AC6DCCE5DDF9EE753
:10498000BFEFDFF7DFF7BFF79EF79EEF9EF79EF7CB
:10499000DFF7DFF7DFF7DFF7DFF7BFF7BFF7BEF7C8
:1049A000DEFFFFFFDEFF7CF7D5C54F9473B577DEE2
:1049B0005BF7F9E6D8E65AF79BFF5AF75AF75AF72A
:1049C0005BFF7BFF5BF75BF77BFF7BFF5BF77BFFAF
:1049D0007BFF7BFF7BFF7BF77CFF7CFF9CFF9CFFCB
:1049E0009BFF9CFF9CFF9BFF9BFF9CFFBCFF9CFFD2
:1049F0009BFF7BF77BF77BF77BF75BF75BF77BF73F
:104A00005AF75AF75BF75BF71AEF3AEFD9E6F9EE88
:104A1000D8E677D657D657CE1BDFBFF7FFF71ED79E
:104A2000A92185000709A919CA19F2635795F48CC1
:104A3000F49C74B5D4C514D634DE34DE75E676E65F
:104A400096E6B7E6B7E6D7EED8EEF8EEF8EE18F74A
:104A500018EFF8EEF8EE19EF19F719EF19EF19EF53
:104A600018EF19F739F719F718F7F8EE18F719F7DB
:104A7000F8F6F8EEF8F6F8F6F8EED8EEF8EE18F7E5
:104A8000F8F6D7EED7EEF8EEF7F6B7EEB7EE97E614
:104A9000B8E677D616C659CE9BCE3AC639C654ADBF
:104AA00053B556D6B7E6F8EE19EF3AF75BF75CFF69
:104AB0005CF75BF77BF79CFF9BFF7BF79CFFBCFFE2
:104AC000DCFFBCFFBCFFBCFFBCFFBCFF9CFF7BF757
:104AD0007BF77BFF7BFF7BFF9BFF9BFF7BFF7BFFCE
:104AE0005BFF5BFF5BFF5AFF3AFF3AF739F719F7B5
:104AF000F8F6F8EED8EED7EED7EEB7E696E675DE26
:104B000034DE33D6F3D5B2CD92C571BD31B5F1A443
:104B1000B094D194D28CB284B2843595BBC67EDF7A
:104B20007FDF9FDF978D0C33CB220C1BEB1A0C1B06
:104B30000C1B2C1B2C1B2C1B2C132D1B2D1B2C136B
:104B40002D134D134D1B4D134D136D1B6D1B4D132D
:104B50004D134D134D134D132D132D132D132D13D5
:104B6000CD130E1CED1BAC0BAD130E1C0E1CEE1B5F
:104B7000CD130E1CEE1BAD13AD13CD13CD13AC1323
:104B80006B138C234B2BEA2A8932E62923194429FB
:104B9000642944212319442164210319C218C2182D
:104BA000C218C210C218E218C218C218E318E218DC
:104BB0004429E739652924216529E639442903195F
:104BC00085298529A629E7290C53FCD67EE79FF77E
:104BD0009FF7BFF7BFF7BFEF7EE77EE79FEF9FEF3F
:104BE0009FEF9FEF9FEFBFEF9FEFBFEFBFEF9FE7FD
:104BF0005DDF1DDFFCD6BBCE9BC6BBCE1CD77EE7E0
:104C0000BFEFFFFFDFFFBFF7BFF79EF79EEF9EEFFF
:104C1000BFF7BFF7FFFFDFF7BFF7BEF7FFFFFEFFEE
:104C2000FEFF9CFFF6C50E8C709C36D6F9EEF9EEB1
:104C3000D8E6F9EE39F739F719EF39EF5AF75AF79D
:104C40005AF75BFF7BFF7BFF7BFF7BFF7BFF7BFFDD
:104C50007BFF7BFF9BFF9BFF9CFF9CFF9CFF9CFFC0
:104C60009BFF9BFF9BFF9CFF9CFF9BFF9BF79BF782
:104C70007BF77BF77BF77BF77BF75BF75BF75AF705
:104C80003AF75AF75BF73BF73BF71AEF1AEFF9EEF3
:104C9000D8E6B8E698DEF5C558CE5DEFFFFFFFF722
:104CA000A821A50068114811CA197474989DF4943C
:104CB000F39CD5C5D5CD35D635DE55DE55DE96E629
:104CC00096E6B7E6D7EED8EEF8EEF8EEF8EE18F77F
:104CD00018F718F718EF18EFF8EEF8EEF8EEF8EE10
:104CE000F8EE18EF18EF18EF18F718F7F8F6F8F6CF
:104CF00019F7F8F6F8F6F8F6F8EEF8EEF8EE18F719
:104D0000F8EED7EED7EEF8EED7EEB7EEB8EEB8EE97
:104D100098E677D616C638C65AC6B8B518C613A5CB
:104D200073B597DED8E6F9EE5AFF3AF75CFF7DFFE0
:104D30005CF75CF77BF79BF79BF79BF79CFF9CFF6F
:104D4000BCFFBCFFBCFF9CFF9CFFBCFF9CFF7BF734
:104D50007BF77BF77BFF7BFF7BFF9BFF9BFF7BFF53
:104D60005BFF5BFF5BFF5BFF5AFF3AF739F739F7F1
:104D700019F7F8F6F8EED7EED7EE96E676E655DEBA
:104D800034DE13D6D2D571C571BD51B5F0A4D09C17
:104D90009094B18CB28C9284B384D38418AE7EDFAD
:104DA0009FDF9FD7D8952D33CB1A0C23CB1A0C1B22
:104DB0000C1B0C1B0C1B2C1B2C132D1B2D1B2C1B21
:104DC0002D134D1B4D132D134D134D1B6D1B4D1BE3
:104DD0006D1B6D1B4D132D132D132D132D132C0B2C
:104DE000AD130E1CEE1BAD13CD130E1C0E1CED13DC
:104DF000CD130E1CEE1BAD13AD13ED1BCD138C1399
:104E00006B138C232A23E92AA932062A2319442169
:104E1000A52985294421642165290319C218A218EE
:104E2000A210C218E320E320C218C218E31803211D
:104E30004421E739652903194429A631242924216D
:104E4000C6314419A6292832AA429ACEBFEF5EEF96
:104E5000BFF7DFF7DFF7BFEF9EE77EE7BFF7BFF7EC
:104E6000BFF7BFF7BFEFBFEF9FEF9FEF9FEF7EE76B
:104E70003DDF5DDF5EDF1CD7BBC67AC6BBCE3DDF44
:104E80005EE79FEFBFF7DFF7BFF79FF79FF79EEF54
:104E90005DE7DFF7FFFFBFF7BEF79DF7DEFFBDFF62
:104EA00016CE0E8C6B7B11AD36D677DE97E6B8E664
:104EB000F9EE19EF19EF19EF39F75AF75AF73AF7F0
:104EC0003AF75BFF5BFF5BFF7BFF7BFF7BFF7BFFBB
:104ED0007BFF7BFF7BF77BF77BF77BF77CFF7CFF20
:104EE0009BF79BF79BFF9BFF9BFF9BFF9BF77BF732
:104EF0009BF77BF77BF77BF77BF75BF75BF75BF762
:104F00005AF75BF73AEF3BEF3BF73BF71AF719EF2E
:104F1000F9EEB8E6B8E657CED6BD99D6DFF7FFFF73
:104F2000F8AD0200A9194911EB21957498A51495C3
:104F300013A5F5C5F5CD35D635DE76E675DEB6E6D4
:104F400096E6B7E6D7EED8EEF8EEF8EEF8EEF8EE25
:104F500018F718F718EF18EFF9EEF9EEF9EE19EF68
:104F600018EF18EF18EF18EF18F718F7F8F6F8F62B
:104F7000F8EEF8EEF8EEF8EEF8EEF8EEF8EEF8EE01
:104F8000F8EEF7EED8EEF8EED7EEB6EEB7EE77E63F
:104F9000D8E677D616C638C639C618BE75AD12A57E
:104FA00036CED8E6D8EE19EF5AF73AF73BF73BF78B
:104FB0005CF77CF77BF79CFFBCFFBCFF9CFFBCFF52
:104FC000BCFFBCFFBCFF9CFF9CFF9CFF9CFF7BFFCA
:104FD0009CFF9CFF9CFF9CFF9BFF9BFF7BFF7BFF3D
:104FE0005BFF5BFF5AFF5AFF3AF73AF739F739F799
:104FF000F8F6F8EED8EEB7E6B6E696E675E655DED4
:1050000013D6F2D5B2CD71C551BD10B5B09CB09CD0
:10501000F29CF294F38CD384B384B384969DBBC684
:105020009FDFDFDF39A64D3BAA1A0C23CB1A0C1BDE
:105030002C1B0C1B2C1B2C1B2C132D1B2D1B2C1B5E
:105040002D134D134D1B2D132D132D134D1B4D1BC8
:105050004D134D134D132D132D132D132D130C0B19
:10506000AD130E1C0E1CCD13CD130E1C0E1CCD1B30
:10507000AD130E1C0E1CCD13CD13EE1BED13AC1394
:105080008C138C230A23EA2AC932062A23194421C5
:10509000C63185294421442185292421E318C218D9
:1050A000A210E31803210321E318E318E3180321F6
:1050B0004421073A8529231944218531242144219B
:1050C000C6316521C629272A8A4279BE9EEF7EEF26
:1050D000BFF7DFFFDFF7DFEF9EEF7EEFBFF7BFF732
:1050E000BFF7BFF7BFF7BFF7BFEFBFEF9FEF9EE779
:1050F0005DE75DDF5DDF3DDFFCD69AC67AC6FCD694
:105100009FEFBFF7FFFFDFFF7EEF5EEF9FF7BFF779
:10511000FFFF9EEFBEF7BEF7DEFFFEFF99DE4F9466
:105120002A73ED8B73C5D4CD15D6B8EE97E6B8E6E5
:1051300019F719EF19EF19EF3AF75AF75AF73AF743
:105140003AF75AF75AFF5BFF7BFF7BFF7BFF7BFF42
:105150005BF75BF77BFF7BFF7BF77BFF7BFF7BFFD7
:105160007BFF7BFF7BFF9BFF9BFF9BFF7BFF7BF717
:105170009BFF9BFF7BFF7BF77BF75BF77BF77BF767
:105180005BF73BF73AF73AF73AF73BF73AF719EF9D
:10519000F9EEF8EED9E697DE37CEF6C53CE7FFFF2D
:1051A000FFF7C829C60049110B22F36BD8AD349D17
:1051B00053ADF5C515D635D635D676E695E6B6E6C1
:1051C000B6E6B7E6D7EED7EED8EEF8EEF8EEF8EEA4
:1051D000F8EEF8EEF8EEF8EE18F718F719F719F7F9
:1051E00019F718F7F8EEF8EEF8EEF8EEF8F6F8F62C
:1051F000F8EEF8EEF8EEF8F6F8EEF8EEF8EEF8EE77
:10520000F8EEF8EEF7EEF8EED7EEB7EEB8EE97E67A
:10521000B8E677D616C637C638C618BE13A553AD3E
:1052200077DED7E6F8EE39F75AF73AF75CFF5CF726
:105230005CF77CF79BF7BCFFBCFF9BFF9CFFBCFFB0
:105240009CFFBCFF9CFF9CFF9CFF9CFF9CFF9BFF67
:105250007BFF7BFF7BFF7BFF7BFF9BFF7BFF7BFF5E
:105260005BFF5AFF5AFF3AFF3AF719F719F719F798
:10527000F8EED8EED7EE97E6B6E675E655DE34DE04
:1052800013D6D2CD91CD71C531B5F0AC909CB19C07
:10529000D294F394D38CF48CD384B3841595D8AD85
:1052A000FDCEBFDFBBB6AF43AA1A0C23CB1A0C1B33
:1052B0000C1B0C1B2C1B2C1B2C132C132D1B2C1B05
:1052C0002C134D1B4D1B4D1B2C134D1B4D1B4D1BF0
:1052D0002D132D134D132D134D134D132D132C0B77
:1052E000AD130E1C0E1CAD13CD130E1CEE1BCD1BEF
:1052F000AD130E240E24CD13CD13EE1BEE1BAC13F9
:10530000AC1BAC230A23EA2AEA3A272A03194421D0
:10531000E631A5292319442165292421E318E3183E
:10532000C21803210321E32003210321E318E3181A
:105330004421073AA52944216529853103214421C7
:10534000A629C629072AE729AA4279BE5DDF9FEF71
:10535000BFF7DFF7DFF7DFF7BFEF9EEFBFF7BFF76E
:10536000BFF7BFF7BFF7BFF7BFF7DFF7BFF7BFEF75
:105370007EEF5DDF3DDF3DDF3DDFFCD69AC6BBCE75
:105380001DDF7EE7BFF7DFFFBFF79FEFBFF79EEFA1
:105390009EEFFFFFFFFFFFFF1BEFB1A46C7B4B7B7A
:1053A000CC8B8FAC52C5D4CD56DE97E697E697E608
:1053B000D8EEF8EE19EF19EF19EF3AF73AF75AF776
:1053C0003AF75AF75AFF5AFF5BFF5BFF5BFF5BFF41
:1053D0007BFF7BFF7BFF7BFF7BFF9BFF9BFF9BFF9D
:1053E0009BFF9BFF9BFF9BFF9CFF9CFF7BFF7BF733
:1053F0007BFF9BFF9BFF7BF77BF75BF77BF77BF7E5
:105400005BF75BF73AF71AEF3AF73AF71AEFF9EE6C
:10541000F9EEF9EED9E698DE98DE16CE16C65CEF08
:10542000FFFF39B6640048116919915BF8AD54A5C6
:1054300073B5F4C535D656DE15D676DE75DEB6E61E
:10544000B7E6B7E6D7EED7EED8EEF8EEF8EEF8EE20
:10545000F8EEF8EEF8EEF8EE18F718F719F719F776
:1054600019F718F7F8EEF8EEF8EEF8EEF8F6F8F6A9
:10547000F8EEF8EEF8EEF8EEF8EEF8EEF8EEF8EEFC
:10548000F8EEF8EED7EED7EEB6EEB7EED8F698EE29
:1054900097E677D6F6C537C639C696B534ADF5C5A5
:1054A00077DEF8EE39F75AFF5AF73AF75CFF7CF7E8
:1054B0007CF77CF79BF7BCFFBCFF9BFF9CFFBCFF0E
:1054C0009CFF9CFF9CFF9CFF9CFF9CFF9CFF9BFF05
:1054D0007BFF7BFF7BFF7BFF7BFF7BFF7BFF7BFFFC
:1054E0005BFF5AFF5AFF3AFF3AF719F7F9F6F9F658
:1054F000F8EED8EED7EE97E696E655DE35DE14DE0A
:10550000D2D5B1CD91C551BD10B5D0A4909CB19468
:10551000D294F38CD38CF48CB384B384B384159578
:10552000F8AD1DC7DCB610548A1AEC22CB1AEB1A60
:105530000C1B0C1B2C1B2C1B2C132C132D1B2D1B81
:105540004D1B4D1B4D1B2D134D1B6D1B6E1B4D1B02
:105550004D134D1B4D134D134D134D134D132D1363
:10556000AD0B0E14ED13AC0BAD13EE1BEE1BAD1318
:10557000AD132E242E24CD13AD13ED1BED13AC1360
:10558000AC1BAC232A23EA2AE932262A2311442120
:105590000632C6294421442164212319C218C218A5
:1055A000E218E320E320032103210321E218E3189A
:1055B0006429E7398529442165296529032144297E
:1055C000A629A6214832072A693238B63DDF7EEF88
:1055D0009FF7BFF7DFF7FFF7DFEFBEEFBFF7BFF7CC
:1055E000DFF7BFF7BFF7BFF7DFF7DFF7DFF7DFF76B
:1055F0009EEF5DE73DDF5DE75EE71CDFBBCEBBCE28
:10560000FCD65EE79FEFDFF7DFFFBFF7BFF7DFF7FF
:105610009EEFBEF7DEFF37C6AD838862E972CC939A
:10562000AFAC51C592CDF4D535DE55DE97E697E6A1
:10563000B7E6D8EEF9EE19EF19F719EF39F73AF79F
:105640003AF73AF75AF75AF75BF75BFF5BFF5BFFF6
:105650007BFF7BFF7BFF7BFF7BFF7BFF7BFF7BFF7A
:105660009BFF7BFF7BFF9BFF9CFF9CFF7BFF7BF7F0
:105670007BF77BFF9BFF7BFF7BF77BF77BF77BF762
:105680005BF75BF73BF73AF73AF71AEF1AEFF9EEE9
:10569000F9EEB8E6D9E6B8E678DE98DE74B537CE2E
:1056A000FFFFFFF74B3A85008919EE4A56A534A54E
:1056B000D4BDF4CD15D655DE35D676DE75DEB6E62C
:1056C000B7E6B7E6B7EED7EED8EEF8EEF8EEF8EEBE
:1056D000F8EEF8EEF8EEF8EE18F718F718F718F7F6
:1056E00018F7F8EEF8EEF8EEF8EEF8EEF8EEF8F659
:1056F000F8EEF8EEF8EEF8EEF8EE18EF18EFF8EE38
:10570000F8EEF8EED7EEB7EE96EEB6EEB7F697E611
:1057100097E657D6D5BD17C639C614A553B557D683
:1057200097E619F739F719F75BFF5BFF5CFF5CF74A
:105730007CF79CF79BF7BBF79BFF9BFFBCFFBCFF75
:10574000BCFF9CFF9CFF9CFF9CFF9CFF9CFF7BFF82
:105750007BFF7BFF7BFF7BFF7BFF7BFF7BFF7BFF79
:105760005BFF5AFF5AFF5AFF39F719F719F7F9EE9D
:10577000D8EED8EED7EE96E676E635DE14DEF3D533
:10578000B2D591CD71C530BDF0ACB0A49094B194B8
:10579000D3941495F48CD484937CB384B384D4844C
:1057A000358D39AE9BAE515C8A1AEB1AEC1A0C1B84
:1057B000EC1A0C1B2C1B2C130C132C132D1B2D1B48
:1057C0002D1B4D1B4D1B2C134D1B6D1B6D1B4D1BA2
:1057D0004D1B6D1B4D132D134D134D134D134D13B9
:1057E000AC0BED13ED13AC0BAD13EE1BCD1B8C13FB
:1057F000AD130E240E24AD13AD13ED13ED13AC1346
:10580000AC1B8C232A230A2BC932062A23194319DD
:10581000E631C5294421442185292421C218C21812
:10582000C218E218032124210321E318E3180321FD
:105830008531E73944214421442924212421652943
:10584000C629E7296932282A492AD7A53DDF5DE71D
:105850009EEF9FF7DFEFFFF7DFEFBEEFBFF7BFF77A
:10586000DFF7DFF7BFF7BFF7FFF7FFF7DFF7DFF788
:10587000BFEF7EE77EE77EEF7EE75DDFDCD6BBCE67
:10588000DCD65DDF9FEFDFF7DFFFBFF7BFF7FFFF7E
:10589000FFFFDAD60F84474AA8624A7BAB8BCB93D3
:1058A0002DA431C5D3D5F3D535DE76E697E6B7E638
:1058B000B7E6D8EEF8EEF9EE19F719F719F719F778
:1058C0001AF73AF73AF75AF75BF75BF75BFF7BFF9C
:1058D0007BFF7BFF7BFF7BFF7BFF7BFF7BFF7BFFF8
:1058E0007BFF7BFF7BF77BFF9BFF9BFF7BFF7BF7B8
:1058F0007BF77BF77BFF7BFF7BF77BF75BF75BF748
:105900005BF75BF75BF73AF73AF73AF71AF71AEFF4
:10591000F9EED9EED9E6D9E677DE57D677D673B564
:105920005CEFDFF7F9B5640069196C42F49C74AD63
:1059300015CE14CEF4CD55DE55DE96E696E6B6E6E7
:10594000B7EEB7EED7EED7EED8EEF8EEF8EEF8EE0B
:1059500018F718F718F718F718F718F718F718F7CF
:10596000F8EEF8EEF8EEF8EED8EEF8EEF8EEF8EE27
:10597000F8F6F8F6F8EEF8EEF8EE18EF18EFF8EEA5
:10598000F8EED8EED7EEB7EE96EE96EEB7EE77E6F7
:1059900077E657D6D5BD17C6B6BD13A574B598DE44
:1059A000B8E619F739F719F75BFF7CFF7CFF7CFF3E
:1059B0007CF77CF79BF79BF79BF79BFF9CFFBDFF5A
:1059C000BCFF9CFF9CFF9CFF9CFF9CFF9BFF7BFF01
:1059D0007BFF7BFF7BFF7BFF7BFF7BFF7BFF7BFFF7
:1059E0005AFF5AFF5AFF3AFF39F719F7F9EEF8EE66
:1059F000D8EEB7EEB7EE96E676E635DE14DED3D512
:105A0000B2CD71C551C510B5D0ACB09C9094B194D5
:105A1000D394F48CF48CB384937CB384D48CF48CC2
:105A2000D4849795189E725CAB1AEB1AEC1AEC1A98
:105A3000EC1A0C1B2C1B2C130C132C132D1B2C1BC6
:105A40002C134D1B4D1B2D132C132D134D1B4D1BB8
:105A50004D1B4D1B4D132C132C0B4D134D134D1380
:105A6000AC0BED13ED13AD13CD1B0E1CEE1B8C1305
:105A7000AD1BEE1BEE1BAD13AD13ED1BED13AC1305
:105A80008C138B1B2B230A2BC92A262A4419441951
:105A9000C529C52964216421A6294421E318C21817
:105AA000A210C218032144290321C218E31824219B
:105AB000C631073A44218529652923214529A63184
:105AC0000832493A4932282A282A55953DDF5DE7B0
:105AD0007EEF9EEFDFEFFFF7FFEFBEEFBFF7DFF7E1
:105AE000DFF7DFF7BFF7BFF7DFFFFFFFFFF7FFFFCE
:105AF000DFF79EEFBFEFBFEFBEEF9EEF5DE7FCD697
:105B00003DDF5DDF3DDF7EEFDFF7FFFFDFF77DE7A6
:105B1000B6B58D6BC95A0A6B2973E87249832CA4F8
:105B2000EFBC91CD31C5D3D576E656E676E676E67E
:105B300097E6B7E6D8EED8EEF8EE19F719F719F7A9
:105B400019F739F73AF75AF75AF75BF75BFF7BFF1C
:105B50007BFF7BFF7BFF7BFF7BFF7BFF7BFF7BFF75
:105B60007BFF7BFF7BFF7BFF7BFF7BFF7BFF7BFF65
:105B70007BFF7BFF7BFF7BFF7BFF7BFF5BF75BF7A5
:105B80005BF75BFF5BF73AF73AF73AF73AEF1AEF52
:105B9000F9EEFAEED9EED9E6B8E636CEF9EEB4BDB6
:105BA000B5BD9EF7FFF76C422300E931728C95B5C5
:105BB000F5CD14D6F3D554DE75DE96E696E6B6E658
:105BC000D7EED7EED8EED8EED8EEF8EEF8EEF8F63F
:105BD00018F718F718F718F7F8EEF8EEF8EEF8EEF1
:105BE000F8EEF8EEF8EEF8EEF8EEF8EED8EED8EEC5
:105BF000F8F6F8F6F8F6F8EEF8EEF8EEF8EEF8EE5D
:105C0000F8EED8EED7EED7EEB6EE96EEB7F697EE04
:105C100077DE36D6B5BDD6BD34AD34ADD5C5D8EEFC
:105C2000F9EE39F75AFF3AFF5BFF5BFF5CFF7CF749
:105C30007CF77BF79BF79BF79BF79BFF9CFF9CFFF9
:105C4000BCFF9CFF9BFF9CFF9CFF9CFF9BFF9BFF5F
:105C50007BFF7BFF7BFF7BFF7BFF7BFF7BFF7BFF74
:105C60005AFF5AFF5AFF3AF739F719F7F9EEF8EEEB
:105C7000D8EEB7EEB7EE76E675E614DEF4D5B3D51A
:105C800091CD30C510BDF0B4AFA46F9C9094D29468
:105C9000F394F48CF48CD484937C9384B384D48C68
:105CA000D484358D56853154CB22EB22CB1ACB1AB6
:105CB000EC1A0C1B2C132C130C132C132C1B2C1B4D
:105CC0002C134D1B4D1B4D1B2C1B2C1B4D1B2D1327
:105CD0004D1B4D1B4D132C132C0B2C134D134D131F
:105CE000AC0BED13ED13AD13CD1B0E24EE1BAD135A
:105CF000AD1BEE1BCD1BAD13CD13EE1BED138C0BAB
:105D00008C138B1B4B232A2BC92A272A6419442165
:105D10000632E62964216421C6296421E318C218E9
:105D2000A210A210032144292421E31803214421B5
:105D3000C63927426429C639A53124218531E7397E
:105D400069428A3A482A482A2822F38C5DDF3DE7D7
:105D50007EEF9EEFBFEFFFF7FFF7BEEFDFF7DFFF4E
:105D6000FFFFDFF7BFF7BFF7DFFFDFFFDFF7FFFF63
:105D7000DFF7BFF7DFF7DFF7BFEFDFF7BFEF5DE775
:105D80001CD75DDF7EE79EE79FEF7EE79ACE149DEE
:105D9000EF738D6B8C6B096BE86A69830C9C4CAC60
:105DA000AEB4EFBCB2CDF3D5F4D535DE56DE76E633
:105DB00076E697E6B8E6D8EED8EED8EEF9F619F71B
:105DC00019F739F73AF75AF73AF75AF75BF77BFFC3
:105DD0007BFF7BFF7BFF7BFF7BFF7BFF7BFF7BFFF3
:105DE0007BFF7BFF7BFF7BFF9CFF9CFF7BFF7BFFA1
:105DF0007BFF7BFF7BFF7BFF7BFF7BFF7BFF5BF7FB
:105E00005BF75BFF5BF73AF73AF73AEF1AEF1AEFF7
:105E1000F9EEF9EED9EE98E6B8E697DE35D656D625
:105E200033ADBAD6FFFF98ADA5086729F08317CE2A
:105E3000B3C534D613D675E675DE75DE96E6B6E6DE
:105E4000D7EED7EED8EED8EED8EED8EEF8EEF8EEE4
:105E500018F718F7F8EEF8EEF8EEF8EEF8EEF8EEC0
:105E6000F8EEF8EEF8F6F8EEF8EEF8EED8EED8EE3A
:105E7000F8EEF8F618F7F8EEF8EEF8EEF7EEF7EEC3
:105E8000F8EED8EEB7EEB7EE96EE96EEB7EE77EE0A
:105E900057E616D674B554B5F2A454B577DED8EEED
:105EA00019F719F75AFF7BFF5BFF7BFF7CFF7CF73D
:105EB0007BF77BF79BF79BF79BFF9BFF9CFF9CFF70
:105EC0009CFF9BFF9BFF9CFF9CFF9BFF9BFF9CFFFE
:105ED0009CFF9CFF7BFF7BFF7BFF7BFF5BFF5AFFF1
:105EE0005AFF5AFF3AF739F719F718F7F8EEF8EEB4
:105EF000D8EEB7EE97E656E655E614DED3D592CD4A
:105F000070CDEFBCEFB4CFAC8FA46F949094D294CB
:105F1000D38CD38CF48CD484B484937CB384D48415
:105F2000F4841585B36CAF43AB22CB22CB1AEB1AAA
:105F3000EB1A0C132C132C130C132C134D1B2C1BB2
:105F40002C1B4D1B4D1B4D1B4D1B4D1B2D130C13A3
:105F50002D134D1B4D1B2C132C134C134D134D1394
:105F6000AC13CD13CD13AD13AD130E1CEE1BAD133F
:105F7000AD13EE1BCD1BAD13CD13EE1BCD13AC0B30
:105F80008C136B1B4B2B0A2BC92A472A85194419E2
:105F9000262A272A84216421A5296421E318C2180E
:105FA000C218A110031985310421E318042123210B
:105FB0008531C6392321E63985312429C631C631D8
:105FC00069428A3A2722692A2822927C9EE71CDFAE
:105FD0007EEFBEEFDFEFFFF7FFF7DFEFDFF7DFF773
:105FE000FFFFBFF79FF7BFF7DFFFFFFFFFFFFFFFD9
:105FF000DFFFFFFFFFF7DFF7BFEFDFF7DFF7BFEFF1
:106000005DDF7EE79FE79EE71CD7F8B5D38C507C19
:106010002F7CEE7BAC7B6A732973487BCA934CACB4
:10602000CEBC0FC530C5B2CD14D614D656DE56DE62
:1060300076DE97E697E6D7EED8EEF8EEF8EE19F7AB
:1060400019F719F73AF73AF73AF75AF75BFF5BFF98
:106050007BFF7BFF7BFF7BFF7BFF7BFF7BFF7BFF70
:106060007BFF7BFF7BFF7CFF7BFF7BFF7BFF7BFF5F
:106070007BFF7BFF9BFF9BFF9BFF7BFF7BFF7BFFF0
:106080007BFF7BFF5BFF5BF73AF71AEF1AEF1AF71C
:10609000F9EED8EEF8EED8EE97E6B7E655DE56D62E
:1060A00036CE74AD3DE79FF70A420529308C78DE85
:1060B000D3CD14D654DE95E675E676E696E6B6E6DA
:1060C000D7EED7EED7EED8EED8EED8EEF8EEF8EE63
:1060D00018F718F718F7F8EEF8EEF8EE19F718F7C2
:1060E000F8EEF8EEF8EEF8EEF8EEF8EED8EED8EEC0
:1060F000F8F6F8F6F8F6D8F6F8F6D8F6D7EED7EEC2
:10610000D8EED7EEB7EEB7EEB7EE97EEB7EE77E68E
:1061100057DE16D632B5F2ACD1A4B5C5B8E6D8EE86
:1061200019F73AFF5AFF7BFF7BFF7BF75BF77BF7A3
:106130007BF77BF79BF79BF79CFF9CFF9BFF9CF7F4
:106140007BFF9BFF9CFF9BFF9BFF9BFF9BFF9CFF9D
:106150009CFF9BFF7BFF7BFF7BFF7BFF7BFF5AFF4F
:106160005AFF3AF739F719F719F7F8EEF8EEF8EEA3
:10617000B7EE96E676EE35E634E6F3DDD2D591CD90
:106180002FC5EEBCEFB4AFA46F946F8CB18CD28CE2
:10619000D28CF38CD384B384B484B484B37CB37CC6
:1061A000F47C157D1154CB2AAB22CB22CB1AEB1AEF
:1061B000CB12EB120C132C130C132C134C1B4C1B7B
:1061C0002C1B2C1B2C1B4D1B4D1B4D1B4D1B2C131B
:1061D0004D1B4D1B4D1B2C130C132C134D134C132B
:1061E000AD13CD1BCD1BAD13AD13EE1BEE1BAD13CD
:1061F000CD13EE1BEE1BCD13CD13ED1BCD13AC1346
:106200008B136B134B230A2BC92A482A8521441967
:10621000062A262A84214421A52964210321E21883
:10622000C218A1100321A6312421E31824214421FE
:106230006529C6394429C6398531A531C639A63103
:106240006942AA3A282A692A2822927C7EE73DDF01
:106250009EEFBFEFFFF7FFF7FFF7BFEFBFF7DFF7E7
:10626000FFFFDFF7BFF7BFF7DFFFFFFFFFFFDFFF36
:10627000BFF7DFFFFFFFFFFFDFF7DFF7DFEF9EEF87
:106280007EE79EE73DD759BE769DD38C928491845C
:1062900070844F840D848A7B28734883CA932BA40F
:1062A000ADB4EEBC0FBD91CDF3D5F4D555DE56DEC1
:1062B00076DE76E697E6B7E6D7EEF8EEF8EE19F773
:1062C00019F719F73AF73AF73AF75AF75BF75BF726
:1062D0007BF77BFF7BFF7BFF5BFF5BFF5BFF7BFF56
:1062E0007BFF7BFF7BFF7BFF7BFF7BFF7BFF7BFFDE
:1062F0007BFF7BFF9BFF9BFF9BFF7BFF7BFF7BFF6E
:106300007BFF7BFF5BF73AF73AF71AF71AF719F7B3
:10631000F9EE19EFF8EED8E6D8EE76DE97E655D628
:1063200035CED5BD96B5DFFFD4A42531B6C515D67B
:10633000F4D534DE54DE96EE75E696E6B6E6B7E6BC
:10634000D7EED7EED7EED8EED8EEF8EEF8EEF8EEC0
:10635000F8EE18F7F8EEF8EEF8EEF8EE19F718F791
:10636000F8EEF8EEF8EEF8EED8EED8EED8EED8EE7D
:10637000D8EED8EED8F6D8F6D8F6D8F6D7F6D8F6BE
:10638000B7EED7EEB7EEB7EEB7EE97EEB7EE56E64E
:1063900077E6D4CD90A46FA411B516D6D8EEF9F651
:1063A00019F73AF75AF75BFF7BFF7BFF7BF77BF729
:1063B0007BF77BF79BF79BF79CFF9CFF9CFF9BFF6A
:1063C0009BFF9BFF9CFF9BFF9BFF9BFF9BFF9CFFFB
:1063D0009BFF9BFF7BFF7BFF7BFF7AFF5AFF5AFFF0
:1063E0005AFF5AF739F719F718F7F8EEF8EEF7EE03
:1063F000D7EE96E676EE35E614DEB2D591CD50C5F1
:106400000FC5EEB4CFAC8F9C4E8C6F8CB18CD18C01
:10641000B184D38CD38CF48CD484B37CB37CF47CE3
:10642000357D72642D3B8A22AB22CB22CB1AEB1A2C
:10643000EB1A0B1B0C1B2C1B0C130C132C132C1307
:106440000C1B2C1B2C1B2C1B4D1B4D1B4D132C13E1
:106450002D132D1B2D1B2D132C134D1B6D1B4D139D
:10646000AD13EE1BEE1BAD13AD13CD1BCD1BAC134B
:10647000CD13EE1BEE1BCD13CD13ED13CD13AC13CB
:106480008B134B134B232A2BC92A682AA5214419A5
:10649000062A27328521442184214421E318C21889
:1064A000C218A1100321A5314421E3180421442975
:1064B0006529A63965318531A5310742E639C631EE
:1064C0008942CA42682A692A282A51747EE73DE730
:1064D0009EEFDFF7FFF7FFF7FFF7BFEFDFF7DFF71D
:1064E000FFF7DFF7BFF7DFF7FFFFFFFFFFFFFFFF5C
:1064F000FFFFDFF7DFF7FFFFFFF7FFF7FFFFFFF714
:10650000BEEFDBCED7AD1495D38CD38CB28C9184F7
:106510007084708C4E8CEC836A7B497BAA8B0B9CBD
:106520008DACCEB40FBD71C5B2CDF3D535DE35DE41
:1065300055DE56DE96E697E6B7EED8EEF8EEF8EEC4
:1065400019EF19F739F739F73AF73AF73AF73AF70F
:106550005BF77BF77BFF7BFF7BFF5BFF7BFF7BFFBB
:106560007BFF7BFF7BFF7BFF7BFF7BFF7BFF7BFF5B
:106570007BFF7BFF7BFF7BFF7BFF7BFF7BFF7BFF4B
:106580007BFF7BFF5BF73AF73AF73AF71AF719F711
:10659000F9EE19F7D8EEB8E6F8EE76DE97E655D6BE
:1065A00055CE56CE34AD39D61CEFAE83D6CDF4CD14
:1065B00013D634DE34DE96EE55E696E6B7E6D7E639
:1065C000D7EED7EED8EED8EED8EEF8EEF8EEF8EE3D
:1065D000F8EEF8EEF8EEF8EEF8EEF8EE19F718F738
:1065E000F8EEF8EEF8EEF8EED8EED8EED8EEF8EEDB
:1065F000D8EED8EEF8F6F8F6F8F6D8F6D7F6F8F6BC
:10660000D7EED8EEB7EED8EEB7EE97EEB7EE56E689
:1066100077E673C50E942E9C73BD77E6F9F63AF7CC
:106620003AF73AF75AF75AF77BFF7BFF7BF77BF78E
:106630007BF77BF77BF77BF77BF79BF79BFF9CFF59
:106640009CFF9CFF9BFF9BFF9CFF9CFF9CFF9CFF74
:106650009BFF9BFF7BFF7BFF7BFF7AFF5AFF5AFF6D
:106660005AFF3AF739F719F7F8F6F8F6D7EED7EEFA
:10667000B7E696E675E634DEF3DDB2D571CD2FC50B
:106680000FBDCEB4AEA46E944F8C9084D18CD184C7
:106690009184B284B284B384F484F484D37CD374BC
:1066A000515C4D3B8B228A1AAB22CB1ACB1ACB1AE8
:1066B000EB1A0B1B0C1B0C1B0C130C130C130C13E5
:1066C0000C132C1B2C1B2C132C134D1B4D1B2C1390
:1066D0002D134D1B4D1B2C132C134D1B6D1B4D13DC
:1066E000AD130E1C0E1CAD13AC13CD13CD13AC1398
:1066F000CD13EE1BEE1BAD13CD13ED13CD13AD1368
:106700008B136B1B6B2B2B2BEA2A882AC62164194F
:10671000E629273285214421842144210321E320D5
:10672000C218A110031985314429C3180321642913
:106730008531A531A5396431C5392742E641E739AC
:106740008942AA426932682A282231745DE75DE7EE
:10675000BFEFDFF7FFF7FFF7FFF7BFF7DFF7DFF771
:10676000DFF7DFF7DFF7DFF7FFFFDFF7DFFFDFFF41
:10677000DFFFFFFFFFFFFFFFFFFFFFFFBFF73DDF73
:1067800079C675A5D38CF38C1495D28C91849184A1
:1067900070844F846F8C4E8CCC836A7B8A830C9C74
:1067A0006CA4CEB4EFBC30C591CDD2D514DE34DEAE
:1067B00055DE55DE76DE96E6B7E6D8EEF8EEF8EE74
:1067C000F8EE19EF19F719F71AF73AF73AF73AF717
:1067D0005BF75BF75BFF7BFF7BFF7BFF7BFF7BFF59
:1067E0007BFF7BFF7BFF7BFF7BFF7BFF9CFF9CFF97
:1067F0007BFF7BFF7BFF5BF77BF77BFF7BFF7BFFF9
:106800007BFF7BFF5BF73AF73AF73AF71AF719F78E
:1068100019EFF9EEF8EED8E6B7E6D7EE56DE55DE1C
:1068200035CE76D6B5BD54B599DE13B515D6D3CDD4
:1068300014D654DE34DE96EE56E697E6B7E6D7EE8B
:10684000D7EED8EED8EED8EED8EEF8EEF8EEF8EEB9
:10685000F8EEF8EEF8EEF8EEF8EEF8EE18F718F7B6
:10686000F8EEF8EEF8EEF8EED8EED8EED8EEF8EE58
:10687000D8EEF8F6F8F6F8F6D8F6D7EED7EED8EE6A
:10688000D8EED8EEB7EEB7EEB7EE76EEB7EE56E648
:1068900056E652BDAC8B6FA4F5D5B8E619F73AF7BA
:1068A0005AFF5AF75AF77BF77BFF7BFF7BF77BF7A3
:1068B0007BF77BF77BF77BF77BF77BF79BF79CFFFF
:1068C0009CFF9CFF9BFF9BFF9CFF9CFF9CFF9CFFF2
:1068D0007BFF7BFF7BFF7BFF7AFF5AFF5AFF5AFF4C
:1068E0005AFF39F719F7F9FEF8F6D8F6D7EED7EED2
:1068F00096E675E655E614DED3D591CD50C52FC585
:10690000EEB4AEA46E9C4E8C4F847084B184907CA7
:10691000B184707C0F74106C7174716CCF530C3334
:10692000EB2AAA1A8A1AAB1ACB1ACB1AEB1AEB1A51
:10693000EB1AEB1A0C1B0C1B0C1B0C1B0C1B0C1B63
:10694000EC1A2C1B2C1B2C1B0C134C1B4D1B2D133E
:106950002D134D1B4D1B2C132C134D136D1B4D1361
:10696000AD130E1C0E24CD138C13AD13CD13AD132C
:10697000CD13EE1BED1BAD13AD13CD1BCD13AD131E
:106980008C138C1B6C2B4B2B0A2B892AC621641968
:10699000062A4732A5294421852164210321E320C9
:1069A000C218A110031985318529E318032165292F
:1069B000A6398531C5394329E641474A064227426F
:1069C000A94AAA42893228220822106C5DDF5DE7BD
:1069D000BFF7DFF7DFF7FFF7DFF7BFF7DFF7DFF727
:1069E000DFF7FFF7FFFFDFF7DFF7BFF7DFF7FFFFA7
:1069F000FFFFDFF7BFF7DFF7BFF75DE77AC6B7AD99
:106A0000349DD28CF38C3495F3949184707C918472
:106A1000B18C70846F8C8F942E8CAB838B83CC8BDA
:106A20002C9C8DACCEB40FBD50C591CDF2D513DEEC
:106A300034DE55DE76DE96DEB7E6D8E6D8EED8EE62
:106A4000F8EEF9EE19F719F719F739F73AF73AF7B7
:106A50003AF75AF75BF75BFF7BFF7BFF7BFF7BFF20
:106A60007BFF7BFF7BFF7BFF7BFF7BFF9CFF9CFF14
:106A70007BFF7BFF7BFF7BFF7BFF7BFF7BFF7BFF46
:106A80007BFF7BFF5BFF5BF73AF71AF71AF719F703
:106A900019F7F9EEF8EED8EEB7E6F8EE56DE56DE68
:106AA00096DED3C536CE53B574BDD5CDD3CDD3CDBB
:106AB00034DE54E675E696EE76E697E697E6B7E6B8
:106AC000D7EED7EED8EED8EED8EEF8EEF8EEF8EE38
:106AD000F8EEF8EEF8EEF8EEF8EE18F718F718F70B
:106AE000F8EEF8EEF8EEF8EED8EED8EEF8EEF8EEB6
:106AF000D8EEF8EEF8F6F8F6F8F6D8EED7EED8EECF
:106B0000D7EED8EED7EEB7EEB7F676EE97EE35E6DF
:106B100035E611BD8B8BF1B477DED8EE19F73AF775
:106B20007BFF7BF75BF77BF77BFF7BFF5BF75BF71D
:106B30007BF77BF77BF77BF77BF77BF79BF79CFF7C
:106B40009CFF9CFF9BFF9BFF9CFF9CFF9CFF9CFF6F
:106B50007BFF7BFF7BFF7BFF5AFF5AFF5AFF5AF7F1
:106B600059F739F719F7F8F6D8F6D8F6B7EEB7EEC1
:106B700096E655DE34DEF3D5B2CD50C50FC5EFB481
:106B8000CEB48D9C4E8C4E844F7C707C907C907CDF
:106B9000D1844F74AD636D5B0C4BCB328922691A83
:106BA0006A1A8A1A8A128A12AB1AEB1AEB1AEB1AB1
:106BB000EB1AEB1AEB1A0C1B0C1B0C1B0C1BEB1A25
:106BC000EB1A2C1B2D1B2C1B0C132C1B4D1B4D1BB4
:106BD0002C132C132D132C130C132C134D132C13BB
:106BE000AD13EE1B0E1CAD138C13CD13CD1BAD13CB
:106BF000AD13EE1BCD1B8C13AC13CD13CD13AC1307
:106C00008C13AC1B8C2B4B2B0A2BA92AE621641965
:106C10002732683AC5296421852944210321C218F5
:106C2000C218A1180321A531A6310321032165292A
:106C3000C6398531C6396431474A8852684A884A1C
:106C4000EA528942893228220822F06B5DE75EE72A
:106C5000BFF7DFF7DFF7DFF7DFF7BFF7DFF7DFF7C4
:106C6000DFFFFFFFDFFFDFFFDFF7DFF7FFFFFFFFE4
:106C7000DFF7BFF7BEEF5DE77AC696AD149D1495BA
:106C8000139533953395F394B184918491849184D1
:106C9000B18C90846F846F8C6F8C0E8CAC838B7BEB
:106CA000CC8B4DA4AEACCEB40FC570CDB1D5D2D582
:106CB00013DE34DE55DE76DE97DEB7E6D8E6D8E6BC
:106CC000F8EEF8EE19EF19F719F739F73AF73AF73E
:106CD0003AF75AF75BF75BF75BFF5BFF7BFF7BFFE6
:106CE0007BFF7BFF7BFF7BFF7BFF7BFF7BFF7BFFD4
:106CF0009CFF9CFF7BFF7BFF7BFF7BFF7BFF7BFF82
:106D00007BFF7BFF7BFF5BF73AF73AF71AF71AF73F
:106D100019F7F9EED8EED8EED8EEB7E6B7E635D6E5
:106D2000D7E6F3CDF4CDB4C593C5F4CDB2CD13D62B
:106D300054DE54DE75E696E676E697E697E6B7E625
:106D4000B7E6D7EED7EED7EED8EEF8EE18F7F8EEB6
:106D5000F8EEF8EEF8EEF8EEF8EE18F718F718F788
:106D6000F8EEF8EEF8EEF8EEF8EEF8EEF8EED8EE13
:106D7000D8EED8EEF8F6F8F6F8F6F8F6F8F6F8EEFB
:106D8000D8EEB7EED7EEB7EEB7EE96EE96EE55E646
:106D900015E6D0B4CC9373C597EEF9EE19F73AF730
:106DA0007BF77BF77BF77BF75BF77BFF5BF75BF7AB
:106DB0005BF75BF75BF75BF77BF77BF79BF79BF783
:106DC0009CFF9CFF9BFF9BFF9CFF9CFF9CFF9CFFED
:106DD0007BFF7BFF7BFF7BFF5AFF5AFF3AFF3AF7AF
:106DE00039F719F718F7F8F6D8F6B7F6B7EEB6E6AA
:106DF00096E654DE34DED2D591CD2FC5EFBCCEB4AD
:106E0000CEAC6E9C2E8C4F84707C707C907CB17C60
:106E1000D184707CEE6B2B5369324822891ACA1ACE
:106E20008A1AAA1A8A128A12CB1AEB1AEB1AEB1ACE
:106E3000EB1AEB1AEB1AEC1AEC1A0C1B0C1BEB1AE4
:106E4000EB1A0C1B2C1B0C130C132C134D1B4D1B82
:106E50000C132C134D1B2D130C132C132D132C134F
:106E6000AD13EE1BEE1BAD13AC13CD1BEE1BCD1300
:106E7000AD13EE1BCD1BAC13AC13CD13AD138C13A4
:106E80008C13CD238C234B2B2B33A92AE621841979
:106E90000632473AA5296429A52964292321E3203C
:106EA000C218A1180321A631C7392421232164293E
:106EB000A5318531C539C53988528852474AA9520A
:106EC0000B53893AA93A282A0822CF637EE75DE767
:106ED000BFF7DFF7DFF7DFF7DFF7BFF7DFF7DFFF3A
:106EE000DFFFBFFFBFFFDFFFDFFFDFF7DFF7DFF70A
:106EF000DFF73CDF38BE559DF39414951495F38C61
:106F0000139553953395D184907C9084B184D18C22
:106F1000B08490846F846F846F8C4F8CED838B7BF7
:106F2000AB830C946DA4ADACEEBC4FC570CDB1D5A8
:106F3000F2D514D635D655DE76DEB7E6D7E6D7E6F7
:106F4000D8EEF8EEF9EE19F719F719F73AF73AF71C
:106F50003AF73AF75AF75BF75BF75BF75BFF7BFFB4
:106F60005BFF5BFF7BFF7BFF7BFF7BFF7BFF7BFF91
:106F70007BFF7BFF7BFF7BFF7BFF7BFF7BFF7BFF41
:106F80005BFF5BFF5BF75BF75AFF3AF73AF73AF7BD
:106F900019F7F9EED8EEB8E6D8EE77DEF8EE35D68A
:106FA00096DE14D635D6F4CD92C5B2CD13D633DEE7
:106FB00033DE33DE75E676E697E697E6B7E6D7EE9C
:106FC000B7E6D7EED8EED7EED8EEF8EEF8EEF8EE5C
:106FD000F8EEF8EEF8EEF8EEF8EE18F718F718F706
:106FE000F8EEF8EEF8EEF8EEF8EEF8EEF8EED8EE91
:106FF000D8EED8EEF8EEF8EEF8EEF8EEF8EEF8EEA1
:10700000F8EED8EEB7EEB7EE76EEB6F676F655EECB
:10701000D3DD4EAC6EA4D4D5D8EE19F73AF73AF7D3
:107020007BF77BF77BF77BF77BF77BF75BF75BF710
:107030005BF75BF75BF75BF77BF77BF79BF79BF700
:107040009CFF9CFF9CFF9CFF9CFF9CFF9CFF9CFF68
:107050007BFF7BFF7BFF5BFF5AFF3AFF3AF739F775
:1070600039F718F7F8F6F8F6D8F6B7EE97EE96E691
:1070700075E634D6F3D5B2CD71CD0FC5EFBCAEAC4D
:107080006E9C4E8C2E7C4F7C717471749074907CCD
:10709000D18490840E744B53AA32A922891A680AAB
:1070A000AA12AA128A12AA12CB1ACB1AEB1AEB1A3C
:1070B000EB1AEB1AEB1AEB1AEB1A0C1B0C1BEB1A64
:1070C000EB1A0C1B0C1B0C130C132C132C132C1372
:1070D0000C132C132D1B2D132C132C134C134C138E
:1070E000AD13ED1BCD1BAC13AD13EE1BEE1BCD137F
:1070F000AD13EE1BEE1BAD13AD13AD13AC136C0B48
:107100006C13CD236C234B234B2BC92AE6218521FD
:107110000732273AA5298529A52964290321E320D7
:10712000C218C2180321A631E73944292421642951
:1071300065318431A5390642A95A474A0642C952E7
:107140000B53893AA93A282A0722AF635EDF3DE74D
:107150009FEFBFF7BFF7DFF7BFF7BFF7DFF7FFFF1F
:10716000DFFFBFFFBFFFDFFFDFFFBEF75DE71CDF15
:1071700017B6549DD38C148D3495138D148D54955E
:10718000138D1295F28CD18CD18CB184B184D18CB9
:10719000D18CB0846F846F7C6F844F842E84CD7BC0
:1071A0008B7BCC8B2D9C6DACCDB40EC54FCD70CDF3
:1071B000B1D5F3D514D655D676DE97DEB7E6D7E649
:1071C000D7EED8EEF8EEF8EE19EF19F73AF73AF7EE
:1071D0001AF73AF73AF73AF73AF75AF75BFF5BFFD5
:1071E0005BFF5BFF7BFF7BFF7BFF7BFF7BFF7BFF0F
:1071F0007BFF7BFF7BFF5BFF5BFF5BFF5BFF5BFF5F
:107200005BF75BF75BF75BF75AFF5AFF3AF73AF722
:107210003AF7F9F6F9EED8EED8EE97E619F756DE1A
:1072200055DE75DE15D692C592C5F3D513D653DE5D
:1072300054DE14DE76E676E6B7EEB7E6B7EED7EEC6
:10724000D7EED8EED8EED8EED8EEF8EEF8EEF8EEAF
:10725000F8EEF8EEF8EEF8EEF8EE18F718F718F783
:10726000F8EEF8EEF8EED8EED8EED8EED8EEF8EE6E
:10727000F8EEF8EEF8EEF8EEF8EEF8EEF8EED8EEFE
:10728000D8EED7EEB7EED7F655EEB7FE55EE55EE83
:1072900072D50C9CF0BC35DEF8F619F73AFF5AF7B8
:1072A0007BF79BF77BF77BF77BF75BF75BF75BF78E
:1072B0005BF75BF75BF75BF77BF77BF79BF79BF77E
:1072C0009CFF9CFF9CFF9CFF7BFF7BFF9CFF9CFF28
:1072D0007BFF7BFF7BFF5BFF5AFF3AFF3AF739F7F3
:1072E00039F718F7F8F6F8F6D7F6B7EE96E696E619
:1072F00054DEF3D5B2D571CD50C5EFBCAEB48EA47B
:107300004D944E842F7C5074717491749174B07C40
:10731000B0848F7C2E748C5BA932681A8912A912F2
:10732000AA1A8A128A12AA12AA12CB1AEB1ACB1222
:10733000EB1AEB1AEB1AEC1AEB1AEC1A0C1BEB1A01
:107340000C1B0C1B0B130C132C132C1B2C132C13AE
:107350002C132C132C130C130C132C134C132C1355
:10736000AD13ED13CD138C0BAD130E240E1CCD13EA
:10737000AD13EE1BEE1BAD13AD13CD1BAD138C1374
:107380006C138C1B8C236B232B2BEA2A0722851969
:107390000632483AC5296421A5296429E320E3205F
:1073A000C218E22003218531E739442144214429D0
:1073B0008531A531C539A95A8852264A0642884ADC
:1073C0002B5B6832A93A482AE7198E5B5DDF3DDF07
:1073D000BFEF9FF7FFFFDFFF9FF7BFF7FFF7DFF775
:1073E000DFFFDFFFFFFFDFFF7DEFBAD6D6AD349DB5
:1073F0001395F38CF38C34955495349534953495DA
:107400001395F28CD284D28CD184B184D184F28C45
:10741000D184B0848F846F846F846F844F842E8472
:107420008C7BAB83CB8B4CA48DACCDBCEEBC4FCD59
:10743000B1D5F3D5F3D514D655D696DEB7E6B7E673
:10744000B7E6B7E6D8EEF8EEF9EE19F719F719F73F
:107450003AF73AF73AF73AF73AF75BFF5BFF5BFF29
:107460005BF75BFF5BFF5BFF5BFF7BFF7BFF7BFFF4
:107470007BFF7BFF5BF75AF75AF75BF77BFF7BFFDE
:107480005BFF5AFF5AFF5AFF5AFF5AF73AF73AF78B
:1074900019F7F9F619F7F8EED8EED8EE97E676DE9A
:1074A00076E614D6F4D5F3D5D3D5D3D513DE33DEB3
:1074B00054DE55E675E676E697E6B7E6B7EED7EE24
:1074C000D7EED8EED8EED8EED8EEF8EEF8EEF8EE2D
:1074D000F8EEF8EEF8EEF8EEF8EEF8EEF8EEF8EE7C
:1074E000F8F6F8EED8EED8EEF8EEF8EED8EED8EEE4
:1074F000D8EEF8EEF8EEF8EEF8EEF8EEF8EED8EE9C
:10750000D8EED8EED8EEB7EE96F696F614E655EE2F
:1075100030C5EC9BB3CD97EEF8F619F73AFF5AF762
:107520007BF77BF77BF77BF77BF77BF75BF75BF70B
:107530005BF73AF75AF77BF79BF77BF77BF79BF7FD
:107540007BF77CFF9CFF9CFF7BFF9CFF9CFF7BFFEE
:107550007BFF7BFF5BFF5AFF5AFF3AFF3AF739F791
:1075600038F718F7F8EEF8F6D7EEB7EEB6E675DEB0
:1075700034DEF3D591D530CDEFC4AEB48DAC6D9C77
:107580002E8C4F844F7C51749274B274B17CB17C58
:10759000D18490842E746C53C932681A8912A90A56
:1075A0008A128A128A12AA12CA12CB1AEB1AEB1A80
:1075B000EB1AEB1AEB1AEB1AEB1A0C1B0C1B0C1B3D
:1075C0000B1B0C1B0C130B130C132C132C130C1375
:1075D0002C132D132D1B0C130C132C134C1B4D1B98
:1075E000AC0BCD13CD138C0BAD130E1CEE1BAD13DA
:1075F000AD13EE1BCD1B8C13AD13CD1BCD13AD13F3
:107600008C138C1B8C236B234B230A2B072285198D
:1076100027326842C629432164214421E320E22025
:10762000E320032103216429C7392421242144298B
:1076300085316429474A0A63474A0642264A884AEE
:107640000A53A93A893A482AE7210C4BFCD6BFEFE6
:107650007EE7BFF7DFF7DFF7DFFFDFF7DFF7FFF7E3
:10766000FFFFDFF75DE79ACEB6AD1495D28CD28CD2
:107670001495349534951395139534953495138D4D
:10768000D284B284B184B184B184B184D184F28CC7
:10769000F28CB084908490849084908470846F8CF9
:1076A000ED83CC83CB830B944CA48CACADB42FC5B1
:1076B00070CDB2CDD2CDF3CD55D676DE96E696E638
:1076C000B7E6B7E6D8EED8EEF8EEF9EE19F719F707
:1076D0003AF73AF73AF75AF73AF75BFF5BFF5BFF87
:1076E0005BF75BFF7BFF5BFF5BFF7BFF7BFF7BFF52
:1076F0007BFF7BFF5BFF5BFF5BF75BFF7BFF7BFF42
:107700005BFF5BFF5AFF5AFF5AF75AF73AF73AF70F
:1077100019F7F9EE19F7F8EEB8EEB8EE97E697E636
:1077200076E635DEF4D5D3D5D3D5F3D533DE34DEE6
:1077300054DE55E676E676E697E6B7E6B7E6D7EEA8
:10774000D7EED7EED7EED7EED8EED8EEF8EEF8EECD
:10775000F8EEF8EEF8EEF8EEF8EEF8EEF8EEF8EEF9
:10776000F8EED8EED8EED8EED8EED8EED8EED8EEC9
:10777000D8EEF8EEF8EEF8EEF8EEF8EEF8EED8EE19
:10778000D8EED8EED7EEB7EE96EE76F634EE14E6F7
:10779000CFBC0C9C14DED8F619F73AF75BFF5BF709
:1077A0005BF75BF77BF77BF77BF77BF75BF75BF7C9
:1077B0003AF73AF75AF77BF77BF77BF77BF79BF7BC
:1077C0007BF77BF77CFF7CFF7BFF9CFF7BFF7BFFD6
:1077D0007BFF7BFF5BFF5AFF5AFF5AFF39F739F7F0
:1077E00018F718EFF8EEF8EEB7EEB6E696E655DEC7
:1077F00013DEB2D551CDEFC4CFBCAEAC6DA44D9469
:107800000D7C2F7C307471749274B274917CB1844D
:10781000B0848F842E748C53CA32891AA912AA128A
:107820008A128A128A128A12AA12CB1AEB1AEB1A3D
:10783000EB1A0B1B0B1BEB120B1B0C1B0C1B0C1B5F
:10784000EB120C1B2C1B0C132C132C132C130C13D2
:107850000C132D132D1B2C132C132C134C1B4D1BF5
:10786000AC0BED13CD138C0BAD130E1CEE1BCD1317
:10787000AD13CD1BAD138C138C13CD1BCD1BAD1BCA
:107880008C13AD1BAC1B8C236B230A2B2722A51951
:1078900027328842E631431964212321E218E2208D
:1078A000E3200321E2184421C73965292421442912
:1078B00085316429684A2B6326420642474A884A32
:1078C0004B5BEA428932682AE7218A3A9ABE9EE7F0
:1078D000DFEFFFF7BEF7BFF7FFFFFFF7DFF7DFEFE1
:1078E000FCD659BE559DB28CB284F38C1395149579
:1078F000138D3495549D54951395F394D28CB28482
:10790000917C917C9184B284B184B184B184F28CF5
:10791000128DD184B084B084B084B0849084908C73
:107920004F8CED83CC83AB830B944CA48DACEEBC1D
:107930002FC591CDB1CDD3CD14D655DE76DE76DE12
:1079400096E6B7E6B7E6D8EEF8EEF8EEF9EE19EF00
:1079500039F73AF73AF75AF75AFF5AFF5AFF5AFFE0
:107960005AFF5BFF7BFF7BFF5BFF7BFF7BFF7BFFA8
:107970007BFF7BFF7BFF7BFF7BFF7BFF5BFF5BFF77
:107980007BFF5BFF5AFF5AF75AF73AF73AF73AF795
:1079900019F7F9EE19F7F8EEB7EEB7E697E697E6BE
:1079A00076E635DED4D5B3CDD3D514DE34DE34DE81
:1079B00055E675E676E696E6B7E6B7E6B7E6D7EEBD
:1079C000B7EED7EED7EED7EED7EED8EED8EED8EEAC
:1079D000F8EEF8EED8EED8EED8EED8EED8EED8EE37
:1079E000F8EED8EED8EED8EED8EED8EED7EED8EE48
:1079F000D8EEF8EEF8EED8EEF8EEF8EEF8EED8EEB7
:107A0000D8EEF8EEB7EEB7EE96EE55EE55EED3DDC6
:107A10006DAC6EAC76EEF8F619F73AFF5BFF5BFFE4
:107A20005BF75BF75BF75BF77BFF7BFF7BF77BF736
:107A30005AF75AF75AF75BF77BF77BF77BF79BF719
:107A40005BF77BF77BF77BFF7BFF7BFF7BFF7BFF9E
:107A50005BFF5BFF5AFF5AFF3AFF3AF739F739F7F6
:107A600018F7F8EEF7EED7EEB6E696E695E634DED2
:107A7000D3D571D50FC5AEBC8EB46EA44D942D8CEC
:107A80000E7C2F7450747174927C9174707C90840D
:107A9000B08C6F840E748C53EA32A91AAA12CA12DF
:107AA0008A128A128A128A12AA12CB1AEB1AEB1ABB
:107AB000EB12EB12EB12EB12EB120C130C132C1B50
:107AC000EB120C1B2C1B0C130C132C132C130C1370
:107AD0000C132C132C130C130C132C132D1B4D1BDC
:107AE0008C0BCD13CD138C0BAC0BED1BED1BAD1321
:107AF000AD13CD1BAD136C0B8C13CD1BCD1BAD1378
:107B00008C13AD1B8C1B6B1B4B230A2B271A841960
:107B10000732894207326421642123210321E320B3
:107B2000E220E220C2182321E73985314421442193
:107B3000A531A53189520A63884A474A674AE95AFA
:107B40004B5BC9428832683207228A3A9ABE7EE786
:107B5000BFEFDFF7BFF7DFFFBFF73DE7DBCEF8ADE5
:107B600034959284717CF38C54953495138D54958F
:107B70005495138D138D33953395D28C7184718404
:107B8000917C927CB284D284D28CB184D284F28CE7
:107B9000128DD18CB184B084B08CB08490846F8409
:107BA0008F8C4E8C0D84AB7BEB8B2B9C8DAC8DAC7A
:107BB000CEB450C591CDB2CDF3D514D655DE75DE19
:107BC00096E696E6B7E6D7EED8EEF8EEF8EEF9EEE2
:107BD00019F719F73AF73AF73AF73AF75AF75AFF17
:107BE0005AF75BFF7BFF7BFF5BFF5BFF5BFF5BFF8E
:107BF0005BFF5BFF5BFF7BFF7BFF7BFF7BFF5BFF35
:107C00007BFF7BFF5AFF5AFF5AFF5AF73AF73AF7C2
:107C100039F718F719F718F7D8EEB7E697E697E6A9
:107C200096E635DED3D5B3CDD3D514DE14DE34DEFF
:107C300055DE76E696E696E6B7E6B7E6B7E6D7EE21
:107C4000B7EED7EED7EED7EED7EED8EED8EED8EE29
:107C5000D8EED8EED8EED8EED8EED8EED8EED8EEF4
:107C6000F8EEF8EED8EED8EED7EED7EED7EED7EEA8
:107C7000D8EED8EED8EED8EEF8EEF8EEF8EED8EE74
:107C8000D8EEF8EEB7EEB6EE96EE55EE75EE71CD97
:107C90000CA431C5B7F619FF1AFF3AFF5BFF7BFF53
:107CA0005BF75BF75BF75BF75BF75BF77BF77BF704
:107CB0005AF75AF75AF75BF77BF77BF77BF77BF7B7
:107CC0005BF77BF77BF77BFF7BFF7BFF7BFF7BFF1C
:107CD0007BFF5AFF5AFF5AF73AF739F739F719F786
:107CE00018F7F8EED7EED7EE96E695E675E614DED1
:107CF000B2D550CDEFBC8EB46EAC2D9C0D8C0D84E6
:107D00000E742F745074717491747074507C9084DC
:107D1000B08C6F840E748C53EA32891AA912CA127D
:107D20008A128A1A8A128A12AA1ACB1AEB1AEB1230
:107D3000EB12EB12EB12EB12EB12EB120C130C1317
:107D40000C132C1B2C132C130C132C132C130C1393
:107D50002C132C130C130C130C130C132D1B4D1B79
:107D60008C03CD13CD138C0B8C0BED13ED13AC13D7
:107D7000CD13EE1BCD1B8C138C13CD1BCD1BAD1364
:107D80008D13AD1B8C138C1B4B1B2A236822A5194A
:107D9000072A8842273A84216421432103210321B1
:107DA000E220E220C2182321C739C63165214421CF
:107DB000A531073AEA5A4B6BA9522742674A2A5B18
:107DC0004B5BA9426832482AE721693238B69EE700
:107DD0007DE7DFF7DFF75DEF59C676A51495927C56
:107DE000B284F38CF38CF384F384138D348D338D50
:107DF0005495339533953395D28C9184507C71840E
:107E0000917CB27CB284D284D28CD28CD28CF28C13
:107E1000F28CF28CD18CD184B08CB08C908C6F842D
:107E20006F848F8C2E8CCC83CB83AA834C9C6CA4C8
:107E3000ADB40FBD50C591CDB2CDD3CD34D655DE46
:107E400076DE96E696E6B7E6D7EEF8EEF8EEF8EED2
:107E5000F9EE19EF19F719F739F73AF73AF73AFF48
:107E60003AF75AFF7AFF5AFF5AFF5AFF5AFF5AFF52
:107E70005AFF5AFF5BFF7BFF7BFF7BFF7BFF7BFF94
:107E80007BFF5BFF5AFF5AFF5AFF5AFF3AF739F759
:107E900039F719F719F719F7F8EEB7E6B7E697E6E5
:107EA00097E635DEB3CDB3CDF4DDF4DD14DE35DE9B
:107EB00055DE75E696E696E6B7E6B7E6B7EEB7EEB8
:107EC000D7EED7EED7EED7EED7EED8EED8EED8EE87
:107ED000D8EED8EED8EED8EED8EED8EED8EED8EE72
:107EE000F8EEF8EEF8EED8EED7EED7EED7EED7EE06
:107EF000D7EED7EED7EED7EED8EEF8F6F8F6D8EE06
:107F0000D7EEF8F6B7EE96EE96EE75EE55EE10C596
:107F10000C9C15DEF8F639FF3AFF5AFF5BFF7BFF3A
:107F20007BFF7BFF7BFF7BFF5BF75BF75BF77BF701
:107F30005BF75AF75AF75AF77BF77BF77BF77BF734
:107F40007BF77BF77BFF7BFF7BFF7BFF7BFF7BFF71
:107F50005BFF5AFF5AF73AF739F739F719F719F76C
:107F6000F8EEF8EED7EEB7EE76E675E654E6F3D522
:107F700091CD30C5CEBC8EAC4D9C0D940D842E841D
:107F80002F742F7430747074717C707C9084B08CFA
:107F9000D0946F840E746C53CA32881AA912AA1234
:107FA0008A128A1A8A128A12AA1ACB1ACB1AEB12CE
:107FB000EB12EB12EB12EB12EB120C130C132C1353
:107FC0002C1B2C1B2C130C130C132C132C130C0B11
:107FD0002C132C130C130C130C130C132D1B4D1BF7
:107FE0008C0BED13ED13AC0BAC0BED13ED1BAD13C4
:107FF000CD13EE1BEE1BAD13AD13CD1BCD13AD1387
:10800000AD13CD1BAC138C1B6B1B4B2BA922E6199C
:10801000072A8842273A842164214321032103212E
:108020000221E218C2182421C631E73185296529C9
:10803000A53127422B63AC73A952E5394642E95A70
:108040000A53C9426832482A0722072AD7A5FFEFF8
:10805000BEEF7DE79ACE76ADB3947184927CD384E3
:10806000148DF38CF38C138D138D1385138D548D18
:10807000338D54953395D284707C507C5084707CC1
:10808000917CB17CB284B284D28CD28CF28CF28C92
:108090001295F28CD28CB18CB08CB08CB08C908458
:1080A0006F848F8C6E8C4E8CEC838A7BEB934C9C14
:1080B0008DACCEB40FBD50C591CDD2D513D634DE24
:1080C00075DE76DE96E6B7E6D7EED8EEF8EEF8EE99
:1080D000F8EEF8EE19EF19F719F719F73AF73AF73A
:1080E0003AF75AFF5AFF5AFF5AFF5AFF5BFF5AFFEF
:1080F0005AFF5AFF5AFF5BFF5BFF5BFF7BFF7BFF73
:108100005AFF5AFF5AFF5AFF5AFF5AFF39F739F7F9
:1081100019F719F718F718F7F8EEB7EEB7E696E67D
:1081200096E614D6B2CDD3D514DE14DE14DE55E6B1
:1081300055DE76E696E696E6B7E6B7EEB7EED8EE0B
:10814000D8EED8EED8EED7EED8EED8EED8EED8EE00
:10815000D8EED8EED8EED8EED8EED8EED8EED8EEEF
:10816000D8EED8EED8EED8EED8EED8EED7EED7EEE1
:10817000D7EED7EED7EED7EED8EEF8F6F8F6D8EE83
:10818000D7EED8EEB7EE96EE96EE76EEF3DDAEB421
:108190006EACB7F6F8F63AFF5AFF5AFF5BFF5BFF8B
:1081A0005BFF5BFF7BFF5BFF5BF75AF75AF77BF7E1
:1081B0005AF75AF75AF75AF75BF77BF77BF79BF7B3
:1081C0007BFF7BFF7BFF7BFF7BFF7BFF7BFF7BFFDF
:1081D0005AFF5AFF3AF739F739F719F719F7F8EE56
:1081E000F8EED8EEB7EE97EE56E635E614DED2D5C9
:1081F00070CD0FBDAEB46DA42D9C0C8C0D844F7C46
:108200006F7450745074707CB184B184B08CD0940D
:10821000D0946F84ED736C53CA32681A880AA90A25
:108220008A128A128A128A12AA12CB1ACB1ACB127B
:10823000CB12EB12EB12EB12EB120C132C132C13D0
:108240002C132C1B2C130C130C132C132C130C0B96
:108250000C130C130C130C130C130C132C132C13E6
:108260008C03ED13ED138C0B8C0BCD13CD13AC13D2
:10827000AD13EE1BEE1BAD13AD13CD1BCD138C1345
:108280008C13AD1B8C13AC136B1B4B23C92AE61943
:10829000072A6842073284216421432103210321F4
:1082A000E220E218E3204429A631E739A6318529E6
:1082B000C631684A4C6BCD73E95AE6394742C95218
:1082C000C94AC9426832682A27220722D7A5BEE7D1
:1082D000FBD6D7ADD39450845184B28CD284F3842E
:1082E000148D148DF38CF38C138D348D348D338D6C
:1082F0001385907C0F6CEE6B4F74907C9084707C37
:10830000B17CB17CB17CB17CB284D28CF28CF39420
:10831000F294F294D18CB18CB08CB08CB08CB08CC7
:108320008F848F8C8F8C8F944D8CCB83AA83EB930F
:108330004CA48DACCEB40FBD70C5B1CDF3D513D662
:1083400055DE55DE76DE96E6B7E6D7EED8EED8EE09
:10835000F8EEF8EEF9EE19EF19F719F739F739F7E2
:108360003AF75AF75AF75AF75AFF5AFF5AFF5AFF85
:108370005AFF5AFF5BFF5BFF5BFF5BFF5BFF5BFF2F
:108380005AFF5AFF5AFF5AF75AFF3AF739F739F7A7
:1083900018F719F7F8F6F8F6D8EEB7EEB7EE96E656
:1083A00055DEF3CDB2CDF3D514DE14DE35DE55E661
:1083B00076E696E696E6B6E6D7EED7EEB7EED8EED8
:1083C000D8EED8EED8EED8EED8EED8EEF8EED8EE5D
:1083D000F8EED8EED8EED8EED8EED8EED8EED8EE4D
:1083E000D8EED8EED8EED7EED7EED7EED7EED7EE62
:1083F000D7EED7EED7EED7EEF8F6F8F6D8EED8EE01
:10840000D7EED7EEB7EE76EE96EE75EE72CD8EAC79
:1084100051C5D8F619F73AFF5AFF5AFF5BFF5BFFC9
:108420005BFF5BFF5BFF5BF75AF73AF75AF75AF7C8
:108430005AF75AF75AEF5AEF5BF77BF77BF79BF740
:108440007BF77BFF9BFF7BFF7BFF7BFF7BFF5BFF64
:108450005AFF5AF739F739F719F719F718F7F8EEFD
:10846000D8EED7EE97EE76EE35E614E6F3DD91CD55
:1084700030C5EEB48DAC4C9C2D8C2D8C2E846F7C35
:10848000707C70747074917CD28CF18CD094D09488
:10849000AF8C2E7CAC634B4BCA32881A8812A90A67
:1084A0008A128A128A12AA12AA12CB1ACB1ACB12D9
:1084B000CA12EB12EB12EB12EB120C130C130C138F
:1084C0000C130C130C130B0B0C132C132C130C0B85
:1084D0000C0B0C130C130C130C130C130C130C13AC
:1084E0008C03ED13ED13AC0B8C0BCD13CD13AC1330
:1084F0008C0BCD1BCD1BAD13AD13CD13AD138C0B5E
:108500008C13AD1BAC13AC1B6B1B6B2BCA2A062246
:10851000E629483A063284216421432103210321BC
:10852000E220E218232164298531C631A629852954
:10853000073ACA526C63CD734B636742884AC94A93
:10854000E94AC942682A682A071AC6199695BAC61E
:108550005595717CB28CD394928CB284D284F3847E
:10856000148D148D148DF384138D548D3385D27C2A
:108570000E646C4B4B4B0E64B07C907C707C917C99
:10858000B184B184B17C917C9184B284F28CF38CFF
:10859000F28CF28CD28CD18CD18CB08CB08CB08C13
:1085A000B08C6F84908CB0948F8C4E8C8B7BAA8314
:1085B000EB934CA48DACCEBC2FC570C5B2CDF3D51A
:1085C00034DE34DE55DE75DE96E6B7E6B7E6B7E6AE
:1085D000D8EEF8EE18EF19F719F719F739F739F758
:1085E0003AF73AF73AF73AF75AFF5AFF7AFF5AFF43
:1085F0007AFF7AFF7BFF7BFF7BFF5BFF5AFF5AFF0F
:108600005BFF5AFF5AFF3AFF5AFF5AFF3AF739F712
:1086100019F719F7F8EEF8EED7EEB7EEB7EE76E603
:10862000F3D5B2CDB2CDF3D514DE34DE55E655E642
:1086300076E696E696E6B6E6B7EEB7EEB7E6B7EEBE
:10864000D8EED8EED8EED8EED8EEF8EEF8EEF8EE9A
:10865000F8EEF8EED8EED8EED8EED8EED8EED8EEAA
:10866000F8EED8EED8EED7EED7EEB7EEB7EEB7EE1F
:10867000B7EED7EED7EED8EEF8F6F8F6D8F6D7EE96
:10868000D8EED7EEB7EE76EE96EE55EE30C56EAC80
:1086900014DEF8F639FF3AF77BFF5BFF5BFF5BFF09
:1086A0005BFF5BFF3AF73AF73AF73AF73AF75AF7D0
:1086B0007AF77AF75AF75AF75AF77BF77BF77BF78F
:1086C0007BF77BFF9BFF9BFF9BFF7BFF7BFF5AFFA3
:1086D0005AFF5AF739F739F719F718F7F8EEF8EEA5
:1086E000D8EEB7EE97EE76EE15E6F4E5D3DD71CD74
:1086F0000FBDCEB46DA40C940C842E844F846F7C7B
:108700004F746F747074B184F2941295D094B094D5
:108710004E84CC736B5B2A4BCA32A91AA912A912D8
:108720008A128A128A12AA12AA12CB1ACB1ACB1256
:10873000CB12EB12EB12EB12EB12EB0AEC12EB0A80
:10874000EB120C130C130C130C132D134D1B2C13C9
:108750000C130C130C130C130C130C130C132C1301
:10876000AC0BCD13CD138C0B8C0BCD13CD13AC0BED
:108770008C13CD13CD13AC0BAC13CD13AD138C0BED
:108780006C0BAC1BAC1BAC1B8C236B2BEA32E621B5
:10879000C6294742E631A529642123212429242919
:1087A000E318C21823214429A631A631C731C731A5
:1087B000283A2B5BAD6BCD73CD734B63C9522A53F3
:1087C0000A4BC93A472A682AE619C6113485959595
:1087D000D27CB284F38C138DB284B27CF37CD37CD4
:1087E0001485558D558D3485137DD2744F5CAD4302
:1087F0000A330A334B432E64B17C907490749074A6
:10880000B184D284B284917CB17CD284F284138D01
:10881000F38C138DF28CD18CB18CD18CD08C908454
:10882000B08C8F846F84B08CD194B094CD7B8B73DB
:108830008A832C9C6CAC8CB4CEBC2FC571C5D2CDB8
:1088400013DE34DE34D675DE95DE96E655DE96E62A
:10885000D7EED8EEF8EE19EF19EF19EF19F739F74F
:108860003AF739F759FF5AFF5AFF5AFF5AFF7AFF72
:108870005AFF7AFF5AFF5AFF5AFF5AFF5AFF3AFF30
:108880003AFF3AFF3AF73AF73AFF3AFF3AFF39F739
:1088900039F718EFF8EEF8EEF8F676E697EE55E6CB
:1088A000D3D592CDD3D5F4DDF3D534DE55E655DE00
:1088B00076E696E6B7EEB7E6B7E6B7E6D7EED8EED9
:1088C000D8EED7EED7EED8EED8EED8EED8EED8EE7A
:1088D000D8EED8EED8EED8EED8EED7EED8EED8EE69
:1088E000D8EED8EED7EEB7EEB7EE97EEB7EEB7EE1E
:1088F000D7F6D7EED7F6D7F6D7F6D7F6F8F6F8F6D6
:10890000D7EEB7EE96EE96EE55EEF3E5CFBCAFB4EC
:10891000B7F619FFF9F65AFF5BFF3AFF3AF75BFF2C
:108920003AFF5AFF5AF73AF73AF739F73AF75AF750
:108930005AF75AF75AF75AF75AF77AF75BF75BF78D
:108940007BFF7BFF7BFF7BFF7BFF7BFF5BFF5AFF98
:108950005AFF3AF739F719F719F718F7F8EED8EE82
:10896000B8EE97E697EE55E614DED3DDB2D530C506
:10897000AEB4AEAC0C942D8C0D84908C707C707C5D
:108980004F74907C4F749084F194F194D094B08C97
:108990002E7C8B632A5B2B53CA32881AA912A91228
:1089A0008A128A128A128A12AA12CB1AEB1ACB12D4
:1089B000EB1A0B1B0B1BEB12EB120B13EC12EB1253
:1089C000EC120C130C130C130C132C1B2D1B0C1B77
:1089D0000C130C130C132C132C132D132D132D13FC
:1089E0008C0BCD13CD0B8C0B8C0BCD13CD13AC138B
:1089F0008C13CD13CD138C0BAC13CD13CD13AC0B4B
:108A00008C13AC1BAC1BAC1B8C236B2BCA32C6214A
:108A1000C529473AE531C529642123212429242980
:108A20000321E21844296429A631A631C731283A26
:108A3000283A2C5BEE730E7CCD736B632A5B2A5352
:108A40002A53A83A2722682AC611A511EF5B758D13
:108A5000F3841385348D338DF37CF37C337D137D68
:108A60005485347D137DB26C305C8D3B0B2BEA2238
:108A70002A2B0A2B4B3B2E64B07490749074907C1C
:108A8000B184D284B284B284B284D284F284F38C6E
:108A9000138D138DF28CD18CB184D18CB18C9084D8
:108AA000908490846F849084F294D18C4F84ED7B79
:108AB000AB7BCB8B0B9C4BAC8CB4EEBC50C591C547
:108AC000D2D5F3D513D654D675DE75DE35DE96E6EF
:108AD000D7EED7EEF8EE18EF18EF19EF19F719F7F0
:108AE00039F739F739F739F73AF75AFF5AFF5AFF8A
:108AF0005AFF5AFF5AFF5AFF5AFF5AFF5AFF5AFFAE
:108B00003AFF3AFF3AFF3AF73AFF3AFF39F719F7D7
:108B100019F718EFF8EEF8EED7EE76E676E614DE03
:108B2000B2D592CDD3D5F4DDF4DD34DE55E655E68D
:108B300076E696E6B7EEB7EEB7EED7EED7EED8EE1E
:108B4000D8EED7EED7EED8EED8EED8EED8EED8EEF7
:108B5000D8EED8EED8EED8EED8EED7EED8EED8EEE6
:108B6000D8EED8EED7EEB7EEB7EEB7EEB7EEB7EE7B
:108B7000B7EEB7EED7F6D7F6D7F6D7F6D7F6D7F6DD
:108B8000D7EED7EE96EE76EE75EEB2DDAEB431C529
:108B9000F8F619F719F73AF75AFF3AFF3AFF5AFF72
:108BA0003AFF5AF73AF73AF73AF739F739F739F718
:108BB0003AF73AF73AF73AF73AF75AF75BF75BF7CB
:108BC0007BFF7BFF7BFF7BFF7BFF7BFF5AFF5AFF17
:108BD0005AFF3AF739F719F719F719F718EFF8EEBE
:108BE000B8EE97E697EE35E614DED2D591CD0FBDFF
:108BF000AFB46EA4EC8B2E8CF19C539D907C707462
:108C00006F74907C707C9084908C908CB094B08CBD
:108C10006F84CD738C634B53C932881A8912AA12A0
:108C20008A128A128A128A12AA1ACB1ACB1ACB1269
:108C3000EB1AEB1AEB12EB12EB12EB12EC12EB123B
:108C4000EB120C130C13EC12EC120C130C1B0C1B80
:108C50000C1B0C130C130C0B2C0B2C132D132D13A2
:108C60008C0BCD0BCD138C0B8C0BCD13CD13AC1308
:108C7000AD13ED1BCD138C13AC13CD13CD13AC136F
:108C80008C13CD1BAC13AC1B8C236B2BEA32C6218F
:108C9000A521473A0632C5298421432124292429C4
:108CA0000321032164316431A531C631E631A94A7B
:108CB000EA4A4C5B0E742E7CCC6BE9524B5B2A5B10
:108CC0002A53C942472A482AC611A5094822CE5329
:108CD0000F64506C9174B274D274F274F26CF26CD2
:108CE000D2642F4C6D3B4C334C330B23EA222B23A5
:108CF0002A2B0A2B4A3B0E5C90747074707C917C1A
:108D0000B284D284D284D284D284D284D284F284B3
:108D1000F38C138D128DD18CD18CD18CB18CB08C05
:108D20009084B08470849084F294D18CD1946F8CB0
:108D3000ED838A83AA8B0B9C4CA48DACEEBC30BD1A
:108D400091CDB2CDF3D534D655DE75DE55DE96E63F
:108D5000B7EEB7E6D7EEF8EEF8EEF8EEF8EEF8F686
:108D600019F739F739F739F739F739F75AFF5AFF51
:108D70005AFF5AFF5AFF3AF73AF75AFF5AFF5AFF7B
:108D80005AFF5AFF3AFF3AF739FF19FF19F7F9F678
:108D900018F7F8EEF8EEF8EED7EE96EE55E6D3D5E6
:108DA00092CDB2D5F3D514DE14DE35E655E675E680
:108DB00076E696E6B7EEB7EED7EED7EED8EED8EE7B
:108DC000D8EED8EED8EED8EED8EEF8EEF8EED8EE33
:108DD000D8EED8EED8EED8EED8EED8EED8EED7EE64
:108DE000D8EED7EED7EED7EED7EED7EEB7EEB7EE9A
:108DF00097EEB7EED7F6D7F6D7F6D7F6D7F6D7F67B
:108E0000D7EEB7EE76EE75EE55EE71CD6DAC14E69D
:108E1000F8FEF9F639F73AF75AFF3AFF3AFF3AF710
:108E20003AFF3AF739F739F73AF73AF739EF19EFE6
:108E300019EF19EF39EF39EF3AEF3AEF5AF75AF7DE
:108E40005BF75BF75BF75BF75BFF5BFF5AFF5AFF74
:108E50005AFF5AFF39F739F719F719F718EFF8EEF3
:108E6000B8EE97E676E634DEF3DD92D530C5CFB4C2
:108E70008EAC2D94CD836F8C16BE37B6917C707CF2
:108E800050747074707C90846F846F84B08C8F8CFD
:108E9000AF8C2E7CCD736C5BC932681A8912891233
:108EA0008A128A128A128A12AA1ACB1ACB1ACB12E7
:108EB000CB12EB1AEB12EB12CB12EB12EB12EB1202
:108EC000EC120C130C130C130C130C130C1B0C13C3
:108ED0000C130C130C130C0B0C0B0C0B2C132D1371
:108EE0008C03CD13CD138C0B8C0BCD13CD138C13A6
:108EF000AD13ED1BCD1B8C13AC0BCD13CD138C0B15
:108F00008C13CD1BAC13AC1B8C238C330A33E621A2
:108F1000A521273A0632C529842124214429442940
:108F2000242102218431A539E539E639E631EA52B6
:108F3000AD63AD630E740E74AC6B874A2A5B4B5BFA
:108F40000A4BEA42472A0722271AA509A509271A28
:108F50006922CA320B3B2B3B6C3B8C3B6C336C3332
:108F60008C2B4B23EA12EA1A0B232B232B236B2B7C
:108F70002B2B0A2B2B3B0E649074707C707C91849D
:108F8000B284D284D284D284D284D284D284F28431
:108F9000F38C138D138DF28CD18CD18CD18CB08C41
:108FA0009084908490849084F294F294F294F1945A
:108FB0006F94CB838A7BEB934CA46CA4ADAC0FBDB8
:108FC00070C591CDB2CDF3D534DE55DE55DE96E6D3
:108FD00096E697E6B7E6D7EED8EEF8EEF8EEF8EEBE
:108FE00019F719F719F739F739F739F73AF75AFF37
:108FF0005AFF5AFF5AFF3AF73AF75AFF5AFF5AFFF9
:109000005AFF5AFF3AFF3AF719FF19F719F7F8F61E
:10901000F8EEF8EE18EFF8EED7EE96EE14DEB2CDDD
:10902000B3D5F3D514DE34DE55E655E655E696E6BF
:1090300096E696E6B7EEB7EED7EED7EED7EED7EEDA
:10904000D7EED8EED8EED8EED8EEF8EEF8EED8EEB1
:10905000D8EED8EED7EED7EED8EED8EED7EED7EEE4
:10906000D7EED7EED7EED7EED7EEB7EEB7EE97EE58
:1090700097EE97EEB7EEB7EEB7EED7F6F8F6D7F66F
:10908000B7EE96EE76EE55EE14E610C58EB4D7FE2A
:10909000F8F6F8F65AFF3AF75AFF3AFF3AFF3AFF66
:1090A0003AF73AF739F739F73AF73AF739EF19EF6C
:1090B00019EF19EF39EF39EF3AEF3AEF5AF75BF75B
:1090C0005BF75BF75BF75BF75AFF5AFF5AFF5AFFF4
:1090D0005AFF5AFF39F719F719F718F7F8EED8EED3
:1090E000B8EE97E676E614DEF3DD91CD10BDAEACBA
:1090F0002D9CED8B0E8C53A51BD799C6B17C917C12
:1091000070744F742F74908470846F848F84908CEB
:10911000AF8C6F840E748C5BC9326812890A891215
:109120008A128A128A128A12AA1ACB1ACB1ACB1264
:10913000CB12EB1AEB12EB12CB12EB12EB12EB127F
:109140000C132C1B2C130C130C132C130C1B0C13B7
:109150000C130C130C130C0B0C0B0C0B0C130C132F
:109160006C0BCD13ED13AD138C0BAD13AD138C1332
:10917000AC13CD1BCD138C0B8C0BCD13AD138C0B03
:109180008C0BAC13AC138B138C238C2B0A33062261
:10919000841906322632E5318421442144294429A8
:1091A000442902218439C539E541063AE6390B5391
:1091B000CE6B0E6C0E740E748B63C8522A5B6B639D
:1091C000E94AA942272A07224822A609C609E60930
:1091D000271A681A681A881AEA22CA1AC912EA12E1
:1091E0004B134B132B130A134B1B4B1B2B1B2B1B10
:1091F0002A23EA222B3B0E5C917C717C7184918442
:10920000D284D284D284B284B284B284D284F284EE
:10921000F38C138D138DF28CD18CD18CD18CB08CBE
:10922000B08C90849084B184F28C1295D18C129D74
:10923000D09C4E8CAB7B8A7B0B944C9C6CA4CEB4A4
:109240000FBD50C571C5B2CD14D614DE35DE55DE66
:1092500076DE96E697E6B7EED7EED8EEF8F6F8EEBD
:10926000F8EE18F719F719F739F739F739F73AF728
:109270005AFF5AFF5AFF3AFF3AFF5AFF5AFF5AFF66
:109280005AFF5AFF5AFF3AF739F739F719F719F722
:10929000F8F618F718F7D8EEB7EE76E6F3D592CDD4
:1092A000D3D514DE34DE34DE55E675E675E696EE8B
:1092B00096E696E6B7EEB7EEB7EEB7EEB7EEB7EED8
:1092C000D7EED8EED8EED7EED8EEF8EEF8EED8EE30
:1092D000D8EED8EED7EED7EED8EED8EED7EED7EE62
:1092E000D7EED7EEB7EEB7EEB7EEB7EE97EE97EE56
:1092F000B7EEB7EEB7EEB7EEB7EED7F6D7F6B7EEF6
:10930000B6EE96EE76EE34E6F3DD8EB451CD18FF70
:10931000F8FEF8F65AFF3AF75AFF5AFF3AFF3AF7C3
:109320003AF739F719F719F719EF19EF19EF19EF9C
:1093300019EF19EF3AEF3AEF3AEF5AF75BF77BF78D
:109340007BF75BF75BF75AF75AF75AF75AFF5AF76A
:109350005AFF5AFF39F719F719F7F8F6F8EED8EE71
:10936000B7E696E655DE14DED3DD71CDEFB48EA4FC
:10937000CC8BED83B19479C65CDFBAC65495717C11
:10938000917C707C2F74707C70844F844F84B08C7F
:109390008F844F7C0E748C5BEA32881A8912AA1271
:1093A0008A128A128A128A12AA1ACB1ACB1ACB12E2
:1093B000CB12EB1A0B1BEB12EB12EB12EB12EB12B4
:1093C0000C132C132C132C130C0B0C0B0C13EC1276
:1093D0000C132C132C132C0B0C0B0C0B0C130C134D
:1093E0008C0BCD13ED13AD138C0BAD13AD138C0B98
:1093F000AC13CD1BCD138C0B8C0BCD13CD138C0B61
:109400008C0BAC138B0B6B138B1B8C2B2A332622F0
:1094100084190632473AE6318529442164294429D2
:109420004429E2208439E541C439E539E639EA5274
:109430000E6C4F74CD6B2F7CAC6B4A632963AB6BA6
:10944000E952A942472A2722271AC609E609071224
:109450004812681A8812A91A0A230A1BEA122B1347
:109460008C1B6B130A0B0A0B6C1B8C1B2B132A1304
:109470002A1BE91A0A33EE5B917C717C917C918402
:10948000B284D284D284B284B284B284D284D384AB
:10949000138D338D338D128DF28CD28CD18CB084A0
:1094A000B08C90849084D184F28C1295D18C1295DA
:1094B000119DD0940D7C6A73AA7BEB8B2C9C6CA4C1
:1094C000CEB40FBD50C591CDD3D5F4D534DE14D66E
:1094D00055DE76E697E6B7EEB7EED8EED8EED8EEE4
:1094E000F8EEF8EE19F719F719F739F739F739F7F0
:1094F0005AFF5AFF5AFF3AFF3AFF5AFF5AFF3AFF04
:109500005AFF5AFF5AFF3AF739F739F739F719F77F
:1095100019F719F7F8F6D7EEB7EE34DEB3D572CDFA
:10952000D3D514DE14DE34DE75E675E696E696E6EF
:1095300096EE96EEB7EEB7EEB7E6B7E6B7EEB7EE55
:10954000D7EED7EED7EED7EED8EED8EED8EED8EEEF
:10955000D8EED8EED7EED7EED7EED7EED7EED7EEE1
:10956000B7EED7EEB7EEB7EEB7EE97EE97EEB7EEF3
:10957000B7EEB7EEB7EE97EE97EEB7F6D7F6B6EED4
:1095800096EE96EE75EE14DEB2D56DAC55EEF8FEA5
:1095900019FF19F73AF73AF75AFF5BFF3AFF39F725
:1095A00039F719F719F7F9EEF8EEF8EEF9EEF9EEEA
:1095B00019EF19EF39EF3AEF3AEF5AF75BF77BF70C
:1095C0007BF75BF75BF75BF75AF75AF75AFF5AF7E7
:1095D0005AFF5AFF39F719F718F7F8F6F8EED8EEF0
:1095E00097E676DE55DEF3D5B2D530C5CFAC4E9CCE
:1095F000AC832F8475AD1CD71CCFDBC618AE50745E
:10960000717C9184707C707C70844F842E7C8F84FC
:109610008F844F7C0E748C53EA32A91AA912CA1295
:109620008A128A128A128A12AA1ACB1ACB1ACA1260
:10963000CB12EB120B1BEB12EB12EB12EB12EB1239
:109640000C130C132C130C0B0C0B0C0B0C0BEB0A4C
:10965000EC0A0C132C132C0B0C0B0C130C130C130B
:109660008C0BCD13CD138C0B8C0BAD13AD136C0B7E
:10967000AD13EE1BCD138C0B8C0BED13CD138C0B9C
:109680008C0BAC138B0B6B136B1B8C2B2B3327228C
:10969000A5190732473AE631A529642165296529CC
:1096A0002421C218A539264AC441C539063AE94AD7
:1096B0004F7470740E6C4F7CED73AB6B4A63AC737C
:1096C0000A53A94267322722E719A609C609E60903
:1096D00048128812A912C9122A1B0A13EA0A2B0B74
:1096E0008C136B130A0B2B0B6C1B6C132B132B1390
:1096F0002A1BC91AEA2AEE539174917C917C917CC1
:10970000B284F284D384D284D284D284D284F38487
:10971000F384138D338D138DF28CF28CD18CB18444
:10972000B18C90849084D184128D128DD18CF1945F
:1097300012951295B08CEC738A73AA7BEB8B2B9CE1
:109740008DACADB40FBD50CDB2D5D2D514D6F4D5B5
:1097500035D655DE76E676E697EEB7EED7EED7EE5F
:10976000D8EEF8EEF8EE18F719F719F719F739F7F8
:1097700039F73AF73AF739F73AFF3AFF3AFF3AF74B
:1097800039F73AF73AF73AF739FF39FF39FF19F75E
:1097900018F7F8F6F8F6B7EE76E6D3D5B2CD92CD57
:1097A000F3D514DE14DE34DE55E675E696EE96E665
:1097B000B6EEB6EEB7EEB7EEB7EEB7EED7EED7EE43
:1097C000D7EED7EED7EED7EED8EED8EED8EED8EE6D
:1097D000D7EED7EED7EED7EED7EED7EED7EED7EE61
:1097E000D7EEB7EEB7EEB7EEB7EEB7EEB7EEB7EE31
:1097F000B7EEB7EEB7F6B7EEB6EEB7F6B7F696EE4B
:1098000096EE96EE55E6F3DD30C510C5D7F6F8FEB8
:1098100019FF39FF19F73AF75AF75AF73AF739F7B4
:1098200039F719F7F9EEF8EEF8EEF8EEF9EEF9EE91
:1098300019EF19EF3AEF3AEF5AF75AF75BF75BF780
:109840007BFF7BF75BFF5BFF5BFF5AF75AFF5AF723
:109850005AFF3AF719F719F7F8F6F8EED8EED7EEFF
:1098600096E675DE34DED2D571CDEFBC8EA4EC8BDE
:10987000EE83F39C39BE1DD7FCCEFCCE7ABE717C44
:109880003074717C9184908470846F844F7C8F8459
:1098900090844F7CEE6B6C53EA32891AA912CA127B
:1098A0008A128A128A128A12AA1ACB1ACB1ACA12DE
:1098B000CB12EB12EB12EB12EB12EB12EB12EB12E0
:1098C000EB120C132C0B0C0B0B0B2C0B0C0B0B0BB4
:1098D000EC0A0C0B0C0B0C0B0C0B0C0B0C130C13E1
:1098E0008C0BCD13AD138C0B6C0BAD13AD136C0B3C
:1098F0008C13CD1BCD136C0B8C0BED13CD13AC1354
:10990000AC13CD138C136B136B1B8C2B4B33472277
:10991000C5210732683AE631A529642985296529D8
:109920002421E220E641A85A054A054267420A532B
:109930004F74917C907C4F7C4F7C0D7CAB738B6B18
:109940002A5BA94206220622271A8501E709070A8F
:10995000270A88128812A90AEA120A130B0B4B1362
:109960008C136B130A0B0B0B6C1B6C1B2B132B1325
:109970004B1BE91A0A2BEE5391749174707C917C05
:10998000B27CD284F384F384F384D284D284F384CB
:10999000D384138D138D138DF28CF28CF28CD18CB9
:1099A000B184B1849184D1843395128D1295F18C58
:1099B0001295329512959084AC736A73AA83EA93D8
:1099C0004BA46CACCEBC0FC551CD91CDF3D5F3CD2E
:1099D000F4D535D655DE56E676E6B7EEB7EEB7E601
:1099E000D7EED8EEF8EEF8EE18F719F719F719F7E1
:1099F00039F739F739F739F73AF73AFF3AFF3AF7D3
:109A000019F739F739F73AF739FF39FF19F718F726
:109A1000F8F6F8F6D7F696EE75E692CD92CDB3D578
:109A2000F3D534DE34DE34DE55E655E696E676E6EA
:109A3000B6EEB7EEB7EEB7EEB7EEB7EED7EED8EEBE
:109A4000D7EEB7EEB7EED7EED8EED7EED7EED8EE2C
:109A5000D7EED7EED8EED7EED7EED7EED7EED7EEDD
:109A6000D7EEB7EEB7EEB7EEB7EEB7EEB7EEB7EEAE
:109A700096EE97EEB7F6B7EEB6EEB7EED7F6B6EED1
:109A800096EE75E634E6D3DD8EACF3DDD7F618FF3F
:109A9000D8EE3AFF19F73AF73AF739F719F739F7E5
:109AA00019F718F7F8EEF8EEF8EE19EF19EF19EFCD
:109AB0003AEF3AEF3AEF5AF75BF77BF75BF75BF772
:109AC0007BFF7BF75BFF7BFF7BFF5BFF5AFF5AF758
:109AD0005AFF39F719F718F7F8EED8EED7EEB7E6D0
:109AE00096E655DE54DEB2D550C5CEB44D9CAC835F
:109AF000508CD7B5DCCEFCCE1DCFFCC65AB6D38475
:109B0000717C5074707CB184708470846F848F8495
:109B100090844E7CCD6B6C53EA328912890AAA126A
:109B20008A128A128A128A12AA1ACB1ACB1ACB125A
:109B3000CB12EB12EB12CB12CB12EB12EB12EB129D
:109B4000CB0AEB0A0B0B0B0B2C0B2C0B2C0B0C0B63
:109B50000C0B0C0B0B0BEB0A0C0B0C130C130C1358
:109B60004B038C0B8C0B6C0B8C13CD13AD138C1324
:109B70008C13EE1BCD1B8C0B8C0BEE1BCD138C0BA7
:109B8000AC13CD13AC138C13AC23AC332B33682A3A
:109B9000C5192732473A063264294421A631C6390D
:109BA00044290321E641096387520542A84A0B5321
:109BB000EF6B0F6C707CB1844F7C2D7CCC7BAB73D6
:109BC0000953673A272A0622C611C611E609270A51
:109BD000480A680A880AC90AEA120A0B0A0B4B13D8
:109BE0006B134B130A0B0B0B6C1B6C1B4B134B13A4
:109BF0004B1BE91A2A2BEE53B174B174917C917C02
:109C0000D284F284F384F384F384F384D384D284FF
:109C1000F384F384138D33953395F28CF28CF28CAC
:109C2000B1849084B184F284338D33953395339528
:109C3000F28C128D3395128D6F84AC73086BCA8BC6
:109C4000EB93CA938DB4EEBCCEBC30C591CDD2CDD2
:109C5000F3D534D635DE55DE76E676E6B6E6B7E6FB
:109C6000D8EED8EEF8EEF8F6F8F619F719F719F776
:109C700019F719F719F719F719F719F719F739F744
:109C800019F739F739F739F739FF19F739FF18F7A5
:109C9000D8EED7F6D7F676EEF3D572CDB3D5F3D5A9
:109CA00034DE34DE34DE55E655E655E675E696E6F6
:109CB000B6E6B7EEB7EED7EEB7EEB7EEB7EED7EE45
:109CC000D7EED8EED8EED8EED8EED8EED8EED8EE65
:109CD000D8EED8EED8EED8EED7EEB7EEB7EEB7EEB8
:109CE000B7EEB7EEB7EEB7EEB7EEB7EEB7EEB7EE4C
:109CF00096EE96EE96EEB7F6B7F6D7F696EED7F660
:109D000076EE34E634E650C5CFB495EE18FFD8F6BB
:109D1000F9F63AFF19F75AFF19F73AF739F719F731
:109D200018F7F8EEF8EE18EF19F719EF19EF19EF29
:109D30003AEF3AF73AEF5AF75BF75BF75BF75BF707
:109D40007BFF7BFF7BFF7BFF5AF75AF75AF75AFFDF
:109D50003AF739F719F719F7F8EED8EEB7EE96E6B5
:109D600096E654DE13DE91CD0FBDAEAC0D94AC7B08
:109D700034A5DBD69BC6FDCE1DCFFDCE9BBE359553
:109D8000717C717C717C91847084908CB08CB08C6F
:109D90008F842E74CD634C53CA2A8912890A890A8A
:109DA00069126A128A128A12AA12CB1ACB1ACA1222
:109DB000CB12EB12EB12EB12EB12EB12EB12EB12DB
:109DC000EB120B130C0B0B0B0B0B2C0B2C130B0BA9
:109DD000EB0A0C0B0C0B2C0B2C132C130C1B2C1B3D
:109DE0006C0BAD138C0B6C0B8C0BAD13AD136C0BA0
:109DF0008C0BCD1BCD138C0B8C0BCD13CD136C0B9F
:109E00008C13CD13AC136B138C1B8C2B4B33A92AE7
:109E100006222732273AE63185298529E639C631D7
:109E200065290321E6416B732A6B264268420A5377
:109E3000AE63EE635074B1846F842E7CCC73AB6BD5
:109E40002A53683A262A0622C611C609E709270AB4
:109E5000480A480A680AA90AEA0AEA0A0B0B2B0B05
:109E60004B132B0B0A0B2B136C1B6C1B2B134B1361
:109E70002A1BE91A2A2BEE53B174B174917CB17C80
:109E8000D284D284F384F384F384F384F384F3845C
:109E9000D384F384F38C33953395138DF28CF28C49
:109EA000B1849184B184F284338D338D338D3395B5
:109EB000338D128D138D3395F18C4E848A734973D3
:109EC00089832B9C2CA46CACEFC40FC52FC591CDFE
:109ED000D2CDF3D514DE35DE55DE76E696E6B7E66E
:109EE000B7E6B7EED8EEF8EEF8F6F8F619F719F788
:109EF00019F719F719F719F719F719F719F719F7E2
:109F000019F739F739F739F739FF19F739FF18F722
:109F1000D7F6B7F6B7F635E6B3D592CDB3D5F3DDC0
:109F200034DE34E655E655E675E675E675E696E602
:109F3000B6E6B7EEB7EEB7EEB7EEB7EEB7EEB7EE02
:109F4000D7EED8EED8EED8EED8EED8EED8EED8EEE2
:109F5000D8EED8EED8EED8EED7EEB7EEB7EEB7EE35
:109F6000B7EEB7EEB7EEB7EEB7EEB7EEB7EE96EEEA
:109F700096EE96EE97EEB7EEB7EEB7F696EEB6EE35
:109F800075EE34E6F3DD0FBD51C5B6EE18FFD8F619
:109F9000F9F63AF719F73AFF19EF19F739F719F700
:109FA000F8EED8EEF8EEF8EE19EF19EF19EF39EFF9
:109FB0003AF73AF75AF75AF75BF75BF75BF75BF755
:109FC0007BFF7BFF7BFF7BFF5AF75AF75AF75AFF5D
:109FD0003AF739F739F719F7F8EED8EEB7EE96E613
:109FE00075E634DEF3D570C530BD4D9CCC8B4F94F7
:109FF000F7BDDCCEFDCEFDCEFDCE1DCFBBC655954B
:10A00000717C917C917CB18470846F848F848F8407
:10A010006F7C0E74AD634C53CA2A8912890A890A6F
:10A0200069126A126A128A12AA12CB1ACB1ACB12BE
:10A03000CB12EB12EB12EB12EB12EB12EC12EC1256
:10A04000EB120C132C130C0B0B0B2C0B2C130B0BFC
:10A05000EB0AEB0A0C0B0C0B0C130C130C132C1B44
:10A060006C0B8C0B8C0B6C0B6C0BAD13AD138C0B46
:10A070006C0BCD13CD138C0B8C0BCD13CD136C0B44
:10A080008C0BCD13AC136B134B1B6C2B6B33E93266
:10A09000472A2732273AE6318429A531073AC631C3
:10A0A0006429E218C539AC73CD7B674A273AEA4A7E
:10A0B000AD5BEE632F7490846F842D7CAB738B6BE0
:10A0C0004A5B883A062A0622C611A609E709270A2A
:10A0D000270A480A680AA90ACA0AEA0A0B0B2B0BC4
:10A0E0004B132A0BEA0A2B138C1B4C132A0B4B1312
:10A0F0002B1BE91A2B33EE53B174B17C917CB17CEC
:10A10000D284D284F384F384F384F384F384F384D9
:10A11000F384F384F384338D34953395138DD28493
:10A12000B184B17CB184F284338D338D33955495F1
:10A13000548D338D138D33951295F1944E844A6B63
:10A140004973EB8BCA930B9CCEBCCEBCEEBC2FC527
:10A1500091CDD2D5F3D514D635DE75DE96DEB6E6D2
:10A16000B7E6B7EED7EED7EEF8F6F8F6F8F6F8F66B
:10A1700018F718F719F719F719F719F719F719F761
:10A1800019F719F719F739F739F719F719F7F8F631
:10A19000B7F6B7EE96EEF4DD72CD92CDD2D513DEE2
:10A1A00034DE54E675E675E675E675E675E676E640
:10A1B000B6E6B6EEB7EEB7EEB7EEB7EEB7EEB7EE81
:10A1C000D7EED8EED8EED8EED8EED8EED7EED7EE62
:10A1D000D7EED7EED7EED7EEB7EEB7EEB7EEB7EED7
:10A1E000B7EEB7EEB7EEB7EE96EE96EE96EE96EECB
:10A1F00076EE96EEB6EE96EEB6EEB6EEB7EE96EEDE
:10A2000075EE34E692CDEFB414DED7F6F8F6D8EE5C
:10A2100019F71AF7F9EE3AF7F9EE19F719F718EFF7
:10A22000F8EEF8EEF8EEF9EE19EF19EF19EF3AF74C
:10A230003AF73AF75AF75BF75BF75BF75BF77BF7B1
:10A240007BFF7BFF7BFF7BFF5BFF5AF75AF75AF7D9
:10A250003AF739F739F719F7F8EED8EEB7EE96E690
:10A2600075E633DEF3D530BD10B50C94AC8334AD58
:10A270009ACEBBCE3ED7FDCEFDCE1DCFDBC6559DC3
:10A28000717C927C9184B18490846F846F846F7CA4
:10A290004E7CEE6BAD634C53CA2A6912890A890A57
:10A2A0008912691269126A12AA12CB1AEB1ACB121E
:10A2B000CB12CB12EB12EB12EB12EB12EC12EC12F4
:10A2C0000B130B132C130C0B0B0B2C0B2C130B0B5A
:10A2D000EB0A0B0B0B0B0B0B0C130C130C1B2C1B9B
:10A2E0004B038C0B8C0B6C0B8C0BCD13CD13AD1364
:10A2F0006C0BAD13AD136C0B8C0BCD13AD138C0B22
:10A300008C0BCD13AD134B0B4B136C236B2BE92A2A
:10A31000472A26322732C5318421C531273AE63112
:10A3200065290321A531AC730E84A84A273A0B4B4B
:10A33000EE63EE630E6C70848F840D7C6A6B4A63EF
:10A340006B5B883AE621E621C619A509E709070AE9
:10A35000270A480A680AA90AEA0AEA0AEB0A2B0B42
:10A360004B132B0B0A0B2B0B6C1B4B130B0B4B13B5
:10A370000A13E91A2B33EE53B174B17C917CB17C92
:10A38000D284D284F384F384F384F384F384F38457
:10A39000F384F384F384138D33955495138DF284F1
:10A3A000B184B17CB17CF284338D5495549554952D
:10A3B000548D348D138D338DF28CF28CF1946F8C1F
:10A3C0008B73296B8A830C942BA46CACCDBCEEBC34
:10A3D00050C591CDD2D5F3D514DE55DE75DE96E6A7
:10A3E000B7EEB7EEB7EED7EED8EED8EED8EED8EEA1
:10A3F000F8F6F8EEF8EEF8F6F8F619F719F719F797
:10A4000019F719F719F719F739F719F718F7F8F6CF
:10A41000B7F697EE55E6D3D551C5B2D5D2D513DEF2
:10A4200034DE55E675E675E675E675E696E696E67B
:10A43000B6E6B6E697E6B7EEB7EEB7EEB7EEB7EE2E
:10A44000D7EED7EED7EED7EED7EED7EEB7EEB7EE24
:10A45000B7EEB7EEB7EEB7EEB7EEB7EEB7EEB7EED4
:10A46000B7EEB7EEB7EE97EE96EE96EE96EE76EE88
:10A4700076EE96EEB6EEB6EEB6EE96EEB7EE75E684
:10A4800055E614DE30BD30BD96E6D7EED7EED8EEF9
:10A490003AF719F7F9EE3AF719F719F718EF18EF35
:10A4A000F8EEF8EEF9EE19F719F719F719EF3AF790
:10A4B0003AF75AF75BF75BF75BF75BF77BF77BF7EE
:10A4C0007BFF7BFF7BFF7BFF5BFF5AF75AF75AF757
:10A4D0003AF739F739F719F7F8EED7EEB7EE96EE07
:10A4E00075E634DED2D510B5AFACEC8B2F8CF6BD53
:10A4F000BBCE9BC63ED71DCFFDCE1DCFBBC6559D47
:10A50000717C92849184B184B08C90846F846F7CD0
:10A510004E7CEE6BAD634C53CA2A691289128912C4
:10A5200069126A126A128A12AA12CB1ACB1ACB12B9
:10A53000CA12CB12EB12EB12EB12EB12EB12EB1274
:10A54000EB120B130C130B0B0B0B2C0B2C130B0B19
:10A550000B130B0B0B0B0B0B0C0B0C130C1B2C1BF7
:10A560006C03AD0B8C0B6C0B8C0BCD13CD1BAC1398
:10A570008C13CD13AD136C0B8C0BAD13AD0B8C0B7F
:10A580008C0BAD138C134B0B6C1B8C2B4B2BC922E0
:10A590002622262A2632C5298421E631273A273267
:10A5A000C631432184296B6B4F840A53683A2B537D
:10A5B000EE6BEE6BCD6B6F848F8C0D7C6A63295BC9
:10A5C0006B5B8842E621E621C619A509C709070A7F
:10A5D000270A480A880AA90AEA0AEA0AEB0A2B0BA0
:10A5E0006C134B0B0B0B0B0B4C132B130A0B2B137A
:10A5F0000A13EA1A2B33EE53B174B17CB17CB184E7
:10A60000D284D284F384F38413851385F384F38492
:10A610001385F384F384F384138D3395338DF2849F
:10A62000D284B17CB17CF28C339554955495549579
:10A630007595148D348D338D138DD284138D74A53F
:10A640004F844B6B4A73AB83AA8B0B9C8CB48DBC31
:10A65000EEC430C591CDB2CDF3D514D634DE55E677
:10A6600076E676E696E6B6EEB7EED7EED7EED7EE1E
:10A67000D8EEF8F6F8F6F8F618F718F719F719F70C
:10A6800018F718F718F719F719F719F7F8F6D8F6B1
:10A69000D7F696EE14E692D551C5B2D5D2D5F3D5FC
:10A6A00034DE54E675E675E675E696E696E696E6D9
:10A6B000B6E6B6E697E6B7EEB7EEB7EEB7EEB7EEAC
:10A6C000D7EED7EED7EEB7EEB7EEB7EEB7EEB7EE02
:10A6D000B7EEB7EEB7EEB7EEB7EEB7EEB7EEB7EE52
:10A6E000B7EEB7EEB7EE97EE96EE96EE96EE76EE06
:10A6F00096EE96EE96EEB7F696EE75E696EE75E663
:10A7000055E6D3D510BDF3D5D7EED7EED7EE19F772
:10A710003AFF1AF71AF73AF739F739F718EF18EF3F
:10A72000F8EEF8EEF9F619F71AF73AF73AF73AF7BA
:10A730003AF75BF75BF75BF77BF77BF77BF77BF72A
:10A740007BFF7BFF7BFF7BFF7BF77BF75AF75AF79B
:10A750005AF739F719F7F8F6D8EEB7EE97EE96E60E
:10A7600055E613D6B2CD10B54E940E8CF3A418BE98
:10A770009BC6BCC6FDCE1DCFFDCE1DCFBBC655951D
:10A78000517C917C907CB184B18CB08C8F848F840F
:10A790006F7C0E74AD634C53CA2A691A8912A912D0
:10A7A00069126A128A128A12AA12CB1ACB12AA1240
:10A7B000CA12EB12EB12EB12EB12EB12EB12CB12F2
:10A7C000CB12EB120B130B130B0B2C132C130B13C1
:10A7D0000C130B130B0BEB0AEB0AEB0A0C130C1B01
:10A7E0006C0BAD13AD136C0B8C0BCD13AD138C1325
:10A7F000AC13CD13AD136C0B8C0BAD0BAD0B8C0BE5
:10A800008C0BAD136C0B6B0B8C1BAC236B2BC9220D
:10A810004722462A4732E531A5290632473A673AA8
:10A82000263A842984294B63B08C6C63883A0B4B9D
:10A83000EE6BEE6B0E748F848F8C4E84CC738B63B7
:10A840004B5B8842E629E621C619A509C609070A15
:10A85000270A480A880AA90AEA0AEA0AEA0A0B0B3E
:10A860006C136B130B0BEA0A2B0B2B0B0B0B2A0B2A
:10A870000A13E91A4B330E54D174B17CB17CB18404
:10A88000D284D284F384F38413851385F384F38410
:10A89000138D1385F384F384138D338D338D128DD3
:10A8A000F284D27CD184F28C349554955495558D94
:10A8B000558D348D3495148D3495138D348D959D2F
:10A8C00075A5718C2A63296BAA83CA932BAC6CB4CF
:10A8D000ADBC0EC550C591CDD2CDF3D514DE34DE5E
:10A8E00055E655E676E696E6B7EEB7EEB7EED7EE66
:10A8F000F8F6F8F6F8F6F8F618F718F718F719F763
:10A9000018F718F718F718F7F8F619F7D8F6B7F692
:10A91000B7F676EED3DD72CD71CDB2CDD3D5F3D50A
:10A9200014DE34E655E675E675E696E696E696E6B6
:10A9300096E6B6E6B7EEB7EEB7EEB7EEB7EEB7EE21
:10A94000B7EEB7EEB7EEB7EEB7EEB7EEB7EEB7EEDF
:10A95000B7EEB7EEB7EEB7EEB7EEB7EEB7EEB7EECF
:10A96000B7EEB7EEB7EE97EE96EE96EE96EE76EE83
:10A9700096EE76EE96EEB7F696EE75E676E675E628
:10A9800014DE92CD72CDB6EEF7F6F7EEF8EE39F7AB
:10A990003AF71AF71AF73AF719F719F7F8EEF8EE47
:10A9A000F8EEF8EEF9EE19F73AF73AF73AF73AF720
:10A9B0005BF75BF75BF77BF77BF77BF77BF77BF767
:10A9C0007BFF7BFF7BFF7BFF7BFF7BF75AF75AF711
:10A9D0005AF739F719F7F8EED8EEB7EE96E676E6BD
:10A9E00035E6D3D572C5F0AC0D8C9094D6BD39BE8A
:10A9F0009BC6FDCEDDCE1ECFFDCEFDCEBBC6559592
:10AA00005174917C707CB184D08CB08C8F84908494
:10AA10008F7C0E74AD634C53AA32681A8912A91246
:10AA20008A128A128A128A12AA12AA12CA12AA12A6
:10AA3000CB12EB12EB12CB12CB12EB12EC12EB128D
:10AA4000EB12EB120B130B130B0B0C130C13EB127F
:10AA50000C130C130B0B0B0BEB0AEB0A0C130C1364
:10AA60006C03AD0B8C0B6C0B8C0BAD13AC136C0B24
:10AA7000AC13CD13AD138C0B8C0BAD0B8D0B8C0B62
:10AA80008D0BAD0B6C0B6C0B8C1B8C234B2BC922D1
:10AA90006722672A4732E531E5292632673AA8421C
:10AAA000473AE531A4292A5BB08CCD6BCA420B4BE7
:10AAB000EE6B4F744E7C8F844E842D7C2D7CCC6B42
:10AAC0002A5B68420632E629C619A509C609070AA3
:10AAD000270A480A880AC90AEA0AEA0AEA0A0B0B9C
:10AAE0004C134C0B0B0BEA0A2C0B2B0B0B0B0A0B0E
:10AAF0000A13EA124B2B0E54F274D27CB27CB27C55
:10AB0000D284F284F38413851385F384F38413854C
:10AB1000138D138D1385138D348D538D338D138DBC
:10AB2000F384F284F284138D54955495549555957D
:10AB3000358D55953495138D349554959695769518
:10AB4000F8AD96AD0F7C6B738A83698BCAA30AAC90
:10AB50006CB4ADBC0FC550C591CDB2CDD3D5F4DD2D
:10AB600015DE55E676E676E696EE96EEB7EEB7EEAD
:10AB7000D7EED7EEF8F6F8F6F8EEF8F618F718F77D
:10AB800018F718F718F718F7F8EE18F7D7EEB7EE2A
:10AB9000B7F635E672CD51C592CD92CDF3D5F3D54A
:10ABA00014DE34DE55E655E675E695E676E696E67D
:10ABB00096E696E6B7EEB7EEB7EEB7EEB7EEB7EEBF
:10ABC000B7EEB7EEB7EEB7EEB7EEB7EEB7EEB7EE5D
:10ABD000B7EEB7EEB7EEB7EEB7EEB7EEB7EEB7EE4D
:10ABE000B7EEB7EEB6EE96E696EE96EE76EE76EE2B
:10ABF00076EE76E676EE96EE96EE76EE55E655E64F
:10AC0000D3D571C514DE17F7F7F6F8EE19F73AF752
:10AC10001AF7F9EE3AF73AF719F718EFF7EEF7EEF9
:10AC2000F8EEF9F619F719F73AF73AF73AF73AF76B
:10AC30005BF75BF77BF77BF77BF77BF77BF79BF7A4
:10AC40007BFF7BFF7BFF7BFF7BF75AF75AF75AF7B7
:10AC50005AF739F719F7F8EED8EEB7EE76E655E67B
:10AC600034DEB2CD51BD8F9C2E8C13A559C639BE92
:10AC70007BBEFDCEDDC61ECFFDCEFCCEBBC6559540
:10AC80005174917C707CB184B08CB08C8F848F8433
:10AC90008F840E74AD634C53AA32691A89128912DB
:10ACA0008A128A128A128A128A12AA12CA12AA1244
:10ACB000CB12EB12EB12CB12CB12EB12EC12EB120B
:10ACC000EB12EB120B130B13EB0A0B130C13EB121F
:10ACD000EB120C130C130C130B0BEB0AEC120C13F2
:10ACE0004B038C0B8C0B4B036C0BAC138C136B0B4F
:10ACF0008C0BAC13AC0B8C0B8C0BAD0BAD0B8C0B12
:10AD00008C0BAD136C0B4C0B6C136C232B23C922D7
:10AD10006722472A2632E5290632673A883AC94A25
:10AD2000A84A6742E531E9526F840E742B534B5B9E
:10AD30000E746F846F844E84CC73EC732D7CEC7333
:10AD40002A53683A27320722C619A609A609070A14
:10AD5000270A680A890AC90A0A130A0B0B0B0B0B8C
:10AD60004B132B0B0A030B034C0B2B0B0A030A0B85
:10AD70000A13EA124B2B0F54F274D27CD27CB27CB1
:10AD8000F284F284F3841385F384F384F384138DC3
:10AD9000138D1385138D348D54955495338D138DE8
:10ADA000F384F284F284338D5495549555955595DA
:10ADB00055955595138D148D3495148DB69DB79D6D
:10ADC000979DF8AD95A570844A6B29738A8BCA9BB1
:10ADD0000BAC4CB4ADBC0EBD50C571CD92CDD3D52E
:10ADE000F4DD14DE55E655E675E675E696EEB7EE4B
:10ADF000B7EEB7EED7EED7EED8EEF8F6F8F6F8F6EF
:10AE0000F8F6F8F6F8F6F8F6F8F618F7B7EEB7EE43
:10AE100096EE14E651C530C592CD92CDF3D5F3D55B
:10AE200034DE34DE35E675E675E675E675E696E6FB
:10AE300096E696E6B7EEB7EEB7EE97EEB7EEB7EE5C
:10AE4000B7EEB7EEB7EEB7EEB7EEB7EEB7EEB7EEDA
:10AE5000B7EEB7EEB7EEB7EEB7EEB7EEB7EEB7EECA
:10AE6000B7EEB7EEB6EE96E696EE96EE76EE76E6B0
:10AE700076E676E676EE96EE96EE96EE35E655E6D4
:10AE8000B3D571C596EEF8F6F8EEF8EE39F73AF765
:10AE900019F71AF73AF73AF719F718EFF8EEF8EE4C
:10AEA000F9EE19F73AF73AF73AF73AF75BF75BF743
:10AEB0005BF77BF77BF77BF77BF77BF77BF77BFF1A
:10AEC0009BFF7BFF7BFF7BFF7BF75AF75AF75AF715
:10AED0005AF739F719F7F8F6D8EEB7EE76E635DE19
:10AEE00014DE72C531B52E94508C75AD7AC65ABE3B
:10AEF0005AB6DCC6BCC6FDCEFDCEFCCEBBC6359573
:10AF00005174927C917CB184B08C90846F7C8F7CE6
:10AF10008F840E74AD634C53AA32691A8912891258
:10AF20008A128A128A128A128A12CB1ACB12AA1297
:10AF3000AA12CB12EB12CB12CB12EB12EB12EB12CA
:10AF4000CB12CB12EB12EB0ACB0AEB0A0C13EB126F
:10AF5000EB12EB120C132C130B0BEB0AEC12EC1292
:10AF60004B038C0B8C0B4B036C0B8C138C136B0BEC
:10AF70006B0BAC13AC138C0B8C0BAD13AD138C0B98
:10AF80008D0BAD136C132B0B4B1B6C234B2BEA2A35
:10AF9000882A672A473206322732883AA8420A535B
:10AFA0002A5B874A263AE9526F84ED6B0A530953AC
:10AFB000AC6B2D844D844E8CEC7BAB730D7CED73B0
:10AFC0000A53683A072AE621C6198509E709C7091D
:10AFD000270A480A890AC90A0A130A0BEA0A0A0B4D
:10AFE0004B132B130B0B2B0B4C0B4B0B0B030B0BA8
:10AFF000EA12EA122B2B0E54D274F27CD27CD27C51
:10B00000F384F384F384F384F384F384148DF3845E
:10B01000148D148D148D348D348D348D338D138DAA
:10B02000138DF384F384138D759575957595558DF2
:10B03000548D55953595148D148D759DD7A5F8A50E
:10B04000B7A5979DB7A534952F7C8C6B096BAA8B00
:10B05000EB9B0AA44BACADBC0EBD2FC550C5D2D5E1
:10B06000F3D5F3D513DE34E634E655E676EE96EE08
:10B0700096EEB7EEB7EEB7EED7EEF8F6F8F6F7F6CF
:10B08000D8F6D8F6D8F6F8F6F8F6D8F6B7EEB7EE62
:10B0900075E6D3D530C551C5B2D5D2D5F3D514DEBA
:10B0A00034DE34DE55E655E675E676E696E6B6EE2F
:10B0B00096E696E696E6B7EED7EEB7EEB6EE97E6EC
:10B0C00097E696E6B7E6B7E697E696E696E697E65B
:10B0D00097E6B7EEB7EEB7EEB7EED7EEB7EED7EE30
:10B0E000B6EE96E696E696E676E676E676E675E6D9
:10B0F00075E676EE75EE96EE75EE75E655E6D3D509
:10B1000092CD55E618F7D7EE19F719F73AF73AF74F
:10B110003AF73AF71AF719EF19EFF8EEF8EEF8EEFA
:10B12000F8EE19F719F73AF73AF73AF75BF75BF7E2
:10B130007BF77BF77CFF7BF77BF77BF77BF77BF776
:10B140007BF77BFF7BFF5BFF5BFF5AFF5AF73AF70A
:10B150003AFF19F719F718F7D7EE96E696E655E68F
:10B16000F3D572C5D0A40E8C139DD7B53AB65BB695
:10B170007BB69CBEBCC61DD71DCFFCCEBBC63595CD
:10B1800030745074917C9184918490844F7C6F7C56
:10B190006F7C0F74AD632B4BAA326922891A891216
:10B1A0008A128A126A126A12AA12CB1ACB12CA1215
:10B1B000AA12AA12CB12EB12CA12EB12EB12EB126A
:10B1C000CB12CB12CB12EB12EB12EB120B13EB0ADE
:10B1D000EB120B13EB0AEB0AEC0AEC12EC12EC127A
:10B1E0004C038C0B8C0B4B036C0BAD138C136B0B48
:10B1F0008C0BAC13AD138C0B8C0BAD0B8D0B6C0B44
:10B200008C0BAD138C134B134B1B6C232B2BEA2A8B
:10B21000882A672A2732062A4732A83AE9426B5B16
:10B220006B63A852674209532E7C0E74E952A84AF8
:10B230006B6B2D844D8C0C84AB73AB73ED7BED731A
:10B240000A4B883A272AE721C6198509C711E70959
:10B25000280A480A680AA90AEA12EA0AEA0A0A0B4C
:10B260004B132B130A030B0B4C0B4B0B0B0B0B0B46
:10B27000EA12CA120B2B0E54D274F27CD27CD27C0E
:10B28000F384F384F384F384F384148D148D148D88
:10B29000148D148D348D348D348D348D348D338DE7
:10B2A000138DF3841385348D759575957595549527
:10B2B000558D55953595348D5595969DD7ADF8ADF1
:10B2C000F8A5D8A5B8A5769DD384307C8C734A7335
:10B2D0008A83EA9B0AA42BAC8CB4EEBC2FC571CD3B
:10B2E000B2D5D2D5F3DD34DE34E654E675E675E644
:10B2F00076EE96EEB7EEB7EEB7EED7F6D7F6D7F610
:10B30000D7F6D8F6D8F6D8F6D7F6B7EEB7EEB6EE4B
:10B3100075EED3D530C551C5B2D5B2D5F3D514DE4F
:10B3200034DE34DE55E675E675E675E696E696EEAD
:10B3300096E696E696E696E6B7EEB7EEB6E696E6BB
:10B34000B7E6B7E6B7E6B7E697E696E696E697E697
:10B3500097E6B7EEB7EEB7EEB7EEB6EEB6E6B6E600
:10B3600096EE96E696E696E676E676E676EE75E66E
:10B3700076EE76EE76EE96EE75EE55E634DED3D5C5
:10B38000D3D596E619F7D8EE19F719EF3AF73AF749
:10B390003AF73AF719EF19EF19EFF8EEF8EEF8EE81
:10B3A00019F719F719F73AF73AF75AF75BF77BFFEE
:10B3B0007BF77CFF7CFF7BF77BF77BF77BF77BF7EB
:10B3C0007BF77BFF7BFF7BFF5BFF5AFF3AFF3AF780
:10B3D0003AF719F719F7F8EED7EE96E675E614DEA8
:10B3E000B3CD31BDB0A4709455A5F8B53AB65BB6EF
:10B3F0007BB69CBEBCC6FDCEFDCEFCCEBBC6359595
:10B40000306C5074917C9184918490846F7C6F7CBB
:10B410006F7C0E748D5B0B4BA932691A691289120D
:10B4200069126A1269126912AA12CB1ACB12CA12D5
:10B43000AA12AA12CA12CA12CA12EB12EB12EB1209
:10B44000EB12EB12EC1AEC12EB120C130B13EB0ACF
:10B45000EB0AEB0A0B130C130C13EC12EC0ACB0ADD
:10B460004C038C0B6C0B4B038C0BAD13AC136B0BA5
:10B470008C0BAC13AC0B6C0B8C0BAC0B8C0B6C0BEC
:10B480006C0B8D138C134B136B1B6C232B23EA2239
:10B490008822672A47322732673AC9420A4BAC5B97
:10B4A000AC6BE952A84A2A5BED732E7C0A53A84A7A
:10B4B0006A6B2D842D84AA738B73EC7BED7BCC6B34
:10B4C000E94A883A27320722C6196509C609E709F9
:10B4D0002812480A680A890ACA0AEA0AEA0A0A0B0A
:10B4E0002B132B0B0A0B0B034B0B4B0B0B0B0A0BEE
:10B4F0000A13C9120A23EE53D274F27CD27CD27C96
:10B50000F384F384F384F384F384148D148D148D05
:10B51000148D148D148D148D348D348D348D348DA3
:10B52000138DF384348D348D75957595959555955A
:10B530005595559555955595769DD7A518AE19AE47
:10B54000F9ADD9A5B89D979D3595D38C50846C7372
:10B550002A736A83CB930BA42CAC8DB4EEBC0FC5BD
:10B5600070CD91CDD2D5F3DD14DE34DE55E675E62F
:10B5700075E696EE96EE96EE96EEB7EEB7EEB7EE71
:10B58000B7F6B7F6D7F6B7EEB7EEB7EE96EE96EE9D
:10B5900055E6B2D530C571CDB2D5B2D5D3D514DE0E
:10B5A00034DE55E655E675E675E675E676E696E62A
:10B5B00096E696E676E696E696E6B6E696E696E6AB
:10B5C00096E697E6B7EE97E697E696E696E696E66F
:10B5D00096E697E6B7EEB7EEB6EEB6E696E696E6F0
:10B5E00096E696E696E696E696E676E676E675E6DC
:10B5F00075E675E675E676EE95EE54E6F3D5D3D5A9
:10B6000055DED7EE18F719F719F719EF1AF73AF7C9
:10B610003AF71AF719F7F9EEF8EEF9EE19EF19EF14
:10B6200019F719F719F73AF73AF75BF75BF77BFF6A
:10B630007BF77CFF9CFF7CFF7BF77CFF7BFF7BFF26
:10B640007BFF7BFF7BFF7BFF7BFF5AFF5AFF3AF7B5
:10B6500039F739F719F7D7EED7EE96E655E6F3D571
:10B6600092C5F1AC6F94F29C96ADF9B53AB65BB663
:10B670007CB67CBEBCC6FDCEFDCEFCCEBCC656950F
:10B68000506C7074907C9084908490846F7C6F7CFC
:10B690006F7C0E6C8C5B0A43A92A681A8912891286
:10B6A00069126A1269126912AA12CB1AAB12AA1293
:10B6B000AB12AB12CB12CB12CA12CB12EC12EC12A1
:10B6C000EC1AEC1A0C1B0C13EB120B130B13EB0AFA
:10B6D000EB0AEB0AEB0AEB0AEB0AEB0AEC0AEC0AC0
:10B6E0006C0B8C0B6C0B4B038C13CD13AC136B03DB
:10B6F0006B0BAC0B8C0B6B038C03AC0B8D0B6C0BC3
:10B700004B0B8C138C136B136B138C1B4B23E92289
:10B710008822682A67324732A83AE94209438B5B9C
:10B72000AC634A5BA84A4B5B0E742F7C8C632A5B2C
:10B730008B6B2D840C846A738A730C7C0D7CAC6BD0
:10B74000E94A883A272AE621C6196509C609E709A0
:10B75000280A480A680A890ACA0AEA0AEA0A0A0B8F
:10B760004B132B0B0A0B0A0B4C0B4B0B0A0B0A0B44
:10B770000A13C912EA22EE4BD174F27CB17CD27C5E
:10B78000F384F384F384F384F384F384148D148DAD
:10B79000148D148D148D148D348D348D348D348D21
:10B7A000138DF384348D548D7595759575957595B8
:10B7B000769575955595569597A5F8AD39B619B600
:10B7C000F9ADD9A5979D77953695359575A5918C49
:10B7D0008C73096B8A830C9C0B9C0BA48DB4CEBC20
:10B7E0002FC550CD91CD92CDD3D5F3D534DE55DED6
:10B7F00075E676EE96EE96EE96EE96EE97EEB7EE50
:10B80000B7F6B7EEB7EEB7EEB7EE96EE76EE75E6B4
:10B8100035E692D550C571CDB2D5B2D5D3D514DEAB
:10B8200034DE55E675E675E675E675E676E696E687
:10B83000B6E696E696E696E696E6B6E696E696E6E8
:10B8400096E697E6B7EE96E696E6B7EE97E696E6C4
:10B8500096E696E696E697E6B6EEB6EEB6E6B6E677
:10B8600096E676E676E676E675E675E675E675E6DC
:10B8700055E655E675E675E675E634DED2D5F3D5C0
:10B88000B7EEF8F6F8EE19F719F71AF73AF73AF7AC
:10B890003AF719EF19EFF8EEF8EEF8EE19EF19F79D
:10B8A00019F739F719F73AF73AF75BF75BF77BFFC8
:10B8B0007BF77CFF7CFF7CFF7CFF9CFF9CFF9CFF59
:10B8C0007BFF7BFF7BFF5BFF5BFF5AFF5AFF3AF773
:10B8D00039F739F7F8F6D7EEB7EE96E634DED3D57A
:10B8E00072C5B0A42E8C34ADD7B519AE1AAE5BB606
:10B8F0007CB67BB6BCBEBCC6FDCEFCCEBCBE7695CF
:10B9000050747074917C908490848F844F7C6F7C91
:10B910004E7CED6B8C5B2B43A92A681A8912891225
:10B9200069126A126A126A12AA12CA12AA12AA1218
:10B93000AA12AB12CB12CB12CB12CB12EB12EB1220
:10B94000EB12EC120C13EB12EB0A0B130B130B0B99
:10B950000B0BEB0AEB0AEB0ACB0AEB0A0C130C13EA
:10B960004C0B8C0B6C0B4B0B8C13CD13AC136B0370
:10B970006B0BAC0B8C0B6B036C03AC0BAD0B6C0B40
:10B980004B0B6C138C136B138C13AC1B4B1BE91AF6
:10B99000A822A82A672A6732C83AC93AE93A6B53FB
:10B9A000AC638C63C94A6C632E740E742E7CCD73A9
:10B9B000EC7B2D842D848A73496BCB730D7CAC6B2F
:10B9C000E94A883A062AC619C6198509C711E7093E
:10B9D000280A480A480A890AEA0AEA0AEA0A0A0B0D
:10B9E0004B132A130A0B2A0B6B134B0B2A0B2A132C
:10B9F0002A13C912C922CD4BB16CD27CB17CD27C46
:10BA0000D284D384D384F384F384F384148D148D8B
:10BA1000148D148D138D138D348D348D348D348DA0
:10BA2000138DF384148D348D75955595769D769D83
:10BA3000969D769D5695769DB7A519AE39B639B6C1
:10BA400019AEF8AD979D56955695769D18AE95A56D
:10BA5000918CAD7B4A738A83AA8BEA9B4BAC8CB4E6
:10BA6000CEBC0FC550C571C5B2CDD3CDF3D534DE34
:10BA700054E675E675EE95EE76EE96EE97EE97EE59
:10BA8000B7EEB7EEB7EEB7EEB7EE96EE76E655E662
:10BA900014E692CD51CD92D5D2D5D2D5F3D514DEC0
:10BAA00034DE55E675E675E655E655E676E696E645
:10BAB00096E696E696E696E6B6E6B6E6B6E696E646
:10BAC00096E696E696E696E696E6B7EE97E696E66C
:10BAD00076E676E696E696E6B6E6B6E6B6E6B6E646
:10BAE00076E675E676E676E675E655E655E655E6DB
:10BAF00055E655E655E675E675E614DEB2CD14D684
:10BB0000F7F6F8F6D8EE19F719F73AF73AF73AF7E1
:10BB10001AF719EF19EFF8EED8EEF8EE19EF19F75A
:10BB200039F739F739F73AF73AF75BF75BF77BFF05
:10BB30007BF77CFF9CFF7CFF7BFF9CFF9CFF9CFFB7
:10BB40007BFF7BFF5BFF5BFF5BFF5AFF3AFF3AF730
:10BB500039F719F7D8EED7EEB7EE75E614DED3CD88
:10BB600052BD6F9C0E8C75ADF8B5F9AD19AE5BB6D4
:10BB70007BB67BB69CBEBCBEFDCEFDCEBBBE769575
:10BB800071749174917C908490846F844F7C4F7C0D
:10BB90002E74ED6B8C5B2B43C92A681A680A890ADC
:10BBA000691269126A126A12AA12AA12AA12AA0ABF
:10BBB000AB12CB12EB12EB12CB12CB12EC12CB125C
:10BBC000EB12EB12EB12EB12EB0A0B130B130B1332
:10BBD0000B0B0B0B0B0B0B0BEC0AEC0AEC0AEC0A35
:10BBE0004C0B8C0B6C0B4C0B8C0BAD13AC0B4B033D
:10BBF0008C0BAC0B8C0B6B036C03AC0B8C0B6C03C6
:10BC00004B0B6C136C136B138C13AC1B6B1B091B52
:10BC10000923E92A882A872AC932C932093B8B536A
:10BC2000CC63CD6B2A5B8C632F740E744F840E7CB7
:10BC30000D846E8C4E8CCB7B49638A6BEC73AB634B
:10BC4000E94A68320622A519C6198509C609E70915
:10BC5000080A480A680A890AEA0AEA0AEA0A0A0B8A
:10BC60004B132A130A0B2A0B6C134B132A0B2A13A0
:10BC70000A13C912C9228C437064D17CD17CB27C76
:10BC8000D284D284D384F384F384F384F384148D34
:10BC9000148D148D138D138D148D348D348D348D3E
:10BCA000148D1385348D559555955595769D769DB6
:10BCB000769D769D769D969DD8A539B639B619AEF6
:10BCC00019AED8A5979D7695979DD8A519AED7ADF5
:10BCD00096A5D2948C73E86A497BCA93EA9B2BA4FD
:10BCE0006DB4CEBC0FC550C592CDB2CDD2D5F3D573
:10BCF00034DE34E654E655EE75EE76EE97EE97EECA
:10BD000097EE96EE97EEB7EE97EE96EE75E655E661
:10BD100014DE92CD71CDB2D5D3D5F3DDF3DD14DED3
:10BD200034DE55E675E675E655E655E675E676E6E3
:10BD300096E696E696E696E696E6B6E696E696E603
:10BD400096E696E696E696E676E696E696E696E633
:10BD500076E676E676E696E696E696E696E696E663
:10BD600096E676E676E696E675E675E675E655E6D7
:10BD700035E655E655E655E634DEF3D5D3CD55DE4A
:10BD8000F8F6F8EED7EE19F719EF3AF73AF73AF76F
:10BD900019EF19EFF9EEF8EED8EEF8EEF9EE19F723
:10BDA00039F739F73AF73AF73AF75BF75BF77BFF82
:10BDB0007CFF9CFF9CFF7CFF7BFF7BFF7BFF7BFF6F
:10BDC0005BFF5BFF5BFF5BFF5AFF5AFF5AFF39F7D0
:10BDD00019F718F7D8EED7EE96E655DEF3D5B2CDC3
:10BDE00011B52E8C4F8C96ADF8B5F9AD19AE5BB68A
:10BDF0005BB65AB69BBE9BBEFDC6FCC69BBE5595A8
:10BE00005174917C917C918490844F844F7C4F7CC1
:10BE10000E74CD6B8C5B2B43A92A6812680A680AE2
:10BE200069126912691269128A12AA12AA12AA1256
:10BE3000CB12CB12EB12CB12AB12AB12CB12CB123A
:10BE4000CB12EB120B130B13EB120B130B130B0B8D
:10BE5000EB0A0B0B0B0B0B0BEC0AEC0AEB0AEB0AD5
:10BE60004C0B8D138D136C0B8C0BAD138C0B4B0388
:10BE70008C0BAC13AC0B6B036C038C0B8C036C0343
:10BE80004B0B8C138C136B0B8B13AC1B8B1B2A1B58
:10BE90002A232A2BC922A822E932E9322A3BCC5391
:10BEA000CC63CC6BCD6B8C63EE6B4F7C2F7CCD73F6
:10BEB0000D7C8F8C6E8C0C7CAB73AB6BCC6B8B6303
:10BEC000E94A883A0622A519C6198509C609E7096B
:10BED000080A480A680AA90AEA0AEA0AEA0A0A0BE8
:10BEE0004B132A13EA0A0A0B4B134B132A0B2A1380
:10BEF0000A13C912C9226C3B4F64D174D27CB2843C
:10BF0000D27CD284D384F384F384F384F384F384E3
:10BF1000F384148D148D138D138D148D348D348D05
:10BF2000348D148D358D5595769D5595769D769DE0
:10BF3000769D769D779DB7A519AE3AB63AB639AEDD
:10BF4000F8ADD8A5979D769DD8A55AB619AE18AE6E
:10BF5000F8ADB6A5918C8C736A7B8A83898BCA9B5A
:10BF60002BA48DB4AEB4EFBC50C591CD91CDD2D53C
:10BF7000F3DD13DE14E634E655E676E676E676E69D
:10BF800076EE96EE96EE96EE96EE76E675E655E64B
:10BF900034DEB2CD92D5B2D5D3D5F3DD13DE13DEC8
:10BFA00034DE55E655E675E655E655E675E655E6A2
:10BFB00055E676E676E676E696E696E696E676E662
:10BFC00075E696E696E676E676E676E676E676E652
:10BFD00096E676E676E676E675E675E675E675E665
:10BFE00096E676E676E696E696E675E655E634DE7D
:10BFF00034DE55E634DE34DEF4D5B2CD14D696E622
:10C00000D8EED8EEF8EE19F71AF73AF73AEF3AF712
:10C0100019EF19EFF8EEF8EEF8EEF8EE18F719F759
:10C0200019F73AF73AF75AF75AF75BF75BF77BFFDE
:10C030009CFF9CFF9CFF7CFF7BFF7BFF7BFF7BFFCC
:10C040005BF75BF75BFF5AFF5AFF5AFF3AFF39F77E
:10C0500019F7F8EED7EEB7E655E654DED3D571C53D
:10C06000D0A4ED83D29CD6AD19B6F9AD19AE5BB6AE
:10C070003AB63AB67BBE7BBEDCC6BCC65AB6158D98
:10C080003074717C917C918491844F844F844F846F
:10C090000E7CAD6B6C5B2B4BA92A481A680A690AA7
:10C0A000691269126912690AAA12CA12AA12CA127C
:10C0B000CB12CB12CB12CB12AB12AB12CB12EB12B8
:10C0C000EB12EB120B1BEB12EB12EB120B130B131D
:10C0D000EB0AEB0AEB0AEB0AEB0AEB0AEB0AEB0AB8
:10C0E0004C0B8D138D136C0B6C0B8C138C0B4B0347
:10C0F0008B0BAC0B8C0B6B036C03AD0BAD0B8C0380
:10C100004B0B8C138C134B0B6B0B8C138C1B6B1B03
:10C110004B236B2B0A23E9222A2BE92A2A3BCC5BEF
:10C12000CC63AC632E7CAC63CD6BB18C0E744B6373
:10C13000ED7B8F944E8C4D842D840D74EC738B5B52
:10C14000E94A883A072AC619C6198509C609E709BE
:10C15000280A480A680AA90AEA0AEA0AEA0A0A0B45
:10C160002B132A13EA0A0A0B4B134B132A0B2A131D
:10C170000A13E912E91A4B3B2F5CB174D27CB284EA
:10C18000B27CD27CD384F384F384D384D384F384C9
:10C19000F384148D148D148DF384138D348D348DAC
:10C1A000358D348D55957595769D5695569D569D34
:10C1B000569D769D97A5D8AD3AB65AB65AB639AEC1
:10C1C000D8A5D8A597A5779D19AEBBC63AB65AB6DD
:10C1D000F8A5D7A596A5D294AD7B29736983AA8BC0
:10C1E000EB9B4CA46CAC8DB4EEBC30C570CDB1D51E
:10C1F000D2DDD2DDF3DD14DE35E655E656E656E651
:10C2000076EE76EE96EE96EE76E655E655E675E631
:10C2100035E6D2D5B2D5D2D5D3D513DE14DEF3DDD3
:10C2200034DE35E655E655E655E675E655E655DE67
:10C2300055E655DE55E655E676E696E676E675E68B
:10C2400075E676E696E696E676E676E676E676E6CF
:10C2500096E676E676E676E675E675E675E675E6E2
:10C2600075DE55DE55E675E675E655E634DE14DE18
:10C2700034DE35E614DE14DED3CD92C534DED7EEDF
:10C28000D7EEB7E6F9EE39F73AF73AF719EF3AF79A
:10C2900019F719EFF8EEF8EEF8EE18F719F719F7A5
:10C2A00019F73AF75AF75AFF5BF75BF75BF77BFF33
:10C2B0007CFF9CFF9CFF7CFF7BFF7BFF7BFF7BFF6A
:10C2C0005BF75BFF5AFF5AFF5AFF3AFF3AFF39F715
:10C2D00018F7F8EEB7EEB7E635DE34DED3D551BD4C
:10C2E0008F9CCD7B33A5F7B539B6F9ADF9AD3AB62C
:10C2F0003AB63AB67BBE5BB6BCC69BBE39B6F48CCA
:10C30000106C717C917CB18491846F844F844F84D4
:10C310000E7CAD6B6C5B0B4BA92A681A69128912F3
:10C32000691289128912690AAA12CA12CA12CA1299
:10C33000AA12CB12CB12CB12CB12CB12EB1AEB1AE6
:10C34000EB1AEB1AEB12CB12AA0AEB120C132C13FA
:10C350000C130C130C130C130C13EB12EB12CB0A73
:10C360004C0B6D0B6C0B4B0B6C0BAC138C0B4B0316
:10C370004B038C0B8C0B6B038C03AD0B8D0B6C0385
:10C380006C0B8C138C0B6B0B6B0B8B136B134B139A
:10C390006B1BAC236B234A1B0A230A2B4B3BAC5B66
:10C3A000ED6B0D744E7CED6BCD6BB1849084CD73D1
:10C3B000CD734E84B0948F8C4E84ED73ED6B8B5B9C
:10C3C000EA4A883A4832C62185118609A609E70952
:10C3D000070A480A680AA90ACA0ACA0ACA020A0B4C
:10C3E0002B132A13EA0A2B0B6C134B13EA0A0A0BC2
:10C3F0000A13E912C91A2B33EE53B274F384D27CB8
:10C40000B27CB27CD284D384F384F384148DF3841D
:10C41000148D148D148D148D148D148D348D5495AC
:10C42000358D348D358D769D769D5695979D769D6F
:10C43000779D97A5B8A5F9AD3AB67BBE7BB61AAE87
:10C44000F9ADB8A5569DD8AD9CC6BCC67BBE7BBE1B
:10C450003AB6D8A597A596A5D294AD7B2B738B83BE
:10C460008A83AA8B2CA46CACADBCEEC40ECD50CD8F
:10C4700071D5B2D5F3DD14DE14DE35DE35E656E6D1
:10C4800076EE96EE96EE76EE76E655E655E634DEF8
:10C4900014DE13DED3DDD2D5F3D513DE14DE34DEA5
:10C4A00014DE14DE34DE55E675E655E635E655E66F
:10C4B00076E676E655E655E655E655E655E675E642
:10C4C00076E675E675E675E655DE35DE55DE76E62A
:10C4D00076E675E655DE55DE75E675E675E655DEFB
:10C4E00075DE55DE55DE55DE75E655E634DE34DEA6
:10C4F00034E634DEF3D514DE71C514D676E6B7E63D
:10C50000D8EED8EED8EE19EF19EF3AEF19EF3AEF6F
:10C51000F9EEF8EEF8EEF8EE19F719F719F719F742
:10C5200019F73AF75AF75AF75BF75BF77BFF7BFF90
:10C530009BFF7BFF7BF77BF77BFF5BF75BF77BFF6B
:10C540005BF75BFF5AFF3AFF3AFF3AFF39F719F7FB
:10C55000D8EED8EEB7EE55DE76E634DE71C530B5EE
:10C560000E8C0E8434A518B619AEF9A53AAE3AB6BB
:10C570003AB619AE3AB67BBE5AB69BBEF8ADB38496
:10C5800030749184707C9084908490846F844F8404
:10C590006F84EE738C5B2B4BA92A481A68128912A0
:10C5A0008A1A6912490A690A8A0ACA12EB12EB123C
:10C5B000CA12AA12AA12AA12AA12AA12AA12AA127B
:10C5C000CB12EB1AEC1AEB12CB12EB12EB12CB12D2
:10C5D000CB12EB12EB12EB12CB0AEB12EB12CB12DB
:10C5E0006C0B8D138D134C0B6C0B8C138C0B4B0342
:10C5F0004B038C0B8C0B6B036C038C038C036C0355
:10C600006C0B8C0B8C0B6B0B6B0B6B136B132B135F
:10C610006C13AC1B6B1B4B1B2A1B4A2B4B3BAC53A9
:10C62000ED6B4E7C6F840E740E74D18CB08C4F8485
:10C63000ED7BCC7B2E846F8C6F840D74ED6B6B5B0C
:10C64000C9426832272AC61985118509A609E70952
:10C65000270A480A680AA90ACA0ACA0ACA020B0BA8
:10C660002B130A13EA0A2B0B6C1B4C130A0B0A0B35
:10C67000EA12E912EA1A2B2BCD4BB16CF384D28467
:10C68000B27CD27CD284D284D384F384F384148D9C
:10C69000148D148D148D148D148D148D348D348D52
:10C6A000348D348D358D769D769D769D979D769DC6
:10C6B000769D979DD8A519AE5AB67BB65AB63AAEB6
:10C6C000D9AD979DB8A55BBEDCCEBCC6BCC69CC62A
:10C6D0005AB63AB619AED8AD75A5D3940F7C2B6B6C
:10C6E0006A7B8A83AA8B2CA46CB46CB4CDC4EECCC8
:10C6F00030CD51CD92CDB3D5F4D514DE14DE34DE79
:10C7000035E655E655E655E655E655E655E655E671
:10C7100034E614DEF3DDD3D5F3D513DE14DE34DED8
:10C7200014DE34DE14DE35E655E655E635E635E64C
:10C7300055E655E635E635E635E655E655E655E681
:10C7400075E675E675E675E655E655DE55E676E678
:10C7500076E676E676E676E675E675E675E675DE05
:10C7600075E675E655DE55DE55E634E634DE34DE34
:10C7700014DE13DED3D5D3D571C514D696E6B7EE45
:10C78000F8EED8EEF8EE39F719EF19EF19EF19EFC7
:10C79000F9EEF8EEF8EEF8EE19F719F719F719F7C0
:10C7A00019F73AF75AF75AF75AF75BF77BFF7BFF0F
:10C7B0009BFF7BF77BF77BFF7BFF7BFF7BFF7BFF99
:10C7C0005BFF5AFF3AFF3AF73AFF39F719F719F7C3
:10C7D000F8EED7EEB7E696E635DE92CD10BD8EA424
:10C7E000CD83708C38BED8ADD8A51AAE1AB6D9ADE7
:10C7F000B8A53AB69CBE9BBE1AAE3AB6769D3174C9
:10C80000717C917C3074707C917C90847084708495
:10C810002F7CCD6B6C5B2B43892A281A2812491276
:10C82000490A690A690A8A12AA12AA12CA12AA0A2B
:10C83000CA12AA12CA12CB1ACA12AA12AA128A12AF
:10C84000AA12CB1AEB1ACB12CB12EB12EB12CB12B1
:10C85000CB12EB12EB12EB12EB12EB12EB12CB1230
:10C860004C0B8D138D136C0B4B0B6C0B8C0B4B0308
:10C870004B038C0B8C0B4B036C038C036C034B0333
:10C880006C038C0B8C0B6B0B6B0B6C136B134B13C4
:10C890006C138C1B6B134B134A1B4B2B4B3B8B5357
:10C8A000CC6B4E848F842E742E74D18CD18CB08C32
:10C8B0004F84ED7B2D7C8F8C8F842E7C0D746B5B75
:10C8C000C9424732072AC61985118509A609E70911
:10C8D000270A480A680AA90ACA0ACA0ACA020B0B26
:10C8E0002B132B130B0B0B0B6C134C130A0B0A0B98
:10C8F000EA0AE9120A1B2A2B8C4370641385F3841D
:10C90000D284D384D384B27CB27CD384F384148D58
:10C91000148D148D148D148D148D148D148D148D0F
:10C92000348D358D3595769D769D769D779D769D5A
:10C93000769D97A5F9AD3AB67BBE7BB65AB63AB6A8
:10C94000B8A5779D19B6DCCEFCCEDCCEDCCEBCC65D
:10C950007BBE5AB63AB619AED7AD96A5F494EF7B26
:10C960002A6B4A738A838A8BCAA32BB48CBCADC44E
:10C97000EFC430C551CD92CDD3D5F3D5F3DD13DE61
:10C9800014E634E635E634DE34DE34DE35DE55E6F4
:10C9900035E634DE13DEF3D5F3D5F3DD14DE14DE35
:10C9A00014DE14E614DE34DE55E655E635E635E6EB
:10C9B00055E655E635DE35DE35E635E655E655E62F
:10C9C00055DE55DE55DE55E655E655E675E676E666
:10C9D00076E676E676E676E676E676E655E655DEC1
:10C9E00055E655E635DE14DE14DE14E613DE13DEFE
:10C9F000F3DDD3DDB2CD92CD92CD35DE97E6D7EE25
:10CA0000F8EED8EEF9EE3AF719EF19EF39EF19EF22
:10CA1000F9EEF8EEF8EE18F719F719F719F719F714
:10CA200039F73AF75AFF5AFF5AF75BF77BFF7BFF5C
:10CA30007BFF7BF77BFF7BFF9CFF7BFF7BFF7BFF0D
:10CA40005BFF5AF73AF73AF739F719F7F8F6F8EEC5
:10CA5000F8EEB7EE96E675DEF4D592C531C56EA454
:10CA6000CD83919459C63DD7DDC63AAED9AD3AB61D
:10CA70003AB63AB619AE1AAE5BB65AB65695317496
:10CA80005274B37C727471749274D27CD384D284E5
:10CA90009284F06B6E530C438A2A6A1A6A1A8B1AB4
:10CAA0008B128B128B128B128A0AAB12CB12CB1207
:10CAB000AA12AA12AA12AA12AA12AA128A12890ADF
:10CAC000AA12CB12CB12CB12CB12EB12EB12CB125F
:10CAD000CB12CB12EB12CB12CB12EB12EB12CB120E
:10CAE0004C0B8D13AD136C0B4B0B6C0B8C0B6B0B3E
:10CAF0004B038C0B6C0B4B036C038C036C034B03D1
:10CB00006C038C0B8C0B6B0B6B138C136C134B1318
:10CB10006C138C136B0B4B0B4A1B4B2B2B3B6B532C
:10CB2000AB6B2D7C6F842E740E74B084D18CD18C41
:10CB3000908C2E844E846E8C4E7C0D740D746B5BC9
:10CB4000C9422732E629A51965118509A609E60912
:10CB5000070A480A680AA90ACA0ACA0ACA0A0B0BBB
:10CB60004B132B130B0B0B0B4C134B130A0B0A0B16
:10CB7000EA0AE9120A1B2B2B4C3B50641385F38401
:10CB8000D384F384D384D384B27CB27CF384F384DF
:10CB9000F384148D148D148D148DF384F384148D0B
:10CBA000148D358D3595769D969D969D779D769DB8
:10CBB000769DB7A519AE5ABE7BBE7BBE5AB63AB6B5
:10CBC00097A5B7A59BC61DD7FCD6FCD6DCCEBCC6A8
:10CBD000BCC67BBE5AB619AED8ADD8ADB7A5349D8C
:10CBE000EE7B6B734A73497BAA932BAC2BB46CBC62
:10CBF000CEBC0FC530C571C5B2CDD3D5D2D5F3DD0E
:10CC000013DE14E614E614DE14DE14DE34DE34DE45
:10CC100014DE14DE13DEF3DDF3DD13DE13DE14DECB
:10CC200014DE14DE14DE34DE35E655E635E635E690
:10CC300055E655E655E655E635E655E635E635E67C
:10CC400034DE34DE34DE34DE55DE55E655DE55DEC8
:10CC500055DE55E675E675E655E655DE55DE35DEFC
:10CC600055DE55DE14DEF3DDF3DD13DEF3DDF3DD3B
:10CC7000D2D5D2D592CD31C5B2CD35DEB7EED7EE15
:10CC8000F8EED8EE19EF3AF719EF19EF19EF19EF9F
:10CC9000F9EEF9EEF8EE18F719F719F719F739F771
:10CCA0003AF75AF75AFF5AFF5AF75BF75BF77BFFE1
:10CCB0007BF77BF77BFF7BFF7BFF7BFF7BFF7BFFB4
:10CCC0005AF75AF73AF739F739F719F7F8EEF8EE55
:10CCD00018F7B7E676E675DE14DE92CD10BD2D9C12
:10CCE000ED8B34AD1CDFDCCEBCC69CBE5BBE7BBE18
:10CCF0003AB63AB61AAE3BAE7CB65BAE168DB05BBA
:10CD0000CC42AC3A6B2AAB32EC3AEC3ACC3AED423C
:10CD1000CC3A8B322A222A1A0A12E9090A120A0A82
:10CD20002A0A4A0A4B0A4A0A8B0ACC12EC12CB1284
:10CD3000AB12AB12AA12AA128A128A128A128A0A99
:10CD4000AA12CB12EB12CB12EB12EB12EB12CB129C
:10CD5000AB12CB12CB12CB12CB12CB12CB12CB120B
:10CD60002C0B6D138D134C0B4B0B6C0B8C136C0B32
:10CD70004B038C0B6C0B4B036C038C0B8C034B0326
:10CD80006C038C0B6C0B6B038B0B8C136C132B13C6
:10CD90004C138C134B0B4B132A1B4B2B4A3B8C53C2
:10CDA000EC6B4E7C8F844E7C0E6CB084F294D18CF4
:10CDB0006F840D7C0D7C0D7CEC7BEC730D746B63D0
:10CDC000A942272AE621A51965118509A509E609C1
:10CDD000070A270A480A890ACA0ACA0ACA0A0B0B9A
:10CDE0002B132B13EA0A0B0B4C132B130A0BEA0A17
:10CDF000EA0AC90A0A1B2A234B332F5C137D1385C9
:10CE0000F384F384F384D384D384D384D384F384EA
:10CE1000F384F384148D148D148DF484F484F484D9
:10CE2000148D35955695769D969D979D779D769D0B
:10CE3000779DD8AD3AB67BBE7BBE7BBE3AB6F9AD28
:10CE4000B7A539B61DD75DDF1DD73DDF1DD7FCCE99
:10CE5000DCCEDCC69BBE39B619AEF8ADD8A5969D22
:10CE6000349D0F840A6B4B7B8A8B698BCA9B2BACDE
:10CE70008DB4CEBCEFBC30C551C571CD91D5B2D506
:10CE8000F3DDF3DDF3DD14DE14DE14DE14DE14DE78
:10CE900014DE13DE13DE14DE14DE13DE14DE14DE05
:10CEA00014DE34DE34DE34DE34DE34DE35E635DE08
:10CEB00055E655E655E655E655E655E635E634DEE3
:10CEC00034DE35DE34DE34DE35DE55E655E635DE7D
:10CED00035DE55DE55DE55DE55DE55DE55DE35DEFA
:10CEE00034DE34DE14DEF3D5F3DDF3DDD2DDD2DD66
:10CEF000B2D5B2D571CD10BDD3D555DEB7EED8EED3
:10CF0000F8EED8EEF9EE3AF719EF19EF19EF19EF3D
:10CF1000F9EE18EF18F719F719F719F739F73AF783
:10CF20003AF75AF75AFF5AFF5BF75BF77BFF7BFF35
:10CF30007BF77BF77BFF7BFF7BFF5BF75BFF7BFF79
:10CF40005AF75AF73AF739F719F718F7F8EEF8EEF3
:10CF5000D7EEB7E676E614D6D3D5B2CDCFB4CC9320
:10CF6000CD8B95B59ACE5EDF5FD73FD71ECF9CC6DF
:10CF70009CC65BB65CB61BA6B674CE32891127017F
:10CF800027018909A909680168018801A909890996
:10CF90006809680169018A01AA01AA01AA01CA01F6
:10CFA000EB010B020B020A022B026C0A8C12AC1270
:10CFB000AB12AB12AB1AAB128B12AA12AA128A0ACC
:10CFC000AA0ACB12EB12EB12EB12EB12EB12CB0A0A
:10CFD000CB0ACB12EB12EB12CB12CB12CB12CB0A39
:10CFE0002C036C0B6C0B2B0B4B036C0B8C136C0B13
:10CFF0006B0B8C0B6C0B4B036C03AD0B8C034B035B
:10D000004B036C0B6B034B038B0B8C136C132B13AD
:10D010004C136C134B0B4B132A1B4A2B4B3BCC5B17
:10D020002E7C6E84B08C8F7C2E74B1841295F1941A
:10D030004E84CC73AB73CC73EC7BEC7BED738B6366
:10D04000A842062AC521851964118511A509E6099A
:10D05000070A270A480A890AC90AC90AC902EA0A44
:10D060000B0B0B0BEA0A0B0B4C134B130A0B0A0BA3
:10D070000A0BC90A0A1B2B234B332F54137D34850B
:10D08000F384F384F384F384F384F384F384F384E8
:10D09000F384F384148D148D148D148D148D148DDC
:10D0A000158D5595769D5695769D979D779D779D87
:10D0B00097A519AE7BBE7BBE7BBE5AB619AEB8A58E
:10D0C000D8ADBBC63EDF3DD73DDF3EDF1DD7FDD629
:10D0D000DCCEFDCEBCC67ABE3AB619AED8A5B7A591
:10D0E00096A513952F846C732A73297B8A8BCA9B10
:10D0F0004CAC8DB4CEBCEEBC0FC550CD70CD91D52F
:10D10000B2D5D3DDF3DDF3DDF4DD14DE14DE14DEA1
:10D11000F4DDF3D5F3DD14DE34DE13DEF3D514D6FF
:10D1200014DE34DE34DE14DE14DE34DE35DE34DECE
:10D1300034DE34DE34DE35E635E634DE34DE34DE4D
:10D1400034DE34DE34DE34DE34DE34DE35DE35DE4D
:10D1500055DE55DE55DE55DE55DE55DE55DE35DE57
:10D1600034DE34DEF4DDF3DDF3DDD2DDB2D5B2D56D
:10D1700092D571CD50C530BDF4DD76E6B7EED7EE71
:10D18000F8EEF8EEF9EE19EF19EF19EF19EF19EFC4
:10D1900018EF18EF18F719F719F719F73AF73AF7E0
:10D1A0005AF75AFF5AFF5AF75BF75BFF7BFF7BFF8B
:10D1B0007BF77BF77BFF7BFF5BF75BF75BF77BFF27
:10D1C0005AF75AF73AF739F719F718F7F8EED7EE92
:10D1D000B7E696E655DED3CD92CD71C58EAC0C9CEC
:10D1E000F1AC78D65DE71DD71ED73FD79FDF7FDF35
:10D1F0007CBEF68C704B2C228A094801690989098A
:10D200008A0969018A01CA01EB01CA01AB01CB019C
:10D21000EC09EC09EC09EC09EC01EC01EC090C0A55
:10D220000C022C020C02EB01EB010B022B024B0A4D
:10D230006B128B12AB1AAC1ACB1ACB1ACB12AA12E6
:10D24000AA0ACA0AEB120B130B130B13EB12EB0A0D
:10D25000CB0AEB12EB12EB12EB12CB0ACB0ACB0A86
:10D260002C034C0B4C0B2B034B038C0B8C136B0BB9
:10D270006C0B8C0B6C0B4B036C038C0B8C034B03F8
:10D280004B036B0B6B036B038C13AC1B6C1B2B13D3
:10D290004C138C1B4B134B132A1B4A2B6B43ED6314
:10D2A0004E7C8F84B08C90842F74907CF18CF194A0
:10D2B0008F8CEC7BAB73EC7B0C7CCC7BCC738B6B63
:10D2C000A84A062AA521851985118511A609E6090E
:10D2D000070A470A680A890ACA0AC90AC902EA0A81
:10D2E0000B0B0A0BEA0A0B0B6C134B130A0B0A0B02
:10D2F0000A0BC90AE9122A234B330E54F274548DD7
:10D300001385F384F384F384F384148DF384F3841A
:10D31000F384148D148D148D148D148D148D148D2F
:10D3200035955695769D569D769D979D769D979DB4
:10D33000D8A539B67BBE9BBE7ABE39B6F9ADD8AD9D
:10D340005ABE1DD75EDF3EDF3EDF3ED71ED71ED75B
:10D35000FDCEDDCEDCCEBCC67BBE3AB61AAE19AE73
:10D3600097A596A555A50F844B734A7B49838A8B55
:10D37000CA9B2BA48CB4ADB4EEBC0FC530CD50CD40
:10D3800091D5B2D5D3D5D3D5D3D5F3D5F3D5F3D560
:10D39000F3D5D3D5F3D5F3D513DEF3D5F3D5F3D544
:10D3A00014DE34DE34DE14DEF3D534DE54DE34DE57
:10D3B00014D634DE34DE34DE14DE14DE14DE34DE65
:10D3C00014DE14DE14DE34DE14DE14DE14DE35DE8C
:10D3D00035DE35DE35DE35DE35DE55DE35DE34DE96
:10D3E00014DE14DEF4DDF3DDD3DDB2D591D5B1D595
:10D3F00071D530C510C551C535DE96E6B7EED7EE0E
:10D40000F8EE19EFF9EE19EF19EF19EFF8EE19EF41
:10D4100018EF18EF19F719F739F739F73AF75AFFF4
:10D420005AFF5BFF5BFF5BFF7BFF7BFF7BFF7BFFAD
:10D430007BF77BF77BFF7BFF7BF75BF75BF75BF7AC
:10D440005AF75AF73AF719F719F719F7F8EEB7E656
:10D45000D7EE76DE35DE55DED3CDEFB42CA42D9C91
:10D4600012B558D6BBD6DCCE7CBEB9A533748C427F
:10D47000A9212709E7002901AB098A01AA09EB11B3
:10D48000AB09CB090C0AEB01EC01EC01EC01CC017E
:10D49000EC01EC01ED01ED01ED01EC01CD01CC0160
:10D4A000CC01EC010C020C020C02EB01EB01EA01D5
:10D4B0002B0A2B0A6B128B12AB12CB12CB1ACB128C
:10D4C000CA0AEA0AEB0A0B0BEB0AEB0AEB0AEB0AB5
:10D4D000EB0AEB120B13EB0AEB0ACB0ACA0ACA0AD5
:10D4E0002C0B4C0B4C0B2B034B0B8C0B8C134B0B47
:10D4F0006C0B8C0B6C0B4B036C038C0B6C032B03B6
:10D500004B0B6B0B6B0B6B0BAC13CD1B8C1B4C1BAE
:10D510006C1B8D1B6C134B134A1B4A2B8B43ED5B0F
:10D520004E7C8F8490846F7C2E742F749084F19441
:10D530008F8C2D840C7CEC7BCB7B8A73AB738B6BD9
:10D54000A84AE629A52184118511A511A509E60996
:10D55000070A270A680A890ACA0AC90AC90A0A0BF5
:10D560002B132A13EA0A0B134C1B2B130A0B2A0B3F
:10D570002A13C90AE9122A234B33EE4BF274548D55
:10D58000148D148DF384F384F384148D148D148D11
:10D59000148D148D148D148D148D348D348D148D43
:10D5A0003595769D969D5695769D979D769D979DF2
:10D5B000D8AD39B67BBE9BBE5ABE39B63AB63ABE76
:10D5C000FDD67FE77FE77FDF5FDF3ED73ED75FDFB8
:10D5D0003ED7FDCEFDCEDDCE9CC69BBE7BBE1AAE39
:10D5E000F9ADB8A5569D349D508C4B6B096B497BAA
:10D5F0006983CA932BA46CB4ADBCCEC40FC50FC550
:10D6000050CD71CD92D5B2D5B2D5D2D5D3D5D3D553
:10D61000F3D5D2D5B2D5D2D5F3D5D3D5D3D5F3D58D
:10D6200013DE13DE14DE14DEF3D534DE55DE34DE15
:10D6300014DE14DE34DE14DE14DE14D614DE34DE22
:10D6400014DE14DE14DE34DE14DEF4D514DE35DE32
:10D6500035DE35DE34DE14DE14DE34DE14DE14DEB8
:10D66000F4D5F3D5D3DDD3DDB2DD91D571D591D528
:10D6700050CDEFC4EFBC51C575E6B7EED8EED7EE8E
:10D6800019F719F7F9EEF9EE19EF19EFF9EE19EFAD
:10D69000F9EE18EF19F719F739F73AF73AF75AFF91
:10D6A0007BFF5BFF5BFF5BFF7BFF7BFF7BFF7BFF0A
:10D6B0007BFF7BFF7BFF7BFF7BFF7BF75BF75BF7F2
:10D6C0003AF73AF719F719F719F719F7F8EEB7E635
:10D6D00096E676E634DE14D671C5EFB46DAC0C9CDC
:10D6E000AC83EA620942C8296819E6008400A500F3
:10D6F0002809AA11EB11AB01EC09CC01AB01CB015C
:10D70000CC09AB01EC01EC010D020D020D02ED01A3
:10D71000ED010D020D020D020D020D020D020D02B2
:10D720000D020D020C020D022D020C02EC010B0287
:10D73000EB01EB012B024B0A6B0A8B12CC1ACB12BA
:10D74000EB0AEB0AEB0AEB0AEB0AEB0AEB0AEB0A31
:10D75000EB0AEB0AEB12EB0ACA0ACA0ACA0AAA0ABD
:10D760006C0B6C0B4B0B2B034B0B8C136C132A03A6
:10D770004B0B6B0B4B0B4B034B038C0B8C0B4C036E
:10D780006C0B8C0B6B0B6B0B8C13CD238C1B4B1B03
:10D790006C1BAD1B8C134B134A1B4A2B6B3BCC5B96
:10D7A0002E7C6F846F846F7C6F7C4F746F7CB08431
:10D7B000AF8C0D7C8B73AB738B736A6B6A6B4A6334
:10D7C000C94A2732A51984118511A511A509E709B0
:10D7D000270A270A480A890ACA0AC90AC90AEA0A94
:10D7E0000A0B2B13EA120B132B132B130A0B0A0B26
:10D7F0000A13E91209132A230A23CD43137D748DDA
:10D800001485148D148DF384148D348D358D358DE0
:10D81000348D148D148D148D358D358D148D148D9E
:10D8200035955595769D769D769D979D769DB7A568
:10D83000F9AD3AB65ABE7BBE5BBE3AB65BBEDCCE35
:10D840003EDF5EDF7FE77FE77FE75EDF5EDF5EDF95
:10D850003ED71DD7FDD6DDCEDCCEBCC67BBE5AB6CC
:10D860001AAEF9A5D8A5779D359D71844C630A63DE
:10D870002A73698389932BAC6CB46CB4CEBC0FC58E
:10D8800030CD30CD50CD71CDB2D5B2D5B2CDD2D50F
:10D89000D2D5D2D5D2D5D2D5D2D5D3D5D3D5D3D54D
:10D8A000D3D513DE14DE13DEF3D513DE14DE14DE5F
:10D8B00014DE13DEF3D514DE14DE14DE14DE14DE03
:10D8C00014DE14DE14DEF4DD14DE14DE34DE34DEA9
:10D8D00034DE34DE35DE35DE34DE34DE34DE14DED6
:10D8E00013DED3D5D2D5D2D5B2D591D571D550CD01
:10D8F00030C5EFBCCFB4D3D576E6B7EEB7EEF8EED1
:10D9000019F719F719F719F719F719F7F9EEF8EEEA
:10D91000F8EE19EF19F739F73AF73AF73AF75AF7F5
:10D920005BFF7BF77BFF7BFF7BFF7BFF7BFF7BFF4F
:10D930007BFF7BFF7BFF7BFF7BF75BF75BF75BF797
:10D940003AF73AF739F739F719F7F8EED8EEB7E6BC
:10D9500076E655DE14DEF3D572CDCEB44DA44DA4DB
:10D960000D9485398310C5080711280968116911BC
:10D970008909AA09CB09CC01CC01CC01CD01ED016B
:10D98000ED01ED01ED01ED010D020D020D020D02A3
:10D990000D020D020D020D020D020D020D020D020F
:10D9A0002D022D022D022D020D020D020D02EC01A1
:10D9B000EC01EC01EB01EB012B0A8C12AC12CC1246
:10D9C000CB0ACA0ACB0ACB0ACB0ACB0ACB0AEB0A90
:10D9D000CB0ACB0ACB0AEB12CB0ACB0ACA0ACA0A79
:10D9E0004B0B6C0B6C0B2B032B0B6C138C134B0B1B
:10D9F0006B0B6C0B6C0B4B034B036C0B6C034B03F3
:10DA00006C0B8C0B6B0B6B0B8C13AD1B8C1B4B13B0
:10DA10004B138C1B6C134A0B2A132A234A33AC5327
:10DA20002E746E846F849084B084B07CD084D18C4A
:10DA3000D0942E848B73296B096B29634A6B2A63FC
:10DA4000C94A2732A5218519A511A511A509E709FC
:10DA5000270A270A4802890AC90AC90AC90AE90A1B
:10DA60002B132B13EB120B132B1B2B130A0B0A0B71
:10DA7000EA12C912E91A2A230A23AD43F274748DFB
:10DA8000148D148D148D148D148D358D55955595DB
:10DA90005595358D358D148D358D358D148D148DB1
:10DAA00035955695769D769D769DB7A5979DD8A57B
:10DAB00019B65AB67BBE7BBE5BBE7BBEBCC63ED72C
:10DAC0007EE77EE77EE77FE77FE77EDF5EDF7EDF64
:10DAD0005EDF3ED71DD7FDCEDCCEBCCE7BC65BBEA7
:10DAE0003AAE3BAE1AA6B89D779D3595517C6D6BCD
:10DAF0000A6B4A7B698BA99B0AA44BAC8DB4AEB46C
:10DB0000CEBCEFC40FC530C571CD91CD91CDB1D58F
:10DB1000B1D5B1D5B2D5D2D5D2D5D3D5D3D5D3D52C
:10DB2000D3D5F3D513DEF3D5F3D5F3DD13DE13DE52
:10DB300014DE13DE13DE13DE14DEF3D5F3D5F4DDCD
:10DB4000F4DDF4DDF3D5F4D5F4DD14DE34DE34DEBB
:10DB500014DE34DE34DE34DE14DE14D614D6F3D50F
:10DB6000F3D5D2D5B2D5B2D591D571D550CD30CD72
:10DB70000FC5EFBC10BD14D696E6B7EEB7EEF8EEC3
:10DB8000F9EE19F7F9F6F9F619F719F719EF19EF90
:10DB900019EF19F719F739F73AF73AF73AF75AF749
:10DBA0007BF77BF77BFF7BFF7BFF7BFF7BFF7BFFB5
:10DBB0007BFF7BFF7BFF7BFF7BF75BF75BF75AF716
:10DBC0003AF73AF739F719F7F8EED8EED7EE96E6C6
:10DBD00076E655DE13D6B2CD51C5AEB44CA46DA4D5
:10DBE0006F9C485245212611271148118911890936
:10DBF000AA09AB01CC01CC01CD01CD01ED01ED01B4
:10DC0000ED01ED010D020D020D020D020D020D02DE
:10DC10000D020D020C020D020C020D020D020D028E
:10DC20002D022D020D020D020D020D020D020D023C
:10DC3000ED010D020C02EC010B024B0A8C12AC122E
:10DC4000CB12EB12CB12CB0ACB0ACB0ACB0AEB12CC
:10DC5000CB0ACB0ACB0AEB12CB0ACB0AEB12EB12A4
:10DC60002B036C0B6C0B4B0B4B0B6C0B6C134B0BA0
:10DC70006B0B8C138C0B4B0B4B036C0B4C032B0360
:10DC80004B0B6C0B6B0B4B0B6B138C1B6C1B2B1311
:10DC90004B138C1B8C134A0B2A1329232A338B53C7
:10DCA0000D746F84908CB084D184D184D18CF18C2C
:10DCB000F1946F8C8B6BE85AC85AC85A095B0A5B9F
:10DCC000A942072AC521A519A511A511A509E6098B
:10DCD000070A270A4802890AA90AC90AC90AEA0AD8
:10DCE0002A132A13EA120B132B1B2B13EA0AC90A55
:10DCF000E912C912E91A2A230A238C43F37C759589
:10DD0000348D348D148D148D348D559576955595AF
:10DD10005595358D358D358D358D358D358D358DCB
:10DD20003595569D769D769D779DB7A5B8A5F8AD9E
:10DD30005AB67BBE7BBE7BBE7BBEBCC61DD77FDF1B
:10DD40009FE77FE77EE79FE79FE77FE77FE77FE744
:10DD50007EDF5EDF3ED71DD7FDD6DCCEBCC69BBEC8
:10DD60007BB65BB63AAE1AAEB89D979D359D928C48
:10DD70004C6BE96A097B698B8993CA9B2CA46DACB7
:10DD8000AEBCCEBCEEBC0FC530C550CD50CD71CDB4
:10DD900091CD91CDB2D5B2D5B2D5D2D5D2D5D2D53D
:10DDA000D2D5F3D5F3D5D3D5D3D5F3D5F3D5F3D594
:10DDB000F3DDF3DDF3DDF3DDF3D5F3D5F3D5F3D503
:10DDC000D3D5D3D5F3D5F3D5F3D514DE14DE34DEB5
:10DDD00014DE34DE34DE34DE14D6F4D5F3D5D3D5F8
:10DDE000D2D5B2D5B2D591CD70CD50CD30CD0FC5F5
:10DDF000EFBCEFBC51C555E696EEB7EED7EEF8EEA8
:10DE000019F719F719F7F9F619F719F719F719F7B3
:10DE100019F719F739F739F73AF73AF75AF75BF77D
:10DE20007BF77BFF7BFF7BFF7BFF7BFF7BFF7BFF2A
:10DE30007BFF7BFF7BFF5BF75BF75AF75AF73AF7FD
:10DE40003AF739F739F719F7D8EEB7EEB7EE96E6A5
:10DE500055DE55DEF3D592CD50C58EB42CA46DA4FD
:10DE60008FA4485225212611481148096909A9099A
:10DE7000CB09CB01CC01ED01ED09ED01ED01ED0187
:10DE80000D020D020D020D020D020D020D020D021A
:10DE90000D020D020D020D020D020D020D020D020A
:10DEA0002D020D020D020D020D020D020D020D02DA
:10DEB0000D020D020D020C02EB010B024B0A8B0A44
:10DEC000CC12EC12EC12CB12AB0ACB0ACB0AEB123F
:10DED000CB0AAA0ACB0ACB0ACB0ACB0ACB12CB0AB3
:10DEE0004B036C0B6C0B4B0B4B0B6C0B6B0B2B0B27
:10DEF0004B0B6B0B6C0B4B0B4B036C0B6C0B6C0BD6
:10DF00004B0B8C0B6B0B4B0B4B0B8C1B4B1B2B13B7
:10DF10004B138C1B6C134B134A1B2A232A334A4B7B
:10DF2000CC6B6E84D08CD08CD084D184D18CF18C8D
:10DF3000119D8F8C8B73E95AC85AE95A095B0A5BA9
:10DF4000A842062AC621A5198511A509A609E60930
:10DF5000070A270A4802680AA90AA902C90AEA0A9E
:10DF60000A0B0A0BEA120B132C1B2B13EA0AE90A01
:10DF7000EA12C912E9120A23EA228C43F37C95952E
:10DF8000358D358D148D148D358D759576957695E9
:10DF9000769555955595358D358D358D358D358DD8
:10DFA0003595769D769D769D979DB7A5D8A5F9ADBB
:10DFB0005ABE7BBE9BBE9BBE9CC6FDCE5EDF7FE78E
:10DFC0007FE77EE77EE79FEFBFEF9FEF9FE79FE74B
:10DFD0007EE77EDF5EDF3ED71DD71DD7FCCEDCCED1
:10DFE000BCC67BBE5BB65BB6D9A5979D97A576A54B
:10DFF00030846C6B096B097369838A8BAA930CA4B8
:10E000004CAC8DB4AEBCCEBCEEBC0FC50FC530C59C
:10E0100051CD71CD91CD91CDB2CDB2CDB2CDB2CDEC
:10E02000B2CDD2D5B2D5B2D5D2D5D2D5D3D5D2D51F
:10E03000D2D5D3D5F3D5D3D5D3D5D3D5F3D5F3D541
:10E04000D3D5D3D5D3D5D3D5D3D5F3D514D614DEE4
:10E0500014DE34DE34DE34DE14DEF4D5F4D5F3D54C
:10E06000D2D5B2D591D571CD50CD50CD2FC5EFBC05
:10E07000AEB4CFBC92CD76E6B7EEB7EEF8EEF8F6DA
:10E0800019F719F719F7F9F619F719EF19F739F719
:10E0900039F739F739F739F73AF75AF75BF75BFF92
:10E0A0007BFF7BFF7BFF7BFF7BFF7BFF7BFF7BFFA0
:10E0B0007BFF5BF75BF75BF75AF75AF73AF73AF7EC
:10E0C00019F719F719F7F9EED8EEB7EEB7EE96E6AD
:10E0D00035DE34DED3D591CD30C58EB42CA44DA41D
:10E0E0006F9C274A04192611681148096909AA0971
:10E0F000EB09CB01EC01ED010D02ED01ED010D028B
:10E100000D020D020D020D020D020D020D020D0297
:10E110000D020D020D020D020D020D020D020D0287
:10E120002D022D020D020D020D020D020D020D0237
:10E130000D022D022D020C02EB01EB010B022B0252
:10E140008B0ACB12EC1ACB12AB12CB0ACB12EB120E
:10E15000CA0AAA0AAA0ACB0AAA0AAA0AAB0AAA0ADD
:10E160004B0B6C0B6C0B2B034B0B8C136C132A039C
:10E170004B0B6B0B6C0B4B0B4B036C0B8C0B6C0B33
:10E180004B0B8C0B6C0B4B0B6B138C1B6C1B2B13EB
:10E190004B136C136B134B0B6B1B4A230A2B0A4359
:10E1A0008B634E84D08CD08CB084B084F18C11956C
:10E1B000F1944E848B6B2A632A630A630A5B4B6378
:10E1C000A942062AC521A51985118509C609E609AE
:10E1D000070A270A48028802A90AA902C90AEA0A04
:10E1E0000A0B0A13EA120B1B4C1B2B1B0A130A13F4
:10E1F0000A13E912E91A0A23EA228D43137D969540
:10E200005595358D358D148D358D7695969D7695F4
:10E210007695559555953595358D358D158D358D6D
:10E220005595769D769D769D979DB7A5F8AD19AECF
:10E230007BBE7BBE7BBE9CC6DDCE3ED77FE77FE745
:10E240007FE77EE77FE79FEFBFEFBFEF9FEF9FEF97
:10E250007FE77EE75EDF5EDF3EDF3DD71DD7FDCE89
:10E26000BCC6BCC67BBE5BB61AAED9A5D8A597A561
:10E27000359D928C8D73C96209736A834983AA9311
:10E28000EA9B2BA46CAC8CB4ADBCCDBCCEC4EFC4AB
:10E2900030C550C571CD91CD91CD91CDB1CDB1CD20
:10E2A000B1CD91CD92CDB2CDB2D5B2D5B2D5B2D598
:10E2B000B2D5D2D5D3D5B2D5B2CDB2D5D2D5B2D5CD
:10E2C000D3D5D3D5D2D5D2D5B3D5D3D5F3D5F3D5F0
:10E2D00014DE14DE34DE34DE14D6F3D5F3D5F3D5F4
:10E2E000D2D5B1D591CD71CD50CD50CD10C5EFBCAB
:10E2F000AEB40FBDF3D596E6B7EED7EEF8EE18F74D
:10E3000019F719F719F7F9F619EF19EF19EF19F7C6
:10E3100039F739F739F739F73AF75AF75BF77BFFEF
:10E320007BFF7BFF7BFF7BFF7BFF7BFF7BFF7BFF1D
:10E330005BF75BF75BF75BF75AF75AF73AF73AF791
:10E3400019F719F719F7F8EED8EEB7EE97E696E653
:10E3500055DE34D6B2CD71C510BD8EB44CA46EACB2
:10E360002E9C274A4621471148116909AA09CA0962
:10E37000EB01EC01EC01ED010D02ED010D020D02CE
:10E380000D020D020D020D020D020D020D020D0215
:10E390000D020D020D022D020D020D022D020D02C5
:10E3A0002D020D020D020D020D020D020D020D02D5
:10E3B0002D020D020D020D020C02EB01EB01EA0130
:10E3C0002A028B12CC1ACB12CB12CB12EB12EB120D
:10E3D000CB0AAA0ACA0ACA0AAB0ACB0AAB12AB0A10
:10E3E0004B0B4C0B4B0B2B034B0BAD138C132B0B11
:10E3F0004B0B6C0B6C0B4B0B4B0B6C0B6C0B4B03F1
:10E400004B036C0B6B0B2A034B0B6C1B4C1B2B1322
:10E410004C138C136B134B136B1B4B2B2A332A435C
:10E42000AC636E84D08CB08C90848F7CD084F18C63
:10E430008F8CCC734A632A632A630A63EA5A4B635C
:10E44000A942062AC521A51985118509A609E7094A
:10E45000070A27024802890AA90AA902C90AEA0A80
:10E460000A0B0A130B132B1B4C1B2B1BEA120A1350
:10E470000A1BE912EA1A0A23EA2AAD4B138596957C
:10E4800055955595358D358D55957695969D769501
:10E4900076955595569556955595358D158D158DC1
:10E4A0005595769D769D769D979D979DF9AD3AB64B
:10E4B0007BBE9BBE9CC6DCCE3ED79FE7BFE79FE7F7
:10E4C0007FE77FEF9FEF9FEF9FEF9FEF9FEF9FEF24
:10E4D0009FE77FE77EE75EDF3EDF3ED71DD7FDCEBD
:10E4E000DCCEDDCE9CC67BBE7BB63AAEF9A5D8A508
:10E4F00097A5359571846D6BC962E96A297B49835B
:10E50000898BCA9B2BA44BAC6CB48CBCADBCCEC469
:10E510000FC510C550C550C570C570CD90CD91CDFB
:10E5200091CD91CD91CD91CD92CD92CD92CD92CDF7
:10E53000B2D5B2D5B2D5B2CDB2CDB2D5B2D5B2D5B3
:10E54000D2D5B2D5D2D5B2CDB2CDD3D5D3D5F3D5E0
:10E5500014D614DE14DE14DEF3D5F3D5F3D5D2D5FC
:10E56000B2D591CD70CD70CD50CD30C50FC5EFBCBB
:10E57000CEB450C534DE96E6B7E6D7EEF8EE18F71F
:10E5800019F719F7F9F6F9EE19EF19F719F739F73D
:10E5900039F739F739F739F75AF75AF77BF77BFF2D
:10E5A0007BFF7BFF7BFF7BFF7BFF7BFF7BFF7BFF9B
:10E5B0007BFF7BFF7BF75BF75AF75AF73AF73AF79F
:10E5C00019F719EF19F7F8EED7EEB7E696E676E603
:10E5D00034DE14D6B2CD71C50FBD8EB44DAC6DA472
:10E5E0000D94E6410519471169118A09AA09CB0161
:10E5F000EB01EC010D020D02ED01ED010D020D022A
:10E600000D020D020D020D020D020D020D020D0292
:10E610000D020D020D022D022D022D022D020D0202
:10E620002D022D020D020D020D020D020D020D0232
:10E630000D020D020D020D020C020C02EB01CA01CB
:10E64000E9012A0A8B12AB12AB12CB12EB12CB12DE
:10E65000CB0AAA0ACA0ACB0ACB0ACB0ACB12CB1224
:10E660002B034C0B4B0B2B034B0B8C138C134B0BB7
:10E670006C0B6C0B6C0B4B0B6B0B8C0B6C0B4B030D
:10E680004B036C0B6B0B2A034B0B6C1B4C1B0B13C0
:10E690004C138C136C136B136B1B6B2B4B3B6B4B27
:10E6A000ED6B6F84B08CB08490849084D084F18CB6
:10E6B0006F848B6B29632A630A63E95AC95A2B63F7
:10E6C000A942062AC621A51985118509A609E709C7
:10E6D000070A27024802890AC90AC90ACA0AEA0AB5
:10E6E0000A0B0A130A130B132B1BEA12A90AC90AF5
:10E6F0000A13E9120A1B2A2B0B33CE533485969545
:10E70000769576955595358D5595769D969D769D04
:10E71000769556957695769556953595158D358DD4
:10E720005695769D979D7695979DB7A519B65AB63D
:10E730009CC6BCC6DDCEFDCE7FDFBFE7BFEFBFEF1F
:10E740009FEF9FEF9FEF9FEF9FEF9FEFBFEFBFEF19
:10E750009FEF9FEF7FE77EE75EDF5EDF3ED71ED74E
:10E760001DD7FDD6DDCEBCBE9CBE5BB6FAAD1AAEE3
:10E77000D8A5569D3595B28C6D6BC9620973097B1E
:10E780004983898BCA9B0AA42BAC4BB46CB4ADBC37
:10E79000CEBCEEBC0FBD2FC530C530C550C570CD49
:10E7A00070CD70CD70CD71CD71CD71CD71CD91CD5C
:10E7B00091CD91CD91CD91CD92D5B2D5B2CDB2CDF5
:10E7C00092CDB2CDB2CDB2D5D3D5F3D5F3D5F3D565
:10E7D000F3D5F3D514DE14DEF3D5F3D5D3D5D2D5E6
:10E7E000B1D571CD70CD70CD30C50FC5EFBCCFB4F4
:10E7F000EFB492CD96E6B6E6B7EED8EEF8EE19F79E
:10E8000019F719F719F7F9F61AF71AF719F73AF786
:10E8100039F739F75AF75AF75AF75AF77BF77BFF68
:10E820007BF77BF77BFF7BFF7BFF7BFF7BFF7BFF28
:10E830007BFF7BFF7BF75BF73AF73AF739F719EF86
:10E84000F9EEF8EEF8EED8EEB7E697E696E675E65E
:10E8500034DE13D6D2D591CD0FBD8DAC4DAC4DA4C9
:10E86000CD8B6531C410481189118A09CB09CB01C0
:10E87000EC010C020D020D02ED010D020D020D0264
:10E880000D020D020D020D020D022D022D022D02B0
:10E890000D020D020D022E020D020D020D020D02DF
:10E8A0000D020D020D020D020D020D020D020D02F0
:10E8B0000D020D020D020D020D020D020C02EB0104
:10E8C000CA010A022A0A6B0AAB12CB12CB12CB0A7C
:10E8D000CA0AAA0AAA0ACA0AAA0ACA12CB12CB12DE
:10E8E0004B0B6C0B6C0B2B032B036C0B6C134B0B3C
:10E8F0006C0B6C0B4B0B4B0B6C0B8C138C0B4B0383
:10E900006C0B8C138C0B4B0B6B138C1B6C1B2B131A
:10E910004B138C136C134B0B4A1B4A236B3BAC53AE
:10E92000ED6B6F8490849084B084D184119512959E
:10E930006F848B6B4A634A632A63E95AE95A2B63F3
:10E94000A942062AE621C61985118509A609E70903
:10E95000070A27024802890AC90AC90AC90AEA0A33
:10E960000A130A0BEA0A0B130B13CA0A8802A80A35
:10E97000E912E9120A234B2B4B330F5C558D969508
:10E9800096957695569535955695969D979D969D17
:10E99000769556957695769556955595358D358D12
:10E9A0005695979D979D7695979DB8A53AB67BBE4F
:10E9B000BCC6FDCE1ED73ED79FE7BFE79FE79FEFC0
:10E9C0007FE79FEFBFEFBFEFBFEFBFEFBFF7DFF70F
:10E9D000BFEFBFEF9FE79FE77FDF7FDF5FDF3ED7C0
:10E9E0001DD7FDD6FDCEBDC69CBE7BBE3AB6F9ADE9
:10E9F000F9ADF9AD779D3595928C4C6BA962C86ADB
:10EA00000973297B698BAA9BEAA30AAC2BB46BB46C
:10EA10008CB4ADBCEEBCEEBCEFBC0FBD0FC52FC5BA
:10EA200050C530C550C550CD50CD50CD50CD71CD15
:10EA300071CD51CD51CD71CD91CD91CD91CD91CDA6
:10EA400071CD71CD91CDB2D5D3D5F3D5F3D5F3D565
:10EA5000F3D5F3D5F3D514D6F3D5F3D5D3D5D2D595
:10EA6000B2D571CD70CD70CD30C5EFBCCEB4CFB4C2
:10EA70000FBDD3D5D7EEB7E6D7EEF8EE19F719F7F5
:10EA800039F739F719F719F73AF73AF739F73AF743
:10EA900039F75AF75AF75AF75AF75AF77BF77BFFC5
:10EAA0007BF77BF77BFF7BFF7BFF7BFF7BFF7BFFA6
:10EAB0007BFF7BFF5BF75AF73AF719EF19EFF8EE98
:10EAC000D8EED8EED8EEB7E696E696E676E675E6A8
:10EAD00055DE13D6D2D571C5CFB46DAC6DAC6EAC6E
:10EAE000AC838531051188118A09AB09EB09CB018B
:10EAF000EC010D020D020D02ED010D020D020D02E1
:10EB00000D020D020D020D022D022D022D022D020D
:10EB10000D020D020D022E020D020D020D020D025C
:10EB20000D020D020D020D020D020D020D020D026D
:10EB30000D020D020D02ED01ED010D020D020C02A0
:10EB4000CB01EA010A0A4B0A8B12CC12CB12AA0A99
:10EB5000AA0AAA0AAA0ACA12AA0AAA0ACB12CB129B
:10EB60004B0B4C0B2B032B032B036C0B6C0B4B0B2A
:10EB70002B036C0B6C0B4B0B6B0B8C138C0B6C0B00
:10EB80004B0B6C0B4B032A034B0B8C1B6C1B2B137B
:10EB90004C138C136B0B4A0B4B1B4B238C3BED5BC9
:10EBA0000D6C4F7C9084B084B084D184118DF18C35
:10EBB0008F840D7C8B6B29630963E95AA85A0A5B21
:10EBC000A94A272AC521A5198511A609A609C6099A
:10EBD000E709270A480A880A890AA902A902EA0A53
:10EBE0000A0BEA0AEA0AEA120B13CA12880AA80AEE
:10EBF0002A1B0A1B0A1B0A232B330F5C558DB79D5A
:10EC000096957695569556957695979D979D979D51
:10EC1000769576955695769556955695769556951C
:10EC200056957795979D979D979DF8AD5BBEBCC611
:10EC30001DD7FDD61DD77FE79FE79FE7BFEFBFEF4B
:10EC40009FEF9FEFBFEFBFEFBFEFBFEFBFEFBFEF94
:10EC5000BFEFBFE79FE79FE77FDF5FDF5ED73ED76E
:10EC60003ED71ED7FDCEDDC6BCC67BBE5BBE3AB668
:10EC7000F9ADD9ADB89D979D569D928C8D73885AEC
:10EC8000C862E872C77248836893C9A3C9A3E9A39D
:10EC90006BB48CB46CAC8DB40FC5CEBCEEC40FC5D8
:10ECA0002FC530C550CD50CD50CD50CD50CD50CDCD
:10ECB00051CD50CD50CD50CD50CD70CD71CD71CD09
:10ECC00071CD71C571CD91CDB2CDD2D5D3D5D3D5BE
:10ECD000D3D5D3D5D3D5D3D5D3D5D3D5B2CD92CD66
:10ECE00091CD71CD51CD30CD10C5EFBCAEB4AEB429
:10ECF00051C534DED7EED7EED8EEF8EEF9EE39F79F
:10ED000019F719F739F739F73AF73AF73AF73AF7BF
:10ED100039F739F759F75AF75AF75AF75BF75BF7AC
:10ED20007BF77BF77BF77BF77BF77BF77BFF7BFF43
:10ED30007BFF7BF75BF75AF73AF719EF19EFF8EE1D
:10ED4000F8EED8EED7EEB7E697E676DE75DE75DE3E
:10ED500055DEF3D5B2CD50C50FBD8EB44DAC8EACE3
:10ED60002A73042146198911AA09CB09CB01EC01A8
:10ED7000CC01ED01ED01ED01ED010D020D020D02E1
:10ED80000D020D022D022D020D022D022D022D026B
:10ED90002E020D020D020D020D020D020D020D02DA
:10EDA0000D020D020D020D020D020D020D020D02EB
:10EDB0000D020D020D02ED01ED01ED01ED01EC0181
:10EDC000EB01CB01CA01EA012B0A8B12CC12CB1248
:10EDD000AA0AAA0AAA12AA12AA0AAA12AA12AA126B
:10EDE0002B034B0B4B0B2B032B034B0B4B0B2B0B0B
:10EDF0002B036C0B6C0B2B034B0B6C0B6C0B4B0337
:10EE00004B0B6C0B4B0B2B034B0B8C1B6C1B2B13EF
:10EE10004C138C136B0B4A0B4B1B4B236C3BCD538E
:10EE20000E6C4F7C707CB084B084B084D18CB08484
:10EE3000B08C4E846B6BA852A85AA85A8852C95AF3
:10EE40008842062AA521A5198511A611A609E70958
:10EE5000070A270A47026802890AA90ACA0AEA0AAF
:10EE60000B130A0BCA0AEA120B13C912880A880A82
:10EE70000A1B0A1B0A230A2B2C3B3064758DD79D75
:10EE8000B79D979D769556957695979D979D979D5D
:10EE9000769576957695769556955695769556957A
:10EEA0005695979D979D979DB8A53AB6BCC6DDCE61
:10EEB0001DD71DD73EDF9FE79FE79FE7BFEFBFEF5F
:10EEC0009FEF9FEFBFEFBFEFBFEFDFEFBFEFBFEFF2
:10EED0009FE77FDF5EDF3ED71DCFFDCE1DCF1ED764
:10EEE0001DCF1DCFFDCEDDC6BCC69CC67BC65ABE9F
:10EEF0003AB61AB6D9A5779D779D569D918C6C6BC5
:10EF0000C962885AE86A087B07838893A89BC9A3CB
:10EF10000AA42BAC4BAC6CACCEBCADB4AEBCCEBC7E
:10EF2000EEBCEFBC0FC52FC50FC52FC50FC530C533
:10EF300030CD30C530C550C550CD50CD50CD70CD41
:10EF400071CD71CD91CD92CDB2CDB2CDB2CDB2CD8C
:10EF5000D3D5B3D5B3D5D3D5D3D5B2CD92CD92CD6C
:10EF600071CD70CD30C530C510C5CFB4AEB4EFB4DF
:10EF7000B2CD55DED7E6D7E6F8EEF8EEF9EE19F7A2
:10EF800019F739F739F73AF73AF73AF73AF73AF71C
:10EF90005AF75AF75AF75AF75AF75AF77BF77BF7A7
:10EFA0007BF77BF77BF77BF77BF77BF77BFF7BFFC1
:10EFB0007BF75BF75AF73AF739F719EFF8EEF8EE07
:10EFC000D8E6D8E6B7E6B7E696E675DE55DE55DE56
:10EFD00034DEF3D5B2CD51C510BD8EAC4DA46EA4B8
:10EFE000E96A042147198911AA09CB01CB01EC0177
:10EFF000EC010D020D020D020D020D020D020D02BB
:10F000000D022D022D020D020D022D022D022D02E8
:10F010002E020D020D020D020D020D020D020D0257
:10F020000D020D020D020D020D020D020D020D0268
:10F030000D020D020D020D02ED01ED01ED01ED01DC
:10F04000EC01CB01CB01EB010A022B0A8B12AB12B4
:10F05000AB12AB12AA12AA12AA12AA12AA12AA12CE
:10F060002B034B034C0B2B032B032B034B0B2B03BF
:10F070002B036C0B4B0B2B034B036C0B6B0B2B03FE
:10F080002B034B0B4B0B2B034B0B6C134B132B0B0F
:10F090004C136C136B0B2A0B2A134A236B3BCD5377
:10F0A0002E6C2F74707CB184B1849084B084B08C49
:10F0B000D0948F8CAC73A752264A464A6752C952E5
:10F0C0006842E629A521A5198611A611A609C60937
:10F0D000070A270A480A680AA90AA90AAA0ACA0A3C
:10F0E0002B130A13C90ACA0AEA12C912880A880A23
:10F0F0000A130913EA1A0A2B4C3B716C9695D79D9B
:10F10000B79D979D779576957795979D979D979DB8
:10F11000779577957695769556955695979D7695AC
:10F120007695979D979D979DD9A57BBEFDCE1DD7C2
:10F130001DD73EDF7FE7BFEFBFEF9FEFBFEFBFEF12
:10F140009FEFBFEFBFEFBFEFBFEF9FE73ED7DCCE34
:10F150007BBE3AB63AB63AB65AB65BBE7BBE9BBEEB
:10F160009CBE9CBEBCBEBCC6BCC69BC67BC65ABEB3
:10F170003AB63AB6F9ADB89DB8A5B7A5359DB28CEB
:10F180008D73A95AA862C86AC772077B278B8893B8
:10F19000A893C99BEAA32BAC6CB46CB48DBC8DBC9A
:10F1A000AEBCCEBCCEBCEEBCEFC4EFC4EFC40FC54A
:10F1B0000FC530C530CD50CD50CD50CD50CD50C500
:10F1C00070CD91CD92CD92CD92CD92CD92CD92CD6A
:10F1D000B2CDB2CDB2CDB2CDB2D592CD92CD91CD90
:10F1E00071CD30CD10C510C5EFBCAEB4AFB431BDDC
:10F1F00034DE96E6D7EED8EEF8EE19EF19EF19EFF8
:10F2000019EF19EF39F73AF73AF73AF75AF75AF789
:10F210005AF75AF75AF75AF75AF77AF77BFF7BFFF4
:10F220007BF77BF77BF77BF77BF77BF77BFF5BF766
:10F230005BF75BF75AF73AF739F719EFF8EEF8EEA4
:10F24000D8E6D7E6B7E697E676E655DE55DE55DE34
:10F2500034D6F3D5D2CD92C510BD8EAC2DA44EA41C
:10F26000685A041947198911AA09CC01EC01EC016B
:10F270000C020D020D020D020D020D020D022D02F7
:10F280002D022D022D020D020D022D022D022D0246
:10F290000D020D020D020D020D020D020D020D02F6
:10F2A0000D020D020D020D020D020D020D02ED0107
:10F2B0000D020D020D020D020D020D020D02ED01F7
:10F2C000EC01EC01EC01EB01CA01EA012A026A0A35
:10F2D0008B12AB12CA12AA12AA128A12AA12AA126C
:10F2E0000A034B036C0B4B032B032B032B032B0346
:10F2F0002B036C0B4B0B2B034B0B6C0B6C0B4B0353
:10F300004B0B6C0B4B0B4B0B4B0B8C134B132B0BFB
:10F310002B0B6C134B0B2A0B2A134A238C3BED53FC
:10F320000E6C2F749084B08490849084B08CF1948F
:10F33000B08C4E84EC7BE85A054226428852C95A6A
:10F340008842062AA5218519861186118609C609D3
:10F35000070A270A680A880AA90AA90AA90AC90A7B
:10F360002B13EA0AC90AC90AEA12C912880A880ACA
:10F370000A13E912E91A0A2B6D43916CB695D79DD1
:10F38000B89DB79D979D7795979D979D979D979DC4
:10F39000979D979D7795569556957795B79D979D8F
:10F3A0007695979D979DB8A51AB6BCC6FDCE1DD77C
:10F3B0001ED75EDF7FE7BFEF9FEF9FEF9FEF9FEFCF
:10F3C0009FEFBFEFBFEF9FE75FDFDDCE3AB698A5B7
:10F3D0003695F58C158D36955795779D979DB89DEB
:10F3E000F9A5F9AD1AAE3AB65AB65ABE5ABE5ABEC9
:10F3F0003AB61AAE19AEF9A5B8A577955695559DAA
:10F40000B38CAE73A95A885AA862866AC7722783DA
:10F41000488B6893A99BEA9BEBA30BAC4CB44CB410
:10F420006DB48DB4ADB4AEBCCEBCCEBCEFC4EFC435
:10F430000FC50FC50FC530C530CD50CD50CD30C52F
:10F4400050CD91CD91CD71CD71CD91CD92CD72CD6B
:10F4500092CD92CD92CD92CD92CD92CD72CD71CDF5
:10F4600051CD30C5EFC4EFBCCFBC8EB4CFB492CD7C
:10F4700096E6B7E6D8EEF8EE19EF19EF19EF39F77F
:10F4800019EF19EF39F73AF73AF75AF75AF75AF7E7
:10F490005AF75AF75AF75AF75AF77AF77BFF7BFF72
:10F4A0007BF77BF77BF77BF77BF77BF77BFF5BF7E4
:10F4B0005BF75AF75AF73AF739F719EFF8EEF8EE23
:10F4C000D7E6D7E697E696E676DE55DE55DE34DEFD
:10F4D00014D6F3D5D2CD92C510BD8EAC2DA40D9C03
:10F4E000E749051948118A09AB09EC01EC01EC0167
:10F4F000EC010D020D020D020D02ED010D022D02B7
:10F500002D022D020D020D020D020D022D020D0223
:10F510000D020D020D020D020D020D020D020D0273
:10F520000D020D02ED01ED010C020D020D020D02A6
:10F530000D020D022E020D020D020D020D020D0232
:10F54000EC01EC01EC01EB01CA01A901EA010A029C
:10F550004A0A6A12AB12AA128A128A128A12AA12D2
:10F560000A034B036C0B4B0B2B034B0B4B0B2B036B
:10F570002B0B6C0B6C0B4B0B6B0B8C138C0B6B0BEF
:10F580006B0B6C0B4B0B4B036B0B6C134B132B0B61
:10F590004B0B8C136B0B2A0B2A134B238C3B0E5CEF
:10F5A0002E6C4F7C90849084707C9084B08CD08C36
:10F5B000AF8C2D848B6BC8524642464A8852E95A1A
:10F5C000A84A0732C521A51986118611A609C609C0
:10F5D000070A270A470A880AA90AA90AA90AA90A3A
:10F5E000EA12EA0AC90AEA0A0A1BEA12880A880A1F
:10F5F0000A13E912E91AEA226D43B274D79DF8A5FD
:10F60000D89DB89D979D979D979DB79D979D979DD8
:10F61000979D979D779556957695979DD8A5979D9B
:10F620007795979DB8A519AE7BBEFDCE1DD73ED769
:10F630005EDF7FE77FE79FEF9FEF9FEF9FEFBFEFDB
:10F640009FEFBFEF9FE73EDFBCC61AAE789D168DD9
:10F65000368D168D168D168DD584D484F58C168D29
:10F66000368D568D5795979DB7A5D8A5F9ADF9ADAF
:10F67000F9ADF9ADD9A5B8A5B89D979D7795359504
:10F68000569DD3948E6BCA5A6852475AA76AC7725E
:10F69000E77A0783488B6993899BAA9BEBA3EBA32B
:10F6A0002BAC2CAC4CAC4CB46DB48DB4ADBCAEBC7E
:10F6B000CEBCCEBCCEBCEFC40FC530C530CD30C53E
:10F6C00050CD71CD71CD71CD71CD71CD71CD51C593
:10F6D00072CD72CD72CD72CD71CD71CD51CD51CD76
:10F6E00050C530C5EFBCCFBCAFB4AEAC30BD14D646
:10F6F000B7EED7EED8EEF8EE19EF19EF19F73AF7A3
:10F7000019EF19EF39EF3AF75AF75AF75AF75AF74C
:10F710005AF75AF75AF75AF75AF75AF75BFF7BFF2F
:10F720007BF79BF77BFF7BF77BF77BF77BF77BF721
:10F730005BF75AF75AF73AF739F719EFF8EEF8EEA0
:10F74000D7E6B7E696E696DE76DE75DE55DE34DE83
:10F7500014D6F3D5B2CD92C510BD8EAC4DA4ED8BB1
:10F76000A539251968118A09CB01EC01EC01EC01DE
:10F77000EC01ED010D020D020D02ED010D022D0255
:10F780002D022D020D020D020D020D022D020D02A1
:10F790000D020D020D020D020D020D020D020D02F1
:10F7A0000D020D02EC01EC010C020D020D020D0226
:10F7B0000D020D022E020D020D020D020D020C02B1
:10F7C0000C02EC01EC01EC01CB01CA01C901C90139
:10F7D000E9012A0A6A128A128A128A128A128A1283
:10F7E0002B034B034C0B4B032B034C0B4C0B2B03EE
:10F7F0002B0B6C136C0B4B0B6B0B8C138C0B6B0B65
:10F800006B0B6C0B4B034B036B0B6C134B132B0BE6
:10F810004B0B8C136C0B2A0B2A134B238C3B0E5C6B
:10F820000E6C2E746F8490847084908490848F8486
:10F830006F840D7C2A63674A46422642474AEA5A49
:10F84000884A0632A521851986118611A609E7097D
:10F85000070A070A2702470A890AA912A90AA90A58
:10F86000CA0AEA0A0A0B2B132B1BEA12880A880A17
:10F870000A13E912C91A0A2B8D43D374F79DF8A510
:10F88000D89DB89DB79DB79DB79DB79DB79D979DD6
:10F89000B79DB79D779576957795D8A5F8A5B79D2F
:10F8A0007795B89D19AE7BBEDCC61DD73ED73EDF2F
:10F8B0007FE79FE77FE79FEFBFEFBFEFBFEFBFEFB0
:10F8C000BFEF9FE75EDF9CC6F9AD779D7795789592
:10F8D000789577957795578DF584D484D484D4849E
:10F8E000B47CB47CB47CB47CB484D484F584168DAC
:10F8F000368D3695569556957795979D979556954D
:10F9000056951495B38CEF73CA5268524752465AB3
:10F91000666AA672C77A0783278B6993899BAA9B1D
:10F92000CAA3EBA3EBA30BAC2CAC4CB46DB48DB45D
:10F930008DBCAEBCAEBCCEBCEFC40FC530C530CDA7
:10F9400050CD71CD71CD71CD71CD92CD92CD72CDA5
:10F9500092CD72CD72CD72CD71C551C551C531C533
:10F9600010C50FBDCFBCAFB48EB4CFB492CD56E6A8
:10F97000D7EED7E6D8EEF8EE19EF19EF19F73AF708
:10F9800039F739F73AF73AF73AF75AF75AF75AF791
:10F990005AF75AF75AF75AF75AF75AF75BF77BF7BD
:10F9A0007BF77BF77BFF7BF77BF75BF75BF77BF7FF
:10F9B0005BF75AF73AF739F719EF18EFF8EED8E690
:10F9C000D7E6B7E696E676DE76DE75DE55DE34D629
:10F9D00014D6D3CDB2CD71C510B58EAC4EA48B83E9
:10F9E000653146196811AA09CC01EC01EC01EC0162
:10F9F0000C020D020D020D020D020D022D022D0250
:10FA00002D022D022D020D020D022D022D022D02BE
:10FA10000D020D020D020D020D022D020D020D024E
:10FA20000D02ED01EC01EC010C020D020D020D02C4
:10FA30000D020D020D020D020D020D020D020C024F
:10FA40000C02EC01EC01EC01EB01EB01CA01A90194
:10FA5000A901E901090A4A0A6A128A128A128A125B
:10FA60002B034B034B0B2B032B036C0B6C0B4B0B24
:10FA70002B0B6C136C0B4B0B4B0B8C0B6C0B4B0B4A
:10FA80004B0B6B0B4B034B036B0B6B134B132B0B86
:10FA90004C0B8C134B0B2A034B136B238C3BCD531A
:10FAA000CD63CC6B2E7C6F846F8490846F844F8485
:10FAB0004E840D7C8B6BA852264206422742C952C7
:10FAC0006842E629A521851985118611A609E71145
:10FAD000070A270A2702470A890AA912A90ACA128D
:10FAE000CA0AEA0A2A132B132B1BC912680A880AAE
:10FAF0000A13E912E91A0A2B8D43F37C189E19A602
:10FB0000F8A5D8A5D8A5B89DB89DB89DB89DB89DB5
:10FB1000B89DB89D979D7795B79DF9A519AEB79DEE
:10FB20007795D9A57BBEDDC6FDCE1ED73EDF5EDF55
:10FB30007FE79FEF7FE77FE79FEF9FEF9FEFBFEFAD
:10FB4000BFEF3EDF9CC619AE989D989DB99DD99D8B
:10FB5000B99D98959895789577953695158DD58416
:10FB6000D47CB47C737C737452745274536C536C35
:10FB700073747374937CB484F484F5841585368D22
:10FB8000F584B384D48C9284CE6BCA5A4852065200
:10FB9000055A45626572857AA67A278B278B48932A
:10FBA000899BA99BAA9BCAA3EBA30BAC2CAC4CB41E
:10FBB0006DB48DB48DBCADBCCEBCEFC40FC52FC52C
:10FBC00050CD50CD71CD71CD72CD92CD92CD92CD23
:10FBD00072CD72CD72CD51C551C531C531C510C57B
:10FBE000EFBCCFBCCFB48EB48EAC30BDF4D597E6AD
:10FBF000D7EED7E6D8EEF8EE19EF19EF19F739F787
:10FC000039F759F73AF73AF73AF75AF75AF75AF7EE
:10FC10005AF75AF75AF75AF75AF75AF75BF77BF73A
:10FC20007BF77BF77BF77BF77BF77BF77BF77BF744
:10FC30005AF75AF73AF739EF19EFF8EEF8EED7E638
:10FC4000D7E6B7E696E676DE75DE55DE34DE34D6E8
:10FC5000F3CDD3CDB2C551BD10B58EA44EA40A7359
:10FC6000442966198911AA09CC01EC01EC01EC01C7
:10FC70000C020D020D020D020D020D022D022D02CD
:10FC80000D020D020D020D020D020D020D020D02FC
:10FC90000D020D020D020D020D020D020D020D02EC
:10FCA0000D02EC01EC01EC01EC010D020D02ED0185
:10FCB0000D020D020D020D020D020D020D020C02CD
:10FCC0000C02EC01EC010C02EB01EB01CA01A901F1
:10FCD000A901A901C901090A2A0A6A128A128A120B
:10FCE0002B034B0B4B032B032B036C0B6C0B2B0BC2
:10FCF0002B0B6C0B4B0B2B034B0B6C0B6B0B4B0342
:10FD00002B034B0B4B0B4B0B6B136B132B0B0B0B7B
:10FD10004C0B6C0B2B030A034B134B236B3B8C4B91
:10FD20006B5B6B63ED734F7C6F846F844E7C6E8472
:10FD30006E840D7CEC7B4A6346422642684A6842E8
:10FD4000473AC629A5218519651165098609C6099D
:10FD5000070A270A470A680A8812A912A912CA12B2
:10FD6000EA120A130A132B1B0A1BA90A480268028B
:10FD7000EA12E912EA1A0B2BAE4BF37C18A619A66D
:10FD800019A6F9A5D8A5B89DB89DB89DB89DD8A5C8
:10FD9000B89DB89D979D979DD8A519AE19AE979D12
:10FDA00077951AAEDCC61ECF1ED73ED75EDF5EDF6C
:10FDB0005EE79FEF7FE77EE79FEF9FEF9FEFBFEF4D
:10FDC0007FE7DCCE1AB6B8A5D9A5F9A5FAA51AA67B
:10FDD0003BAE1BA61AA6F9A5D9A5D9A5B89D7795BE
:10FDE000568D1685F584D47C947C7374536C536C57
:10FDF000326C1164116C116C316C326C726C9374D6
:10FE0000B47C937C5274517472846D6BEB5A274AA4
:10FE10000652255A2562256A656AC67AA67AE7825D
:10FE2000288B48936993899BAA9BCAA3EBA3EBA356
:10FE30000BAC4CB46DB46DB4ADB4CEBC0FC50FC536
:10FE400050CD50CD71CD71CD71CD71CD71CD71CD04
:10FE500072CD51CD51C531C531C530C510C5F0BCCD
:10FE6000F0BCCFBCCFB48EAC8EAC72C556E6D8EE2B
:10FE7000D8EED8EEF8EE19EF19EF19EF3AF739F797
:10FE80003AF73AF73AF73AF73AF75AF75AF75AF78A
:10FE90005AF75AF75AF75AF75AF75AF75BFF7BFFA8
:10FEA0007BF77BF77BF77BF77BF77BF77BF77BF7C2
:10FEB0005AF73AF739F719EF19EFF8EEF8EED7E6F7
:10FEC000B7E6B7E696E676DE55DE55DE34DE14D6C6
:10FED000F3CDD3CDB2C551BD10BD8EA44E9CC96229
:10FEE000242167196909AB01CC01EC01EC010C027A
:10FEF0000C020D020D02ED01ED010D020D020D02CD
:10FF00000D020D020D020D020D020D020D020D0279
:10FF10000D022D020D020D020D020D020D020D0249
:10FF20000D02EC01EC01EC01EC010D020D020D02E1
:10FF30000D020D020D020D020D020D020D020C024A
:10FF40000C020C020C02EC01EB01EB01CB01AA014B
:10FF5000A901A901A901C901090A4A128B128B1230
:10FF60002B034B0B4B0B2B030B034B0B4B0B2B0B99
:10FF70002B034C0B4C0B2B034B0B6C0B6C0B4B0BDD
:10FF80004B0B6C136B0B4B0B6B138C134B130A0B40
:10FF90004B0B6C0B2B032A0B2A132B234B3BCD5BF8
:10FFA0008C5B6B630E744F7C6F846F844E848F8C7C
:10FFB000AF8C6E8CEC7B4A63A85247422642263AAD
:10FFC000263AE6318521851965116509A609E709F3
:10FFD000E709060A270A6812A812A912A912CA126A
:10FFE0000A13EA12C90AC912EA1AA912680A880A87
:10FFF000EA1AEA12CA1A0B23CF4B147DF8A519A6E8
:020000040805ED
:1000000039AEF9A5D8A5D8A5D8A5D8A5D8A5D8A57D
:10001000B89DB89D989D7795F9A57BB63AAEF9A5A0
:10002000F9A59CBE3ECF1DCF3ED75FDF5EDF7EDFF2
:100030005EE77FE77FE77FE77FE79FEF7FE77FE789
:100040003ED79CC61AB61AAE5BB67CB69CBE9CBEAA
:100050009CBE9CBE9CB67BB65BB65BB63AAE19AE98
:10006000F9A5D89D7795368D368D1585D47C9374FA
:1000700073745274326C116CF06BF063D063F06384
:10008000D063F16BF16BD06BD06BCF736D6BCA5AD1
:10009000274A264A0552055AE459456A446A857238
:1000A000C67AC67AE782288B4993899B8A9BCAA322
:1000B000EAAB0BAC0CAC4CB48DB4CEBCEFBC0FC5F2
:1000C00030C550CD51CD51CD51CD51C571C572CD39
:1000D00071CD51CD51C531C510C510C5EFC4CFBCD0
:1000E000CFBCCFB48EAC4DA410BDF4D596E6F8EEDF
:1000F000D8E6F8EE18EF19EF19EF39F73AF73AF7B3
:100100003AF73AF73AF73AF75AF75AF75AF77AFFBF
:100110007AFF5AF75AF75AF75BFF7BFF7BFF7BF7B3
:100120007BF77BF77BF77BF77BF77BF75BF75AF780
:100130005AF75AF73AF719EF19EFF8EEF8EED8EE4A
:10014000B7E6B7E696E696E675E634DE34DE14D614
:10015000F3CDD3CD92C531BDCFB4AFAC2E944852C0
:1001600025192711AA11AB01EC010C020C020C029B
:100170000C020D020D020D02ED010D020D022D0209
:100180000D020D020D020D020D020D020D020D02F7
:100190002D022D022D020D020D020D020D020D0287
:1001A000ED01EC01CC01EC010D020D020D020D027E
:1001B0002D022D020D020D022D022D020D020D0247
:1001C0000C020C02EC010C02EC01EB01CB01CA01A8
:1001D000AA01AA01A901A901A901E9094B128C1AD6
:1001E0002B034B0B2B0B0A030B034B0B4B0B2B0B58
:1001F0002B0B4B0B2B0B0B034B0B8C136C0B2B0395
:100200002B0B4C134B0B2B0B4B0B6B134B130A0B86
:100210004C0B6C0B4B034B0B2A134B234C3BCD5B12
:10022000CD638B63ED734E7C6F848F846E846E849C
:10023000AF8C6E8CEC73295BA84A47422642063A83
:10024000263AE5318521851965116509A609E60972
:10025000E609060A260A4712681288128912CA128B
:100260000A1BEA12A912A912CA1AA9126812880A4C
:10027000EA1AEA1ACA1A0B2BEF4B558519A63AAEA1
:100280003AAE19AED8A5D8A5D9A5D9A5D9A5D9A5CD
:10029000D8A5B8A5B89DB89D1AA67BB67BB65BB6A7
:1002A0007BB6FDC63ED73ED73ED75EDF7EE77EE714
:1002B0007EE77EE77FE75EE75FE77FE75EE77FE772
:1002C0003ED7FDCEBCC6DCC6FDCE1ECF1ECFFECEB9
:1002D000FECEFECEFDCEDDC6BDC6BCC69CBE9BBE60
:1002E0005AB63AAE19A6D89DB89D7795368D158D1C
:1002F000D584B47C937C737452743174116CF16B3B
:10030000D063D063AF638F636F636E636E634D635F
:10031000EB5A2742C541C5490552055AE459E461E3
:10032000456A656A86728672C782078B4893899B85
:10033000CAA3EAA30BAC4CB48DBCAEBCEFBC0FC5DA
:1003400030C530C550CD51C551C551C551C571C518
:1003500051C551C531C530C510C5F0C4CFBCAFBC07
:10036000AFB48EAC4DA46DA472C555DEB7E6D8E629
:10037000F8EE19EF19EF39EF19EF19EF1AF73AF70D
:100380003AF73AF73AF73AF75AF75AF75AF77AFF3D
:100390007BFF5BFF5BFF5BFF5BFF7BFF7BFF7BFF0D
:1003A0007BF77BF77BF77BF77BF77BF77BF75AF7DE
:1003B0003AF73AF739F719EF19EFF9EEF8EED8EE08
:1003C000B7E6B7E696E696E675E635DE34DE14D691
:1003D000F3D5D3CD92CD30BDCFB48EAC0D940742C2
:1003E00025194809AA09AB01EC010C020C020B0209
:1003F0000C022C020D020D02ED010D020D020D0288
:100400000D020D020D020D020D020D020D020D0274
:100410000D022D020D020D020D020D020D02ED0165
:10042000ED01CC01CC01EC01EC01ED010D020D025E
:100430002D022D022D022D020D020D020D020D02C4
:100440000C020C020C020C02EC01EC01CB01AB0122
:10045000AA01CA01AA01A9018901A901EA092A126E
:100460002B034B0B2B030A030B034B0B4B0B2B0BDD
:100470002B0B4B0B2B0B0A034B0B8C136C0B2B0313
:100480002B0B4B0B4B0B2B0B4B0B6B134B130A0315
:100490004B0B6C0B4B032A0B2A132B234B3BAD5BF3
:1004A000CD6B4A638B6B2D7C6F848F8C6F8C6E84CD
:1004B0006E8C4D848B6BE85AA8524742063A063A36
:1004C000063AC5298521851965116509A609C60958
:1004D000E709070A260A270A470A68128912CA1A70
:1004E000EA12C9128912881289128912480A680A06
:1004F000CA1ACA1AAA1AEB2AEF53558D39AE3AB660
:100500003AAEF9ADD9A5D9A5F9A5F9A5F9A5F9A5E9
:10051000D8A5D8A5B8A5B8A51AAE9BBEBCBEBCBE12
:10052000FDC61DCF3ED73ED73ED75EDF7FE77EE7D5
:100530007EE77EE77FE75EE75EDF3EDF3EDF5FDF91
:100540007FDF7FDF7FDF7FDF9FE79FE77FDF5FDF8B
:100550005FDF7FDF5FDF5ED73ED71ED71DCFFDCECB
:10056000BCC6BCBE9CBE7BB63AAEF9A5B9A5989DEB
:1005700057953795168DF584B47C737C537432741B
:10058000116CD063B063B0638F636E5B6E636E6338
:100590002C5BCA52684A274A064A0552E551C451A3
:1005A000C451045A25624562456A8572C67A288B11
:1005B0008993CA9B0BA44CAC8DB4AEBCCEC40FC502
:1005C0000FC530C530CD30C530C550C551C551C53A
:1005D00051C531C531C510C510BDCFBCAFB48EB447
:1005E0008EB46EAC2C9CCFACF3D596E6B7E6D7E6CE
:1005F000F8EE19EF19EF39EF19EF19EF1AF73AF78B
:100600003AF73AF73AF73AF73AF75AF75AF75AF702
:100610007BFF7BFF7BFF7BFF7BFF5BFF7BFF7BFF2A
:100620005BF77BF77BF77BF77BF77BF77BF77BF75A
:100630003AF73AF719EF19EF19F719EFF8EED8EE84
:10064000B7E697E696E696E675E635DE34DE14D62E
:10065000F3CDD3CD72C510BDCFB46EA4CC8B853194
:10066000251968118A09AB01CC01EC010C02EB01E0
:100670000C020C020D020D02ED010D020D020D0225
:100680000D020D020D020D020D020D020D020D02F2
:100690000D020D020D020D020D020D020D02ED0103
:1006A000EC01CC01CC01CC01EC01ED010D020D02FD
:1006B0000D020D022D020D020D020D020D020D02A2
:1006C0000D020C020C020C020C02EC01CB01CB015E
:1006D000AA01AA01AA01A90189018801A901A90108
:1006E0002B034B0B4B0B2B032B0B4B0B4B0B2B0BEA
:1006F0002B0B6C134B0B2B032B0B6C0B4B0B2B0B88
:100700002B0B4B0B4B0B2B0B4B0B6B134B130A0392
:100710004B0B6C0B4B032A0B2A132A232B3BAC539A
:10072000AC63295B095BCC736F848F8C8E8C6E8C71
:100730004E840D7C4A63C852A8524742E639E639D6
:10074000063AC5298419851965116509A609A609FE
:10075000E609070A060A270A270A480A6812A912A0
:10076000A912890A480A270A480A480A270A0702DA
:10077000891289126912AA22EF53768D3AAE3AB6DF
:100780001AAEF9A5D9A5F9A5F9ADF9ADF9ADF9A557
:10079000D9A5D9A5D8A5D8A51AAE9CBEDDC6FDCED3
:1007A0001DCF1DCF1DD75EDF5EDF3EDF7FE77EE71B
:1007B0005EE75EE75EE73EDF3EDF3EDF1DD73EDF02
:1007C0009FE7BFE7DFEFBFEFBFEFBFEFBFE79FE7F9
:1007D0007FE79FE79FE79FE77FDF5EDF3EDF3ED754
:1007E000FDCE1DCFFDCEDDC69CBE5BB63AAE1AAEC9
:1007F000D9A5B99D789D5795168DF584B57C947CC7
:1008000073745274316C116CF16BD063AF636E5BB7
:100810004D5B4D63EB5A894A064227520652E65118
:10082000055AE559E459046224622462446AA67AAE
:1008300007836993EA9B2CAC6DB48DBCCEBCEFC42E
:100840000FC50FC50FC530C530C530C551C551C521
:1008500031C530C510BD10BDF0BCCFBC8EB46EB478
:100860008EAC4DA44DA472C535DEB7E6D8EED8E601
:10087000F8EE18EF19EF19EF39F739F73AF73AF7B9
:100880003AF73AF73AF73AF73AF75AF75AF75AF780
:100890007BFF7BFF7BFF7BFF7BFF5BFF7BFF7BFFA8
:1008A0005BF77BF77BF77BF77BF77BF77BF77AF7D9
:1008B0003AF739F719EF19EF19F718EFF8EED8EE04
:1008C000B7E697E676DE76E675DE35DE34DE14D6FC
:1008D000D3CDB2CD51C5F0BCCFB46EA46B7B44294F
:1008E000461989116A01CB01CC01EC010B02EB0125
:1008F0000C020C020D020D020D020D020D020D0282
:100900000D020D020D020D020D020D020D020D026F
:100910000D020D020D020D020D020D020D02EC0181
:10092000CC01CC01CC01CC01EC010D020D020D0279
:100930000D020D022D020D020D020D020D020D021F
:100940000C020C020C020C020C020C02EB01CB019B
:10095000AB01AA01AA01AA01A901890188018801A4
:100960002B034B0B4B0B2B032B0B4C0B4C0B2B0B65
:100970002B0B6C134C132B0B2B0B4B0B4B0B2B0B15
:100980002B0B4B0B4B0B2B0B4B0B6B134B130A0B08
:100990004B0B6C0B4B032A0B2A132B232B3BAC5317
:1009A000CC6B4A63E8528B6B4E842E842D844E842C
:1009B0004E84EC7B4A63C85AA8522642A531A53121
:1009C000E631A5296419641965116509A609C609E6
:1009D000E609E609060A070A270A470A480A6812CA
:1009E0008912680A270A270A270A270A070AE6013E
:1009F000280A48124812AA22105C96953AAE3AAEDE
:100A000019AEF9A5F9A5F9A519AE19AEF9ADF9AD6B
:100A1000F9ADF9ADF9A5D9A53AB6DCC6FDCE1ECF24
:100A20001DCFFDCE1DD75EDF5EDF5EDF7FE77EE799
:100A30005EDF3EDF3EDF3EDF3EDF3EDFFDD63ED700
:100A40007FE7BFEFDFEFDFEFBFEFBFEFBFEFBFEF3E
:100A5000BFEFBFEFBFEFBFEF9FE79FE77EE75EDF30
:100A60005EDF5FDF5ED71ED7FDCEBDC69CBE7CBEFF
:100A70005BB63BAEFAA5D99D999D7895378D368D9D
:100A8000F584D47C9374536C326C326CF163AF5B3D
:100A9000AF638E634D5B0B5B684A274A274A675AF0
:100AA000675A465A055A055A2462246A446A65728E
:100AB000E67A488BCA9B2BA46DAC8DB4AEBCCEC479
:100AC000EFC4EFC40FC510C510C530C530C530C563
:100AD00031C510C510BDF0BCD0BCAFBC8EB46EAC7F
:100AE0004DAC0C9C8EACF4D576E6B7E6F8EEF8EE9D
:100AF000F8EEF8EEF9EE19EF3AF73AF73AF73AF777
:100B00003AF73AF73AF73AF73AF73AF75AF75AF71D
:100B10007BFF7BFF7BFF7BFF7BFF7BFF7BFF7BFF05
:100B20005BF77BF77BF75BF75BF75AF75AF75AF7F8
:100B30003AF739F739F719EF19EFF8EED8EED8EEA2
:100B4000B7E6B7E696DE96DE75DE35DE34DE14D621
:100B5000D3CDB2CD51C5F0BCAFB44EA42A7324217D
:100B60006719A9118A01CC01CC01EC010C02EB013F
:100B70000C020C020D020D020D020D020D020D02FF
:100B80000D020D020D020D020D020D020D020D02ED
:100B90000D020D020D020D020D020D02EC01CC0141
:100BA000CC01CB01CC01EC01ED010D020D020D02D7
:100BB0000D020D020D020D020D02ED01ED010D02FF
:100BC0000C020C020C020C020C020C02EC01CB0118
:100BD000AB01AA01AA01AA01AA01A9018901680120
:100BE0000A034B034B0B2B032B0B4C0B4C0B2B0B0C
:100BF0002B0B4C134B0B0B032B0B4C0B4C0B2B0BE2
:100C00002B0B4C134B0B2B0B4B136C134B130A0B73
:100C10002B0B4C0B2B032A0B2A132B232B3B8C5314
:100C2000EC6BAB6B295B6A630D7CCC73AB73EC7BB9
:100C30000D7CCC734A63E85A88522642A531C531EF
:100C4000E53184214419641965116509A609C609AD
:100C5000E609E609060A270A4812480A480A680A05
:100C60008812480A270A270A280A480A270A070278
:100C7000270A480A2812CB2A3164B7953AAE1AAE31
:100C800019AEF9ADF9A519AE19AE19AEF9ADF9ADB8
:100C900019AE1AAE19AEF9AD5BB6DDCE1DCF1ED7BB
:100CA0001DD71DD73DD75EDF5EDF5EDF5EE75EE707
:100CB0003EDF3EDF1EDF1ED73EDF3ED7FDD6FDD630
:100CC0003EDF9FE7DFEFDFF7DFF7DFF7DFF7DFF785
:100CD000BFEFBFEFBFEFBFEFBFEF9FEF9FE77FE734
:100CE0007FE77FE77FDF3ED71ED7FECEDDCEBDC6D6
:100CF000BDC69DBE7CB63BAE1BAEFAA5B99D99950F
:100D0000988D57851685D57CB4747374526C316C8C
:100D10001064D063CF638E632C63894A684A484A63
:100D200047528762A76A876A866A8672A67AC77AF6
:100D30000783698BCB9B2CA46DAC8DB4ADBCCEBCB2
:100D4000EFBCEFBCEFBCEFBC10BD10BD10C530C593
:100D500031C531C510C5F0BCCFBCAFB46EB46EACFC
:100D60002C9C0C9CF0B435DE96E6B7E6F8EEF8EE77
:100D700019EF18EF19EF19EF3AF73AF73AF73AF790
:100D80003AF73AF73AF73AF73AF75AF75AF75AF77B
:100D90007BFF7BFF7BFF7BFF7BFF7BFF7BFF7BFF83
:100DA0005BF77BF77BF75BF75AF75AF73AF73AF7B7
:100DB00039F739F739F719EF18EFF8EED8EED7EE23
:100DC000B7E6B7E696E696DE55DE34DE34DE14D6B8
:100DD000D3CD92CD31C5F0BCAFAC2D9C885A242127
:100DE00047118909AA09CC01EC010C020C02EB01A4
:100DF0000C020D020D020D020D020D020D020D027C
:100E00000D020D020D020D020D020D020D020D026A
:100E10000D020D020D020D020D020D02EC01CC01BE
:100E2000CB01CB01CC01EC01ED010D020D020D0255
:100E30000D020D020D020D020D02ED01ED01ED019D
:100E40000C020C020C020C020C020C02EC01CB0195
:100E5000CB01AB01AA01AA01AA01AA01890189015A
:100E60000A032B034B032B032B034B0B4B0B2B0BBB
:100E70002B0B4C0B2B0B0A032B0B6C134C0B2B0B60
:100E80002B0B4C134B0B2B0B4B136C134B130A0BF1
:100E90002B0B6C0B4B0B2A0B0A132A230B336B4BBC
:100EA000CC6BCC738B6B8B6BEC7BCC738B6BCC7305
:100EB000EC7BCC7B8B6BE95A874A27420642063A89
:100EC000E63184214311641985116509A609C6110B
:100ED000E609E709070A270A48126812480A480A79
:100EE0006812480A480A280A280A2812280A070A03
:100EF000270A48122812CB2A5264B79D19AE19AEA0
:100F000019AE1AAE1AAE1AAE1AAE19AE19AEF9ADC6
:100F10001AAE1AAE3AB63AB69BBEFDCE1DCF1ED75C
:100F20003ED73EDF5EDF5EDF5EDF5EDF3EDF5EDF41
:100F30003EDF3EDF3EDF1ED73ED73ED7FDCEDDCEC5
:100F4000FDCE5EDF9FE7BFEFBFEFDFEFDFF7DFF73D
:100F5000BFF7BFEFBFEFBFEF9FEF9FEF9FE79FE7A9
:100F60009FE79FE77FDF5EDF3ED71ED71ECFFECE17
:100F7000FDC6DEC6BDC69CBE7CB65BAE3BAE1AA649
:100F8000FA9DB9959995788D578DF684D57CB47472
:100F90007374526C116CCF63EF6B6D630B5B4842E3
:100FA000474A875AC862C872C77AE77A0883298B8A
:100FB000498B8A93CB9B0CA44DAC6DAC8DB4AEB475
:100FC000CFB4CFB4CFB4EFB4EFBC10BD10BD30BDC3
:100FD00031C530C510C5EFBCAFBC8EB44DB44DACFF
:100FE000EC9B4DA492C556DE97E6B7E6F8EEF8E620
:100FF00039EF19EF19EF3AEF3AF73AF73AF73AF7CC
:101000003AF73AF73AF73AF73AF75AF75AF75AF7F8
:101010005BFF5BFF7BFF7BFF7BFF7BFF7BFF7BFF40
:101020005BF75BF75BF75BF75BF75AF73AF719EF9C
:1010300039F719EF19EF18EFF8EEF8EED7EED7EE13
:10104000B7E6B7E696DE76DE55DE34DE14DEF3D59F
:10105000D3CD92CD30C5F0BC8EAC0D94064A242180
:1010600047116909AB09CC01EC01EC01EC01EC0181
:101070000C020D020D020D020D020D020D020D02F9
:101080000D020D020D020D020D020D020D020D02E8
:101090000D020D020D020D020D020D02EC01CC013C
:1010A000CB01CB01CC01EC01EC010D020D020D02D4
:1010B0000D020D020D020D020D020D02ED01ED01FA
:1010C0000C020C020C020C020D020C02EC01CC0111
:1010D000CB01AB01AA01AA01AA01AA0189018901D8
:1010E0000A032B032B030B032B034B0B2B0B0B03C1
:1010F0002B0B4C0B2B0B0A032B0B4C134C0B2B0BFE
:101100002B0B4B134B0B2B0B4B136B132B130A0B90
:101110004B0B6C134B0B2B0B0A130A230A334B4B51
:10112000AC63ED7BED7BCC73ED7BED7BEC7B0C7CE2
:101130000D842D84EC7B0963674A264227422642B0
:10114000063A842143116519851164098509C60988
:10115000C609E709070A270A48126812480A480A16
:101160006812480A480A280A270A270A280A070A8A
:10117000280A48124812EB32726CD89D19AEF9ADAC
:1011800019AE1AAE3AAE3AAE3AAE1AAE19AE19AEC2
:101190001AB61AB63AB67BBEDCC61DCF1DCF1ED717
:1011A0003EDF5EDF7EE75EDF5EE77EE73EDF5EE737
:1011B0005EDF5EDF3EDF1ED73ED73ED7DDCEDDCE23
:1011C0009CC6FDCE5EDF7FE79FEFBFEFBFEFDFF78F
:1011D000BFF7BFEF9FEFBFEF9FEF9FEF9FEF9FE73F
:1011E0009FE79FE77FE75FDF5EDF3ED71ED71ED713
:1011F000FECEFECEFECEDDC69DBE9CB65BB65BAE21
:101200001BA61BA6DA9DDA9D99957895588D378592
:10121000F57CF57C937452743174F06B8F630C5BC6
:10122000A952474A27528862097B0983298B4A932E
:101230006A938B9BCB9BEC9B2CA42CAC4CAC6DACE5
:10124000CEB4CFB4CFB4CFB4CFB4EFB410BD30BDB3
:1012500031C530C510C5EFBCAEBC6DB44CAC2CACC8
:10126000CB93AFAC14D676E6B7E6D7E6F8E6F8EE61
:1012700019EF19EF19EF3AEF3AF73AF73AF75AF749
:101280003AF73AF73AF73AF75AF75AF75AF75AF756
:101290005BFF5AF75BFF7BFF7BFF7BFF7BFF7BFFE7
:1012A0005BF75BF75BF75BF75BF75BF73AF719EF19
:1012B00019EF19EFF8EE18EFF8EEF8EED7EED7EEDB
:1012C000B7E6B7E696DE76DE35D614D614DEF3D56D
:1012D000B2CD71C510BDF0BC6EA4ED93C54104192B
:1012E00067116909CB09CB01EC01EC01EC01EC01C0
:1012F000EC010C020D020D020D020D020D020D0299
:101300000D020D020D020D020D020D020D020D0265
:101310000D020D020D020D020D020D02EC01CB01BA
:10132000CB01CB01CC01EC01EC010D020D020D0251
:101330002D020D020D020D020D020D02ED01EC0158
:10134000EC01EC010C020C020D020C020C02EC018F
:10135000CB01AB01AB01AA018A018A018A018A0192
:101360002B032B032B030B030B032B0B2B0B0A035E
:101370002B0B6C134C0B0B030B0B4C0B4C0B2B0B59
:101380002B0B2B132B0B2B0B4B136B132B13EA0A6F
:101390002B0B6C136B0B2A0B0A130A23EA32EA3A63
:1013A0006B5BCD730E7C2E84ED7BED7B0D7C2D7CF9
:1013B0006E8C6E8CEC7B0963675226422642474A4C
:1013C000273A842143198519851164098509C611B5
:1013D000C609070A0712280A4812480A480A480A92
:1013E0006812680A270A270A480A480A480A0702B0
:1013F000280A48122812EB32B374F8A5F9A5F9AD02
:101400001AAE1AAE1AAE3AAE3AAE19AEF9AD1AAE7F
:101410001AB61AB67BBEDDCE1ED7FDCEFDCE3ED7A8
:101420005EDF3EDF5EDF5EDF7EDF7FE75EDF5EDFAB
:101430005EDF3EDF3EDF3ED71ED71ECFDDC6BCC619
:101440007CBE7BBE9CC6FDCE3EDF5FDF7FE77FE7D5
:101450009FEF9FEF9FE77FE77FE77FE77FE77FE7EC
:101460005FDF5FDF5FDF3ED73ED73FD73ED71ED778
:101470001ECFFECEFECEDDC6BDC6BCBE9CBE7CB6BB
:101480003BAE1BAE1BAEDAA5DAA5B99D9995789552
:10149000578D3785F684B5749474536C126CD06B89
:1014A0006D63AA52274A064A6862C972C87A0983DC
:1014B000298B6A938A93AB9BEB9B0BA42BA42CA444
:1014C0006DAC8DACAEACCEB4CFB4CFB4F0BC10BD6F
:1014D00010BDEFBCEFBCEFBCAEB44DAC2CACCA93AE
:1014E000CB9331BD15D697E6D8EEB8E6F8EE18EFF7
:1014F00039EF39EF3AEF1AEF3AF73AF73AF73AF7A6
:101500005AF73AF73AF75AF75AF75BFF5AF75AF78A
:101510005BF75BFF5BFF7BFF7BFF7BFF7BFF7BFF63
:101520005BF75BF75BF75BF73AF73AF71AF719EFF8
:1015300019EF19EF18EFF8EED8EED8EED8EED7EE97
:10154000B7E696E676DE76DE55DE14D6F3D5D3D54D
:10155000B2CD72CD10BDAFB48FAC8C83653125197F
:101560006811AA09AB01CC01CC010C02EC01EB0122
:10157000EC010C020D020D020D020D020D020D0216
:10158000ED010D02ED01ED01ED01ED010D020D0288
:101590000D020D020C020D020D020C02EC01CB013A
:1015A000CB01CB01CC01EC010D020D020D020D02AD
:1015B0000D020D020D020D020D020D02ED01EC01F6
:1015C000EC01EC01EC010C020C020C020C02EC012F
:1015D000CC01CB01AB01AA018A018A018A018A01EF
:1015E0000A032B032B030A030B034B0B2B0B0B03DD
:1015F0002B0B4C134B0B0B030B0B4B0B2B0B0B0B3A
:101600000B0B2B0B2B0B2B0B4B134B132B13EA0A34
:101610000B0B4B0B2B0B0A030A130A23EA2AC93ABA
:101620004B5BED732E7C4F842E7C0E7C0D7C0D7CF1
:101630006E8C6E8CEC7B095B674A2642264A474AD1
:10164000273A852144198519851164098509C60938
:10165000C609E709070A28126812680A480A480AF0
:10166000680A680A270A480A480A480A480A070214
:10167000280A280A070ACB2AB37419A619AE19AE8C
:101680001AAE3AAE1AAE3AAE3AAE1AAEF9ADF9ADFE
:10169000F9AD3AB69CC6FDCE1ED71ED71ED73ED793
:1016A0005EDF3EDF5EDF5EDF7EDF7FE75EDF5EDF29
:1016B0007FDF5EDF5FDF3ED71ED71ECFBDC69CBE7D
:1016C0001AB6FAAD1AAE3AB67BBE9CC6DCCEFDD6D3
:1016D0001ED73EDF3ED73ED71ED71ED71ED71ED7FA
:1016E0003ED73ED71ED71ED71ED71ECFFECEDDCE8D
:1016F000BDC69CC69CC69CBE7CBE7BB65BB63BB6DC
:101700001AAEFAADD9A5B9A5B9A5999D9895588DE8
:10171000578D37851685D57CD57C9474536C126CA7
:10172000D06B8E63CB52C6394431E649275A676283
:10173000C972097B4A83498B8A93AA9BCA9BEBA3F4
:101740002CA44CA46DACAEB4CFB4CFB4CFB4EFB432
:10175000F0BCEFBCCFB4AEB44DAC2CA40CA4AA9397
:101760002D9CB3C556DE97E6D8EED8E6F8EE18EF16
:1017700019EF39EF3AEF3AF73AF73AF73AF75AF7FB
:101780003AF75AF75AF75AF75AF75AF75AF75AF7F1
:101790005BFF5BF75BF75BFF7BFF7BFF5BFF5BFF49
:1017A0005BF75BF75BF75AF73AF73AF739F739F730
:1017B00019EF19EF18EFF8EED8EED8EED8EED7EE15
:1017C000B7E696E676DE76DE55DE14D6F3D5D2CDD4
:1017D00092CD51C510BDAFAC4EA42A734429051952
:1017E0006811AA09CB01CC01EC01EC01EC01CB01A1
:1017F000CC01EC01EC010C02EC01EC01ED01ED017E
:10180000ED01ED01EC01EC01EC01ED01ED010D024A
:10181000ED01EC01EC01EC01EC01EC01CC01CB01A0
:10182000CB01CB01EC01EC010D020D020D020D020A
:101830000D020D020D020D020D020D02ED01EC0173
:10184000EC01EC01EC010C020C020C020C02EC01AC
:10185000EC01CB01AB01AA018A018A018A018A014C
:101860000A032B032B030A030B034B0B4B0B0B0B32
:101870002B0B4C0B4B0B0B0B2B0B4C0B4B0B0B037E
:101880000A032B0B4B0B2B0B4B134B132B13EA0A9B
:101890002B0B4B0B2B0B0A030A130A23CA2AA93260
:1018A0002B53CD6B0E7C4F842E7C2E844E844E8425
:1018B0004E846E8CCC73E85A46422642274A674AC9
:1018C000273AA52144196519651164098509A609F6
:1018D000C609E709070A280A68126812480A480276
:1018E000480A680A480A480A480A480A480A070291
:1018F0000702070AE709CB2AD47419A63AAE3AAE12
:101900003AAE3AAE3AAE1AAE1AAE1AAE19AEF9AD5A
:10191000F9AD7BBEFDCE1ED71ED71ED73ED75EDFEC
:101920005EDF5EDF5FDF5EDF7EDF7FE77FDF5FDF63
:101930005EDF3ED71ED7FDCEFDCEFDCEBCC69CBE23
:101940003AAEFAADB9A5B8A5D9A5D9ADF9AD1AB6D3
:101950005BBE5BBE7BBE7BBE7CBE7CBE7CBE7CBEFB
:101960007CBE7CBE7CBE9CBE9DC69CC67CBE5CBE56
:101970003BB63BB63BB63BB61AAEFAADFAADF9ADE7
:10198000F9ADB8A5989D779D989D7795568D16854C
:10199000F584D47CD47CB374B3747374526C116CBE
:1019A0001174D06B4E5B293A041924216531E6414C
:1019B00047528862C872E97A0983498B6A93AA9B65
:1019C000ECA3ECA30CA42DA44DAC6EAC8FB4CFBC97
:1019D000AFB4AFB48EB44EAC2DA42DA4EC9BAB8BA6
:1019E0008EACF4D577E697E6D8EED8EEF8EE18EFA1
:1019F00038EF39EF3AF73AF73AF73AF73AF75AF752
:101A00003AF75BF75BF75BF75AF75AF75BF77BFF41
:101A10007BFF5BFF5BF75BF75BFF7BFF5BFF5BFFC6
:101A20005BF75BF75AF73AF73AF73AF739F739F7CE
:101A300019EFF9EEF8EEF8EED8EED8EED8EED7EED4
:101A4000B7E696E696E676DE55DE14D6F3D5B2CD49
:101A500092C551C5F0BC8FAC2E9CA9620421251102
:101A600068118A09CB01CC01EC01EC01CC01CB015E
:101A7000AB01CC01EC01EC01EC01EC01ED01ED015D
:101A8000ED01EC01EC01EC01ED01ED010C020C02A9
:101A9000EC01EC01EC01EC01CC01CB01CB01AB0181
:101AA000CB01CB01EC01EC010D020D020D020D0288
:101AB0000D020D020D020D02ED010D02ED010D02F0
:101AC000EC01EC01EC01EC01EC010D020D02EC016A
:101AD000EC01CB01AB01AA018A018A018A018A01CA
:101AE0000B032B0B2B0B0A030B032B0B2B0B0B03E7
:101AF0002B0B4C0B4B0B0B032B0B4C0B2B0B0A0325
:101B00000B0B4B0B4B0B2B0B4B0B4B132B130A0BD6
:101B10002B134C0B2B0B0A0B2A130A23CA2AA932AC
:101B20002B53CD6B2E7C4F7C2E7C4F846F844F8447
:101B30006E844E84AB6BA85226422642264A474A00
:101B4000273AA5214319641964116409A509A60956
:101B5000C609E709070A280A6812680A480A480AF3
:101B6000680A6812680A480A480A480A480A0702C6
:101B70000702070AE709EC32F47C19A63AAE3AAE3E
:101B80003AB63AAE3AAE3AAE1AB61AAE1AAE1AB67D
:101B90003AB6BCC61ED73ED71ED73ED73ED75FDF6C
:101BA0005FDF5EDF7FDF5FDF5FDF7FDF5FDF5FDF06
:101BB0003ED73ED73ED71DCFFDCEFDCEBCBE7BB6B9
:101BC0001AAED9A5789D579536951695168D16950A
:101BD00016951695169536955795579557953795A9
:101BE00057955795589D789D789D789D789D579DE0
:101BF000579D579D57953695168D168D168D168DBA
:101C0000F58CD484D484D484D484B37C937C7274CF
:101C1000526C516C316C1064F063AF5B8E5B6E5B29
:101C20004F5B6F5B0E53E929E50846198629A631FB
:101C3000C639E6412752A86AE972E97A2A838B936A
:101C4000AC9BCC9B0DA42EAC2EAC4EAC6FAC8FB429
:101C50006FAC4FA42EA40E9C0D9CED9B8C8BAB8B7C
:101C6000F0B435D697E697E6D8EEF8EE18EF18EF11
:101C700038EF39EF3AF73AF73BF73AF73AF75AF7CE
:101C80005AF75BF75BF75AF73AF75AF75BF77BFFC0
:101C90007BFF5BFF5BF75BF75BFF7BFF5BFF5BF74C
:101CA0005BF75BF75AF73AF73AF739F719EF19EF9D
:101CB000F9EEF8EEF8EEF8EED8EED8EED7EEB7EE95
:101CC000B7E696E696E676DE55DE34D6F3D5B2CDA7
:101CD00092C531BDF0BCAFAC0E942752E418461942
:101CE00069098A01CB01EC01EC01CC01CB01CB01EC
:101CF000AB01CB01EC01EC01EC01EC01ED010D02BB
:101D0000ED01EC010C020C020D020D020D020D02A0
:101D1000EC01EC01EC01EC01CC01AB01AB01AB013E
:101D2000CB01EC01EC01EC010D020D020D020D02E4
:101D30000D020D020D020D02ED010D020D020D024C
:101D4000EC01EC01EC01EC01EC010C020D02EC01E8
:101D5000EC01CB01AB01AA01AA01AA018A018A0107
:101D60002B0B4B0B2B0B0A030A032B0B2B0BEA023F
:101D70002B0B4B0B4B0B0A032B0B4B0B4B0B0A0385
:101D80002B0B4B0B2B0B2A0B4B0B4B132B130A0B55
:101D90002B0B4B0B2B0B0A0B0A130A23EA32A93A23
:101DA0002B53ED6B2F7C6F844F7C6F846F844E843C
:101DB0006E842D7C6B6BA852474A274227424742CC
:101DC000073A85214319641164116409A509A6091C
:101DD000C609E709070A280A480A680A680A680A59
:101DE000880A8912680A680A680A680A480A270283
:101DF0000702E701080A2C3B157D39A63AAE5AB610
:101E00005BB63AB63AAE3AB61AB61AAE3AB67BBE38
:101E1000BCC6FDCE3ED71ED71ED73ED75FDF3ED70E
:101E20003ED73ED75EDF3ED73ED73ED71DCF1DCF34
:101E30003ED73ED73ED7FDCEBCC65BB6D8A5779D74
:101E40003795F68CB484747C53743374326C126C92
:101E5000126C126C116C126C127432741274127453
:101E6000126C326C326C326C326C326C12741274D2
:101E7000126C126CF16BF16BD163D063D063D063E1
:101E8000D063AF5BAF5B8E5BAF5B6E536E534D53F6
:101E90002D4B2C4B2C4BEB4AEB4AAA42AA42AB42AD
:101EA0004B3A4B3A4C32A921270967118819A821CE
:101EB00087218629A631E7412852285A485AA96A1B
:101EC000CA720B7B6D8BAE93EE930F9C2F9C509C34
:101ED00070A450A42F9CEE93AD8B4B7BEA728C8345
:101EE00051BD76DE97E698E6B8E6D8E6F8EE18EF4C
:101EF00018EF39EF3AF73AF73BF73AF73AF75AF76C
:101F00005BF75BF75AF75AF75AF75BF75BF75BFF3C
:101F10007BFF5BF75BF75BF75BF75BF75BF75BF709
:101F20003AF75AF75AF73AF73AF739F719F7F9EE55
:101F3000F8EEF8EED8EED8EED8EED8EEB7EEB7EE73
:101F400096E696E676DE76DE55DE14D6F3D5B2CD8D
:101F500092C530BDF0B48FACED8BC6410519471961
:101F600069098A01AB01EC01CC01CC01AB01CB01C9
:101F7000AB01CB01CB01EB01EC01EC01ED01ED017B
:101F8000ED01EC010C020C020C020D020D020D021F
:101F9000EC01EC01EC01EC01CB01AB018B01AB01DD
:101FA000CB01EC01EC010C020D020D020D020D0241
:101FB0000D020D020D02ED01ED010D020D020C02EC
:101FC000EC01EC01CC01EC01EC010C020D02EC0186
:101FD000EC01CC01CB01AA01AA01AA018A018A0164
:101FE0000B032B0B2B0B0A030A032B0B4B0B0B0BBB
:101FF0002B0B4C134B0B0B032B034B0B4B0B2B03E0
:102000002B0B2B0B2A030A034B0B4B132B130A0B23
:102010002B0B4C0B4B0B0A0B0A130A23EA32C93A5F
:102020006B5B0E6C2F7C4F7C4F7C6F846F844F7C7E
:102030006F840D7C6B63C852684A2742074227426F
:10204000073A85214319641964116409A509A60991
:10205000C609E709070A280A480A680A680A680AD6
:10206000880A880A680A480A680A680A480A070249
:102070000702E709E8092D3B358539A63AAE7BBE54
:102080007BB63AB63AAE3AB61AAE19AE5AB6BCC636
:10209000FDCE1ED71ED71ECF1ED73ED75FDF3ED741
:1020A0003ED73ED71ED7FDCEDCC6BCC67BBE7ABEB1
:1020B0003AB619AED8A5779D158DD484937C7374E8
:1020C000326CF16BD163D063D063B063B05B905B73
:1020D000B063B05B905B905B906390638F5B8F5B52
:1020E0008F5B8F5B8F5B8F5B6F5B6F536F5B6F5B28
:1020F0006E5B6F5B6F5B6E5B6E5B4E534E536E53EE
:102100006E532D4B0C430C432D4B0C4BEC42CB42EE
:10211000CB42CB42CB42AA428A42493A493A493A57
:102120002A320A324B32EA21891148096809A91971
:10213000A819A72187216621662986318731873929
:102140008739A741E841084A094A4A528B5ACB626B
:102150000C6B0C6B0C6BCA624852E741C6414B7367
:1021600093C576DE97E698E6D8E6D8E6F8EEF8EE80
:1021700018EF19EF3AEF3BF71BF73AF75AF75AF710
:102180005BF75BF75AF75AF75BF75BF75BF75BF7C1
:102190005BF75AF73AF73AF75BF75BF73BF73AF733
:1021A0003AF73AF73AF73AF73AF73AF719F719EFF1
:1021B000F8EEF8EED8EED8EED8EEB7EEB7EE97E63A
:1021C00096E676E676DE75DE35D614D6F3D5B2CD54
:1021D00071C510BDCFB48FA48C83853925194711E3
:1021E0006909AA01AB01EC01AB01CB01AB01AB0169
:1021F000CB01CB01CB01CB01EB01EC01ED01ED01FA
:10220000EC01EC01EC01EC01EC01EC01EC01EC0166
:10221000EC01EC01CC01CC01AB018B018B01AB01DA
:10222000CB01EC010C020C020D020D020D020D029D
:102230002D022D020D020D02ED010D02ED01EC014A
:10224000EC01CB01CB01CC01EC01EC010D02EC0166
:10225000EC01EC01CB01AB01AB01AA018A018A01BF
:102260000A032B0B0B0BEA020A0B2B134C132B0B41
:102270002B0B4C134B0B0B032B034B0B4B0B2B035D
:102280002B032B0B2A030A034B0B6B134B130A0B69
:102290002B0B6C134B0B0A0B0A130A23EA32EA3A94
:1022A000AC5B0D6C2E742E742E746F7C6F7C6F7C07
:1022B0004F842E7C6B63A852474227422742284214
:1022C000073A852144198419641144098509A6092E
:1022D000C609E709070A280A480A680A6802680264
:1022E000680A680A480A480A680A890A680A0702E6
:1022F0000702E70108124D43568D5AAE5BB6BCBECD
:102300009BBE7BB65AB63AB61AB61AAE7BBEDDC6CF
:102310001ED71ED71ECFFDCE1ED73ED71ED7FECE50
:10232000FECEFDCEDDC67BBE3AB6F9AD979D579D7C
:10233000D484937C5274F16BD063D063CF5BD06351
:10234000B05BAF63B063B063B063B05BB05BB05B16
:10235000B05B8F5B8F5B8F5B8F5B8F5B6F5B6E5B4D
:102360008F5B8E5B8F5B8F5B8E5B8E5B6E5B6E5B62
:102370006E5B8E5BAF5B8E5BAE5B8E5B8E538E5BFC
:102380008E5B4D532D4B2D4B2D530C4BEC4ACC42B9
:10239000CC42CC42CC4ACC4ACC4A8B426B424A3AE1
:1023A0006B428B3A4B32A919480189098909AA1154
:1023B000A911C919A821671967198821A821A9217C
:1023C00088198821882188216821682188298829FD
:1023D000A829C831C839A73166296529E7390E848B
:1023E000F4C576DE97DEB8E6D9E6D8E6F8EE18EF63
:1023F00018EF19EF1AEF3BF73BF73BF75AF75AF78D
:102400005BF75BF75AF75BF75BF75BF75BF75BF73D
:102410005AF75AF75BF75BF75BF73AF73BF73AF790
:102420003AF73AF73AF73AF73AF73AF719F719EF6E
:10243000F8EEF8EED8EED8EEB7EEB7EEB7EE97E6D8
:1024400096E676DE76DE55DE35D614D6D3CDB2CD21
:1024500071C510BDAFAC4EA40A73442925194711AC
:102460008909CB01CB01CC01AB01AB01AB01AB01C5
:10247000CB01CB01CB01CB01EB01EC01EC01ED0178
:10248000EC01EC01EC01EC01EC01EC01EC01EC01E4
:10249000EC01EC01CC01AB01AB018B018B01AB0179
:1024A000CC01EC010C020C020D020D020D020D021A
:1024B0000D020D020D020D020D020D020D02EC01C6
:1024C000EC01CB01CB01CC01EC01EC010D02EC01E4
:1024D0000C02EC01CC01CB01AB018A018A018A011B
:1024E0002B0B2B0B2B0B0A03EA0A2B0B2B0B0B0BC7
:1024F0000B0B4B0B4B0B0A030A032B032B030A0397
:102500002B032B0B2A030A034B0B6C134B130A0BE5
:102510002B0B4C134B0B0A0BEA120A23EA320A4329
:10252000AC5B0D6C0E744E744F7C6F846F844F7C6B
:102530004F842E7C4B63674A063A063A074228428C
:10254000073A852144198519641144098509A609AA
:10255000E609E709070A280A680A680A48024802E1
:10256000680A680A480A680A8912A9128912270AA1
:10257000E701E70908126E4B97957AB67BB6BCC6A1
:10258000BCC69CBE7BBE5AB63AB63AB69CBEDDCE41
:102590001ED7FDCEFDCEFDCE1ED7FECEDDCEDDC6D6
:1025A0009CBE7BB65AB6F9A5979D368D947C537424
:1025B000116CF063F063D063F063F063D063D063B9
:1025C000D063D063F063F06BF163D063D063D0630A
:1025D000B063AF5BAF5BAF63D063D063AF5BAF5B48
:1025E000AF5BAF5BAF5BAF5BCF5BAE5B8E5B8E5BBE
:1025F0008E5BCF63AE5BAE5BCF5BAE5BAE5BCF6340
:10260000AF5B6E534E530D4BCC424A32092AE92937
:10261000C821C8210A2A4B328C426C3A6C3A6B3A78
:102620004A322A32EA2189114801AA0969018A0934
:102630008A09AA11CA19A911A911AA11AA11AA11C4
:10264000AA11CA11CA19CA19CA19A919A919891925
:102650008821A821A82187216621A7294942919490
:1026600035CE76DE97DEB8E6D9EED8E619EF18EF6C
:1026700039EF39EF3AF73AF73BF73BF75AF75AF7A2
:102680005BF75BF75BF75BF75BF75BF75BF75AF7BB
:102690005BF75BF75BFF5BFF5BF75BF73AF73AF7DC
:1026A0003AF73AF73AF73AF73AF739F719F718EFEE
:1026B000F8EEF8EED8EED7EEB7EEB7EEB7EEB7EE2F
:1026C00096E676DE76DE55DE34D6F4D5D3CDB2CDC1
:1026D00071C510BD8FAC2E9CC96204212619470913
:1026E000AA09CB09EC09CB01CB01AB01CB09AB01AA
:1026F000CB01CB01CB01CB01EB01EC01CC01ED0116
:10270000EC01ED010D020C020C020C02EC01EC01DB
:102710000C02EC01CC01AB01AB018B018B01AB01D5
:10272000CC01EC010C020D020D020D020D020D0296
:102730000D020D020D020D020D020D020D020D0221
:10274000EC01CC01CB01CC01CC01EC010D02EC0180
:102750000C02EC01EC01CB01AB018A018A01890179
:102760000A0B2B0B0A0BEA020A032B0B2B0B0B0B8E
:102770000A034B0B4B0B0B030A032B032B032B03FB
:102780002B0B4B0B4B0B2A0B4A0B4B130B13EA0A6D
:102790000B132B130A0BEA0A0A130A23EA320A4321
:1027A0008B5B0D6C2E744E7C8F848F846F844E7C7B
:1027B0004E7C0D7C4B632742C531C639E64127422A
:1027C000073A852143118419851164096509850932
:1027D000C611E711070A070A480A680A6802680270
:1027E000880A880A680A480AA912CA1A8912280A95
:1027F000070AE70928128E4B97953AAE7BB6DDC6DD
:10280000BCC6BCC69CC67BBE5BB67BBEDDCEFDCE69
:102810001ED71ED71DCF1ECF1ECFFDCEBDC69CBE60
:102820003AAEF9A5779D168DD484737C5274326CC0
:10283000116C116C116C116C116C316C116C106499
:10284000116C116C316C316C316C116C116C116C40
:10285000106C116C116C116C1164116411641064B2
:1028600010641064F0631064EF63EF63EF63F06370
:10287000CF631064F063EF631064306C1064CF5B5F
:10288000D063B05B0E4B2A2A8711460946094609D8
:102890002609460947118811A919A919A9198919E1
:1028A000881988116811680969018A01AA01AA01B9
:1028B000AB01CB09CB09CB09CB09CB09CB09AB09C0
:1028C000CB09AA09AB09AA09CA09CA11CA19AA19C6
:1028D000AA19A911AA19A9198819A729CB4A33A598
:1028E00056D676DEB7E6B8E6F8EEF8E6F9EE39EF5A
:1028F00039EF39EF3AF73AF73AF75BF75AF75AF701
:102900003AF75BF75AF75BFF5AF75BFF5AF75AF74C
:102910003AF75BF75BF75BF75BF75AF73AF73AF78B
:102920003AF73AF73AF73AF719F739F719F718EF8C
:10293000F8EED8EED7EED7EED7EED7EEB7EE97E6B5
:1029400097E676E676DE55D614D6F4CDB3CD92CDA5
:1029500031C5CFB46EA4EE9369520519261147090B
:10296000CA098A01CB01CB01AB01AB01CB01AB01A1
:10297000AB01AB01AB01AB01CB01CC01EC01ED0133
:10298000ED01ED01ED010D02EC01EC01EC01EC01BA
:10299000EC01CB01AB01AB018A018A01AB01CB0198
:1029A000EC010C020C02ED010D020D020D020D02F4
:1029B0000D020D020D020D020D020D020D020D029F
:1029C000EC01EC01CC01AB01CB01EC010C02EC0100
:1029D000EC01EC01EC01CC01AB018A018A018A0116
:1029E0000A0B2B0B0A0BEA020A032B0B2B0B0A0315
:1029F0002B0B4B0B2B0B0A032B032B032B032B0350
:102A00002B0B4B0B4B0B2A032A0B2A13EA12CA0A75
:102A10000B132B130A0BEA0A0A13EA22E9320A43C0
:102A20006B5BED6B2E744E7C6F7C6F7C4E7C4E7CB2
:102A30002E7CED732B634742C539C539C539E6395C
:102A4000E631A529441944116409640985098509F9
:102A5000C611E711070A070A270A680A880A880ABE
:102A6000880A880A680A480A8912CA1A891248120A
:102A7000070A0812291A6E4397957BB69CBEBDC6FD
:102A8000DDC6DCC6BCC69CC67BBE9CC6FDCE1ED7C2
:102A90001DCF1DCFFDCEFDCEFDC6BCC65BBE3BB679
:102AA000D9A57795F584937C7374526C526C5274EB
:102AB000526C5274527452745274727452745274CE
:102AC00052747274727472747274727472747274F6
:102AD0007274727472747374937473747374726CAA
:102AE000726C526C526C526C72747274526C316CA7
:102AF000516C526C52747274727452747274737436
:102B0000F163AC3AA8194711060126096711670954
:102B1000680968094709470928094809480948090F
:102B20006809681189118909AA09AA09AB01CB01B1
:102B3000AB01CC01EC09EC01EC01EC01EC01CB01A7
:102B4000CB01CB01AB09AB09C909C909AA09AA1173
:102B5000AA11AA11CA11AA116819A8292C5B94B547
:102B600056D676DE97E6B7E6D8E6F8E6F9E619EF48
:102B700039EF3AEF3AF73AF75AF75AF75BF75BF75C
:102B80003AF75BF75AF75BF73AF75BF73AF73AF73A
:102B90003AF75AF75BF75BF75BF75BF75AF75AF7C9
:102BA0003AF73AFF3AF73AF739F739F739F719F7B9
:102BB000F8EED8EED7EED7EED7EEB7EEB7EE97E653
:102BC00097E676E655DE35D614D6F4CDB3CD72C58C
:102BD00010BDCFB46EA4AD83E841E41026114809BE
:102BE000AA098A01AB01CB01AB018B01AB01AB019F
:102BF000AB01AB01AB01AB01AB01CC01EC01EC01D2
:102C0000ED01ED01ED01ED01EC01EC01EC01EC0158
:102C1000CC01CB01AB01AB018A01AB01CB01EC01D3
:102C2000EC010D020D020D020D020D020D020D024E
:102C30000D020D020D020D020D020D020D020D021C
:102C4000EC01EC01CC01CC01CB01EC010C020C023B
:102C50000C020C020C02EC01CB01AA018A018A01D0
:102C6000EA020A0B0A0B0A0B0A0B2B0B2B0B0A03AB
:102C70002B0B2B0B2B030A032B034B0B2B030A03EE
:102C80002B0B2B0B2A0B0A032A0B2A130A13EA120B
:102C90000B132B132B0BEA0A0A13E922E92A0A4326
:102CA0006B5BED6B0D742E7C4E7C2E7C2E7C2E7C13
:102CB0002D7CED734B63884A2642E639C539E639E7
:102CC000E631A5214419441164096409A50985095F
:102CD000C611E711E709070A270A480A6802880AA5
:102CE000680A680A27020702480A68124812280A76
:102CF000070A080A291A8E4BB7957BB69CBEDDCE13
:102D0000FDCEDDC6BDC69CC69CC6BDC6FDCE1ED7CB
:102D10001DCFFDCEFDCEDCC6BCC65BB6F9ADB8A5F9
:102D2000779D168DB47C9374737473747374937CF1
:102D3000B47CB47CB47CB47CB47CB47CD47CD47CD3
:102D4000D47CD47CD47CD37CD47CD37CD47CD484FD
:102D5000D484D47CD47CD47CD47CD47CD47CB47C0B
:102D6000D57CD57CD57CB47CB47CB47C94747374F1
:102D7000B47CB47C947C9474B57CD57C737490538F
:102D80004C32681127096811480947094809480960
:102D9000680968096809690969096A098A118A1153
:102DA000691189098909A909AA09AA09CB01CC01D4
:102DB000CC01EC01ED09EC01EC01EC01EC01EC01C2
:102DC000EB01EB01CC09CB09CA09CA09CB09AB114C
:102DD000AB11AB11CB11CA118819C829AE6B16BE45
:102DE00076D676DE97DEB7E6D8E6F8E6F9E619EFAE
:102DF0003AEF3AEF3AF73AF73AF75AF75BF75BF7F9
:102E00003AF75BF75BF75BF73AF73AF73AF73AF7D7
:102E10003AF75AF75AF75BF75BF75BF75BF75AF746
:102E20003AF75AF73AF739F719F719F719F718EF88
:102E3000F8EEF8EED8EED7EEB7EEB7EE97E697E6F7
:102E400096E676E655DE35D614D6D4CDB3CD71C52B
:102E500010BDCFB44EA46C7B8631E51067196811A4
:102E60008A018B01AB01AB01AB01AB01AB01AB0143
:102E7000AB01AB01AB01AB01AB01CB01EC010C022F
:102E8000EC01ED01ED01EC01EC01EC01CC01EC01F8
:102E9000CC01CB01AB018A018A01AB01CB01EC0172
:102EA000EC010D020D020D020D020D020D020D02CC
:102EB0000D020D020D020D020D020D020D020D029A
:102EC000EC01EC01EC01CC01AB01CC01EC010D02F9
:102ED000EC010C020C02EC01CC01AB01AA01AA012D
:102EE000EA022B0B2B0B0A0B2B0B4B132B0B0A039E
:102EF0002B0B2B0B2B0B0A030B032B032B030A03AC
:102F00002B0B2B0B2A0B0A032A132B130A13EA127F
:102F10000A132B132B0BEA0AEA12E91AEA2A2A43AC
:102F20008C5BED6B0D742E7C4E7C2D7C0D7C0D7CB2
:102F30000D7CCC734A63A852474A0642C539E6392C
:102F4000E631842144116419851164098509A609B3
:102F5000C611E711070A070A270A480A6802880A01
:102F60004802480A2702E601E60107020702E701D4
:102F7000E709E709291A8F4B97955AAE7BBEFDCE1C
:102F8000DDCEDDC6BDC6BCC6BCC6DDCEFDCEFDCE2B
:102F9000FDCEDCC6BCC69BBE5BBE19AEB8A5779D98
:102FA0003695F58CD484D47CD484D584F584158569
:102FB000368D368D168D368D368D358D368D158543
:102FC000358D15851585158515851585158D358DD9
:102FD000168D1585158D1585158515851685168D06
:102FE0001685178D178D17851685168516851685F6
:102FF000F684D684F6841785378DD67C91530B22C0
:10300000681168096809680948094809480969098F
:1030100048014801690989098A098A096A096A090E
:103020008A09A909AA09AA09AA01AB01CB01EC01E5
:10303000CC01EC01EC01EC01EC01EC01EC01EC0148
:10304000EB01EC09EC09EC090B0AEB09CB09CB0904
:10305000CB11CB11CB11CA11A919E8292F7C36C687
:1030600056D676DE97DEB7E6D8E6F8EEF9E619EF43
:103070003AEF3AEF3AF73AF73AF75AF75BF75BF776
:103080003AF75BF75BF75BF73AF73AF73AF73AF755
:103090003AF73AF73AF75BF75BF75BF75BF75BF703
:1030A0003AF73AF739F719F719F719F718EFF8EE71
:1030B000F8EED8EED8EED7EEB7EEB7EE97E697E695
:1030C00076E656DE55DE34D614D6F3CDB3CD72CDCA
:1030D00030C5CFB44E9C2B7345290519881968114A
:1030E0008A01AB01AB01AB01AB01AB01AB01CB0181
:1030F000AB01AB01AB01AB01AB01CB01EC01EC01CE
:10310000EC01ED01EC01EC01EC01EC01EC01CC0176
:10311000CB01AB018A018A01AB01CB01EC01EC01CF
:10312000EC010D020D020D020D020D020D020D0249
:103130000D020D020D020D020D020D020D02ED0138
:10314000ED01EC01EC01CC01AB01CB01EC010D0276
:10315000EC010C020C02EC01CC01CB01AB01AA0189
:10316000EA020A0B0B0B0A0B2B0B4B132B0BEA027D
:103170002B0B4B0B2B0B2A0B2A0B2B0B2B0B2A0B82
:103180002B0B4B132A0B0A0B2A132A130A13EA12CE
:103190000B132B132B0BEA0AE912E91AEA322B4321
:1031A000AC63ED730D742E7C4E7C2D7C2D7C0D7CE0
:1031B000AB6B6B6B0A63A852474A0642C539E639C6
:1031C000E631642123116419851144096509A611AA
:1031D000E71107120712070A270A480A680268025D
:1031E0004802480A480A0702E601E701E701E70149
:1031F000E709E709491A8F4B97955AB69BBEFDCE52
:10320000FDCEDDC6BDC6BDC6BDC6DDCEFDCEFDCE86
:10321000DDCEBCC69BBE7BBE5AB6F9ADB8A5779DC8
:103220003695368D368D7795989D989DB89DD99D0C
:10323000B89DB89DB89DB89D989597957795778DD1
:10324000979577957795568D568D778D7795779558
:10325000779577957795779577957795779578950D
:1032600058955895789578957895588D789578955E
:103270007895588D9995999575740F43CA190701DA
:103280008911680928012801690989096909480122
:103290008909890989098A098A098B098B096A09B7
:1032A00069018909AA09CB09CB09CB01EC01EC0121
:1032B000EC01EC01EC01EC01EC01EC01EC01EC01A6
:1032C000EC01EC01EC01EC010B020B02CC09CC0986
:1032D000EC09CB09CB09EA11C9194932918416C608
:1032E00056D676DE97DEB7E6D8E6F8EEF9EE19EFB9
:1032F0003AEF3AF73AF75AF75AF75AF73BF73BF7EC
:103300003AF75BF75BF75BF73AF73AF73AF73AF7D2
:103310003AF73AF73AF75AF75BF75BF75BF75AF782
:103320003AF73AF719F719F719EF19EFF8EEF8EE3F
:10333000D8EED8EED7EED7EEB7EEB7EE97E697E633
:1033400076E656DE55DE34D6F3D5D3CD92CD71C5B3
:1033500030BDAFAC4E9CEA62252105196819891170
:10336000AA01CB01CB01AB01CB01AB01AB01CB017E
:10337000CB01AB01AB01AB01AB01CB01CB01EC014C
:10338000ED01ED01ED01ED01EC01EC01EC01CC01F1
:10339000CB01AB018B018B01AB01CC01EC01EC014A
:1033A0000C020D020D020D020D020D020D020D02A6
:1033B0000D020D020D020D020D020D02ED010D02B6
:1033C000ED01EC01EC01CC01CB01CB01EC010C02D5
:1033D000EC01EC010C02EC01CC01CB01AB01AA0128
:1033E000EA020A0B0A0BEA0A0A0B2B0B0A0BEA0287
:1033F0002B0B4B134B132B0B0A0B2B0B2B0B2A0BEF
:103400002B134B132A0B0A0B0A132A130A13EA1263
:103410000A132B132B13EA0AE912E922EA322B438F
:10342000AC63ED730D740D7C0D7C0D7C2D7C0D7CDF
:103430006A6B4A63E95A8852674A0642A531A53148
:10344000C531842124194411441144098509A50971
:10345000E7110712070A070A270A480A68026802E2
:10346000480A680A480A270A07020702070A070AE1
:10347000070A070A291A8E4B76953AAE9BBEFDCEF7
:10348000FDCEDCC6BCC6BDC6BDC6DDCEFDCEDDCE26
:10349000DDCEBCC69BBE7BBE5AB619AED8A5B8A5BC
:1034A000B8A5F9A53AB67BB69CBE7BB65BB63AAE7C
:1034B0001AA6F9A5F9A5F9A5F9A5D99DB89DB89DB4
:1034C000B89DB89D9895989598959895B895B89504
:1034D000B895B89598959895989598959895989D3C
:1034E000999D98959895B99DB99DB99DB99DB99D9E
:1034F000B99DFA9DB995746C8D32891148094809B6
:10350000280148018911AA116909280169018A095C
:1035100069016901690169018A018B01AB098B01AC
:103520008A01AA01AA09CB01CB01EB01EC010C0233
:10353000EC01EC010C020C020C020C02EC01EC019F
:10354000EC01EC01EC01EC010C020B02EC01CC01F2
:10355000EC09CB09CB01CA11A8198A42F29415C60D
:1035600055D676DEB7E6B7E6D8E6F8E6F9EE19EF17
:103570003AEF3AF73AF75AF75AF75AF73BF73BF769
:103580005AF75BF75AF75AF73AF73AF73AF73AF732
:103590003AF73AF73AF75AF75AF75BF75AF75AF702
:1035A0003AF719F719F7F9EEF8EEF8EEF8EED8EE6B
:1035B000D8EED7EED7EED7EEB7EEB7EE97E697E6B2
:1035C00076E656DE55DE34D6F3D5B2CD72CD51C592
:1035D0000FBDAEAC2E946852041906114711A91103
:1035E000AA01CB01CB01AB01CB01AB01AB01CB01FC
:1035F000CB01AB01AB01CB01AB01CB01CB01CC01CA
:10360000ED01ED01ED01EC01EC01EC01EC01CC016F
:10361000AB018B018B01AB01CB01EC01EC01EC01A7
:103620000C020D020D020D020D020D020D020D0223
:103630000D020D020D020D020D020D02ED010D0233
:10364000ED01EC01EC01CC01CB01CB01CC01EC0193
:103650000C020C020C02EC01EC01CB01AB01AA0143
:10366000EA022B0B2B0BEA0A0A0B2B0B0A0BEA0ABA
:103670002A0B4B132B130A0B0A0B2A0B0A0B0A0BF0
:103680002B132A130A13EA0A0A132A1B0A1BEA122B
:103690000A132B1B0A13EA12E91AE922EA322B4316
:1036A000AC63CD73ED73CC738B6BAB730C7C0D7C07
:1036B0008B6B4A6BE95A8752674A2642C531A4315F
:1036C000A529842144194411441164098511A511C7
:1036D000E7110712070A070A270A47024802680289
:1036E000480A680A4812280A270A270A270A070AE6
:1036F0002812E709281A6E4B568DF9AD7BBEFDCE18
:10370000FDCEBCC69CC69CC6BDC6DDC6DDC6BCC65D
:10371000BCC69CBE7BBE5AB63AB639B639B65AB6A6
:103720009CBEDDC61ECF3ED71ECFDDC67CBE5BB6BF
:103730003AAE1AA6F9A5D9A5D99DD99DD99DD99DED
:10374000D99DB89DB89DB895B895B895B995B995D6
:10375000B995B995B99DB89D999D98959895989565
:103760009895989598959995B99DD99DD99DDA9DEB
:10377000FA9DFA9DD57CAD324809270168094809B0
:10378000A91168096909890969094901690189015A
:103790008901890189018A018A01AB01AB018A0192
:1037A000CB01AB01AB01AB01CB01CC01EC010C02B5
:1037B000ED010D020D020C020D020D020C02EC01D6
:1037C0000C020C02EC01EC010C020C02EC01EC010D
:1037D000EC01CB01CB01CA09A8190C5353A535C67E
:1037E00055D696DEB7DED7E6D8E6F8EEF9EE19EF55
:1037F0003AF73AF73AF75AF75AF75AF73AF73AF7E1
:103800005AF75BF73AF73AF73AF73AF73AF73AF7EF
:103810003AF73AF73AF73AF73AF73AF73AF73AF720
:103820003AF719F7F9EEF8EEF8EEF8EED8EED8EE32
:10383000D8EED8EED7EED7EEB7E6B7E697E697E63E
:1038400076E656DE55DE34D6F3D5D2CD72CD30C510
:10385000EFB48EA40D8CE741051926114811AA1169
:10386000AB09CC01CC01CB01CB01CB01AB01CB012E
:10387000CB01AB01AB01CB01CB01CB01CB01CB0128
:10388000EC01ED01ED01EC01EC01EC01EC01CB01EF
:103890008B018B018B01AB01CC01EC01EC01EC0144
:1038A0000D020D020D020D020D020D020D020D02A0
:1038B0000D020D020D020D02ED01ED010D02ED01F3
:1038C000ED010D02EC01EC01CC01CB01CC01EC01CE
:1038D0000C020C020D020C02EC01CC01CB01AB017D
:1038E000EA0A4B134B130A0BEA0A0B130B130A0BCE
:1038F0002B134B132B130A0B0A0B0A0B0A0BEA0AA6
:103900002B132A1B0A13EA120A130A1B0A1BEA12B8
:10391000EA122B1B0A13E912E91AE922EA322B43B5
:103920008C63CC73CC736B6B295B4A63CB73EC7B7E
:10393000CB736A6BE95A8752674A4742C531A43153
:10394000A529642144194419441164118511A51154
:10395000E71107122712070A270A480A6802680AAD
:10396000280A480A480A280A280A280A270A070AA9
:10397000E7090712291A2D43D47CD8A57BBEDCCEDB
:10398000FDCEBCC67CBE9CBEBDC6DDC6BDC69CBE53
:10399000BCC69BBE7ABE5ABE5ABE9BBEDCC63ED7D4
:1039A0005FDF7FDF9FDF7FDF3ECFFDC6BDC69CBEF2
:1039B0005BB63AAEFAA5D9A5B89DB89DB89DB89D9D
:1039C000D99DB89DB89DB8959895989598959895D6
:1039D000788D788D789578957895578D578D578D0A
:1039E000779578957895578D578D578D788D788DFB
:1039F00016853364AD3268092701480968096809EA
:103A000048018909680948018909AA0989018901C8
:103A100089018901890189018A018A01AB01AB0110
:103A2000AB01CB01CB01CB01CC01EC01EC01EC01F2
:103A3000ED01EC01EC010D020D020D020C020C0275
:103A4000EC01EC01EC01EC010C020C02EC01EC01CC
:103A5000EC01EB09EB09CA11A8194D5B94AD36CE08
:103A600076D696DEB7E6D7E6F8E6F9EEF9EE19EF88
:103A70003AF73AF73AF75AF75AF75AF73AF73AF75E
:103A80003AF75AF73AF73AF73AF73AF73AF73AF78E
:103A90003AF73AF75AF73AF73AF73AF73AF73AF77E
:103AA0003AF719F719EFF9EEF8EEF8EEF8EEF8EE4E
:103AB000D8EED8EED8EED7EEB7E697E697E697E6DB
:103AC00076E656DE34DE14D6F3D5B2CD71C530BD00
:103AD000EFB46EA4CD83A639251968196811890938
:103AE000CB09CC01CC01CB01CB01CB01CB01CB016C
:103AF000CB01AB01AB01CB01CB01CB01CB01CB01A6
:103B0000CC01EC01EC01EC01EC01EC01CC01CB01AE
:103B10008B018B01AB01AB01CC01EC01EC01EC01A1
:103B20000D020D020D020D020D020D020D020D021D
:103B30000D020D020D02ED01ED01ED01ED01EC01B3
:103B4000ED010D020D02EC01CC01CB01CB01EC012A
:103B5000EC01EC010D020D020D02EC01CC01CB01D8
:103B60000A0B4B136B1B0A0BEA0A0A0B0A0BEA0A35
:103B70000A132A130A13EA0A0A132B132A130A1325
:103B80002A1B2A1B0A1BE912EA120A1B0A1BEA1A41
:103B90000A1B0A1B0A1B0A1BEA22EA2A2A3B4B4B76
:103BA0008C63AC6BCC738B6B2A636A6BCB73CB7BF4
:103BB0008A73AB7329636752874A2642C5318429C9
:103BC000A529642144194419441164118511A511D2
:103BD000E71107120712070A270A480A680A680A43
:103BE000480A280A480A480A280A280A270AE60131
:103BF000C601E709081AEC3A9274B79D3AB6DCCED2
:103C00001DCFBCC69CC6BCC6BDC6BCC69CC69CBEA1
:103C10007BBE5BBE7ABEBCC6FCCE3DD79FDFDFE776
:103C2000FFEF7FDFDDC63BB6FAADF9A5FAAD1AAE00
:103C3000FAAD1AAEDAA5B9A5B89D989D7795779596
:103C400098957895789578957895588D578D578D66
:103C50001785F684F684F684D57CB57CB57CB57C76
:103C6000D57CF684F684D67CD57CB5743364704BF1
:103C70006C2AEA194809480169096909680968094B
:103C8000680968096909690969098901890189015E
:103C90008901890189018A01AA01AA01AB01CB012D
:103CA000AB01AB01CB01CC01CC01EC01ED01ED018D
:103CB000EC01EC010D020D020D020C020C020C02D3
:103CC000EC01EC01EC01EC010C020C02EC01EC014A
:103CD000CB01EB01CB09C911C8218D6B94B535CE51
:103CE00055D696DEB7DEB7DEF8E6F8EEF9E619EF60
:103CF00039EF39EF39F73AF73AF73AF73AF73AF74F
:103D00003AF73AF73AF73AF73AF73AF73AF73AF72B
:103D10005AF75AF75AF73AF73AF73AF73AF73AF7BB
:103D200039F719F7F9EEF9EEF8EEF8EEF8EED8EE0D
:103D3000D8EED8EED7EEB7EEB7E697E697E697E679
:103D400076E656DE14D614D6D3D5B2CD71C510BDE5
:103D5000CFB46EA46C7B6529261948116911AA0994
:103D6000CB09CC01CB01CB01CB01CB01CB01CB01EA
:103D7000CB01CB01AB01CB01CB01CB01CB01AB0123
:103D8000CC01EC01EC01EC01EC01EC01CB01AB014D
:103D9000AB018B01AB01CC01EC01EC01EC010D029C
:103DA0000D020D020D020D020D020D020D020D029B
:103DB0002D022D020D020D020D020D020D02ED016C
:103DC0000D020D020C02EC01EC01CB01CB01CC0188
:103DD000EC01EC01ED010C02EC01EC01CC01AB01BA
:103DE0000A0B4B134B130A0BEA0A0A13EA0AE90AF5
:103DF0000A132A130A13EA120A132B1B2A130A1393
:103E00002A1B2A1B0A1BE912C91AEA1AEA1AEA1A19
:103E1000EA1AEA1AE91AC91AC922E92A0A3B4B4BDB
:103E20008C63AC6BCC73AC738B73EC7BEC7B8A7365
:103E30006A6B8B732A6BA752874A2642C531A5311C
:103E4000C631852144194419441144118511A61124
:103E5000E71107120712070A270A480A4802480210
:103E6000480A280A480A480A480A480A480A070A23
:103E7000070AE709C709AB32726C7695F9ADBCC683
:103E8000BCC67BBE7BBE9CBE9CBE9CBE7BBE9BBE9E
:103E90005ABE7BBE9BC61DD77FDFDFE7DFE7BFDFF4
:103EA0001ECFF9A59484D163D163126C947CF68CF7
:103EB000168D579557953795368D168DF68C168D30
:103EC000168D168D1685F684D584D57CB47C9474B5
:103ED00094747474536C536C536C536C5474747446
:103EE000336C1264F263F25B91530F432B22680927
:103EF00028014801680969096909480148096909EF
:103F00006809680969096909690169016901890123
:103F1000890189018A018A018A01AA01AA01AB01EA
:103F2000AB01CB01CC01CC01EC01EC01ED01ED01C9
:103F3000ED010D020D020D020D020D020C020C022C
:103F4000EC01EC01EC01EC01EC01EC01EC01EC0109
:103F5000CB01CB01CA09C911E829CE73D4BD55CE16
:103F600055D6B6DEB7DEB7E6D8E6F8E6F9EE19EFD5
:103F70003AF739F739F73AF73AF73AF75AF75AFF73
:103F80005AF73AF73AF73AF75AF75AF73AF73AF749
:103F90005AF75AF75AF75AF73AF73AF73AF73AF719
:103FA00019F719F7F8EEF9EEF8EEF8EED8EED7EECD
:103FB000D8EED7EED7EEB7EEB7E697E697E676E619
:103FC00076E655DE14D6F3D5D2D592CD51C5EFB4F1
:103FD000CFB42D9CEA622421061168118911AA0927
:103FE000CB01CC01CB01CB01CB01CB01CB01CB0170
:103FF000CB01CB01AB01AB01CB01CB01CB01AB01C1
:10400000CC01EC01EC01EC01EC01CC01AB01AB010A
:104010008B018B01AB01CC01EC01EC010D020D0217
:104020000D020D020D020D020D020D020D020D0218
:104030002D022D020D020D020D020D020D020D02C8
:104040000D020D020D020C02EC01CB01CB01CC01E3
:10405000EC01EC01ED010D02EC01EC01CC01CB0116
:10406000C9020A0BEA0AC90AC90AEA12EA12C90A0B
:104070000A132B1B0A1BEA120A132A1B0A1BEA1239
:104080002A1B2A230A23E91AC91AC91AEA1ACA1AC0
:10409000C91AC91AA91AA81AA822C92AEA3A2B4B7E
:1040A0008C638B6B8B6B8B6BCC732D840C848A73C2
:1040B0004A6B8B732A6BA752674A0642C531A531FA
:1040C000C631852144192419241123096511A6112B
:1040D000E71107120712070A280A480A48022702AE
:1040E000480A480A480A480A480A680A6812480AF8
:1040F00048122812E711CB3292745695D8A59CC667
:104100007BBE5BB63AB67BBEBCBE9CBE7BBE5BBE16
:104110007BC6DCCE3EDF7FE7DFE7FFEFDFE73ECFAA
:10412000FAA5B584B15B2F532F532F53705B905B6F
:10413000D163F26B126C32745374537453745374AE
:10414000326C326C126CF163D163D163F163F16351
:10415000D163B15B905BB15BB15BB15B905B705362
:104160004F4BEE42AD324C2AEB21A91168094801B0
:104170004809690969094809480148016909690943
:10418000690969096909690969098A018A01890155
:104190008A018A018A018A018A018B018B018B01C4
:1041A000AB01CB01CC01CC01EC01EC01EC01EC0149
:1041B0000D020D020D020D020D020C020C02EC01AB
:1041C000EC01EC01EC01EC01EC01EC01EC01EC0187
:1041D000CB01CB01CA09A91109320F7CD5BD55CE3F
:1041E00075D6B6DEB7E6B7E6D8E6D8E6F9EE19EF4B
:1041F00039F739EF39F739F73AF73AF73AF73AF743
:104200005AF75AF73AF75AF75AF75AF75AF73AF766
:104210005AF75AF75AF75AF73AF73AF73AF73AF796
:1042200019EF19EFF8EEF8EEF8EED8EED7EEB7E6A4
:10423000B7EED7EED7EEB7EEB7E697E696E676E6B8
:1042400076DE35DE14D6F3D5D2D591CD31C5EFB4B7
:10425000AFAC0D9448520419061168118911AB09CD
:10426000CB01CC01CB01CB01CB01CB01CB01CB01ED
:10427000AB01AB01AB01AB01CB01CB01CB01CB015E
:10428000CB01CC01EC01EC01EC01CB01AB018B01CA
:104290008B01AB01CC01CC01EC010D020D020D0232
:1042A0000D020D020D020D020D020D020D020D0296
:1042B0000D020D020D020D020D02ED01ED010D02C8
:1042C000ED01ED010D020C02EC01CB01CB01CC01A3
:1042D000CC01EC01EC01ED01ED01EC01EC01CC01B4
:1042E000EA0A0A0BEA0AC90AEA120A130A13EA12CC
:1042F0000A1B2A1B0A1BEA12EA1A0A1B0A1BE91AE2
:10430000091B0A230A23C91AC91AC922EA22EA2266
:10431000EA22E922C922C922C92AC9320A3B2B4B07
:104320008C636B632A632A638B730D842D84CB7B30
:104330008A736A7309636752674A0642C531A531B9
:10434000C631642144194419241123096511A511AA
:10435000E71107120712270A480A480A480A270ADB
:10436000480A480A480A480A480A6812680A480A75
:1043700068122812E711EB32726C358D979D5BBE87
:104380005BBE3AB63AB67BB69BBE7BBE5BBE7BBE1F
:10439000FDD65EDF9FE7BFEFBFE79FDF5ECFBCBE0E
:1043A0007895D5847474F263705BEE42CE42CE424F
:1043B000EE4AEE4A0E4B2E534F5B6F5B4F5B4F53F3
:1043C0004F534E532E532E4B0E4B2E4B4E534F539B
:1043D0002E4BED4ACD42CD42ED42CD42AD3A8C322C
:1043E0004B2A0A22A91968114809270148014809DE
:1043F0006809690948094809690989096909480971
:1044000069096909690969096A098A098A018A01C8
:104410008A018A018A018A018A018B01AB01AB0101
:10442000AB01CB01CC01CC01EC01EC01EC01EC01C6
:10443000EC01ED01ED010D020C020C02EC01EC01AE
:10444000EC01EC01EC01EC010C020C02EC01EC01C2
:10445000CB01CB09AA09A91129324F84F5C535CE64
:1044600076D6B6DEB7E6D7E6F8E6F8EEF9EE19EF5F
:1044700019EF19EF19EF39F73AF73AF73AF73AF730
:104480005AF75AF73AF73AF75AF75AF75AF73AF704
:104490005AF75AF75AF75AF73AF73AF73AF73AF714
:1044A00019EF19EFF8EEF8EED8EED7EEB7E6B7E66B
:1044B000B7E6B7E6B7EEB7EEB7E6B7E697E696E645
:1044C00076DE55DE14D6F3D5D2D572CD31C5CFB454
:1044D0008FA4ED8BE6410419261148098A09AA091F
:1044E000CB01CC01CB01CB01CB01CB01CB01CB016B
:1044F000AB01AB01AB01AB01CB01CB01CB01CB01DC
:10450000AB01CC01EC01EC01EC01CB01AB018B0167
:104510008B01CC01CC01EC01EC010D020D020D026E
:104520000D020D020D020D020D020D020D020D0213
:104530000D020D020D020D020D02ED01ED01ED0166
:10454000EC010D020C020C02EC01EC01CB01CB01E1
:10455000CC01EC01EC010D020D02ED01ED01EC01CD
:104560002A132A130A13E90AEA120A13EA12E912B1
:10457000E9120A1B0A1BE91AE91A0A1B0A1B091B82
:10458000E91A0923E922C91AC922C922E922C92242
:10459000E922E922E922C922C92AC92AE93A0A43B9
:1045A0004B5B2A5BE95AC85A29638B73CB7BCB7B65
:1045B0006A73496BE85A6752674A0642C531A531AA
:1045C000C631852144194419241144118511A611BD
:1045D000E611E711070A270A48126812480A270A53
:1045E000680A480A480A480A680A680A480A270AFC
:1045F0004812281248124D43D374358D3695D8A5EC
:104600003AAE3AAE5BB65BB63AB63AB67BBEFCCED5
:104610005EE79FEFBFEFBFEF7FDF3ED7DDC65BAE4C
:104620007895D67C7474F26370530E43EE42CD429B
:104630008C3A8C3A6B3A8C3AAC42CC42CC42CC426B
:10464000EC4AEC4ACD4AEC4ACC4ACC42AC42AC42B1
:104650008B3A4B3A4B3A6B3A6B3A6B324B322A2AD3
:10466000CA19A91168096809680988096809270130
:104670006809680948014801480148014809690971
:1046800069096909690969096A098A098A018A0146
:104690008A018A018A018A018B01AB01AB01AB015E
:1046A000AB01CB01CC01CC01EC01EC01EC01EC0144
:1046B000EC01EC01EC010C020C020C020C020C02ED
:1046C000EC01EC01EC01EC010C020C02EC01EC0140
:1046D000CB01EB09CA09A911493A708CF5C535D649
:1046E00076DE96DEB7E6D8E6F9EEF9EEF9EE19EFEA
:1046F00019EF19EF39EF39F73AF73AF73AF73AF78E
:104700005AF75AF75AF73AF73AF75AF75AF73AF781
:104710003AF73AF75AF75AF73AF73AF73AF73AF7D1
:1047200019EF19EFF8EED8EED8EEB7E6B7E6B7E630
:10473000B7E6B7E6B7E6B7E6B7E696E696E696E6F4
:1047400076DE55DE34DEF3D5B2CD71C511BDCFB402
:104750006EA48C8385310519471169098909AA015D
:10476000CB01CC01CB01CB01CB01CB01CB01CB01E8
:10477000AB01CB01AB01AB01AB01CB01CB01CB0159
:10478000AB01CB01CC01CC01CB01AB018B018B0187
:10479000AB01CC01EC09ED01ED010D020D02ED01C3
:1047A0000D02ED010D020D020D020D020D020D02B2
:1047B0002D020D020D020D020D020D020D020D0261
:1047C0000D020D020C020C020C02EC01EC01CB01FB
:1047D000CC01EC01ED010D020D020D020D020D02E6
:1047E0002B130A13EA0AC90AEA12EA12C912C912F9
:1047F000E91A0A1B0A1BE91AE91AEA220A23092301
:1048000009230923E922C922C922EA22EA22C9226C
:10481000A922C922C822A822A82A882A8832A83A0E
:10482000C94AC952C852A852E95A496B8A73AB7B2C
:10483000496B296B0963A852A8522742C639A53192
:10484000C631852124192311241144118511A61183
:10485000C611E611E709070A4812480A280A270A7A
:10486000680A680A480A480A680A680A480A270A59
:10487000480A280A691ACE4B35857695368D779D7C
:104880003AAE3AAE5BB65AB65AB69BBE1DCF7FE77C
:104890009FEFBFEF9FEF9FE75FDFFDC67CB6FAA5F6
:1048A000578D95741364B15B905350532F4BCD4289
:1048B0008B324B324A326A324A324A326A3A6B3A65
:1048C0006A3A6B3A6B3A6B3A6B3A4A3A293A09328E
:1048D0002A322A322A324A322A320A2AC921A8190D
:1048E0004709270927014709680969098909480112
:1048F00027012701480169098909890969096909A5
:10490000690969096909690189018A018A018A01BC
:104910008A018A01AA01AA01AB01AB01AB01AB017B
:10492000AB01CB01CC01CC01EC01EC01EC01EC01C1
:10493000EC01EC010C020C020C020D020D020D0246
:10494000ED01ED01EC01EC010C020C02EC01EC01BB
:10495000CA01CA01AA098911493A708CD5C535D650
:1049600096DE96DEB7E6D7E6F8EEF8EEF9EE19EF4A
:1049700019EF19EF39EF39EF39F739F73AF75AF7F5
:104980003AF75AF73AF73AF73AF73AF73AF73AF77F
:104990003AF73AF75AF75AF73AF73AF73AF71AF76F
:1049A00019EF19EFF8EED8EED7EEB7E6B7E6B7EEA7
:1049B000D7EEB7EEB7E6B7E696E696E696E676E683
:1049C00055DE35DE13D6F3D5B2CD71C511BDD0B4E9
:1049D0004E9C2A732429051168118911AA09AA017C
:1049E000CC01CC01CB01CB01CB01CB01CB01CB0165
:1049F000AB01CB01AB01AB01AB01CB01CB01CB01D7
:104A0000AB01CB01CB01CB01AB01AB01AB01AB01E6
:104A1000AB01CC01ED01ED01ED010D020D020D0226
:104A2000ED01ED010D020D020D020D020D020D0250
:104A30002D020D020D020D020D020D020D020D02DE
:104A40000D020D020C02EC010C02EC01EC01AB01B9
:104A5000AB01CC01EC01ED01ED01ED01ED01ED014A
:104A60000A130A13C90AC90A0A130A1BEA1AE91A1D
:104A7000E91A0A230A23C91AC91AE922E922E91AFA
:104A80000923092B092BC922C922C922C922C922FB
:104A9000A922C922A822A82AA82A882A672A683215
:104AA0008842A84AA84AA852E85A29638A73AB7B6D
:104AB000296B296B0963C85AC95A474AC6398529DF
:104AC000A529642123192311041124118511A5118D
:104AD000C611E611070A070A280A280A270A270A20
:104AE000680A880A680A480A680A680A4702470A80
:104AF000480A270A8A220F545585768D368D979D50
:104B00003AAE3BAE5BAE7BBEDDC65ED79FE7BFEF86
:104B1000BFEF9FEF7FE75FDF1ECF9CBE1AA6989581
:104B2000167D956C536CD25B70532F4B4F4B0E43DD
:104B3000AC3A8B328B3A6B324A32092A092A092A5B
:104B40000932092AE929E829E829E829E829C829B0
:104B50000932E829C829C82187196711471147096F
:104B6000270948096809680948096809690969093C
:104B70008909480128014801480948094809680984
:104B8000680968096909690169018901890189015F
:104B90008A018A01AA01AA01CA01CB01CB01AB019A
:104BA000CB01CB01EB01EB01EC01EC01EC01EC01E1
:104BB000EC01EC010C020C020C020C020C020C02C7
:104BC000ED010D02EC01EC010C020C02EC01EC0118
:104BD000CA01AA018A0189114A3A718CD5C535CE1C
:104BE00096DE96DEB7E6D7E6D8E6D8E6F9EE19EF18
:104BF00019EF19EF39EF39EF39F739F73AF75AF773
:104C00003AF73AF75AF73AF73AF73AF73AF73AF7FC
:104C10003AF73AF73AF75AF73AF75AF73AF71AF7EC
:104C200019EF19EFF8EED8EED8EED7EED7EED7EEB3
:104C3000D7EED7EEB7EEB7E696E696E676E676DE00
:104C400055DE34D6F3D5F2D5B2CD51C5F0BC8FAC1C
:104C50000D94A9622421051168118911AA09CB01BB
:104C6000CC01CC01CB01CB01CB01CB01AB01AB0122
:104C7000AB01CB01AB01AB01AB01AB01CB01CC0173
:104C8000AB01AB01CB01AB01AB01AB018B01AB01C4
:104C9000AB01CC01ED01ED01ED010D020D020D02A4
:104CA000ED01ED01ED010D020D020D020D020D02EF
:104CB0000D020D020D020D020D020D020D020D027C
:104CC0000D020D020C02EC01EC01EC01EC01AB0158
:104CD000AB01CC01CC01EC01ED01ED01ED01ED01E9
:104CE000E90AC90AC90AC90A0A1B0A1BEA1AEA1A06
:104CF000C91AEA1AE91AC91AA81AC91AC91AC91A7C
:104D000009230923E92AC822A922A922A922A82223
:104D1000A922A82288228822A82A672A472A47325D
:104D2000473A6742674A674A875208634A6B8A7301
:104D3000496B0963C862C85AC95A474AC5316429D0
:104D4000642144212319231104112411851185099B
:104D5000C611E611070A270A270A270A270A480A5E
:104D6000680A880A680A480A680A680A4702480AFC
:104D7000680A68124C33D36CD795B7957695B89D71
:104D80001AAE3AAE7BB6DCBE3ED7BFE7BFEFBFEF91
:104D9000BFEF9FEF5EE71ED7BCC63BB6DAA5788DA6
:104DA000F67C54643364F25BB153905370532E43DA
:104DB000CD428B3A8B3AAB3A6A3A4A32493229327F
:104DC000E929E929C829C721A729A729A729C72986
:104DD000A7218721A721871967194611471147097C
:104DE0004709270948096809480148014801480955
:104DF00048014801480969096909480948096809D9
:104E0000680968096901890989018901890189019C
:104E100089018901AA01AA01AA01CB01CB01CB0119
:104E2000CB01CB01EB01EB01EC01EC01EC01EC015E
:104E3000EC01EC01EC01EC01EC01EC01EC01EC010A
:104E4000ED01EC01EC01EC01EC010C02EC01CB01F9
:104E5000CB01AA018A0989116A3A918CF5C536D627
:104E600096DE96DEB7E6D7E6D8E6D8E619EF19EF74
:104E700019EF39F739F759F73AF73AF73AF75AF796
:104E80003AF75AF75AF75AF73AF73AF75AF73AF71A
:104E90003AF73AF73AF73AF75AF75AF73AF71AF76A
:104EA00019EF19EFF8EEF8EED8EED7EED7EED7EE11
:104EB000B7EEB7EEB7EEB7E6B7E696E696E676DE7D
:104EC00055DE34D6F3D5D2CD92CD31C5D0B44EA473
:104ED000CD8B475224210511681189098A01CB0124
:104EE000CC01CC01CB01CB01CB01CB01AB01AB01A0
:104EF000AB01CB01AB01AB01AB01AB01CB01CC01F1
:104F0000AB01AB01CB01AB01AB018B01AB01AB0141
:104F1000CC01CC01ED01ED01ED010D020D02ED0121
:104F2000ED01ED01ED010D020D020D020D020D026C
:104F30000D020D020D020D020D020D020D020D02F9
:104F40000D022D020D020C020C020C02EC01CB0131
:104F5000AB01CC01EC01ED01ED01ED01ED01ED0145
:104F60001F1D1F1E1F1E1F1F1E1F1E1F8C4F0508EB
:104F7000000000206C000000580D0008F84F0508E4
:104F80006C0000202C040000680D000830000000B8
:104F90000000000000000000000000000000000011
:104FA0000000000000000000000000000000000001
:104FB00000000000000000000000000000000000F1
:104FC00000000000000000000000000000000000E1
:104FD00000000000000000000000000000000000D1
:104FE00000000000000000000000000000000000C1
:084FF0000000000000000000B9
:0400000508000131BD
:00000001FF
