:020000040800F2
:100000007004002049010008510100085301000854
:1000100055010008570100085901000800000000C0
:100020000000000000000000000000005B0100086C
:100030005D010008000000005F0100086101000888
:100040006301000863010008630100086301000800
:1000500063010008630100086301000863010008F0
:1000600063010008630100086301000863010008E0
:1000700063010008630100086301000863010008D0
:1000800063010008630100086301000863010008C0
:1000900063010008630100086301000863010008B0
:1000A00063010008630100086301000863010008A0
:1000B0006301000863010008630100086301000890
:1000C0006301000863010008630100086301000880
:1000D000630100087109000863010008630100085A
:1000E0006301000863010008630100086301000860
:1000F0006301000863010008630100086301000850
:10010000630100086301000863010008630100083F
:10011000630100086301000863010008630100082F
:10012000630100086301000863010008630100081F
:10013000DFF810D000F06AF800480047D10C000842
:10014000AFF300807004002006488047064800474F
:10015000FEE7FEE7FEE7FEE7FEE7FEE7FEE7FEE777
:10016000FEE7FEE711090008310100082DE9F05F04
:100170000546002092469B46884606468146402416
:100180001BE0284641464746224600F02FF85346DA
:100190005A46C01A914110D311461846224600F023
:1001A00016F82D1A67EB01084F4622460120002160
:1001B00000F00DF817EB00094E41201EA4F10104D8
:1001C000DFDC484631462A464346BDE8F09F202AF8
:1001D00004DB203A00FA02F1002070479140C2F19E
:1001E000200320FA03F3194390407047202A04DBD0
:1001F000203A21FA02F00021704721FA02F3D040A0
:10020000C2F120029140084319467047064C074D41
:1002100006E0E06840F0010394E8070098471034D6
:10022000AC42F6D3FFF788FF7849050898490508DE
:1002300000B5034603E04FF47A7000F006F8181E8C
:10024000A3F101018BB2F6D100BD00EBC001C900E2
:100250004FF0E0225161002191610521116100BF41
:100260004FF0E021096901F480310029F8D04FF006
:10027000E021096921F001014FF0E022116170478E
:1002800000B500F07FFA0348008840F400500149AF
:10029000088000BD0C38014000BF0549098801F005
:1002A00080010029F9D00249091D0880704700002B
:1002B000003801404748006840F0030045490860A5
:1002C0000846006840F0080008600846006820F012
:1002D000040008604048006840F033003E49086070
:1002E000081D00683D4908433B49091D08603C481A
:1002F000006840F040503A490860081D006840F02E
:100300003330091D08603448006840F088003249E5
:1003100008600846006820F044000860081D006876
:10032000304908432C49091D0860084600682E49D9
:1003300008402949091D08602948006840F000402C
:10034000274908600846006820F080400860081DC2
:10035000006840F08830091D08600846006800F019
:10036000BB3008601C48006840F44C101A49086013
:100370000846006840F4080008600846006820F459
:10038000880008601348406840F4403011494860D4
:100390000846406840F4002048600846406820F461
:1003A000802048601148006840F003000F49086051
:1003B0000846006820F00C0008600648406840F0DD
:1003C0004050044948600846406820F0404048607A
:1003D0007047000000200140001401403303003347
:1003E0000018014088080088BBFBFFBB000C0140DF
:1003F00000B52748806940F2E91108432449886123
:100400000846406940F480704861FFF753FF4FF0A1
:100410002040806940F001004FF02041886108468B
:10042000806920F00C0088610846806920F0400057
:1004300088610846806920F002008861084680696A
:1004400020F0200088610846806940F01000886133
:100450000846806940F4805088610846C06920F0F1
:100460000F00C8610846C06920F0F000C861084666
:10047000C06920F47F40C8610846C06940F48E40DE
:10048000C8610846C06920F04050C86100BD000046
:10049000001002400348006840F001000149086074
:1004A000704700000C0C014010B504464FF4F07387
:1004B0004FF4A0720021084600F008F92C2000F04B
:1004C00032F900224FF4163303E0204600F030F9F1
:1004D000521C9A42F9D310BD10B5FFF789FF00F006
:1004E000DFF8FFF7D7FF00F01EF810BD01480088C5
:1004F000704700000008006C00B50022042000F0E6
:1005000012F9FFF7F3FFFFF7F1FFC0B242EA004232
:10051000FFF7ECFFC0B242EA0022FFF7E7FFC0B2EC
:100520000243104600BD10B5E02000F0FCF80020AA
:1005300000F0FEF8072000F0FBF8102000F0F8F8BB
:10054000092000F0F5F8172000F0F2F80B2000F079
:10055000EFF8412000F0ECF8892000F0E9F84B209A
:1005600000F0E6F80A2000F0E3F80C2000F0E0F8D4
:100570000E2000F0DDF8182000F0DAF81B2000F063
:10058000D7F80F2000F0D4F8E12000F0CCF80020DC
:1005900000F0CEF8172000F0CBF81A2000F0C8F8D1
:1005A000042000F0C5F80E2000F0C2F8062000F08C
:1005B000BFF82F2000F0BCF8452000F0B9F8432028
:1005C00000F0B6F8022000F0B3F80A2000F0B0F80E
:1005D000092000F0ADF8322000F0AAF8362000F033
:1005E000A7F80F2000F0A4F8C02000F09CF811201C
:1005F00000F09EF8092000F09BF8C12000F093F86D
:10060000022000F095F8032000F092F8C52000F0D9
:100610008AF8002000F08CF80A2000F089F8802089
:1006200000F086F8B12000F07EF8B02000F080F8ED
:10063000112000F07DF8B42000F075F8022000F0E1
:1006400077F8B62000F06FF80A2000F071F8A220C9
:1006500000F06EF8B72000F066F8C62000F068F8E9
:10066000BE2000F060F8002000F062F8042000F0E6
:100670005FF83A2000F057F8552000F059F81120A3
:1006800000F051F8362000F04EF8082000F050F845
:100690007820FFF7CDFD292000F045F810BD0000BF
:1006A00010B50948C06820F400400749C8606420BC
:1006B000FFF7BEFD0448C06840F400400249C8602E
:1006C0006420FFF7B5FD10BD0020014030B50446A1
:1006D0000D462A2000F027F8C4F30F2000F028F878
:1006E000E0B200F025F8A118491EC1F30F2000F078
:1006F0001FF8A118491EC8B200F01AF82B2000F00C
:1007000012F8281200F014F8E8B200F011F8E91815
:10071000491EC1F30F2000F00BF8E918491EC8B2BA
:1007200000F006F830BD4FF0D84108807047000057
:1007300001490880704700000008006CF0B50446CD
:100740000D464FF4F0734FF4A072294620B2FFF724
:10075000BDFF2C20FFF7E7FF084E00220BE0084802
:10076000815C0746501C385C01EB002083B21846C0
:10077000FFF7DEFF921CB242F1D3F0BD08B00400D7
:10078000709900082548806940F4804023498861B9
:100790000846806940F0040088612148006840F004
:1007A00030001F4908600846006840F0800008607B
:1007B0000846006820F0400008600846006820F401
:1007C000407008600846006840F480600860084691
:1007D000006820F40060086040F271201149088030
:1007E000081D008820F48050091D088008460088F4
:1007F00020F480600880081D008820F44050091D06
:100800000880081F008840F00400091F088008467F
:10081000008840F008000880704700000010024087
:10082000040801400838014010B500F001F810BD7F
:100830000CB50020019000903348006840F48030EF
:100840003149086000BF3048006800F40030009073
:100850000198401C0190009818B90198B0F5A06F5C
:10086000F1D12948006800F4003010B10120009057
:1008700001E0002000900098012843D1234800683F
:1008800040F01000214908600846006820F0070089
:1008900008600846006840F0020008601A48406896
:1008A000194948600846406848600846406840F476
:1008B000806048600846406820F47C104860084624
:1008C000406840F4E81048600846006840F08070D6
:1008D000086000BF0C48006800F000700028F9D0E4
:1008E0000948406820F0030007494860084640680E
:1008F00040F00200486000BF0348406800F00C0070
:100900000828F9D10CBD0000001002400020024070
:1009100010B51348006840F001001149086008460E
:100920004068104908400E494860084600680E4972
:1009300008400B4908600846006820F480200860E1
:100940000846406820F4FE0048604FF41F008860AD
:10095000FFF76AFF4FF000600449086010BD000017
:10096000001002400000FFF8FFFFF6FE08ED00E077
:100970000F48008800F0200058B10D48001D008885
:100980000C490D4A127888540B480078401C0A49DB
:1009900008700748008800F0100038B1044800884B
:1009A0000348001D008801200449087070470000BA
:1009B0000038014000000020640000206500002095
:1009C0000FB4054B10B503A9044A029800F018F8BB
:1009D00010BC5DF814FB0000C10C0008680000208A
:1009E00002E008C8121F08C1002AFAD170477047F8
:1009F000002001E001C1121F002AFBD17047000056
:100A00002DE9FF4F8DB09B460F460446002606E0B9
:100A100025280BD05A460F999047641C761C2078E5
:100A20000028F5D111B03046BDE8F08F0025A8466A
:100A30000122984900E0054314F8013F203B02FAE7
:100A400003F00842F7D120782E2817D114F8010FAF
:100A500045F004052A280ED06FF02F022078A0F16F
:100A6000300109290AD808EB880102EB410100EBAB
:100A70000108641CF2E757F8048B641C20786C288A
:100A80000DD004DC4C2812D06A2811D104E074285F
:100A90000DD07A280CD10AE045F4001507E0617802
:100AA00045F48015814202D1641C05F58015641C53
:100AB0002078692844D008DC0028B3D0582867D0B3
:100AC00063280FD0642808D13AE0702865D07328D5
:100AD00012D075285AD078285AD05A460F99904784
:100AE000761CD5E017F8040B8DF8000000208DF877
:100AF0000100E946012003E057F8049B4FF0FF3066
:100B000069074FF0000501D40AE06D1C45450DDA78
:100B10008542FADB19F805100029F6D106E06D1CB4
:100B20008542FCDB19F805100029F8D12E4404E0B9
:100B300019F8010B5A460F9990476D1EF8D2A7E09D
:100B40000A200021CDE90801C5F3025002280CD08B
:100B500001CFC117021E71F100020CDA0023D0EBA5
:100B6000030063EB01012D2208E0FF1D27F00707BA
:100B7000F7E80201EEE72A0504D52B228DF828209C
:100B800001223CE0EA073AD02022F7E70A2000E001
:100B900010200021CDE9080107E01020002145F0D8
:100BA0000405CDE908014FF00808C5F302500228FA
:100BB00010D001CF00214FF0000A2A0720D522785B
:100BC000702A0DD0DDE908C38CF0100C5CEA030C30
:100BD0000CD015E0FF1D27F00707F7E80201EAE750
:100BE00040228DF828204FF0010A0CE050EA010362
:100BF00006D030238DF828308DF829200222924625
:100C00002278582A04D024A20DF120090B9209E081
:100C100026A2F9E7DDE90823FFF7A8FA0B9B9B5C06
:100C200009F8013D50EA0102F4D1ADEB0900203092
:100C30000890680701D44FF001080899884503DD42
:100C40000898A8EB000000E000208046002506E0A0
:100C50000AA85A46405D0F9990476D1C761C554571
:100C6000F6DB04E030205A460F999047761CB8F125
:100C70000001A8F10108F5DC05E019F8010B5A465E
:100C80000F999047761C0899481E08900029F4DCBB
:100C9000641CC4E60928010030313233343536375C
:100CA00038396162636465660000000030313233B8
:100CB0003435363738394142434445460000000058
:100CC00000B502460B46D0B2FFF7E6FA104600BD6B
:100CD000FFF7D6FAFFF700FCFFF70EFC04462146AB
:100CE00006A0FFF76DFE4FF6FF70FFF7DDFB00215A
:100CF0000846FFF723FD00BFFEE700006C63644970
:100D000064203D20307825580D0A000000000000C6
:100D100000000000000000000000040404040400BF
:100D20000004000014140A0000000000000000008D
:100D300000000A0A1F0A0A1F0A0A000000040E1512
:100D400005060C14150E0400000012150D152E2CAE
:100D50002A1200000000040A0A36151529160000A0
:100D6000020201000000000000000000100808045A
:100D70000404040408081000020404080808080811
:100D80000404020000000004150E0E15040000000B
:100D900000000008083E08080000000000000000F5
:100DA000000000000202010000000000003F0000FF
:100DB0000000000000000000000000000002000031
:100DC00000201010080804040202010000000E11A7
:100DD00011111111110E0000000004060404040496
:100DE000040E000000000E1111080402011F000093
:100DF00000000E11100C1010110E00000000080C65
:100E00000C0A091F081C000000001F01010F11102F
:100E1000110E000000000C12010D1311110E000044
:100E200000001E10080804040404000000000E1155
:100E3000110E1111110E000000000E1111191610E3
:100E4000090600000000000004000000000400008B
:100E5000000000000004000000040400000010086E
:100E60000402020408100000000000003F003F00E0
:100E70000000000000000204081010080402000036
:100E800000000E11110804040004000000001C22E0
:100E9000292D2D1D221C0000000004040C0A0A1E2E
:100EA0001233000000000F12120E1212120F000077
:100EB00000001E1101010101110E000000000F12BF
:100EC00012121212120F000000001F120A0E0A0264
:100ED000121F000000001F120A0E0A020207000083
:100EE00000001C1201013911120C00000000331225
:100EF000121E12121233000000001F040404040426
:100F0000041F000000003E08080808080808090738
:100F1000000037120A060A1212370000000007020A
:100F200002020202223F000000003B1B1B1B1515A2
:100F30001535000000003B1216161A1A1217000091
:100F400000000E1111111111110E000000000F12FE
:100F5000120E02020207000000000E1111111117FB
:100F6000190E180000000F12120E0A12123700009C
:100F700000001E1101060810110F000000001F15CF
:100F800004040404040E00000000331212121212B2
:100F9000120C000000003312120A0A0C04040000B4
:100FA0000000151515150E0A0A0A000000001B0A9C
:100FB0000A04040A0A1B000000001B0A0A0A0404AF
:100FC000040E000000001F0908040402121F0000A4
:100FD0001C0404040404040404041C0000020204AD
:100FE00004040808081010000E080808080808087B
:100FF00008080E00040A00000000000000000000C5
:1010000000000000000000000000003F020400009B
:10101000000000000000000000000000000C121C96
:10102000123C000000030202020E1212120E000017
:1010300000000000001C1202120C0000001810102A
:10104000101C1212123C000000000000000C121EC6
:10105000021C000000182404041E0404041E0000E6
:1010600000000000003C120C021C221C00030202C3
:10107000020E1212123700000004040000060404DD
:10108000040E000000080800000C08080808080703
:1010900000030202021A0A060A13000000070404F1
:1010A00004040404041F000000000000000F1515D4
:1010B0001515000000000000000F1212123700008A
:1010C00000000000000C1212120C000000000000D2
:1010D000000F1212120E020700000000001C121274
:1010E000121C103800000000001B0602020700005E
:1010F00000000000001E020C101E00000000000492
:10110000041E0404041C000000000000001B121256
:10111000123C000000000000001B0A0A040400004A
:10112000000000000015150E0A0A00000000000073
:10113000001B0A040A1B000000000000003312120A
:101140000C08040300000000001E0804041E000038
:1011500018080808080C08080808180008080808F3
:101160000808080808080808060404040408040419
:101170000404060016090000000000000000000042
:10118000000000000000000000000000000000005F
:1011900000000008080808080808000018180000E7
:1011A00000486C2412000000000000000000000055
:1011B0000000002424247F1212127F121212000059
:1011C0000000081C2A2A0A0C1828282A2A1C0808A9
:1011D00000000022251515152A58545454220000E9
:1011E0000000000C1212120A76252911916E0000DF
:1011F00000060604030000000000000000000000DC
:1012000000402010100808080808081010204000AE
:101210000002040808101010101010080804020042
:101220000000000008086B1C1C6B08080000000090
:1012300000000000080808087F08080808000000EF
:10124000000000000000000000000000060604038B
:101250000000000000000000FE0000000000000090
:101260000000000000000000000000000606000072
:1012700000008040402020101008080404020200F2
:101280000000001824424242424242422418000018
:10129000000000080E08080808080808083E0000BA
:1012A0000000003C4242422020100804427E000020
:1012B0000000003C4242201820404042221C000016
:1012C000000000203028242422227E2020780000E4
:1012D0000000007E0202021A26404042221C00004A
:1012E000000000382402021A26424242241800005C
:1012F0000000007E222210100808080808080000DC
:101300000000003C4242422418244242423C000079
:10131000000000182442424264584040241C00004F
:10132000000000000000181800000000181800005D
:101330000000000000000008000000000008080491
:1013400000000040201008040204081020400000A3
:101350000000000000007F0000007F00000000008F
:1013600000000002040810204020100804020000C1
:101370000000003C424246402010100018180000B7
:101380000000001C225A555555552D42221C0000C4
:101390000000000808181414243C224242E7000010
:1013A0000000001F2222221E22424242221F000071
:1013B0000000007C4242010101010142221C0000A8
:1013C0000000001F2242424242424242221F0000CD
:1013D0000000003F4212121E12120242423F000061
:1013E0000000003F4212121E121202020207000009
:1013F0000000003C2222010101712122221C000078
:10140000000000E7424242427E42424242E7000080
:101410000000003E0808080808080808083E000008
:101420000000007C10101010101010101010110F80
:101430000000007722120A0E0A1212222277000000
:10144000000000070202020202020202427F0000C4
:1014500000000077363636362A2A2A2A2A6B000000
:10146000000000E346464A4A525252626247000078
:101470000000001C2241414141414141221C000029
:101480000000003F424242423E02020202070000C8
:101490000000001C2241414141414D53321C60007B
:1014A0000000003F4242423E1212222242C7000088
:1014B0000000007C4242020418204042423E0000EC
:1014C0000000007F4908080808080808081C0000F8
:1014D000000000E74242424242424242423C000097
:1014E000000000E7424222242414141808080000D7
:1014F0000000006B49494949555536222222000017
:10150000000000E7422424181818242442E70000B1
:10151000000000772222141408080808081C0000A4
:101520000000007E2120101008040442423F000009
:10153000007808080808080808080808080878005B
:101540000000020204040808081010202020404077
:10155000001E1010101010101010101010101E008F
:1015600000384400000000000000000000000000FF
:10157000000000000000000000000000000000FF6C
:10158000000608000000000000000000000000004D
:10159000000000000000003C4278444242FC000091
:1015A000000000030202021A26424242261A0000EC
:1015B000000000000000003844020202443800002D
:1015C00000000060404040784442424264D800003D
:1015D000000000000000003C427E0202423C00008D
:1015E000000000F08808087E08080808083E00008F
:1015F000000000000000007C22221C023C42423C11
:10160000000000030202023A4642424242E7000062
:101610000000000C0C00000E08080808083E00003E
:101620000000003030000038202020202020221E22
:101630000000000302020272120A16122277000052
:101640000000000E0808080808080808083E000006
:10165000000000000000007F9292929292B700007A
:10166000000000000000003B4642424242E700000A
:10167000000000000000003C42424242423C0000A8
:10168000000000000000001B26424242221E02070A
:10169000000000000000007844424242447840E0EC
:1016A00000000000000000774C040404041F000048
:1016B000000000000000007C42023C40423E00006E
:1016C000000000000008083E080808080830000074
:1016D00000000000000000634242424262DC000061
:1016E00000000000000000E7422424140808000065
:1016F00000000000000000EB49495555222200007F
:10170000000000000000007624181818246E000065
:1017100000000000000000E7422424141808080715
:10172000000000000000007E22100808447E000037
:1017300000C0202020202010202020202020C000B9
:101740001010101010101010101010101010101099
:101750000006080808080810080808080808060015
:101760000C32C20000000000000000000000000079
:101770000000000000000000000000000000000069
:101780000000000000000000000000000000000059
:101790000000000000000000000000000000000049
:1017A0000000000000000000E000E000E000E000B9
:1017B000E0004000400040004000400040000000C9
:1017C00000000000E000E000E00000000000000079
:1017D00000000000600660063003980188004400A5
:1017E00000000000000000000000000000000000F9
:1017F00000000000000000000000000000000000E9
:1018000000000000000000000000080208020802BA
:101810000802FE07FE070802080204010401FE0791
:10182000FE0704010401040104010000000000009F
:1018300000000000000040004000F00158034C038D
:101840004C034C0058007000E000C001C001400390
:101850004C034C034C034801F000400040000000E2
:10186000000000000000000000000E030A0111014A
:1018700091009100D1005100FA03AE0260045004BF
:10188000500458044804880284030000000000004B
:101890000000000000000000000038006400640048
:1018A00064006400A4031C010C011A019200B3003F
:1018B000E3006300C300A6041C0300000000000056
:1018C000000000000C001C001000100008000600C2
:1018D0000000000000000000000000000000000008
:1018E00000000000000000000000000000000000F8
:1018F0000000000000040002000180018000C00020
:10190000C000600060006000600060006000600077
:10191000C000C0008000800100010002000400003F
:101920000000000002000400080018001000300051
:1019300030006000600060006000600060006000D7
:101940003000300010001800080004000200000001
:101950000000000000000000000000004000400007
:1019600040004E0E5C07F001F0015C074E0E400097
:1019700040004000000000000000000000000000E7
:101980000000000000000000000000000000400017
:101990004000400040004000FE0F4000400040007A
:1019A00040004000000000000000000000000000B7
:1019B0000000000000000000000000000000000027
:1019C0000000000000000000000000000000000017
:1019D000000000000C001C001000100008000600B1
:1019E00000000000000000000000000000000000F7
:1019F0000000000000000000FE07000000000000E2
:101A000000000000000000000000000000000000D6
:101A100000000000000000000000000000000000C6
:101A200000000000000000000000000000000000B6
:101A3000000000001C001C001C0000000000000052
:101A40000000000000040006000200030001000185
:101A50008000800040004000600020002000100056
:101A60001000080008000C0004000600020000003E
:101A700000000000000000000000F00098010C03CE
:101A80000C030606060606060606060606060606F3
:101A900006060C030C039801F00000000000000093
:101AA00000000000000000000000400060007C001A
:101AB0006000600060006000600060006000600026
:101AC0006000600060006000FC0300000000000097
:101AD00000000000000000000000F8008401020384
:101AE00006030603000380018001C00020001000EF
:101AF000080204020202FE03FE03000000000000D0
:101B0000000000000000000000007800C400860112
:101B1000860186018001C000700080010001000381
:101B20000603060306038401F8000000000000001D
:101B3000000000000000000000018001C001C001A1
:101B4000A001900190018801840184018201FE07B7
:101B50008001800180018001E0070000000000009A
:101B600000000000000000000000FC03FC03040073
:101B7000040004000400F4008C01040300030003CB
:101B80000603060382018401F80000000000000043
:101B900000000000000000000000E00118030C033A
:101BA0000C0004000600E60116030E0606060606F3
:101BB000060604060C021803F000000000000000F6
:101BC00000000000000000000000F807FC070C0205
:101BD000040104010001800080004000400040003A
:101BE0006000600060006000600000000000000015
:101BF00000000000000000000000F8010C030606D1
:101C0000060606060E023C03F000CC01040306069D
:101C10000606060606060C03F001000000000000A0
:101C200000000000000000000000F0000C010C03A8
:101C3000060206060606060606078C067806000655
:101C4000000300030C018C0178000000000000007C
:101C50000000000000000000000000000000000084
:101C60000000E000E000E0000000000000000000D4
:101C700000000000E000E000E000000000000000C4
:101C80000000000000000000000000000000000054
:101C90000000000060006000000000000000000084
:101CA0000000000000006000600040002000000014
:101CB000000000000000000000040002000180009D
:101CC0004000200010000800040008001000200060
:101CD000400080000001000200040000000000003D
:101CE00000000000000000000000000000000000F4
:101CF00000000000FE070000000000000000FE07DA
:101D000000000000000000000000000000000000D3
:101D10000000000000000000040008001000200087
:101D20004000800000010002000400020001800069
:101D30004000200010000800040000000000000027
:101D40000000000000000000F0010C030206020683
:101D50000606060600038001600020002000200027
:101D60000000000070007000700000000000000023
:101D700000000000000000000000E0013806080438
:101D8000CC0A640B26092609160916099609960538
:101D900066030C080C041802E001000000000000BB
:101DA0000000000000000000000060006000700003
:101DB000D000D000C800880188018801F801040320
:101DC00004030403040606060F0F000000000000D1
:101DD00000000000000000000000FF008601060374
:101DE0000603060306038601FE0006030602060636
:101DF0000606060606060603FF01000000000000B6
:101E000000000000000000000000E00718060C04BD
:101E10000C0404000600060006000600060006008A
:101E200006040C040C021801F00000000000000081
:101E3000000000000000000000007F008601060393
:101E40000603060606060606060606060606060635
:101E5000060606030603C6017F000000000000001E
:101E600000000000000000000000FF03060206045E
:101E70000600060086008600FE008600860006003A
:101E80000600060406040602FF030000000000002E
:101E900000000000000000000000FF03060306042D
:101EA0000604060086008600FE0086008600060006
:101EB00006000600060006000F00000000000000FB
:101EC00000000000000000000000F00218030C02F7
:101ED0000C0204000600060006000600C60F0603FA
:101EE00006030C030C031803F000000000000000C0
:101EF000000000000000000000000F0F06060606AC
:101F00000606060606060606FE0706060606060678
:101F100006060606060606060F0F00000000000073
:101F200000000000000000000000FC0360006000F2
:101F300060006000600060006000600060006000A1
:101F40006000600060006000FC0300000000000012
:101F500000000000000000000000F00F8001800180
:101F60008001800180018001800180018001800169
:101F7000800180018001800180018601C6007C0013
:101F800000000000000000000000CF0706018600EE
:101F900046004600260036003E006E00E600C60001
:101FA000C6018601060306078F0F0000000000002F
:101FB000000000000000000000000F000600060006
:101FC00006000600060006000600060006000600E1
:101FD0000600060406040602FF03000000000000DD
:101FE000000000000000000000000F0F0E070E07A9
:101FF0000E079A069A069A069A065A0672067206FC
:102000007206720622062206270F0000000000005A
:1020100000000000000000000000070E0E040E0487
:102020001A041A04320462046204C204C20482055F
:102030000207020702060206070400000000000073
:1020400000000000000000000000F00098010C03F8
:102050000C0206060606060606060606060606061E
:1020600006060C020C039801F000000000000000BE
:1020700000000000000000000000FF01060306064B
:1020800006060606060606060603FE01060006000C
:1020900006000600060006000F0000000000000019
:1020A00000000000000000000000F00098010C0398
:1020B0000C020606060606060606060606060606BE
:1020C00076064C028C038801F001800700030000B3
:1020D00000000000000000000000FF0106030606EB
:1020E0000606060606060603FE006600C600C600D3
:1020F00086018601060306030F0E000000000000A3
:1021000000000000000000000000F8040C070604B6
:10211000060406000E003C00F000C00300030006A9
:102120000206020606060E03F2010000000000008F
:1021300000000000000000000000FE0762046108CB
:102140006108600060006000600060006000600086
:102150006000600060006000F0000000000000000F
:10216000000000000000000000000F0E060406043E
:10217000060406040604060406040604060406040F
:102180000604060406040C02F8010000000000002A
:10219000000000000000000000001F0F0E060C02EF
:1021A0000C020C020C011801180118011801B000F2
:1021B000B000B000F000600060000000000000000F
:1021C00000000000000000000000EF0E660466043E
:1021D00066026602E602EC02EC02DC01DC01DC01D4
:1021E000DC019C01880088008800000000000000DD
:1021F000000000000000000000009E070C03180112
:1022000018019800B000700060006000E000D0008D
:10221000D001980188010C039E0700000000000017
:10222000000000000000000000001F0F0E060C025E
:102230000C0118011801B000B000700060006000CF
:102240006000600060006000F80100000000000015
:1022500000000000000000000000FC0704038203EF
:102260008001C001C000C00060006000300030008C
:10227000180018041C040C02FE03000000000000FB
:1022800000000000E00720002000200020002000C7
:10229000200020002000200020002000200020003E
:1022A000200020002000200020002000E007000087
:1022B0000000000000000000040008000800080002
:1022C000100010002000200020004000400080008E
:1022D00080008000000100010002000200020004F2
:1022E00000000000FC008000800080008000800072
:1022F00080008000800080008000800080008000DE
:10230000800080008000800080008000FC000000D1
:1023100000000000E000B001080200000000000022
:1023200000000000000000000000000000000000AD
:10233000000000000000000000000000000000009D
:10234000000000000000000000000000000000008D
:10235000000000000000000000000000000000007D
:102360000000000000000000000000000000FF0F5F
:1023700000000000180060000000000000000000E5
:10238000000000000000000000000000000000004D
:10239000000000000000000000000000000000003D
:1023A000000000000000000000000000000000002D
:1023B00000000000F0010C030C03E00338030C03E1
:1023C0000603060306038E0B7C0F000000000000CE
:1023D000000000000000000008000E000C000C00CF
:1023E0000C000C00CC013C031C060C060C060C0671
:1023F0000C060C060C021C03F40100000000000097
:1024000000000000000000000000000000000000CC
:1024100000000000F0008C018C018601060006001F
:10242000060006020C020C01F00000000000000093
:102430000000000000000000000280030003000311
:102440000003000378038C030C0306030603060352
:102450000603060304038C07780100000000000057
:10246000000000000000000000000000000000006C
:1024700000000000E001180308060C06FC070C0031
:102480000C000C0018043802E001000000000000FD
:1024900000000000000000000000C00360063006DD
:1024A00030003000FE0330003000300030003000DB
:1024B0003000300030003000FC010000000000005F
:1024C000000000000000000000000000000000000C
:1024D00000000000F00E98090C030C030C03980197
:1024E000F8000C007C00F803060606060E07F8014B
:1024F000000000000000000008000E000C000C00AE
:102500000C000C00EC011C030C030C030C030C036B
:102510000C030C030C030C039E07000000000000DA
:1025200000000000000000000000600060000000EB
:10253000000000007C00600060006000600060003F
:102540006000600060006000FC030000000000000C
:102550000000000000000000000080018001000079
:1025600000000000F00180018001800180018001F5
:10257000800180018001800180018001CC007C000D
:10258000000000000000000008000E000C000C001D
:102590000C000C00CC038C00CC004C006C007C00C8
:1025A000DC00CC008C018C019E07000000000000C4
:1025B000000000000000000040007C00600060009F
:1025C000600060006000600060006000600060000B
:1025D0006000600060006000FC030000000000007C
:1025E00000000000000000000000000000000000EB
:1025F000000000007707EE066606660666066606B9
:102600006606660666066606EF0E0000000000001D
:1026100000000000000000000000000000000000BA
:1026200000000000CE013C030C030C030C030C0360
:102630000C030C030C030C039E07000000000000B9
:10264000000000000000000000000000000000008A
:1026500000000000F00098010C03060606060606BE
:10266000060606060C030C03F00000000000000044
:10267000000000000000000000000000000000005A
:1026800000000000EE011C030C060C060C060C06F4
:102690000C060C060C031C03EC010C000C003E00A5
:1026A000000000000000000000000000000000002A
:1026B0000000000078028C030C03060306030603E7
:1026C0000603060304038C03780300030003C0071A
:1026D00000000000000000000000000000000000FA
:1026E000000000009F075806380018001800180066
:1026F0001800180018001800FF000000000000007B
:1027000000000000000000000000000000000000C9
:1027100000000000F00718060C040C003800F0015F
:102720008003040604060C03FC0100000000000006
:102730000000000000000000000000002000200059
:1027400030003000FE01300030003000300030003A
:102750003000300030023002E001000000000000D4
:102760000000000000000000000000000000000069
:10277000000008028E030C030C030C030C030C0373
:102780000C030C030C039C07780100000000000000
:102790000000000000000000000000000000000039
:1027A000000000003E0F1C06180218023001300124
:1027B0003001E000E000E000400000000000000008
:1027C0000000000000000000000000000000000009
:1027D00000000000EF0DC604C604E604EC04AC03E0
:1027E0009C039C039C0308010801000000000000FA
:1027F00000000000000000000000000000000000D9
:1028000000000000BE0718019801B00070006000D1
:10281000E000D00098018803DE07000000000000FF
:1028200000000000000000000000000000000000A8
:1028300000000000BE071C0118011801B000B00024
:10284000B0006000600040002000200014001C0068
:102850000000000000000000000000000000000078
:1028600000000000FC038401C401C000E00060001F
:102870007000300438041806FC030000000000005B
:1028800000000000000380018000800080008000C4
:10289000800080008000C0002000C0008000800018
:1028A0008000800080008000800080010003000024
:1028B0004000400040004000400040004000400018
:1028C0004000400040004000400040004000400008
:1028D00040004000400040004000400040004000F8
:1028E000000000000C001800100010001000100084
:1028F00010001000100030004000300010001000E8
:102900001000100010001000100018000C00000053
:1029100000001C00240042088204000700000000A0
:1029200000000000000000000000000000000000A7
:102930000000000000000000000000000000000097
:102940000000000000000000000000000000000087
:102950000000000000000000000000000000000077
:102960000000000000000000000000000000000067
:102970000000000000000000000000000000000057
:1029800000000000000000000000C001C001C00104
:10299000C001C001C001C001800080008000800033
:1029A0008000800080000000000000000000800126
:1029B000C003C00380010000000000000000000010
:1029C000000000000000E01CE01CF01E700E380744
:1029D000180308018400000000000000000000004F
:1029E00000000000000000000000000000000000E7
:1029F00000000000000000000000000000000000D7
:102A00000000000000000000000000002010201066
:102A1000201020102010FE7FFE7F100810081008E4
:102A20001008100810081008FE7FFE7F0804080434
:102A30000804080408040000000000000000000072
:102A4000000000000000000000010001C007601944
:102A5000103118311839183938017001E001C003FC
:102A60008007000F001D003900311C311C310C3172
:102A70000C11180DE007000100010001000000002A
:102A80000000000000000000000000001C103618CC
:102A90006308630C63046304630263026301361D0D
:102AA0009C378022806340634063206320633063EF
:102AB00010221836081C0000000000000000000072
:102AC000000000000000000000000000F00098017D
:102AD0008C018C018C018C018C00CC007800183E9C
:102AE0001C083608320863046304C304C303834329
:102AF00006438E26781C0000000000000000000045
:102B00000000000000001C003C003C0030003000D1
:102B100010000C0006000000000000000000000093
:102B200000000000000000000000000000000000A5
:102B30000000000000000000000000000000000095
:102B40000000000000000040002000100008000C01
:102B500000040006000300030003800180018001DF
:102B600080018001800180018001000300030003D7
:102B700000060006000C00080010002000400000C5
:102B800000000000000002000400080010003000F7
:102B900020006000C000C000C000800180018001F2
:102BA00080018001800180018001C000C000C00060
:102BB0006000600030001000080004000200000007
:102BC0000000000000000000000000000000000005
:102BD00000018003800300011C713C79783DC0072F
:102BE0000001C007783D3C791C710001800380031F
:102BF0008001000000000000000000000000000054
:102C000000000000000000000000000000000000C4
:102C100000000001000100010001000100010001AD
:102C2000FC7F000100010001000100010001000122
:102C30000000000000000000000000000000000094
:102C40000000000000000000000000000000000084
:102C50000000000000000000000000000000000074
:102C60000000000000000000000000000000000064
:102C70001C003C003C003000300010000C0006003E
:102C80000000000000000000000000000000000044
:102C90000000000000000000000000000000000034
:102CA000FE7F0000000000000000000000000000A7
:102CB0000000000000000000000000000000000014
:102CC0000000000000000000000000000000000004
:102CD00000000000000000000000000000000000F4
:102CE00000000000000000000000000000001800CC
:102CF0003C003C0018000000000000000000000044
:102D000000000000000000400060002000300010C3
:102D100000180008000C0004000600020003000177
:102D200080018000C00040006000200030001000E2
:102D3000180008000C00040006000200000000005B
:102D4000000000000000000000000000C007600C50
:102D500030181830183018200C600C600C600C60B3
:102D60000C600C600C600C600C601820183018307F
:102D70003018600CC00700000000000000000000D8
:102D800000000000000000000000000000018001C1
:102D9000F8018001800180018001800180018001B3
:102DA000800180018001800180018001800180011B
:102DB0008001C003F81F00000000000000000000B8
:102DC000000000000000000000000000E007101CF0
:102DD0000818043004300C300C30003000180008A3
:102DE0000004000200018000400020201020082084
:102DF0000430FC1FFC1F0000000000000000000069
:102E0000000000000000000000000000E003180EB9
:102E10000C0C0C180C180C180018000C0006C00341
:102E2000000E00180010003000300C300C300C1078
:102E30000C18180CE0030000000000000000000067
:102E4000000000000000000000000000000C000E68
:102E5000000E000F800E800E400E600E200E100E31
:102E6000100E080E040E040EFE7F000E000E000E63
:102E7000000E000E000EC07F0000000000000000E9
:102E8000000000000000000000000000F03FF03FE4
:102E900010001000100008000800C807280C1818BF
:102EA000081000300030003000300C300C300418B6
:102EB0000418080CF00300000000000000000000EF
:102EC000000000000000000000000000800FC010A3
:102ED000203010301800180008000C008C0F6C18FF
:102EE0003C301C600C600C600C600C60186018209A
:102EF00030306018C0070000000000000000000033
:102F0000000000000000000000000000F83FF83F53
:102F10001C100C0804080404000400020002000154
:102F200000010001800080008000C000C000C000DF
:102F3000C000C000C0000000000000000000000051
:102F4000000000000000000000000000E007300C5E
:102F500018180C300C300C301C3038187008E00792
:102F6000B007180E0C1C0638063006300630063046
:102F70000C18180CE0030000000000000000000026
:102F8000000000000000000000000000E003180442
:102F90000C080C18061006300630063006300638CD
:102FA0000C3C1836F03100300018001800180C0CDA
:102FB0000C060C03F00100000000000000000000FF
:102FC0000000000000000000000000000000000001
:102FD000000000000000000000008001C003C003EA
:102FE00080010000000000000000000000008001DF
:102FF000C003C003800100000000000000000000CA
:1030000000000000000000000000000000000000C0
:1030100000000000000000000000C000C000000030
:1030200000000000000000000000000000000000A0
:103030000000C000C0008000800040004000000090
:103040000000000000000000000000200010000848
:103050000004000600038001C0006000300018007A
:103060000C00180030006000C00080010003000662
:103070000004000800100020000000000000000014
:103080000000000000000000000000000000000040
:1030900000000000000000000000FE7F00000000B3
:1030A000000000000000FE7F0000000000000000A3
:1030B0000000000000000000000000000000000010
:1030C00000000000000000000000040008001000E4
:1030D00020006000C000800100030006000C001802
:1030E00000300018000C000600038001C0006000E2
:1030F0002000100008000400000000000000000094
:1031000000000000000000000000C0073018083078
:1031100008600C601C601C601C600030001C000615
:10312000000180008000800080000000000080011D
:10313000C003C00380010000000000000000000088
:10314000000000000000000000000000C007601840
:10315000103018200C2F8C4D864CC64CC64C664C3B
:1031600066446644662666266615CC1C0C4008201C
:1031700018303018C00700000000000000000000F8
:10318000000000000000000000000001C001C001BC
:10319000C001400160032003200320033006100615
:1031A00010061006F80F080C080C080C0C0C04187C
:1031B000041806181F7C000000000000000000003A
:1031C000000000000000000000000000FE07181CC6
:1031D000183818301830183018301818180CF8072C
:1031E00018181830182018601860186018601860D7
:1031F00018301818FE0F000000000000000000004A
:10320000000000000000000000000000C02760383F
:10321000103018200C400C40040006000600060088
:10322000060006000600060006000C400C400C20BC
:1032300018303018C0070000000000000000000037
:10324000000000000000000000000000FE03180E57
:103250001818183018301830186018601860186086
:10326000186018601860186018601830183018104E
:103270001818180EFE0300000000000000000000F7
:10328000000000000000000000000000FE3F1830B9
:10329000182018601840180018081808180CF80FA3
:1032A000180C1808180818001800180018401840C2
:1032B00018201830FE3F0000000000000000000051
:1032C000000000000000000000000000FE7F1870F9
:1032D000184018C018801800181018101818F81F77
:1032E00018181810181018001800180018001800E6
:1032F000180018007E000000000000000000000020
:10330000000000000000000000000000C013701C5E
:10331000101018100C200C200400060006000600F7
:103320000600060006FC063006300C300C30183063
:1033300018303008C0070000000000000000000046
:103340000000000000000000000000003F7E0C189C
:103350000C180C180C180C180C180C180C180C184D
:10336000FC1F0C180C180C180C180C180C180C1846
:103370000C180C183F7E0000000000000000000048
:10338000000000000000000000000000F81F8001A5
:103390008001800180018001800180018001800125
:1033A0008001800180018001800180018001800115
:1033B00080018001F81F00000000000000000000F4
:1033C000000000000000000000000000E07F000698
:1033D00000060006000600060006000600060006BD
:1033E00000060006000600060006000600060006AD
:1033F00000060006000600060E060E038E01FC0005
:103400000000000000000000000000007E7C181892
:103410001808180418061802180198019801D80114
:10342000B803380318071806180E180C181C1818BB
:10343000183018307EFC0000000000000000000082
:103440000000000000000000000000007E001800E6
:1034500018001800180018001800180018001800AC
:10346000180018001800180018001800184018401C
:1034700018201830FE3F000000000000000000008F
:103480000000000000000000000000001FF81C38D1
:103490001C381C381C3C34343434343434367432E4
:1034A0006432643264326431C431C431C431C430F2
:1034B000C43084309FFC00000000000000000000C9
:1034C0000000000000000000000000001F7C1C1035
:1034D0003C103410341074106410E410C410C41183
:1034E00084118413041304170416041E041C041C02
:1034F000041C04181F180000000000000000000059
:10350000000000000000000000000000C003300CBC
:10351000181808100C300C30066006600660066053
:10352000066006600660066006600C200C3008101D
:103530001818300CC003000000000000000000005C
:10354000000000000000000000000000FE0F18183E
:103550001830186018601860186018601830181853
:10356000F80F1800180018001800180018001800AC
:10357000180018007E00000000000000000000009D
:10358000000000000000000000000000C003300C3C
:1035900018180C100C300C200660066006600660DF
:1035A00006600660066006600660E4612C331C322B
:1035B0001816300EC007004C007C003800000000D8
:1035C000000000000000000000000000FE07181CC2
:1035D000183818301830183018301818180CF80728
:1035E00098031803180718061806180E180C180C5C
:1035F000181C18187E780000000000000000000071
:10360000000000000000000000000000E02730384B
:1036100018300C200C200C000C0018007800E0037F
:10362000800F001E003800700060046004600860B5
:1036300018303818C80F000000000000000000001B
:10364000000000000000000000000000FC3F8C2192
:10365000846182418241800180018001800180017A
:103660008001800180018001800180018001800152
:1036700080018001E0070000000000000000000061
:103680000000000000000000000000003F7C0C1063
:103690000C100C100C100C100C100C100C100C104A
:1036A0000C100C100C100C100C100C100C100C103A
:1036B00008083804E00300000000000000000000DB
:1036C0000000000000000000000000003EF818208C
:1036D00018201820301030103010301060086008AA
:1036E0006008E00CC004C004C004800380038003B1
:1036F0008003000100010000000000000000000045
:10370000000000000000000000000000DFF3866100
:10371000862186218C210C218C238C138C138C13F5
:103720004C1358125816580E380E380E380E300CEE
:10373000100410041004000000000000000000004D
:103740000000000000000000000000007E3E18089D
:1037500038083004300470026002E001C001C0018A
:10376000800180034003400720062006100C100C47
:10377000081808183E7C000000000000000000004F
:103780000000000000000000000000007E7C1C1013
:10379000181018083008300C700460046002C00271
:1037A000C002C00180018001800180018001800190
:1037B00080018001E0070000000000000000000020
:1037C000000000000000000000000000F83F181892
:1037D0000818040C040E0006000700038003800193
:1037E000C001C000E00060007000300038201820E8
:1037F0001C100C18FE1F000000000000000000005C
:10380000000000000000C03F4000400040004000B9
:1038100040004000400040004000400040004000A8
:103820004000400040004000400040004000400098
:1038300040004000400040004000C03F0000000049
:103840000000000000000000000008001800180040
:10385000100030002000600060004000C0008000C8
:103860008001800100010003000200060006000440
:10387000000C0008001800180010003000200000A4
:10388000000000000000FC03000200020002000231
:103890000002000200020002000200020002000218
:1038A0000002000200020002000200020002000208
:1038B00000020002000200020002FC0300000000FF
:1038C0000000000000008007C00620081010000063
:1038D00000000000000000000000000000000000E8
:1038E00000000000000000000000000000000000D8
:1038F00000000000000000000000000000000000C8
:1039000000000000000000000000000000000000B7
:1039100000000000000000000000000000000000A7
:103920000000000000000000000000000000000097
:103930000000000000000000000000000000FFFF89
:103940000000000000007800C0000001000000003E
:103950000000000000000000000000000000000067
:103960000000000000000000000000000000000057
:103970000000000000000000000000000000000047
:103980000000000000000000000000000000000037
:1039900000000000000000000000F00318060C0CFE
:1039A0000C0C000C800F700C1C0C0C0C060C060C84
:1039B000064C0C4FF838000000000000000000002A
:1039C0000000000000000000000010001E001800B1
:1039D00018001800180018001800180FD8183830F0
:1039E0003860186018601860186018601860182037
:1039F00038307818C8070000000000000000000000
:103A000000000000000000000000000000000000B6
:103A100000000000000000000000C007700C181833
:103A200018180C180C000C000C000C000C201820AE
:103A300018103008C007000000000000000000005F
:103A4000000000000000000000000010001E001830
:103A500000180018001800180018E01B301C181877
:103A600018180C180C180C180C180C180C1808182E
:103A7000181C307AE009000000000000000000007F
:103A80000000000000000000000000000000000036
:103A900000000000000000000000C007300C1818F3
:103AA00008100C300C30FC3F0C000C000C001820EF
:103AB00018107018C007000000000000000000008F
:103AC000000000000000000000000000003E80C375
:103AD00080C0C0C0C000C000C000FC1FC000C0004B
:103AE000C000C000C000C000C000C000C000C000D6
:103AF000C000C000F80F000000000000000000003F
:103B000000000000000000000000000000000000B5
:103B100000000000000000000000C077306C1018AA
:103B20001818181818181018300CF007180018007A
:103B3000F00FF03F08700C600C600C603838E00F3C
:103B40000000000000000000000010001E0018002F
:103B500018001800180018001800980FD8183830EE
:103B60001830183018301830183018301830183015
:103B7000183018307EFC000000000000000000003B
:103B8000000000000000000000000000800380032F
:103B900080030000000000000001F80180018001A6
:103BA000800180018001800180018001800180010D
:103BB00080018001F81F00000000000000000000EC
:103BC0000000000000000000000000000038003885
:103BD00000380000000000000010801F00180018CE
:103BE0000018001800180018001800180018001815
:103BF00000180018001800180018180C1806F00318
:103C00000000000000000000000010001E0018006E
:103C100018001800180018001800183E180C180694
:103C2000180318019801D801380318071806180C52
:103C3000181C18187E7C0000000000000000000026
:103C4000000000000000000000000001F8018001F9
:103C5000800180018001800180018001800180015C
:103C6000800180018001800180018001800180014C
:103C700080018001F81F000000000000000000002B
:103C80000000000000000000000000000000000034
:103C900000000000000000000800EE1C9C338C3186
:103CA0008C318C318C318C318C318C318C318C312C
:103CB0008C318C31DE7B0000000000000000000031
:103CC00000000000000000000000000000000000F4
:103CD000000000000000000010001E0FD81838304F
:103CE0001830183018301830183018301830183094
:103CF000183018307EFC00000000000000000000BA
:103D000000000000000000000000000000000000B3
:103D100000000000000000000000C007701C103010
:103D200018300C600C600C600C600C600C6018307B
:103D300018303018C007000000000000000000002C
:103D40000000000000000000000000000000000073
:103D5000000000000000000010009E0F58183830CE
:103D60001820186018601860186018601860183003
:103D700038307818980718001800180018007E00CE
:103D80000000000000000000000000000000000033
:103D900000000000000000000000C023303C183884
:103DA00018300C300C300C300C300C300C3008302B
:103DB0001838303CE033003000300030003000FC78
:103DC00000000000000000000000000000000000F3
:103DD000000000000000000060007E3C6066606142
:103DE000E000E000600060006000600060006000D3
:103DF00060006000FE0700000000000000000000FE
:103E000000000000000000000000000000000000B2
:103E100000000000000000000000E02730381830EB
:103E2000182018007000E003800F001C04300430DC
:103E30000C301C18EC0F0000000000000000000017
:103E40000000000000000000000000000000000072
:103E5000800080008000C000E000FC1FC000C000A7
:103E6000C000C000C000C000C000C000C000C02032
:103E7000C0208011000F00000000000000000000C2
:103E80000000000000000000000000000000000032
:103E9000000000000000000010201E3C1830183008
:103EA00018301830183018301830183018301830D2
:103EB000183830F4E013000000000000000000009B
:103EC00000000000000000000000000000000000F2
:103ED000000000000000000000007E3C18181808D8
:103EE000380830043004700260026002E001C00152
:103EF000C001C000800000000000000000000000C1
:103F000000000000000000000000000000000000B1
:103F100000000000000000000000DFF78E630C23AB
:103F20008C238C239813981358165816700E700E05
:103F3000700E2004200400000000000000000000BB
:103F40000000000000000000000000000000000071
:103F500000000000000000000000FC3E700870043B
:103F6000E004C002C0018003800340076006200C0B
:103F7000100C18183E7E0000000000000000000039
:103F80000000000000000000000000000000000031
:103F9000000000000000000000007E7C18181808D7
:103FA00030083008300460046004C002C002C0025F
:103FB0008001800180018000800080004C003C0076
:103FC00000000000000000000000000000000000F1
:103FD00000000000000000000000FC1F0C0C040E9C
:103FE0000406000380038001C000E0007020302040
:103FF00038301C18FC1F000000000000000000000A
:10400000000000000000003000080004000400046C
:104010000004000400040004000400040004000282
:1040200080010002000400040004000400040004F5
:104030000004000400040004000400080030000034
:104040000001000100010001000100010001000168
:104050000001000100010001000100010001000158
:104060000001000100010001000100010001000148
:104070000001000100010001000100010001000138
:104080000000000000000C001000200020002000B4
:104090002000200020002000200020002000400000
:1040A000800140002000200020002000200020008F
:1040B0002000200020002000200010000C00000044
:1040C00000003800C400864002610022001C00008D
:1040D00000000000000000000000000000000000E0
:1040E00000000000000000000000000000000000D0
:1040F00000000000000000000000000000000000C0
:1041000000000000000000000000010000000300AB
:10411000400003028001030F000303030006830134
:10412000000E8301000CC300000C43002000230894
:10413000E0FFFF3F60000008600000086008100812
:1041400060F03F08601030086010300860103008E0
:1041500060103008601030086010300860F03F08D0
:104160006010300860101008600800086000200C23
:104170006000C00F6000000F20000002000000007F
:10418000000000000000000000003000000070008F
:1041900000103000FE3F300080013000C000300CC5
:1041A000C0C0FF1FC0003000400030006000300081
:1041B0006000300020083010F0FFFF3F700C00005E
:1041C000780C3000680C70006C0C3000640C30000F
:1041D000620C300C60CCFF1F600C3000600C3000B3
:1041E000E00F3000600C3000600C300060003010D8
:1041F00020F8FF3F00000000000000000000000069
:1042000000000000000000000000000000080000A6
:10421000001C0800000E70000087C001808381032D
:1042200080C1010760C0010E306001040860020017
:104230000430040000180800000C180000063000CC
:104240000003E00080018007C001403F30FEFF1CFA
:104250000C06E0000006600000066000000660003A
:1042600000066000000660000006600000FE7F009F
:104270000006600000066000000220000000000050
:104280000010CE003600011BFFFFFFFFFFFFFFFF06
:10429000FFFFFFFFFFFFFFFFFFFFFFFFFFFFFFFF2E
:1042A000FFFFFFFFFFFFFFFFFFFFFFFFFFFFFFFF1E
:1042B000FFFFFFFFFFFFFFFFFFFFFFFFFFFFFFFF0E
:1042C000FFFFFFFFFFFFFFFFFFFFFFFFFFFFFFFFFE
:1042D000FFFFFFFFFFFFFFFFFFFFFFFFFFFFFFFFEE
:1042E000FFFFFFFFFFFFFFFFFFFFFFFFFFFFFFFFDE
:1042F000FFFFFFFFFFFFFFFFFFFFFFFFFFFFFFFFCE
:10430000FFFFFFFFFFFFFFFFFFFFFFFFFFFFFFFFBD
:10431000FFFFFFFFFFFFFFFFFFFFFFFFFFFFFFFFAD
:10432000FFFFFFFFFFFFFFFFFFFFDFF7FFFFFFFFC5
:10433000FFFFFFFFFFFFFFFFFFFFFFFFFFFFFFFF8D
:10434000FFFFFFFFFFFFFFFFFFFFFFFFFFFFFFFF7D
:10435000FFFFFFFFFFFFFFFFFFFFFFFFFFFFFFFF6D
:10436000FFFFFFFFFFFFFFFFFFFFFFFFFFFFFFFF5D
:10437000FFFFFFFFFFFFFFFFFFFFFFFFFFFFFFFF4D
:10438000FFFFFFFFFFFFFFFFFFFFFFFFFFFFFFFF3D
:10439000FFFFFFFFFFFFFFFFFFFFFFFF3CD7957D04
:1043A0003CD7FFFFFFFFFFFFFFFFFFFFFFFFFFFF08
:1043B000FFFFFFFFFFFFFFFFFFFFFFFFFFFFFFFF0D
:1043C000FFFFFFFFFFFFFFFFFFFFFFFFFFFFFFFFFD
:1043D000FFFFFFFFFFFFFFFFFFFFFFFFFFFFFFFFED
:1043E000FFFFFFFFFFFFFFFFFFFFFFFFFFFFFFFFDD
:1043F000FFFFFFFFFFFFFFFFFFFFFFFFFFFFFFFFCD
:10440000FFFFFFFFFFFFFFFFFFFFFFFFFFFFFFFFBC
:10441000FFFFFFFFFFFFFFFFFFFFFFFFFFFFFFFFAC
:10442000FFFFFFFFFFFFFFFFFFFFFFFFFFFFFFFF9C
:10443000FFFFFFFFFFFFFFFFFFFFFFFFFFFFFFFF8C
:10444000FFFFFFFFFFFF39FF93F6EDED6AEDC4E4D8
:1044500051F6FFFFFFFFFFFFFFFFFFFFEEED07E558
:104460008BEDEEEDB4F65AFFFFFFFFFFFFFFFFFFFE
:10447000FFFFFFFFFFFFFFFFFFFFFFFFFFFFFFFF4C
:10448000FFFFFFFFFFFFFFFFFFFFFFFFFFFFFFFF3C
:10449000FFFFFFFFFFFFFFFFFFFFFFFFFFFFFFFF2C
:1044A000FFFFFFFFFFFFFFFFFFFFFFFFFFFFFFFF1C
:1044B000FFFFFFFFFFFFFFFFFFFFFFFFFFFFFFFF0C
:1044C000FFFFDFF7D68D70447475DFF7FFFFFFFF46
:1044D000FFFFFFFFFFFFFFFFFFFFFFFFFFFFFFFFEC
:1044E000FFFFFFFFFFFFFFFFFFFFFFFFFFFFFFFFDC
:1044F000FFFFFFFFFFFFFFFFFFFFFFFFFFFFFFFFCC
:10450000FFFFFFFFFFFFFFFFFFFFFFFFFFFFFFFFBB
:10451000FFFFFFFFFFFFFFFFFFFFFFFFFFFFFFFFAB
:10452000FFFFFFFFFFFFFFFFFFFFFFFFFFFFFFFF9B
:10453000FFFFFFFFFFFFFFFFB14CAC13957DFFFFB7
:10454000FFFFFFFFFFFFFFFFFFFFFFFFFFFFFFFF7B
:10455000FFFFFFFFFFFFFFFFFFFFFFFFFFFFFFFF6B
:10456000FFFFFFFFFFFFFFFFFFFFFFFFFFFFFFFF5B
:10457000FFFFFFFFFFFFFFFFFFFFFFFFFFFFFFFF4B
:10458000FFFFFFFFFFFFFFFFFFFFFFFFFFFFFFFF3B
:10459000FFFFFFFFFFFFFFFFFFFFFFFFFFFFFFFF2B
:1045A000FFFFFFFFFFFFFFFFFFFFFFFFFFFFFFFF1B
:1045B000FFFFFFFFFFFFFFFFFFFFFFFFFFFFFFFF0B
:1045C000FFFFFFFFFFFFFFFFFFFFFFFFFFFFFFFFFB
:1045D000FFFFFFFFFFFFFFFFFFFFFFFFBDFF94F6A1
:1045E000ACED07E5C4E4C4E4C4E4C4E451F6FFFF61
:1045F000FFFFFFFFFFFFFFFFEEEDC4E4C4E4C4E4F0
:10460000C4E427E5CDEDD5F6DEFFFFFFFFFFFFFF9A
:10461000FFFFFFFFFFFFFFFFFFFFFFFFFFFFFFFFAA
:10462000FFFFFFFFFFFFFFFFFFFFFFFFFFFFFFFF9A
:10463000FFFFFFFFFFFFFFFFFFFFFFFFFFFFFFFF8A
:10464000FFFFFFFFFFFFFFFFBEF799B6B585336D94
:10465000547517967DDFFFFFFFFFFFFFFFFF947587
:104660008C138C13AC1BFABEFFFF9DE7B585FBCE08
:10467000FFFFFFFFFFFFFFFFFFFF7DE75CDFBEEFF8
:10468000FFFFFFFFFFFFFFFFFFFFFFFFFFFFFFFF3A
:10469000FFFFFFFFFFFFFFFFFFFFFFFFFFFFFFFF2A
:1046A000FFFFFFFFFFFFFFFFFFFFFFFFDFFF7DE7D4
:1046B000FAC699B6DAC67DE7FFFFFFFF1796D68DDB
:1046C000FFFFFFFFFFFFFFFFFFFFFFFFFFFFFFFFFA
:1046D000FFFF1BCFAC1BAC132E34BEEFFFFFFFFF61
:1046E000FFFFFFFFFFFFFFFFFFFFFFFFFFFFFFFFDA
:1046F000FFFFFFFFFFFFFFFFFFFFFFFFFFFFFFFFCA
:10470000FFFFFFFFFFFFFFFFFFFFFFFFFFFFFFFFB9
:10471000FFFFFFFFFFFFFFFFFFFFFFFFFFFFFBC6E6
:1047200078AEFFFFFFFFFFFFFFFFFFFFFFFFFFFF71
:10473000FFFFFFFFFFFFFFFFFFFFFFFFFFFFFFFF89
:10474000FFFFFFFFFFFFFFFFFFFFFFFFFFFFFFFF79
:10475000FFFFFFFFFFFFFFFFFFFFFFFFFFFFFFFF69
:10476000FFFFFFFFFFFFFFFFFFFFFFFFFFFFFFFF59
:10477000FFFFFFFFFFFFDEFFACEDC4E4C4E4C4E4D1
:10478000C4E4C4E4C4E4C4E472F6FFFFFFFFFFFF27
:10479000FFFFFFFF0FEEC4E4C4E4C4E4C4E4C4E4D8
:1047A000C4E4C4E430EEDEFFFFFFFFFFFFFFFFFFC6
:1047B000FFFFFFFFFFFFFFFFFFFFFFFFFFFFFFFF09
:1047C000FFFFFFFFFFFFFFFFFFFFFFFFFFFFFFFFF9
:1047D000FFFFFFFFFFFFFFFFFFFFFFFFDEF75DDFD4
:1047E00078AE336D2E34AC13AC13AC13AC13AC13E6
:1047F0000D24747DBEF7FFFFFFFFB04CAC1BAC1B5C
:10480000AC1BB9B6FFFF99BEAC13CC1BF154B585F8
:10481000D585336D6F3C0E2CED232E2C9044947D6A
:10482000DAC6FFFFFFFFFFFFFFFFFFFFFFFFFFFFF6
:10483000FFFFFFFFFFFFBABEF154D58DFBC6FAC6DE
:1048400078AED68D336DB14C2F34ED23CC1BAC1329
:10485000CC1B0E2CB04C4F3CAC13D154FFFFFFFFD0
:10486000FFFFFFFFFFFFFFFFFFFFFFFF7DE790441C
:10487000AC13AC13AC13904458A6FBC61BCF7DE71A
:10488000FFFFFFFFFFFFFFFFFFFFFFFFFFFFFFFF38
:10489000FFFFFFFFFFFFFFFFFFFFFFFFFFFFFFFF28
:1048A000FFFFFFFFFFFFFFFFFFFFFFFFFFFFFFFF18
:1048B000FFFFFFFFFFFFBEEF1796CC1B0D2CBEF7CF
:1048C000FFFFFFFFFFFFFFFFFFFFBEF774751796A7
:1048D000FFFFFFFFFFFFFFFFFFFFFFFFFFFFDFFF08
:1048E000FFFFFFFFFFFFFFFFFFFFFFFFFFFFFFFFD8
:1048F000FFFFFFFFFFFFFFFFFFFFFFFFFFFFFFFFC8
:10490000FFFFFFFFFFFFFFFFFFFFFFFFFFFFFFFFB7
:10491000FFFFBDFFE6E4C4E4C4E4C4E4C4E4C4E4CB
:10492000C4E4C4E472F6FFFFFFFFFFFFFFFFFFFFD9
:10493000EEEDC4E4C4E4C4E4C4E4C4E4C4E4C4E404
:104940006AEDBDFFFFFFFFFFFFFFFFFFFFFFFFFF60
:10495000FFFFFFFFFFFFFFFFFFFFFFFFFFFFFFFF67
:10496000FFFFFFFFFFFFFFFFFFFFFFFFFFFFFFFF57
:10497000FFFF5CDFD585125D9044CC1BAC13AC13FC
:10498000AC13AC13AC13AC13AC13AC13AC13AC132F
:10499000D154DFF7FFFF7375AC1BAC13AC1BFBCE20
:1049A000FFFF1BCFAC13AC1BAC13AC13AC13AC139D
:1049B000AC13AC13AC13AC13AC13AC13AC13136546
:1049C0007DDFFFFFFFFFFFFFFFFFFFFFFFFFFFFF99
:1049D000DABEAC13AC13AC13AC13AC13AC13AC1306
:1049E000AC13AC13AC13AC13AC13AC13AC13AC13CF
:1049F000AC13AC136F3CBEEFFFFFFFFF7DE7FFFF83
:104A0000FFFFBEF71BCFF6952E34AC13AC13AC13DF
:104A1000AC13AC13AC13AC13AC13ED23D154D5854C
:104A200099B6DFFFFFFFFFFFFFFFFFFFFFFFFFFF65
:104A3000FFFFFFFFFFFFFFFFFFFFFFFFFFFFFFFF86
:104A4000FFFFFFFFFFFFFFFFFFFFFFFFDFFFFAC6D4
:104A5000D68D4F3CAC13AC13B14CFFFFFFFFFFFFF3
:104A6000FFFFFFFFFFFF1BCFAC13AC13336D78AE1E
:104A7000FBCE1BCFDABE379E536DB14CD154957D22
:104A8000DAC6FFFFFFFFFFFFFFFFFFFFFFFFFFFF94
:104A9000FFFFFFFFFFFFFFFFFFFFFFFFFFFFFFFF26
:104AA000FFFFFFFFFFFFFFFFFFFFFFFFFFFFBDFF58
:104AB00027E5C4E4C4E4C4E4C4E4C4E4C4E4C4E452
:104AC00072F6FFFFFFFFFFFFFFFFFFFFEEEDC4E405
:104AD000C4E4C4E4C4E4C4E4C4E4C4E48BEDDEFF91
:104AE000FFFFFFFFFFFFFFFFFFFFFFFFFFFFFFFFD6
:104AF000FFFFFFFFFFFFFFFFFFFFFFFFFFFFFFFFC6
:104B0000FFFFFFFFFFFFFFFFFFFFFFFF58A60D2482
:104B1000AC13AC13AC13AC13AC13AC13AC13AC139D
:104B2000AC13AC13AC13AC13AC13AC136F44DFFF7A
:104B3000FFFFD585AC13AC13CC1B3BCFFFFFDFF7DA
:104B4000B04CAC13AC13AC13AC13AC13AC13AC1330
:104B5000AC13AC13AC13AC13AC13AC132E345CDF3E
:104B6000FFFFFFFFFFFFFFFFFFFFFFFF1265AC131B
:104B7000AC13AC13AC13AC13AC13AC13AC13AC133D
:104B8000AC13AC13AC13AC13AC13AC13AC13D154C7
:104B9000BEEFFFFFFFFF957D2E346F4490444F3CE6
:104BA000CC1BAC13AC13AC13AC13AC13AC13AC13E5
:104BB000AC13AC13AC13AC13AC13AC13ED239EEFDE
:104BC000FFFFFFFFFFFFFFFFFFFFFFFFFFFFFFFFF5
:104BD000FFFFFFFFFFFFFAC6125D3365B585F68D57
:104BE0001696D68D947D125D6F3CAC13AC13AC134E
:104BF000AC13AC1358A6FFFFFFFFFFFFFFFFFFFF43
:104C0000FFFF7DDFCD1BAC13AC13AC13CC1BCC1B57
:104C1000AC13AC13AC13AC13AC13AC13AC13F15C0E
:104C2000BABEFFFFFFFFFFFFFFFFFFFFFFFFFFFF1A
:104C3000FFFFFFFFFFFFFFFFFFFFFFFFFFFFFFFF84
:104C4000DFFFFFFFFFFFFFFFFFFFBDFF28E5C4E41D
:104C5000C4E4C4E4C4E4C4E4C4E4C4E472F6FFFFFE
:104C6000FFFFFFFFFFFFFFFFEEEDC4E4C4E4C4E479
:104C7000C4E4C4E4C4E4C4E4ACEDDEFFFFFFFFFF22
:104C8000FFFFDFF7DFFFFFFFFFFFFFFFFFFFFFFF7C
:104C9000FFFFFFFFFFFFFFFFFFFFFFFFFFFFFFFF24
:104CA000FFFFFFFFFFFFFFFF3365AC13AC13AC1337
:104CB000AC13AC13AC13AC13AC13AC13AC13AC13FC
:104CC000AC13AC13AC13AC13BABEFFFFFFFFF695E9
:104CD000AC13AC13CC1B1BCFFFFFFFFF5CDF4E34CC
:104CE000AC1BAC13AC13AC13AC13AC13AC13AC13C4
:104CF000AC13AC13AC1BAC13AC1379AEFFFFFFFFCE
:104D0000FFFFFFFFFFFFFFFF7475AC13AC13AC1385
:104D1000AC13AC13AC13AC13AC13AC13AC13AC139B
:104D2000AC13AC13AC13CC1B747DFFFFFFFFFFFF74
:104D3000FFFF4F3CAC13AC13AC13AC13AC13AC1370
:104D4000AC13AC13AC13AC13AC13AC13AC13AC136B
:104D5000AC13AC13AC134F3CFBC6FFFFFFFFFFFFD0
:104D6000FFFFFFFFFFFFFFFFFFFFFFFFFFFFFFFF53
:104D7000FFFF536DAC13AC13AC13AC13AC13AC13FB
:104D8000AC13AC13AC13AC13AC13AC13AC13D154C5
:104D9000FFFFFFFFFFFFFFFFFFFFFFFFFFFFFFFF23
:104DA0001265AC13AC13AC13AC13AC13AC13AC1353
:104DB000AC13AC13AC13AC13AC13AC13AC1317960D
:104DC000FFFFFFFFFFFFFFFFFFFFFFFFFFFFFFFFF3
:104DD000FFFFFFFFFFFFFFFFFFFFDAC6B5857DE79F
:104DE000FFFFFFFFFFFFBDFF28E5C4E4C4E4C4E408
:104DF000C4E4C4E4C4E4C4E472F6FFFFFFFFFFFFB1
:104E0000FFFFFFFFEEEDC4E4C4E4C4E4C4E4C4E483
:104E1000C4E4C4E4ACEDDEFFFFFFFFFFFFFF7DE76E
:104E200074757DDFFFFFFFFFFFFFFFFFFFFFFFFF49
:104E3000FFFFFFFFFFFFFFFFFFFFFFFFFFFFFFFF82
:104E4000FFFFFFFF1BCFAC13AC13AC13AC13AC13C1
:104E5000AC13AC13AC13AC13AC13AC13AC13AC135A
:104E6000AC13379EFFFFFFFFFFFF1796AC1BAC1381
:104E7000CD1B3CD7FFFFFFFFFFFF7DE7125DAC1BA3
:104E8000AC13AC13AC13AC13AC13AC13AC13AC132A
:104E9000AC138C1B9475DEF7FFFFFFFFFFFFFFFFD6
:104EA000FFFFFFFF1BCFAC13AC13AC13AC13AC1361
:104EB000AC13AC13CC1B947D79AEDAC6DAC6B9B6A6
:104EC00058A6FBCEFFFFFFFFFFFFFFFFFFFFB585EB
:104ED000AC13AC13AC13AC130E2CED23AC13AC130E
:104EE000AC13AC13AC13AC13AC13904412657475D3
:104EF00037A6BEF7FFFFFFFFFFFFFFFFFFFFFFFF2C
:104F0000FFFFFFFFFFFFFFFFFFFFFFFFFFFFFBC6EE
:104F1000AC13AC13AC13AC13AC13AC13AC13AC1399
:104F2000AC13AC13AC13AC1390449EEFFFFFFFFF28
:104F3000FFFFFFFFFFFFFFFFFFFFFFFF7DE74F3C8E
:104F4000AC13AC13AC13AC13AC13AC13AC13AC1369
:104F5000AC13AC13AC13AC13AC13AC135DDFFFFF9D
:104F6000FFFFFFFFFFFFFFFFFFFFFFFFFFFFFFFF51
:104F7000FFFFFFFF3CD72E3490449EEFFFFFFFFF63
:104F8000FFFFBDFF28E5C4E4C4E4C4E4C4E4C4E412
:104F9000C4E4C4E472F6FFFFFFFFFFFFFFFFFFFF63
:104FA000EEEDC4E4C4E4C4E4C4E4C4E4C4E4C4E48E
:104FB000ACEDDEFFFFFFFFFFFFFF9DE70D24D154A7
:104FC0009EEFFFFFFFFFFFFFFFFFFFFFFFFFFFFF62
:104FD000FFFFFFFFFFFFFFFFFFFFFFFFFFFFFFFFE1
:104FE000FFFF3265AC13AC13AC13AC13AC13AC13B2
:104FF000AC13AC13AC13AC13AC13AC1BD585FFFFD7
:10500000FFFFFFFFFFFF379E8C1BAC1BAD1B3BCF91
:10501000FFFFFFFFFFFFFFFFFFFF79AE904CAC1BD0
:10502000AC13AC13AC13AC13AC13AC1B2E3478AE76
:10503000FFFFFFFFFFFFFFFFFFFFFFFFFFFFFFFF80
:10504000FFFFF695AC13AC13AC13AC13AC130E2CE2
:10505000FBCEFFFFFFFFFFFFFFFFFFFFFFFFFFFF95
:10506000FFFFFFFFFFFFFFFFFFFFDFFF379ED5853D
:1050700058A61BCF9DE77DE7BABE7044AC13AC13B6
:10508000AC1374753CD7DFF7FFFFFFFFFFFFFFFF97
:10509000FFFFFFFFFFFFFFFFFFFFFFFFFFFFFFFF20
:1050A000FFFFFFFFFFFFFFFFFFFFFFFFD585AC13F3
:1050B000AC13AC13AC13AC13AC13AC13AC13AC13F8
:1050C000AC13125DDFF7FFFFFFFFFFFFFFFFFFFFE6
:1050D000FFFFFFFFFFFFFFFFFFFF9DE7D154AC1372
:1050E000AC13AC13AC13AC13AC13AC13AC13AC13C8
:1050F000AC13AC13AC13D58DDFF7FFFFFFFFFFFF41
:10510000FFFFFFFFFFFFFFFFFFFFFFFFFFFF7DE749
:10511000904CAC13F154BEEFFFFFFFFFFFFFBDFF4C
:1051200028E5C4E4C4E4C4E4C4E4C4E4C4E4C4E4DA
:1051300072F6FFFFFFFFFFFFFFFFFFFFEEEDC4E48E
:10514000C4E4C4E4C4E4C4E4C4E4C4E4ACEDDEFFF9
:10515000FFFFFFFFFFFF9DE72E34AC131265DFF763
:10516000FFFFFFFFFFFFFFFFFFFFFFFFFFFFFFFF4F
:10517000FFFFFFFFFFFFFFFFFFFFFFFFFFFF9EEFB0
:105180009044AC13AC13AC13AC13AC13AC13AC1312
:10519000CD234F3C1265DABEFFFFFFFFFFFFFFFF8D
:1051A000FFFFF68DAC1BAC13AC1BDAC6FFFFFFFF95
:1051B000FFFFFFFFFFFFFFFFFFFFDAC6B5851265A8
:1051C000F15CF25C536D58A6DFF7FFFFFFFFFFFFB6
:1051D000FFFFFFFFFFFFFFFFFFFFFFFFFFFFFFFFDF
:1051E0003365AC13AC13AC13AC1378AEFFFFFFFF09
:1051F000FFFFFFFFFFFFFFFFFFFFFFFFFFFFFFFFBF
:10520000FFFFFFFFFFFFFFFFFFFFFFFFFFFFFFFFAE
:10521000FFFFFFFFFFFF379EAC13ED2399B6FFFFA3
:10522000FFFFFFFFFFFFFFFFFFFFFFFFFFFFFFFF8E
:10523000FFFFFFFFFFFFFFFFFFFFFFFFFFFFFFFF7E
:10524000FFFFFFFFFFFFFFFFFFFF5375AC13AC1322
:10525000AC13AC13AC13AC13AC130E2C379EFFFF86
:10526000FFFFFFFFFFFFFFFFFFFF5DDFF68DFBCEC0
:10527000FFFFFFFFFFFFFFFFFFFFF6952F34AC138B
:10528000AC13AC13AC13AC13AC13AC13AC132E3483
:1052900099B6FFFFFFFFFFFFFFFFFFFFFFFFFFFFCD
:1052A000FFFFFFFFFFFFFFFFDFFF125DAC13AC133B
:1052B000F15CBEEFFFFFFFFFFFFFBDFF28E5C4E489
:1052C000C4E4C4E4C4E4C4E4C4E4C4E472F6FFFF88
:1052D000FFFFFFFFFFFFFFFFEEEDC4E4C4E4C4E403
:1052E000C4E4C4E4C4E4C4E4ACEDDEFFFFFFFFFFAC
:1052F000FFFF9DE72E34AC13AC13947DFFFFFFFF3F
:10530000FFFFFFFFFFFFFFFFFFFFFFFFFFFFFFFFAD
:10531000FFFFFFFFFFFFFFFFFFFFFFFFDFF758A6C5
:10532000F69516961796379E99B6FBC65CDFBEEFCC
:10533000FFFFFFFFFFFFFFFFFFFFFFFFFFFF125D0C
:10534000AC1BAC13AC13379EFFFFFFFFFFFFFFFF4B
:10535000FFFFFFFFFFFFFFFFFFFFFFFFFFFFFFFF5D
:10536000FFFFFFFFFFFFFFFFFFFFFFFFFFFFFFFF4D
:10537000FFFFFFFFFFFFFFFFFFFFFFFF7DE7CD1BED
:10538000AC13AC13ED237DE7FFFFFFFFFFFFFFFF33
:10539000FFFFFFFFFFFFFFFFFFFFFFFFFFFFFFFF1D
:1053A000FFFFFFFFFFFFFFFFFFFFFFFFFFFFFFFF0D
:1053B000FFFFB04CAC13ED235DDFFFFFFFFFFFFFEE
:1053C000FFFFFFFFFFFFFFFFFFFFFFFFFFFFFFFFED
:1053D000FFFFFFFFFFFFFFFFFFFFFFFFFFFFFFFFDD
:1053E000FFFFFFFFFFFFFFFF957DAC13AC13AC1376
:1053F000AC130E2CD5857DE7FFFFFFFFFFFFFFFFFE
:10540000FFFFFFFF17960E2CAC130E2CBEF7FFFF0D
:10541000FFFFFFFFFFFFFFFF9EEF58A6336D904495
:105420000E2CCD1BAC1B0E2CD5859DE7FFFFFFFF7F
:10543000FFFFFFFFFFFFFFFFFFFFFFFFFFFFFFFF7C
:10544000FFFFFFFFD68DAC13AC13AC13F15CBEEFC6
:10545000FFFFFFFFFFFFBDFF28E5C4E4C4E4C4E491
:10546000C4E4C4E4C4E4C4E472F6FFFFFFFFFFFF3A
:10547000FFFFFFFFEEEDC4E4C4E4C4E4C4E4C4E40D
:10548000C4E4C4E4ACEDDEFFFFFFFFFFFFFF9DE7D8
:105490002E34AC13AC13CD1B99B6FFFFFFFFFFFFFB
:1054A000FFFFFFFFFFFFFFFFFFFFFFFFFFFFFFFF0C
:1054B000FFFFFFFFFFFFFFFFFFFFFFFFFFFFFFFFFC
:1054C000FFFFFFFFFFFFFFFFFFFFFFFFFFFFFFFFEC
:1054D000FFFFFFFFFFFFFFFFFBC6CC1BAC13AC13AE
:1054E000AC13B04CDFFFFFFFFFFFFFFFFFFFFFFF2D
:1054F000FFFFFFFFFFFFFFFFFFFFFFFFFFFFFFFFBC
:10550000FFFFFFFFFFFFFFFFFFFFFFFFFFFFFFFFAB
:10551000FFFFFFFFFFFFFFFFFFFF4F3CAC13AC138C
:105520000E2CBEF7FFFFFFFFFFFFFFFFBEEF9EEF5A
:10553000FFFFFFFFBABEB5857DDFFFFFFFFFFFFF67
:10554000FFFFFFFFFFFFFFFFFFFFFFFFB585AC136E
:10555000AC13AC134E341265F25C336DB58558A6AE
:105560001BCF9EEFFFFFFFFFFFFFFFFFFFFFFFFFD0
:10557000FFFFFFFFFFFFFFFFFFFFFFFFFFFFFFFF3B
:10558000FFFFFFFFFFFF99B69044B04C179E9EEFC0
:10559000FFFFFFFFFFFFFFFFFFFFFFFFDFFF747550
:1055A000AC13AC13AC13AC131265FFFFFFFFFFFF8E
:1055B000FFFFFFFFFFFFFFFFFFFFDFF7BEEF7DDF16
:1055C0005CDFBEEFFFFFFFFFFFFFFFFFFFFFFFFFFF
:1055D000FFFFFFFFFFFFFFFFFFFFFFFFFFFF1BCFEF
:1055E000ED23AC13AC13AC13F25CBEF7FFFFFFFF6F
:1055F000FFFFBDFF28E5C4E4C4E4C4E4C4E4C4E49C
:10560000C4E4C4E472F6FFFFFFFFFFFFFFFFFFFFEC
:10561000EEEDC4E4C4E4C4E4C4E4C4E4C4E4C4E417
:10562000ACEDDEFFFFFFFFFFFFFF9DE72E34AC1365
:10563000AC13AC134F3CBEEFFFFFFFFFFFFFFFFFBC
:10564000FFFFFFFFFFFFFFFFFFFFFFFFFFFFFFFF6A
:10565000FFFFFFFFFFFFFFFFFFFFFFFFFFFFFFFF5A
:10566000FFFFFFFFFFFFFFFFFFFFFFFFFFFFFFFF4A
:10567000FFFF99B62E34AC1BAC13AC13AC13AC13B8
:10568000B04C78AE5CDFDFF7FFFFFFFFFFFFFFFFEF
:10569000FFFFFFFFFFFFFFFFFFFFFFFFFFFFFFFF1A
:1056A000FFFFFFFFFFFFFFFFFFFFFFFFFFFFFFFF0A
:1056B000FFFFFFFFDFF70E2CAC13AC13AC13F69516
:1056C000FFFF9DE758A6536D4F3C2E341265B14C39
:1056D000AC13AC13D68DFFFFFFFFFFFFFFFFFFFFF3
:1056E000DEF73CD778AE1265AC13AC13AC13AC1339
:1056F000AC13AC13AC13AC13AC13AC13AC132E340F
:10570000336D179E1BCFFFFFFFFFFFFFFFFFFFFF64
:10571000FFFFFFFFFFFFFFFFFFFFFFFFFFFFFFFF99
:10572000FFFFFFFFFFFFFFFFFFFFFFFFFFFFFFFF89
:10573000FFFFFFFFFFFFFBCEB04CAC13AC13AC136D
:10574000AC13AC13AC13B14CDAC6FFFFFFFFFFFF85
:10575000FFFFFFFFFFFFFFFFFFFFFFFFFFFFFFFF59
:10576000FFFFFFFFFFFFFFFFFFFFFFFFFFFFFFFF49
:10577000FFFFFFFFFFFFFFFFFFFFF25CAC13AC1367
:10578000AC13AC13F25CBEF7FFFFFFFFFFFFBDFFE2
:1057900027E5C4E4C4E4C4E4C4E4C4E4C4E4C4E465
:1057A00072F6FFFFFFFFFFFFFFFFFFFF0FEEC4E4F6
:1057B000C4E4C4E4C4E4C4E4C4E4C4E4ACEDDEFF83
:1057C000FFFFFFFFFFFF9DE72E34AC13AC13AC13BC
:1057D000AC13947DFFFFFFFFFFFFFFFFFFFFFFFF05
:1057E000FFFFFFFFFFFFFFFFFFFFFFFFFFFFFFFFC9
:1057F000FFFFFFFFFFFFFFFFFFFFFFFFFFFFDFF7E1
:10580000BEEF5CDFDABE58A6D68D53759044AC135C
:10581000AC13AC13AC13AC13AC13AC13AC13AC1390
:10582000ED234F3CD1545375B585179678AE99AE9C
:10583000DABE1BD73CD77DE7BEEFFFFFFFFFFFFFC0
:10584000FFFFFFFFFFFFFFFFFFFFFFFFFFFFFFFF68
:10585000FAC6AC13AC13AC13AC13AC134F3C2E34E0
:10586000AC13AC13AC13AC13AC13AC13AC13AC1340
:105870001BCFFFFFFAC6536D125DB14C4F3CED23B9
:10588000AC13AC13AC13AC13AC13AC13AC13AC1320
:10589000AC13AC13AC13AC13AC13AC13AC13AC1310
:1058A000AC131BCFFFFFFFFFFFFFFFFFFFFFFFFF5B
:1058B000FFFFFFFFFFFFFFFFFFFFFFFFFFFFFFFFF8
:1058C000FFFFFFFFFFFFFFFFFFFFFFFFFFFF5CDFAB
:1058D0007475CC1BAC13AC13AC13AC13AC13AC137E
:1058E000AC13AC13AC1B536D3CD7FFFFFFFFFFFFA6
:1058F000FFFFFFFFFFFFFFFFFFFFFFFFFFFFFFFFB8
:10590000FFFFFFFFFFFFFFFFFFFFFFFFFFFFFFFFA7
:10591000FFFFFFFFBABEAC13AC13AC13AC13AC1358
:10592000F25CBEF7FFFFFFFFFFFFBDFF28E5C4E409
:10593000C4E4C4E4C4E4C4E4C4E4C4E472F6FFFF11
:10594000FFFFFFFFFFFFFFFF0FEEC4E4C4E4C4E46A
:10595000C4E4C4E4C4E4C4E4ACEDDEFFFFFFFFFF35
:10596000FFFF9DE72E34AC13AC13AC13AC13ED2347
:105970005CDFFFFFFFFFFFFFFFFFFFFFFFFFFFFFFA
:10598000FFFFFFFFFFFFFFFFFFFFFFFFFFFFB9B6B6
:10599000B58574755375125DB14C6F442E2CCC1BBC
:1059A000AC13AC1BAC1BAC13AC13AC13AC13AC13EF
:1059B000AC13AC13AC13AC13AC13AC13AC13AC13EF
:1059C000AC13AC1BAC1BAC13AC13AC1BAC13AC13C7
:1059D000AC13CC1B0D24F25C9EEFFFFFFFFFFFFF1B
:1059E000FFFFFFFFFFFFFFFFFFFFFFFF5375AC133C
:1059F000AC13AC13AC13AC13AC13AC13AC13AC13AF
:105A0000AC13AC13AC13AC13AC13D154FFFFFFFFBA
:105A10009044AC13AC13AC13AC13AC13AC13AC1379
:105A2000AC13AC13AC13AC13AC13AC13AC13AC137E
:105A3000AC13AC13AC13AC13AC13CD1B947DBEEF05
:105A4000FFFFFFFFFFFFFFFFFFFFFFFFFFFFFFFF66
:105A5000FFFFFFFFFFFFFFFFFFFFFFFFFFFFFFFF56
:105A6000FFFFFFFFFFFFFAC6536DCC1BAC13AC1357
:105A7000CC1BB585B9B6B9B617963365ED23AC1313
:105A8000AC13AC13CC1B947D3CD7FFFFFFFFFFFF93
:105A9000FFFFFFFFFFFFFFFFFFFFFFFFFFFFFFFF16
:105AA000FFFFFFFFFFFFFFFFFFFFFFFFFFFFFFFF06
:105AB000F25CAC13AC13AC13AC13AC13F25CBEF7DA
:105AC000FFFFFFFFFFFFBDFF27E5C4E4C4E4C4E41C
:105AD000C4E4C4E4C4E4C4E472F6FFFFFFFFFFFFC4
:105AE000FFFFFFFF0FEEC4E4C4E4C4E4C4E4C4E475
:105AF000C4E4C4E4ACEDDEFFFFFFFFFFFFFF9DE762
:105B00002E34AC13AC13AC13AC13AC13947DFFFF69
:105B1000FFFFFFFFFFFFFFFFFFFFFFFFFFFFFFFF95
:105B2000FFFFFFFFFFFFFFFFF264CC13AC13AC13CA
:105B3000AC13AC13AC13AC13AC13AC13AC13AC136D
:105B4000AC13AC1BAC1BAC13AC1BAC13AC13AC1345
:105B5000AC13AC13AC1BAC1BAC1BAC13AC13AC1335
:105B6000AC13AC13AC13AC13AC13AC13AC13AC133D
:105B7000AC13CC13179EFFFFFFFFFFFFFFFFFFFFDC
:105B8000FFFFFFFFFFFF9DE7CD23AC13AC13AC136A
:105B9000AC13AC13AC13AC13AC13AC13AC13AC130D
:105BA000AC13AC13AC1358A6FFFFFFFF4F34AC137C
:105BB000AC13AC13AC13AC13AC13AC13AC13AC13ED
:105BC000AC13AC13AC132E341265536D12656F3CDD
:105BD000AC13AC13D1543CD7FFFFFFFFFFFFFFFF17
:105BE000FFFFFFFFFFFFFFFFFFFFFFFFFFFFFFFFC5
:105BF000FFFFFFFFFFFFFFFFFFFFFFFFFFFF79AE8C
:105C0000D154AC13AC13AC13AC13D1541BD7FFFF5E
:105C1000FFFFFFFFFFFFFFFF5CDF3365AC13AC133B
:105C2000AC13AC13CD1B747D5CDFFFFFFFFFFFFFE8
:105C3000FFFFFFFFFFFFFFFFFFFFFFFFFFFFFFFF74
:105C4000FFFFFFFFFFFFFFFFFFFF1BCFCC1BAC13CE
:105C5000AC13AC13AC13AC13F25CBEF7FFFFFFFF49
:105C6000FFFFBDFF27E5C4E4C4E4C4E4C4E4C4E426
:105C7000C4E4C4E472F6FFFFFFFFFFFFFFFFFFFF76
:105C80000FEEC4E4C4E4C4E4C4E4C4E4C4E4C4E47F
:105C9000ACEDDEFFFFFFFFFFFFFF9DE72E34AC13EF
:105CA000AC13AC13AC13AC134F3C9DE7FFFFFFFFED
:105CB000FFFFFFFFFFFFFFFFFFFFFFFFFFFFFFFFF4
:105CC000FFFFBEEFED1BAC13AC13AC13AC13AC1366
:105CD000AC13AC13AC13AC13CC13AC13CD1B0D2411
:105CE0002E344E344F3C9044D154F25C3365336DC6
:105CF0003365125DF154D15CD15490444F3C2E3445
:105D0000CD1BAC13AC1BAC13AC13AC13AC13CC134A
:105D1000B585FFFFFFFFFFFFFFFFFFFFFFFFFFFF57
:105D2000FFFF7475AC13AC13AC13AC13AC13AC1312
:105D3000AC13AC130E2C4F3C0E2CAC13AC13AC13A9
:105D4000ED237DDFFFFFFFFFF25CAC13AC13AC1360
:105D50002E3433651696F68DB04CAC13AC13AC13E1
:105D6000F25C9EEFFFFFFFFFFFFFBEF73CD73CD783
:105D7000FFFFFFFFFFFFFFFFFFFFFFFFFFFFFFFF33
:105D8000FFFFFFFFFFFFFFFFFFFFFFFFFFFFFFFF23
:105D9000FFFFFFFFFFFF99B6B04CAC13AC13AC1381
:105DA000AC13ED23F68DFFFFFFFFFFFFFFFFFFFFAB
:105DB000FFFFFFFFFFFFFFFF179ECC1BAC13AC13D1
:105DC000AC13AC13ED23D5859EEFFFFFFFFFFFFF64
:105DD000FFFFFFFFFFFFFFFFFFFFFFFFFFFFFFFFD3
:105DE000FFFFFFFFFFFFD585AC13AC13AC13AC1363
:105DF000AC13AC13F25CBEF7FFFFFFFFFFFFBDFF6C
:105E000027E5C4E4C4E4C4E4C4E4C4E4C4E4C4E4EE
:105E100072F6FFFFFFFFFFFFFFFFFFFF0FEEC4E47F
:105E2000C4E4C4E4C4E4C4E4C4E4C4E4ACEDDEFF0C
:105E3000FFFFFFFFFFFF9DE72E34AC13AC13AC1345
:105E4000AC13AC13AC13379EFFFFFFFFFFFFFFFF48
:105E5000FFFFFFFFFFFFFFFFFFFFFFFFFFFFDFFF72
:105E60004F3CAC13AC13AC13AC13AC13AC1BAC1B5E
:105E70006F3CF264B58578AEFBCE5CDF9EEFDFF75A
:105E8000FFFFFFFFFFFFFFFFFFFFFFFFFFFFFFFF22
:105E9000FFFFFFFFFFFFFFFFDFFFBEF73CD7947D53
:105EA000AC13AC1BAC13AC13AC13AC1399AEFFFF2B
:105EB000FFFFFFFFFFFFFFFFFFFFFFFFDABEAC1397
:105EC000AC13AC13AC13AC13AC13AC130E2C379E49
:105ED0009DE7FFFF7DDF4F3CAC13AC13D154FFFFB8
:105EE000FFFFFFFF3CD71265537599AEBEF7FFFF6A
:105EF000FFFFFFFFFFFF125DAC13AC13FAC6FFFFFD
:105F0000FFFFFFFFFFFFFFFFFFFFFFFFFFFFFFFFA1
:105F1000FFFFFFFFFFFFFFFFFFFFFFFFFFFFFFFF91
:105F2000FFFFFFFFFFFFFFFFFFFFFFFFFFFFB9BE08
:105F3000D154AC13AC13AC13AC13AC1390441BCFC3
:105F4000FFFFFFFFFFFFFFFFFFFFFFFFFFFFFFFF61
:105F5000FFFFFFFFFFFFDAC60E2CAC13AC13AC1330
:105F6000AC13AC132E3478AEFFFFFFFFFFFFFFFF33
:105F7000FFFFFFFFFFFFFFFFFFFFFFFFFFFFFFFF31
:105F8000BEF79044AC13AC13AC13AC13AC13AC130E
:105F9000F25CBEF7FFFFFFFFFFFFBDFF27E5C4E494
:105FA000C4E4C4E4C4E4C4E4C4E4C4E472F6FFFF9B
:105FB000FFFFFFFFFFFFFFFF0FEEC4E4C4E4C4E4F4
:105FC000C4E4C4E4C4E4C4E4ACEDDEFFFFFFFFFFBF
:105FD000FFFF9DE72E34AC13AC13AC13AC13AC1322
:105FE000AC13336DFFFFFFFFFFFFFFFFFFFFFFFF5E
:105FF000FFFFFFFFFFFFFFFFFFFFFFFF3265AC1B4F
:10600000AC13AC13AC13AC1B33651BCFBEF7FFFF57
:10601000FFFFFFFFFFFFFFFFFFFFFFFFFFFFFFFF90
:10602000FFFFFFFFFFFFFFFFFFFFFFFFFFFFFFFF80
:10603000FFFFFFFFFFFFFFFFFFFFFFFFF685AC1332
:10604000AC1BAC13AC13AC1B3CD7FFFFFFFFFFFF37
:10605000FFFFFFFFFFFF3CD7ED23AC13AC13AC13E6
:10606000AC13AC13AC13CD233CD7FFFFFFFFFFFFF6
:10607000FFFF747DAC13AC13B585FFFFFFFFFFFF7F
:10608000FFFFFFFFFFFFFFFFFFFFFFFFFFFFFFFF20
:10609000FFFF7475AC13AC13D68DFFFFFFFFFFFF3E
:1060A000FFFFFFFFFFFFFFFFFFFFFFFFFFFFFFFF00
:1060B000FFFFFFFFFFFFFFFFFFFFFFFFFFFFFFFFF0
:1060C000FFFFFFFFFFFFBABEB14CAC13AC13AC1324
:1060D000AC13AC13AC13B585DFF7FFFFFFFFFFFF79
:1060E000FFFFFFFFFFFFFFFFFFFFFFFFFFFFFFFFC0
:1060F000FFFFFFFF5DDF4F3CAC13AC13AC13AC13E1
:10610000AC13AC13F25C3CD7FFFFFFFFFFFFFFFFB8
:10611000FFFFFFFFFFFFFFFFFFFFFFFF3CD7CC1B91
:10612000AC13AC13AC13AC13AC13AC13F25CBEF7F2
:10613000FFFFFFFFFFFFBDFF27E5C4E4C4E4C4E4A5
:10614000C4E4C4E4C4E4C4E472F6FFFFFFFFFFFF4D
:10615000FFFFFFFF0FEEC4E4C4E4C4E4C4E4C4E4FE
:10616000C4E4C4E4ACEDDEFFFFFFFFFFFFFF9DE7EB
:106170002E34AC13AC13AC13AC13AC13AC136F3C98
:106180007DE7FFFFFFFFFFFFFFFFFFFFFFFFFFFFB9
:10619000FFFFFFFFFFFFFFFFD68DAC13AC13AC1367
:1061A000AC133265FFFFFFFFFFFFFFFFFFFFFFFFA5
:1061B000FFFFBEF75CDFDABE37A6D68D947D947DF7
:1061C000D68D379E99B61BCF5CDF9DE7DFF7FFFFCB
:1061D000FFFFFFFFFFFFFFFFFFFFD154AC1BAC131E
:1061E000AC13CC1B5CDFFFFFFFFFFFFFFFFFFFFFD8
:1061F0001BCF2E34AC13AC13AC13AC13AC13AC13D9
:10620000AC13947DFFFFFFFFFFFFFFFFFFFFB14CCB
:10621000AC13AC1358A6FFFFFFFFFFFFFFFFFFFF0C
:10622000FFFFFFFFFFFFFFFFBEF73CD7F68DAC1B64
:10623000AC13AC13AC13747558A637A699B61BCF24
:106240007DE7DFF7FFFFFFFFFFFFFFFFFFFFFFFF20
:10625000FFFFFFFFFFFFFFFFD68D379EFFFFDABE78
:10626000D154AC13AC13AC13AC13AC13AC132E342D
:10627000B9B6FFFFFFFFFFFFFFFFFFFFFFFFFFFFBD
:10628000FFFFFFFFFFFFFFFFFFFFFFFFFFFFFFFF1E
:10629000FFFF7DE79044AC13AC13AC13AC13AC130D
:1062A000AC13AC1B957D3CD7FFFFFFFFFFFFFFFF4B
:1062B000FFFFFFFFFFFFFFFF58A6AC13AC13AC13AB
:1062C000AC13AC13AC13AC13F25CBEF7FFFFFFFFD3
:1062D000FFFFBDFF27E5C4E4C4E4C4E4C4E4C4E4B0
:1062E000C4E4C4E472F6FFFFFFFFFFFFFFFFFFFF00
:1062F0000FEEC4E4C4E4C4E4C4E4C4E4C4E4C4E409
:10630000ACEDDEFFFFFFFFFFFFFF9DE72E34AC1378
:10631000AC13AC13AC13AC13AC13CC1BBABEFFFF65
:10632000FFFFFFFFFFFFFFFFFFFFFFFFFFFFFFFF7D
:10633000FFFFFFFF99B6AC13AC13AC13AC131BCF2C
:10634000FFFFFFFFFBC6179ED68D536DF15C6F3CC0
:10635000ED23AC13AC13AC13AC13AC13AC13AC13F4
:10636000AC13AC13CD1B2E349044F15C536D379EAF
:10637000BEF7FFFFFFFF58AEAC13AC13AC13CD1B41
:106380005CDFFFFFFFFFFFFFFFFF379ECD1BAC135E
:10639000AC13AC13AC1374753265AC13AC13B9BE4B
:1063A000FFFFFFFFFFFFFFFFBEEF0D2CAC13AC1391
:1063B000B9BEFFFFFFFFFFFFFFFFFFFFFFFFFBC6B1
:1063C000F68D12656F3CAC1BAC13AC13AC13AC1365
:1063D000AC13AC13AC13AC13AC13AC130D2C704456
:1063E000F68DFFFFFFFFFFFFFFFFFFFFFFFFFFFF38
:1063F000FFFF9DE7CD1B2E34D15CAC13AC13AC1367
:10640000AC13AC13AC13AC13947DDFF7FFFFFFFFAD
:10641000FFFFFFFF5CDFBABE379ED68DB585D68DF8
:10642000379E99B61BCF7DE7DFFFFFFFFFFFFFFF22
:10643000FFFF536DAC13AC13AC13AC13AC13AC1324
:10644000AC13CC1B1265379E3CD7BEF7FFFFFFFF96
:10645000FFFFFFFF947DAC13AC13AC13AC13AC1374
:10646000AC13AC13F25CBEF7FFFFFFFFFFFFBDFFF5
:1064700027E5C4E4C4E4C4E4C4E4C4E4C4E4C4E478
:1064800072F6FFFFFFFFFFFFFFFFFFFF0FEEC4E409
:10649000C4E4C4E4C4E4C4E4C4E4C4E4ACEDDEFF96
:1064A000FFFFFFFFFFFF9DE72E34AC13AC13AC13CF
:1064B000AC13AC13AC13AC13179EFFFFFFFFFFFF31
:1064C000FFFFFFFFFFFFFFFFFFFFFFFFFFFFFFFFDC
:1064D0003CD7CC1BAC13AC13CC1B7DDFFFFFFFFF05
:1064E0004F3CAC13AC13AC13AC13AC13AC13AC13E8
:1064F000AC13AC13AC13AC13AC13AC13AC13AC13A4
:10650000AC13AC13AC13AC13AC13AC139044DFF767
:10651000FFFF1BCFAC13AC13AC13ED237DE7FFFFE4
:10652000FFFFFFFF58A6AC13AC13AC13AC13AC1BAE
:10653000947DFFFFFBC6AC13AC13FBCEFFFFFFFF48
:10654000FFFFFFFF9EEF0D2CAC13AC1BFAC6FFFF45
:10655000FFFFFFFFFFFFDAC66F44CC1BAC13AC1389
:10656000AC13AC13AC13AC13AC13AC13AC13AC1333
:10657000AC13AC13AC13AC13AC13AC13B585FFFF69
:10658000FFFFFFFFFFFFFFFFFFFFFFFFFFFFF6958E
:10659000AC13AC13AC13AC13AC13AC13AC13AC1303
:1065A000CC1B16969EEFDABE179EB585F25C4F3C6B
:1065B0000D24AC13AC13AC13AC13AC13AC13AC1371
:1065C000CD1B0E2C4F34B04C1265957D78AE9EEFEE
:1065D0001696AC13AC13AC13AC13AC13AC13AC13D6
:1065E000AC13AC13ED232E349044B14C0E2CF69525
:1065F000F25CAC13AC13AC13AC13AC13AC13AC1314
:10660000F25CBEF7FFFFFFFFFFFFBDFF27E5C4E41D
:10661000C4E4C4E4C4E4C4E4C4E4C4E472F6FFFF24
:10662000FFFFFFFFFFFFFFFF0FEEC4E4C4E4C4E47D
:10663000C4E4C4E4C4E4C4E4ACEDDEFFFFFFFFFF48
:10664000FFFF9DE72E34AC13AC13AC13AC13AC13AB
:10665000AC13AC13957DFFFFFFFFFFFFFFFFFFFFB4
:10666000FFFFFFFFFFFFFFFFFFFFFFFF9EEF2E3447
:10667000AC1BAC13CD239DE7FFFFFFFFD68DAC1302
:10668000AC13AC13AC13AC13AC13AC13AC13AC1312
:10669000AC13AC13AC13AC13AC13AC13AC13AC1302
:1066A000AC13AC13AC13AC13AC13179EFFFF9EEFEF
:1066B000ED23AC13AC130D2C7DE7FFFFFFFFBEEF06
:1066C0000E2CAC13AC13AC136F44BABEFFFFFFFF2C
:1066D000DAC6AC13AC131BCFFFFFFFFFFFFFFFFFBA
:1066E0009EEFED23AC13CC1B3CD7FFFFFFFFFFFF5A
:1066F000FFFFF68DAC13AC13AC13AC13AC13AC139F
:10670000AC13AC13AC13AC13AC13AC13AC13AC1391
:10671000AC13AC13AC13D58DFFFFFFFFFFFFFFFFE2
:10672000FFFFFFFFFFFFFFFFFFFFB14CAC13AC13F8
:10673000AC13AC13AC13AC13AC130D2CFAC69EEF18
:10674000AC13AC13AC13AC13AC13AC13AC13AC1351
:10675000AC13AC13AC13AC13AC13AC13AC13AC1341
:10676000AC13AC13AC13AC13AC132E2C3CD779AEDA
:10677000AC13AC13AC13AC13AC13AC13AC13AC1321
:10678000AC13AC13AC13AC130E2CDABEB04CAC1380
:10679000AC13AC13AC13AC13AC13AC13F15CBEEF85
:1067A000FFFFFFFFFFFFBDFF28E5C4E4C4E4C4E42E
:1067B000C4E4C4E4C4E4C4E472F6FFFFFFFFFFFFD7
:1067C000FFFFFFFF0FEEC4E4C4E4C4E4C4E4C4E488
:1067D000C4E4C4E4ACEDDEFFFFFFFFFFFFFF9DE775
:1067E0002E34AC13AC13AC13AC13AC13AC13AC130E
:1067F000536DFFFFFFFFFFFFFFFFFFFFFFFFFFFFE7
:10680000FFFFFFFFFFFFFFFFDEF79044AC1BAC1361
:10681000ED239DE7FFFFFFFFDFFF9044AC13AC13B8
:10682000AC13AC13ED239044D154B14C904490443C
:106830007044904490444F3CED23AC13AC13AC1324
:10684000AC13AC13AC13F695FFFFDEF74F3CAC1363
:10685000AC130D247DE7FFFFFFFFFBCEAC13AC13A1
:10686000AC1BD58DDEF7FFFFFFFFFFFFDABEAC13D9
:10687000AC13379EFFFFFFFFFFFFDABED154AC130E
:10688000AC132E2CDFF7FFFFFFFFFFFFFFFFBEEF74
:10689000B14CAC13AC13AC1BAC1BAC13AC13AC13B2
:1068A000AC13AC13AC13336D379E1796747D957D86
:1068B000FBC6FFFFFFFFFFFFFFFFFFFFFFFFFFFF25
:1068C000FFFFFFFFFFFF4E34AC13AC13AC13AC1350
:1068D000AC13AC1390447DDFFFFFBEEF4F3CAC1315
:1068E000AC13AC13AC13AC13AC13AC13AC13AC13B0
:1068F000AC13AC13AC13AC13AC13AC13AC13AC13A0
:10690000AC13AC13AC13AC132E34FFFFBABEED23A3
:10691000AC13AC13AC13AC13AC13AC13AC13AC137F
:10692000AC13336DDFF7FFFF6F3CAC13AC13AC134C
:10693000AC13AC13AC13AC13F154BEEFFFFFFFFF6D
:10694000FFFFBDFF28E5C4E4C4E4C4E4C4E4C4E438
:10695000C4E4C4E472F6FFFFFFFFFFFFFFFFFFFF89
:106960000FEEC4E4C4E4C4E4C4E4C4E4C4E4C4E492
:10697000ACEDDEFFFFFFFFFFFFFF9DE72E34AC1302
:10698000AC13AC13AC13AC13AC13AC131265FFFF18
:10699000FFFFFFFFFFFFFFFFFFFFFFFFFFFFFFFF07
:1069A000FFFFFFFFDFFFD14CAC13AC13ED237DE7FE
:1069B000FFFFFFFFFFFF78AEAC1BAC13AC13B04C76
:1069C0009DE7DFFFFFFFFFFFDFFFDFF7DFF7DFF709
:1069D000DFF7DEF77DE71265AC13AC13AC13ED23E4
:1069E000F695FFFFFFFFDFFF904CCC1BAC130D2C87
:1069F0007DE7FFFFFFFF58AEAC13F25C1BCFFFFF3C
:106A0000FFFFFFFFFFFFFFFF78AEAC13AC13ED23DA
:106A1000D585D5856F44AC1BAC13AC13AC13336573
:106A2000FFFFFFFFFFFFFFFFFFFFFFFFDFF7DABE04
:106A3000B9BE3CD75DDFFBC6B04CAC13AC13AC1396
:106A4000D585FFFFFFFFFFFFFFFFFFFFFFFFFFFFFA
:106A5000FFFFFFFFFFFFFFFFFFFFFFFFFFFFFFFF46
:106A6000DFFF2E34AC13AC13AC13AC13AC13125DBC
:106A7000BEF7FFFFFFFFFFFFBABECC1BAC13AC138A
:106A8000AC13AC132E2C4F3C4F3C4F3C2E342E2CD1
:106A90002E342E342E340E2CAC13AC13AC13AC139A
:106AA000AC13AC13AC139DE7FFFFFBCEED23AC138F
:106AB000AC13AC13AC13AC13ED23F25CDAC6FFFFDE
:106AC000FFFFFFFF4F34AC13AC13AC13AC13AC138C
:106AD000AC13AC13D154BEEFFFFFFFFFFFFFBDFFB0
:106AE00048E5C4E4C4E4C4E4C4E4C4E4C4E4C4E4E1
:106AF00073F6FFFFFFFFFFFFFFFFFFFF0FEEC4E492
:106B0000C4E4C4E4C4E4C4E4C4E4C4E4ACEDDEFF1F
:106B1000FFFFFFFFFFFF7DE72E34AC13AC13AC1378
:106B2000AC13AC13AC13AC13F25CFFFFFFFFFFFF21
:106B3000FFFFFFFFFFFFFFFFFFFFFFFFFFFFFFFF65
:106B4000FFFFD154AC13AC13AC1B3CD7FFFFFFFFCE
:106B5000FFFFBEEF0E2CAC13AC1379AEFFFFFFFFAF
:106B6000FFFFFFFFFFFFFFFFFFFFFFFFFFFFFFFF35
:106B7000FFFF3CD7AC1BAC13ED233CD7FFFFFFFF5F
:106B8000FFFFFFFFD154CC1BAC130E2C9DE7FFFF82
:106B9000FFFF5CDFBABEFFFFFFFFFFFFFFFFFFFF4E
:106BA000FFFFFFFFD585AC13AC13AC13AC13AC13D4
:106BB000AC13AC13AC13AC13AC1B1BD7FFFFFFFF24
:106BC000FFFFFFFFFFFFFFFFFFFFFFFFFFFFFFFFD5
:106BD000FFFFFFFFFBCEAC13AC13CC1B3CD7FFFF7A
:106BE000FFFFFFFFFFFFFFFFFFFFFFFFFFFFFFFFB5
:106BF000FFFFFFFFFFFFFFFFFFFFFFFFFFFF6F44F0
:106C0000AC13AC13AC13CD1BF695FFFFFFFFFFFFDA
:106C1000FFFFFFFFFFFFD154AC13AC13AC1374752F
:106C20007DE7DFFFFFFFDFF79EEF7DE79DE79EEF4C
:106C30009EEF7DE799B62E34AC13AC13AC136F3CCA
:106C400099B6FFFFFFFFFFFF5CDF336D6F3C6F44C2
:106C5000F25CD68D3CD7FFFFFFFFFFFFFFFFFFFF7A
:106C60004F3CAC13AC13AC13AC13AC13AC13AC1360
:106C7000B14C9EEFFFFFFFFFFFFFDEFF48EDC4E4D6
:106C8000C4E4C4E4C4E4C4E4C4E4C4E430EEFFFFF8
:106C9000FFFFFFFFFFFFFFFFACEDC4E4C4E4C4E46B
:106CA000C4E4C4E4C4E4C4E4CDEDFFFFFFFFFFFF90
:106CB000FFFF7DE72E34AC13AC13AC13AC13AC1355
:106CC000AC13AC13F25CFFFFFFFFFFFFFFFFFFFF02
:106CD000FFFFFFFFFFFFFFFFFFFFFFFFFFFFD1549D
:106CE000AC13AC13AC13FBC6FFFFFFFFFFFFFFFFAE
:106CF0004F3CAC13AC13DABEFFFFFFFFFFFFFFFFFB
:106D0000FFFFFFFFFFFFFFFFFFFFFFFFFFFF1BCFA7
:106D1000AC1BAC13125DFFFFFFFFFFFFFFFFFFFF88
:106D2000125DAC13AC1B0E2C7DE7FFFFFFFFFFFFD6
:106D3000FFFFFFFFFFFFFFFFFFFFFFFFFFFFFFFF63
:106D4000B04CAC13AC13AC13AC13AC13AC13AC130E
:106D5000AC134F3CBABEFFFFFFFFFFFFFFFFFFFF7B
:106D6000FFFFFFFFFFFFFFFFFFFFFFFFFFFFFFFF33
:106D7000F68DAC13AC13CC1B3CD7FFFFFFFFFFFF1E
:106D8000FFFFFFFFFFFFFFFFFFFFFFFFFFFFFFFF13
:106D9000FFFFFFFFFFFFFFFFFFFF99B6ED232E343C
:106DA000B5855CDFFFFFFFFFFFFFFFFFFFFFFFFF7A
:106DB000FFFF179EAC13AC13ED23FFFFFFFFFFFF98
:106DC000FFFFFFFFFFFFFFFFFFFFFFFFFFFFFFFFD3
:106DD000FFFFB585AC13AC132E2C7DE7FFFFFFFF43
:106DE000FFFFFFFFFFFFFFFFBEF7BEF7FFFFFFFF45
:106DF000FFFFFFFFFFFFFFFFFFFFFFFF7044AC132C
:106E0000AC13AC13AC13AC13AC13AC136F447DE7F1
:106E1000FFFFFFFFFFFFDEFF6AEDC4E4C4E4C4E44C
:106E2000C4E4C4E4C4E4C4E427E539FFFFFFFFFF82
:106E3000FFFFF7F6E6E4C4E4C4E4C4E4C4E4C4E455
:106E4000C4E4C4E4EEEDFFFFFFFFFFFFFFFF5DDFE3
:106E50000E2CAC13AC13AC13AC13AC13AC13AC13BF
:106E60003365FFFFFFFFFFFFFFFFFFFFFFFFFFFF98
:106E7000FFFFFFFFFFFFFFFFFFFFB14CAC13AC13A1
:106E8000AC13DAC6FFFFFFFFFFFFBEF72E34AC13D3
:106E9000AC13FBCEFFFFFFFFFFFFFFFFFFFFFFFF76
:106EA000FFFFFFFFFFFFFFFFFFFF79AEAC13AC1347
:106EB0007475FFFFFFFFFFFFFFFFFFFF336DAC1394
:106EC000AC1B0D2C7DE7FFFFFFFFFFFFFFFFFFFF68
:106ED000FFFFFFFFFFFFFFFFFFFF3CD7CC1BAC1303
:106EE000AC13AC13AC13AC132E34126578AEDFF7D1
:106EF000FFFFFFFFFFFFFFFFFFFFFFFFFFFFFFFFA2
:106F0000FFFFFFFFFFFFFFFF3CD7F695CC1BAC1345
:106F1000AC13AC133365FFFFFFFFFFFFFFFFFFFF65
:106F2000FFFFFFFFFFFFFFFFFFFFFFFF9DE7B585AF
:106F30007DE7FFFFFFFFFFFF7DE7BEF7FFFFFFFFDE
:106F4000FFFFFFFFFFFFFFFFFFFFFFFFFFFF99B600
:106F5000AC13AC134F3CFFFFFFFFFFFFFFFFFFFF32
:106F6000FFFFFFFFFFFFFFFFFFFFFFFFFFFFD58DCD
:106F7000AC13AC139044FFFFFFFFFFFFFFFFFFFFC9
:106F8000FFFFFFFFFFFFFFFFFFFFFFFFFFFFFFFF11
:106F9000FFFFFFFFFFFFFFFFB14CAC13AC13AC13BF
:106FA000AC13AC13AC13AC13ED233CD7FFFFFFFFC6
:106FB000FFFFFFFFEEEDC4E4C4E4C4E4C4E4C4E4B2
:106FC000C4E4C4E4C4E428E594F6F7F652F606E512
:106FD000C4E4C4E4C4E4C4E4C4E4C4E4C4E4C4E471
:106FE00073F6FFFFFFFFFFFFFFFFFBCEED23AC13A8
:106FF000AC13AC13AC13AC13AC13AC135475FFFF50
:10700000FFFFFFFFFFFFFFFFFFFFFFFFFFFFFFFF90
:10701000FFFFFFFFBEF79044AC1BAC13AC13FAC6E6
:10702000FFFFFFFFFFFFDAC6CC1BAC13AC131796B4
:10703000FFFFFFFFFFFFFFFFFFFFFFFFFFFFFFFF60
:10704000FFFFFFFFDFF7B04CAC13AC13B585FFFFBC
:10705000FFFFFFFFFFFFFFFF5475AC1BAC13ED23D9
:107060007DE7FFFFFFFFFFFFFFFFFFFFFFFFFFFFCA
:10707000FFFFFFFFFFFF78AEAC13AC13AC13AC13F4
:10708000904478AE9DE7FFFFFFFFFFFFFFFFFFFF8C
:10709000FFFFFFFFFFFFFFFF7DE7B9B61696947D68
:1070A000125D9044ED23AC13AC13AC13AC13AC13D2
:1070B000AC139044D68DFBCEDEF7FFFFFFFFFFFF42
:1070C000FFFFFFFFDFF7379E2E342E34BEF7FFFFA2
:1070D000FFFFFFFFFFFFFFFFFFFFFFFFFFFFFFFFC0
:1070E000FFFFFFFFFFFFFFFFFFFF78AEAC13AC1306
:1070F000B04CFFFFFFFFFFFFFFFFFFFFFFFFFFFFA2
:10710000FFFFFFFFFFFFFFFFFFFF125DAC13AC139C
:107110009044FFFFFFFFFFFFFFFFFFFFFFFFFFFFA9
:10712000FFFFFFFFFFFFFFFFFFFFFFFFFFFFFFFF6F
:10713000FFFFFFFF3265AC13AC13AC13AC13AC1301
:10714000AC13AC13AC13BABEFFFFFFFFFFFFFFFF92
:10715000D6F6C4E4C4E4C4E4C4E4C4E4C4E4C4E4CB
:10716000C4E4C4E4C4E4C4E4C4E4C4E4C4E4C4E4DF
:10717000C4E4C4E4C4E4C4E4C4E4E5E439FFFFFFC8
:10718000FFFFFFFFFFFF379ECC1BAC13AC13AC130C
:10719000AC13AC13AC13AC13D58DFFFFFFFFFFFF97
:1071A000FFFFFFFFFFFFFFFFFFFFFFFFFFFFFFFFEF
:1071B0009EEF0E2CAC13AC13AC131BCFFFFFFFFFE5
:1071C000FFFF7475AC13AC13AC13CD1BB58579AE52
:1071D00078AE58A6379EF695D58D957D7475336536
:1071E0004F3CAC13AC13AC13D154FFFFFFFFFFFFB8
:1071F000FFFFFFFF747DAC1BAC13CD1B5DDFFFFFFA
:10720000FFFFFFFFFFFFFFFFFFFFFFFFFFFFFFFF8E
:10721000FFFFB585AC13AC13CC1BF68DDFF7FFFF7A
:10722000FFFF379E4F3C78AE9DE75DDF99B6D68D68
:10723000336D90440E2CAC13AC13AC13AC13AC13E5
:10724000AC13AC13AC13AC13AC13AC13AC13AC1346
:10725000AC13CC1B2E34B04C125D33651265D15487
:107260002F34AC13AC1358A6FFFFFFFFFFFFFFFF47
:10727000FFFFFFFFFFFFFFFFFFFFFFFFFFFFFFFF1E
:10728000FFFFFFFFFFFF747DAC13AC132E34BEEF86
:10729000FFFFFFFFFFFFFFFFFFFFFFFFFFFFFFFFFE
:1072A000FFFFFFFF1BD7ED23AC13AC13B14CFFFF67
:1072B000FFFFFFFFFFFFFFFFFFFFFFFFFFFFFFFFDE
:1072C000FFFFFFFFFFFFFFFFFFFFFFFFFFFFFFFFCE
:1072D000D585AC13AC13AC13AC13AC13AC13AC131B
:1072E000AC13F68DFFFFFFFFFFFFFFFFBDFF07E5BC
:1072F000C4E4C4E4C4E4C4E4C4E4C4E4C4E4C4E44E
:10730000C4E4C4E4C4E4C4E4C4E4C4E4C4E4C4E43D
:10731000C4E4C4E4C4E4ACEDDEFFFFFFFFFFFFFF05
:10732000FFFF3365AC13AC13AC13AC13AC13AC134D
:10733000AC13AC1358AEFFFFFFFFFFFFFFFFFFFFD3
:10734000FFFFFFFFFFFFFFFFFFFFFFFF3CD7AC1B6F
:10735000AC13AC13CC1B7DE7FFFFFFFFBEEF4E3439
:10736000AC13AC13AC13AC13AC13AC13AC13AC1325
:10737000AC13AC13AC13AC13AC13AC13AC13AC1315
:10738000AC13AC13AC1B99B6FFFFFFFFFFFFFFFF71
:107390009585AC13AC1BAC133CD7FFFFFFFFFFFF81
:1073A000FFFFFFFFFFFFFFFFFFFFFFFFFFFF99B69C
:1073B000AC134F3CFAC6FFFFFFFFFFFF9EEFCD1B54
:1073C000AC13AC132E2CCC1BAC13AC13AC13AC1302
:1073D000AC13AC13AC13AC13AC13AC13AC13AC13B5
:1073E000AC13AC13AC13AC13AC13AC13AC13AC13A5
:1073F000AC13AC13AC13AC13AC13AC13AC13AC1395
:107400000E2CBEEFFFFFFFFFFFFFFFFFFFFFFFFFA1
:10741000FFFFFFFFFFFFFFFFFFFFFFFFFFFFFFFF7C
:10742000DFF74F3CAC13AC13AC13B04C99B63CD760
:10743000FBC6DABE99B658A61796D68DD585B58502
:107440000E2CAC13AC13AC13F25CFFFFFFFFFFFF7D
:10745000FFFFFFFFFFFFFFFFFFFFFFFFFFFFFFFF3C
:10746000FFFFFFFFFFFFFFFFFFFFFFFF99B6AC131A
:10747000AC13AC13AC13AC13AC13AC13AC13D154AE
:10748000BEF7FFFFFFFFFFFFFFFF93F6C4E4C4E476
:10749000C4E4C4E4C4E4C4E4C4E4C4E4C4E4C4E4AC
:1074A000C4E4C4E4C4E4C4E4C4E4C4E4C4E4C4E49C
:1074B000C5E417F7FFFFFFFFFFFFFFFFBEEF2F340D
:1074C000AC13AC13AC13AC13AC13AC13AC13ED2373
:1074D000FBCEFFFFFFFFFFFFFFFFFFFFFFFFFFFFF1
:1074E000FFFFFFFFFFFFFFFF78AEAC13AC13AC1341
:1074F0002E2CBEEFFFFFFFFFFBCEAC13AC13AC1383
:10750000AC13AC13AC13AC13AC13AC13AC13AC1383
:10751000AC13AC13AC13AC13AC13AC13AC13AC1373
:10752000AC132E347DE7FFFFFFFFFFFFB58DCC13BB
:10753000AC13AC1BDAC6FFFFFFFFFFFFFFFFFFFF2F
:10754000FFFFFFFFFFFFFFFFFFFFFFFF1BCF9EEFD0
:10755000FFFFFFFFFFFFFFFF1BCFAC13AC13AC130C
:10756000AC13AC13AC13AC13AC13AC13AC13AC1323
:10757000AC13AC13AC13AC13AC13AC13AC13AC1313
:10758000AC13AC13AC13AC13AC13AC13AC13AC1303
:10759000AC13AC13AC13AC13AC13AC13B585FFFF39
:1075A000FFFFFFFFFFFFFFFFFFFFFFFFFFFFFFFFEB
:1075B000FFFFFFFFFFFFFFFFFFFFFFFFB9B6AC13A9
:1075C000AC13AC13AC13AC13AC13ED23AC1BAC136A
:1075D000AC13AC13AC13AC13AC13AC13AC13AC13B3
:1075E000AC13AC132F34BEF7FFFFFFFFFFFFFFFF0D
:1075F000FFFFFFFFFFFFFFFFFFFFFFFFFFFFFFFF9B
:10760000FFFFFFFFFFFFFFFF7DE7ED23AC13AC1390
:10761000AC13AC13AC13AC13AC13CC1BFAC6FFFF0A
:10762000FFFFFFFFFFFFDEFFACEDC4E4C4E4C4E4F2
:10763000C4E4C4E4C4E4C4E4C4E4C4E4C4E4C4E40A
:10764000C4E4C4E4C4E4C4E4C4E4C4E430EEFFFF2E
:10765000FFFFFFFFFFFFFFFF179EAC1BAC13AC1338
:10766000AC13AC13AC13AC13AC13D154DFF7FFFF66
:10767000FFFFFFFFFFFFFFFFFFFFFFFFFFFFFFFF1A
:10768000FFFFFFFF7475AC13AC13AC13904CDFF726
:10769000FFFFFFFF1BCFAC13AC13AC13AC13AC1349
:1076A000AC13AC13AC13AC13AC13AC13AC13AC13E2
:1076B000AC13AC13AC13AC13AC13AC13AC13AC13D2
:1076C00099B6FFFFFFFFFFFFF695AC13AC13AC13A9
:1076D00078AEFFFFFFFFFFFFFFFFFFFFFFFFFFFF92
:1076E000FFFFFFFFFFFFFFFFFFFFFFFFFFFFFFFFAA
:1076F000FFFFFFFF5CDFAC1BAC13AC13AC13AC1390
:10770000AC13AC13AC13AC13CD1B2E346F44B04C84
:1077100012657475B585B585B58574753265B04CDF
:107720002E34AC1BAC13AC13AC13AC13AC13AC13B6
:10773000AC13AC13AC130E2CBEEFFFFFFFFFFFFF2B
:10774000FFFFFFFFFFFFFFFFFFFFFFFFFFFFFFFF49
:10775000FFFFFFFFFFFFFFFFB585AC13AC13AC13BA
:10776000AC13AC13AC13AC13AC13AC13AC13AC1321
:10777000AC13AC13AC13AC13AC13AC13AC13AC1311
:10778000AC13F68DFFFFFFFFFFFFFFFFFFFFFFFFC3
:10779000FFFFFFFFFFFFFFFFFFFFFFFFFFFFFFFFF9
:1077A000FFFFFFFFDFF7F25CAC13AC13AC13AC13BD
:1077B000AC13AC13AC13AC13536DDFF7FFFFFFFF3B
:1077C000FFFFFFFF9CFF6AEDC4E4C4E4C4E4C4E42B
:1077D000C4E4C4E4C4E4C4E4C4E4C4E4C4E4C4E469
:1077E000C4E4C4E4C4E4CDEDDEFFFFFFFFFFFFFF10
:1077F000FFFFBEF77044AC13AC13AC13AC13AC1367
:10780000AC13AC13AC13B585FFFFFFFFFFFFFFFF09
:10781000FFFFFFFFFFFFFFFFFFFFFFFFFFFFFFFF78
:107820004F3CAC13AC13AC1B3265FFFFFFFFFFFFF7
:10783000FFFF58A67475336D336D536D536D536DE3
:10784000536D536D74757475747554755475747582
:10785000947DB585D585D58D957DD58D9EEFFFFF22
:10786000FFFFFFFF379EAC13AC13AC1B1796FFFF57
:10787000FFFFFFFFFFFFFFFFFFFFFFFFFFFFFFFF18
:10788000FFFFFFFFFFFFFFFFFFFFFFFFFFFFFFFF08
:10789000FFFF6F3CAC13AC13AC13AC13AC132E2C2A
:1078A000747578AE1BCF9DE7FFFFFFFFFFFFFFFF63
:1078B000FFFFFFFFFFFFFFFFFFFFFFFF9DE7FBC68F
:1078C00058A674754F3CAC13AC13AC13AC13AC138B
:1078D000CD1B1BCFFFFFFFFFFFFFFFFFFFFFFFFFE2
:1078E000FFFFFFFFFFFFFFFFFFFFFFFFFFFFFFFFA8
:1078F000FFFFFFFFD58DAC13AC13AC13AC13AC136F
:10790000AC13AC13AC13AC13AC13AC13AC13AC137F
:10791000AC13AC13AC13AC13AC13AC13AC13ED231E
:10792000BEEFFFFFFFFFFFFFFFFFFFFFFFFFFFFFB8
:10793000FFFFFFFFFFFFFFFFFFFFFFFFFFFFFFFF57
:10794000FFFF58A6AC13AC13AC13AC13AC13AC13C1
:10795000AC13AC13CC1BDABEFFFFFFFFFFFFFFFF32
:10796000FFFF9CFFCCEDC4E4C4E4C4E4C4E4C4E47D
:10797000C4E4C4E4C4E4C4E4C4E4C4E4C4E4C4E4C7
:1079800030EEDEFFFFFFFFFFFFFFFFFFFFFFD68DA3
:10799000AC1BAC13AC13AC13AC13AC13AC13AC13E7
:1079A000ED23BABEFFFFFFFFFFFFFFFFFFFFFFFF5B
:1079B000FFFFFFFFFFFFFFFFFFFF3CD7CC1BAC1318
:1079C000AC13AC13D68DFFFFFFFFFFFFFFFFFFFFE0
:1079D000FFFFFFFFFFFFFFFFFFFFFFFFFFFFFFFFB7
:1079E000FFFFFFFFFFFFFFFFFFFFFFFFFFFFFFFFA7
:1079F000FFFFFFFFFFFFFFFFFFFFFFFFFFFFFFFF97
:107A000058A6AC13AC13AC13B585FFFFFFFFFFFF07
:107A1000FFFFFFFFFFFFFFFFFFFFFFFFFFFFFFFF76
:107A2000FFFFFFFFFFFFFFFFFFFFFFFFFFFFB9BEED
:107A3000ED23AC13AC13904458A69DE7FFFFFFFF66
:107A4000FFFFFFFFFFFFFFFFFFFFFFFFFFFFFFFF46
:107A5000FFFFFFFFFFFFFFFFFFFFFFFFFFFFFFFF36
:107A6000BEEFFBC6D585B14C4F3433651BCFFFFF4E
:107A7000FFFFFFFFFFFFFFFFFFFFFFFFFFFFFFFF16
:107A8000FFFFFFFFFFFFFFFFFFFFFFFFFFFFFFFF06
:107A9000BEF7B585D154F154F15CF25CF25CF25C56
:107AA000F25CF25CF25CF25CF25C125D12653365D2
:107AB000336D336D536D12659044D68DDFFFFFFF3C
:107AC000FFFFFFFFFFFFFFFFFFFFFFFFFFFFFFFFC6
:107AD000FFFFFFFFFFFFFFFFFFFFFFFFFFFF7DE750
:107AE0002E34AC13AC13AC13AC13AC13AC13AC13FB
:107AF000AC1390447DE7FFFFFFFFFFFFFFFFFFFF99
:107B0000DEFF93F607E5C4E4C4E4C4E4C4E4C4E4DB
:107B1000C4E4C4E4C4E4C4E449E5D6F6FFFFFFFFCF
:107B2000FFFFFFFFFFFFFFFFDAC60E2CAC13AC1305
:107B3000AC13AC13AC13AC13AC13AC13D154FFFFA8
:107B4000FFFFFFFFFFFFFFFFFFFFFFFFFFFFFFFF45
:107B5000FFFFFFFFFFFF58A6AC13AC13AC13AC1331
:107B600079B6FFFFFFFFFFFFFFFFFFFFFFFFFFFFF4
:107B7000FFFFFFFFFFFFFFFFFFFFFFFFFFFFFFFF15
:107B8000FFFFFFFFFFFFFFFFFFFFFFFFFFFFFFFF05
:107B9000FFFFFFFFFFFFFFFFFFFFFFFF58AEAC132C
:107BA000AC13AC13536DFFFFFFFFFFFFFFFFFFFFA1
:107BB000FFFFFFFFFFFFFFFFFFFFFFFFFFFFFFFFD5
:107BC000FFFFFFFFFFFFFFFFFFFFFFFF3CD7169602
:107BD00099B6FFFFFFFFFFFFFFFFFFFFFFFFFFFF64
:107BE000FFFFFFFFFFFFFFFFFFFFFFFFFFFFFFFFA5
:107BF000FFFFFFFFFFFFFFFFFFFFFFFFFFFFFFFF95
:107C0000FFFFFFFFFFFFFFFFFFFFFFFFFFFFFFFF84
:107C1000FFFFFFFFFFFFFFFFFFFFFFFFFFFFFFFF74
:107C2000FFFFFFFFFFFFFFFFFFFFFFFFFFFFFFFF64
:107C3000FFFFFFFFFFFFFFFFFFFFFFFFFFFFFFFF54
:107C4000FFFFFFFFFFFFFFFFFFFFFFFFFFFFFFFF44
:107C5000FFFFFFFFFFFFFFFFFFFFFFFFFFFFFFFF34
:107C6000FFFFFFFFFFFFFFFFFFFFFFFFFFFFFFFF24
:107C7000FFFFFFFFFFFFFFFFFFFFFFFFB585AC1317
:107C8000AC13AC13AC13AC13AC13AC13AC13AC13FC
:107C90003365BEF7FFFFFFFFFFFFFFFFFFFFFFFFA3
:107CA000BCFF93F68BED28E5E6E4E5E407E549ED56
:107CB000EEEDD5F6BDFFFFFFFFFFFFFFFFFFFFFF6C
:107CC000FFFF5DDF9044AC13AC13AC13AC13AC13EB
:107CD000AC13AC13AC13AC1B37A6FFFFFFFFFFFFC9
:107CE000FFFFFFFFFFFFFFFFFFFFFFFFFFFFFFFFA4
:107CF000FFFF957DAC1BAC13AC13AC131BCFFFFF88
:107D0000FFFFFFFFFFFFFFFFFFFFFFFFFFFFFFFF83
:107D1000FFFFFFFFFFFFFFFFFFFFFFFFFFFFFFFF73
:107D2000FFFFFFFFFFFFFFFFFFFFFFFFFFFFFFFF63
:107D3000FFFFFFFFFFFFFFFF37A6AC13AC13AC1331
:107D4000536DFFFFFFFFFFFFFFFFFFFFFFFFFFFF81
:107D5000FFFFFFFFFFFFFFFFFFFFFFFFFFFFFFFF33
:107D6000FFFFFFFFFFFFFFFFFFFFFFFFFFFFFFFF23
:107D7000FFFFFFFFFFFFFFFFFFFFFFFFFFFFFFFF13
:107D8000FFFFFFFFFFFFFFFFFFFFFFFFFFFFFFFF03
:107D9000FFFFFFFFFFFFFFFFFFFFFFFFFFFFFFFFF3
:107DA000FFFFFFFFFFFFFFFFFFFFFFFFFFFFFFFFE3
:107DB000FFFFFFFFFFFFFFFFFFFFFFFFFFFFFFFFD3
:107DC000FFFFFFFFFFFFFFFFFFFFFFFFFFFFFFFFC3
:107DD000FFFFFFFFFFFFFFFFFFFFFFFFFFFFFFFFB3
:107DE000FFFFFFFFFFFFFFFFFFFFFFFFFFFFFFFFA3
:107DF000FFFFFFFFFFFFFFFFFFFFFFFFFFFFFFFF93
:107E0000FFFFFFFFFFFFFFFFFFFFFFFFFFFFFFFF82
:107E1000FFFFFFFFFFFFFFFF5CDF0E2CAC13AC1377
:107E2000AC13AC13AC13AC13AC13AC13AC13536D59
:107E3000BEEFFFFFFFFFFFFFFFFFFFFFFFFFFFFFA3
:107E4000FFFFBDFF7BFF7BFF9CFFDEFFFFFFFFFF10
:107E5000FFFFFFFFFFFFFFFFFFFFFFFF7DE7B14CCD
:107E6000AC13AC13AC13AC13AC13AC13AC13AC131A
:107E7000AC13B04CBEF7FFFFFFFFFFFFFFFFFFFF9C
:107E8000FFFFFFFFFFFFFFFFFFFFFFFFFFFF78AEDA
:107E9000AC1BAC1BAC1BF25CFFFFFFFFFFFFFFFF47
:107EA000FFFFFFFFFFFFFFFFFFFFFFFFFFFFFFFFE2
:107EB000FFFFFFFFFFFFFFFFFFFFFFFFFFFFFFFFD2
:107EC000FFFFFFFFFFFFFFFFFFFFFFFFFFFFFFFFC2
:107ED000FFFFFFFF1BCFAC1BAC1BAC1399B6FFFF22
:107EE000FFFFFFFFFFFFFFFFFFFFFFFFFFFFFFFFA2
:107EF000FFFFFFFFFFFFFFFFFFFFFFFFFFFFFFFF92
:107F0000FFFFFFFFFFFFFFFFFFFFFFFFFFFFFFFF81
:107F1000FFFFFFFFFFFFFFFFFFFFFFFFFFFFFFFF71
:107F2000FFFFFFFFFFFFFFFFFFFFFFFFFFFFFFFF61
:107F3000FFFFFFFFDEFFFFFFFFFFFFFFFFFFFFFF72
:107F4000FFFFFFFFFFFFFFFFFFFFFFFFFFFFFFFF41
:107F5000FFFFFFFFFFFFFFFFFFFFFFFFFFFFFFFF31
:107F6000FFFFFFFFFFFFFFFFFFFFFFFFFFFFFFFF21
:107F7000FFFFFFFFFFFFFFFFFFFFFFFFFFFFFFFF11
:107F8000FFFFFFFFFFFFFFFFFFFFFFFFFFFFFFFF01
:107F9000FFFFFFFFFFFFFFFFFFFFFFFFFFFFFFFFF1
:107FA000FFFFFFFFFFFFFFFFFFFFFFFFFFFFFFFFE1
:107FB000FFFFFFFFFFFFF695AC13AC13AC13AC1340
:107FC000AC13AC13AC13AC13AC13AC13F25C5CDFAE
:107FD000FFFFFFFFFFFFFFFFFFFFFFFFFFFFFFFFB1
:107FE000FFFFFFFFFFFFFFFFFFFFFFFFFFFFFFFFA1
:107FF000FFFFFFFFFFFF1BCF9044AC13AC13AC138C
:10800000AC13AC13AC13AC13AC13AC13AC1B79AE08
:10801000FFFFFFFFFFFFFFFFFFFFFFFFFFFFFFFF70
:10802000FFFFFFFFFFFFFFFFFFFFFFFF79AE335DA5
:10803000747D9EEFFFFFFFFFFFFFFFFFFFFFFFFFCE
:10804000FFFFFFFFFFFFFFFFFFFFFFFFFFFFFFFF40
:10805000FFFFFFFFFFFFFFFFFFFFFFFFFFFFFFFF30
:10806000FFFFFFFFFFFFFFFFFFFFFFFFFFFFFFFF20
:10807000FFFFDABED67DBAB6FFFFFFFFFFFFFFFFAF
:10808000FFFFFFFFFFFFFFFFFFFFFFFFFFFFFFFF00
:10809000FFFFFFFFFFFFFFFFFFFF7BFF72F65AFFAF
:1080A000FFFFFFFFFFFFFFFFFFFFFFFFFFFFFFFFE0
:1080B000FFFFFFFFFFFFFFFFFFFFFFFFFFFFFFFFD0
:1080C000FFFFFFFFFFFFFFFFFFFFFFFFFFFFB4F614
:1080D00069ED93F6FFFFFFFFFFFFFFFFFFFFFFFFCD
:1080E000FFFFFFFFFFFFFFFFFFFFFFFFFFFFFFFFA0
:1080F000FFFFFFFFFFFFFFFFFFFFFFFFFFFFFFFF90
:10810000FFFFFFFFFFFFFFFFFFFFFFFFFFFFFFFF7F
:10811000FFFFFFFFFFFFFFFFFFFFFFFFFFFFFFFF6F
:10812000FFFFFFFFFFFFFFFFFFFFFFFFFFFFFFFF5F
:10813000FFFFFFFFFFFFFFFFFFFFFFFFFFFFFFFF4F
:10814000FFFFFFFFFFFFFFFFFFFFFFFFFFFFFFFF3F
:10815000FFFF9EEF9044AC13AC13AC13AC13AC1305
:10816000AC13AC13AC13AC13AC134F3C78AEBEF7EE
:10817000FFFFFFFFFFFFFFFFFFFFFFFFFFFFFFFF0F
:10818000FFFFFFFFFFFFFFFFFFFFFFFFFFFF9EEF70
:10819000379EED23AC13AC13AC13AC13AC13AC1380
:1081A000AC13AC13AC13AC13336DFFFFFFFFFFFF39
:1081B000FFFFFFFFFFFFFFFFFFFFFFFFFFFFFFFFCF
:1081C000FFFFFFFFFFFFFFFFFFFFFFFFFFFFFFFFBF
:1081D000FFFFFFFFFFFFFFFFFFFFFFFFFFFFFFFFAF
:1081E000FFFFFFFFFFFFFFFFFFFFFFFFFFFFFFFF9F
:1081F000FFFFFFFFFFFFFFFFFFFFFFFFFFFFFFFF8F
:10820000FFFFFFFFFFFFFFFFFFFFFFFFFFFFFFFF7E
:10821000FFFFFFFFFFFFFFFFFFFFFFFFFFFFFFFF6E
:10822000FFFFFFFFFFFFFFFFFFFFFFFFFFFFFFFF5E
:10823000FFFFFFFFFFFF30F6C4E40FEEFFFFFFFF7D
:10824000FFFFFFFFFFFFFFFFFFFFFFFFFFFFFFFF3E
:10825000FFFFFFFFFFFFFFFFFFFFFFFFFFFFFFFF2E
:10826000FFFFFFFFFFFFFFFFFFFFEEEDC5E4CDEDDA
:10827000FFFFFFFFFFFFFFFFFFFFFFFFFFFFFFFF0E
:10828000FFFFFFFFFFFFFFFFFFFFFFFFFFFFFFFFFE
:10829000FFFFFFFFFFFFFFFFFFFFFFFFFFFFFFFFEE
:1082A000FFFFFFFFFFFFFFFFFFFFFFFFFFFFFFFFDE
:1082B000FFFFFFFFFFFFFFFFFFFFFFFFFFFFFFFFCE
:1082C000FFFFFFFFFFFFFFFFFFFFFFFFFFFFFFFFBE
:1082D000FFFFFFFFFFFFFFFFFFFFFFFFFFFFFFFFAE
:1082E000FFFFFFFFFFFFFFFFFFFFFFFFFFFFFFFF9E
:1082F000FBCECD23AC13AC13AC13AC13AC13AC134B
:10830000AC13AC13AC13AC13AC131265BABE9EEF36
:10831000FFFFFFFFFFFFFFFFFFFFFFFFFFFFFFFF6D
:10832000FFFFFFFFFFFF7DE799B6B14CAC13AC1325
:10833000AC13AC13AC13AC13AC13AC13AC13AC1345
:10834000AC134F3C7DDFFFFFFFFFFFFFFFFFFFFF91
:10835000FFFFFFFFFFFFFFFFFFFFFFFFFFFFFFFF2D
:10836000FFFFFFFFFFFFFFFFFFFFFFFFFFFFFFFF1D
:10837000FFFFFFFFFFFFFFFFFFFFFFFFFFFFFFFF0D
:10838000FFFFFFFFFFFFFFFFFFFFFFFFFFFFFFFFFD
:10839000FFFFFFFFFFFFFFFFFFFFFFFFFFFFFFFFED
:1083A000FFFFFFFFFFFFFFFFFFFFFFFFFFFFFFFFDD
:1083B000FFFFFFFFFFFFFFFFFFFFFFFFFFFFFFFFCD
:1083C000FFFFFFFFFFFFFFFFFFFFFFFFFFFFFFFFBD
:1083D000FFFF51F6C4E451F6FFFFFFFFFFFFFFFF71
:1083E000FFFFFFFFBDFF7BFF9BFFDEFFFFFFFFFFE8
:1083F000FFFFFFFFFFFFFFFFFFFFFFFFFFFFFFFF8D
:10840000FFFFFFFFFFFFDEFF7AFFDEFFFFFFFFFF43
:10841000FFFFFFFFFFFFBDFF7BFF9CFFFFFFFFFF95
:10842000FFFFFFFFFFFFFFFFFFFFFFFFFFFFFFFF5C
:10843000FFFFFFFFFFFFFFFFFFFFFFFFFFFFFFFF4C
:10844000FFFFFFFFFFFFFFFFFFFFFFFFFFFFFFFF3C
:10845000FFFFFFFFFFFFFFFFFFFFFFFFFFFFFFFF2C
:10846000FFFFFFFFFFFFFFFFFFFFFFFFFFFFFFFF1C
:10847000FFFFFFFFFFFFFFFFFFFFFFFFFFFFFFFF0C
:10848000FFFFFFFFFFFFFFFFFFFFFFFFFFFF379E25
:10849000AC13AC13AC13AC13AC13AC13AC13AC13E4
:1084A000AC13AC13AC13AC13AC13D1541696FAC680
:1084B0005DDFBEEFDFFFFFFFDFFFBEEF5CDFDABE99
:1084C000D58D9044AC13AC13AC13AC13AC13AC13FC
:1084D000AC13AC13AC13AC13AC13AC13CD1BDABEA2
:1084E000FFFFFFFFFFFFFFFFFFFFFFFFFFFFFFFF9C
:1084F000FFFFFFFFFFFFFFFFFFFFFFFFFFFFDDFFAE
:1085000030F672F6FFFFFFFFD5F60EEE5AFFFFFFC3
:108510009CFF0FEEB4F6FFFFFFFF18F70EEE17F704
:10852000FFFFBDFF30EE72F6FFFFFFFFD5F60EEE48
:108530007AFFFFFFDEFF51F630EEDEFFFFFF17F799
:10854000EEED39FFFFFFBDFF0FF693F6FFFFFFFFD4
:10855000FFFFFFFFFFFFFFFFDEFF0FEECCEDCDEDD6
:10856000CDED0EEEB4F6FFFFFFFF73F6CDED07E5A0
:10857000C4E427E5CDED52F6FFFFFFFFDEFF0FEE6F
:1085800007E5C4E4C5E469E551F6FFFFFFFFBDFF61
:108590000FEE73F6FFFFFFFF93F60FEE9CFFFFFF5A
:1085A000FFFF5AFF51F6F6F6FFFFFFFFFFFF9BFFAD
:1085B0000FEEE6E4C4E4E5E46AED52F6FFFFFFFFE8
:1085C00017F7EEED18F7FFFF9CFFEEEDB4F6FFFF97
:1085D000FFFFFFFFFFFFFFFFFFFFFFFFFFFFFFFFAB
:1085E000FFFF39FF93F6D5F69CFFFFFFFFFFFFFF6C
:1085F000FFFFB4F68AED8BED93F6FFFFFFFFFFFF61
:10860000FFFFFFFFD5F60FEECDED0FEE30EEEEEDF6
:10861000ACED0EEED5F6FFFFFFFFFFFFFFFFFFFF04
:10862000FFFFFFFFFFFFFFFFFFFFFFFFB585AC135D
:10863000AC13AC13AC13AC13AC13AC13AC13AC1342
:10864000AC13AC13AC13AC13AC13AC136F3CF15CB8
:108650003365536D3365D1544F3CAC13AC13AC133D
:10866000AC13AC13AC13AC13AC13AC13AC13AC1312
:10867000AC13AC13AC13AC13379EFFFFFFFFFFFF2F
:10868000FFFFFFFFFFFFFFFFFFFFFFFFFFFFFFFFFA
:10869000FFFFFFFFFFFFFFFFFFFF7AFFC4E4C4E41B
:1086A0009CFFFFFF8BEDC4E451F6FFFF17F7C4E416
:1086B00006E5FFFFFFFF0FEEC4E4EDEDFFFF5AFFFD
:1086C000C4E4C4E4BCFFFFFF6AEDC4E493F6FFFF1B
:1086D0009CFFC4E4C4E47BFFFFFFEEEDC4E40FEEB7
:1086E000FFFF39FFC4E4C4E4BDFFFFFFFFFFFFFF4E
:1086F000FFFFFFFF9CFF06E5C5E4C5E4C5E4C5E454
:10870000C5E4EEEDFFFFACEDC4E4C4E4C4E4C4E4AE
:10871000C4E46AEDFFFFDEFF6AEDC4E4C4E4ABED40
:1087200028E5C4E4E5E4BDFFFFFF59FFC4E4C5E468
:10873000DEFFFFFF06E5C4E4D6F6FFFFFFFF72F69B
:10874000C4E48BEDFFFFFFFF9CFF28E5C4E4C4E415
:108750006AED07E5C4E4E6E4DEFFFFFFEEEDC4E406
:10876000EEEDFFFF17F7C4E406E5FFFFFFFFFFFF95
:10877000FFFFFFFFFFFFFFFFFFFFDEFFCDEDC4E4C4
:10878000C4E4C4E40EEEFFFFFFFFFFFFEEEDC4E420
:10879000E5E4C4E4C4E4EEEDFFFFFFFFFFFF72F683
:1087A000C4E4C4E4C4E4C4E4C4E4C4E4C4E4C4E489
:1087B000C4E450F6FFFFFFFFFFFFFFFFFFFFFFFFD7
:1087C000FFFFFFFFFFFFFFFFFFFF7475AC13AC134C
:1087D000AC13AC13AC13AC13AC13AC13AC13AC13A1
:1087E000AC13AC13AC13AC13AC13AC13AC13AC1391
:1087F000AC13AC13AC13AC13AC13AC13AC13AC1381
:10880000AC13AC13AC13AC13AC13AC13AC13AC1370
:10881000AC13F695FFFFFFFFFFFFFFFFFFFFFFFF1A
:10882000FFFFFFFFFFFFFFFFFFFFFFFFFFFFFFFF58
:10883000FFFFFFFFFFFF7BFFC4E4C5E49CFFFFFFDA
:10884000CDEDC4E472F6FFFF38FFC4E448E5FFFF56
:10885000FFFF51F6C4E42FEEFFFF7AFFC4E4E5E426
:10886000BDFFFFFFACEDC4E4B4F6FFFFBDFFE6E4DF
:10887000C4E47BFFFFFF30EEC4E430F6FFFF5AFF95
:10888000C4E407E5BDFFFFFFFFFFFFFFFFFFFFFFA2
:10889000FFFFFFFFDEFFFFFFFFFFBDFF06E5C5E4B3
:1088A0007BFFDEFFBDFF10EEC4E4EEED9CFFBDFFDD
:1088B000FFFF0FEEC4E407E55AFFFFFF17F7C4E41C
:1088C00027E5BDFFFFFF5AFFC4E407E5DEFFFFFF1A
:1088D00049EDC4E4F7F6FFFFFFFFB4F6C4E4CDEDC5
:1088E000FFFFFFFFEEEDC4E427E57BFFFFFFD5F6BA
:1088F000C4E448EDFFFFFFFF30EEC4E451F6FFFF94
:1089000038FFC4E449EDFFFFFFFFFFFFFFFFFFFF5C
:10891000FFFFFFFFFFFF0FEEC4E407E593F672F6DB
:10892000F6F6FFFFFFFFF7F6C4E4CDEDFFFFDEFF35
:108930008BEDC4E418F7FFFFDEFF48E5C4E493F6CF
:10894000DEFF0FEEC4E40EEEBDFFD5F6C4E406E58F
:10895000DEFFFFFFFFFFFFFFFFFFFFFFFFFFFFFF48
:10896000FFFFFFFFFFFFFFFFB585AC13AC13AC1398
:10897000AC13AC13AC13AC13AC13AC13AC13AC13FF
:10898000AC13AC13AC13AC13AC13AC13AC13AC13EF
:10899000AC13AC13AC13AC13AC13AC13AC13AC13DF
:1089A000AC13AC13AC13AC13AC13CC1B179EFFFF72
:1089B000FFFFFFFFFFFFFFFFFFFFFFFFFFFFFFFFC7
:1089C000FFFFFFFFFFFFFFFFFFFFFFFFFFFFFFFFB7
:1089D000FFFF7BFFE4E4E4E49CFFFFFFCDEDC4E494
:1089E00093F6FFFF38FFC4E448E5FFFFFFFF51F6B1
:1089F000C4E430EEFFFF7BFFC4E4E5E4BDFFFFFF0E
:108A0000ACEDC4E4B4F6FFFFBDFFE6E4C4E47BFFD5
:108A1000FFFF30EEC4E451F6FFFF5AFFC4E407E560
:108A2000BDFFFFFFFFFFFFFFFFFFFFFFFFFF18F787
:108A300051F6EEEDEEEDEEED06E5C5E417F7FFFFBE
:108A4000FFFF72F6C4E452F6FFFFFFFFFFFF28E5C9
:108A5000C4E493F6FFFFFFFFF7F6C4E428E5DEFF6A
:108A6000FFFF7AFFC4E427E5DEFFFFFF49EDC4E422
:108A700017F7FFFFFFFFB4F6C4E4CDEDFFFFBDFF26
:108A8000E6E4C4E4B5F6FFFFFFFFB5F6C4E448E54D
:108A9000FFFFFFFF30EEC4E451F6FFFF38FFC4E4F0
:108AA0006AEDFFFFFFFFFFFFFFFFFFFFFFFFFFFF7D
:108AB000BDFFE5E4C4E459FFFFFFFFFFFFFFFFFF39
:108AC000FFFF30EEC4E45AFFFFFFFFFF17F7C4E4D7
:108AD00050F6FFFFDDFF27E5C4E49CFFFFFF51F6E2
:108AE000C4E451F6FFFFBDFFC4E4C4E49BFFFFFFF5
:108AF000FFFFFFFFFFFFFFFFFFFFFFFFFFFFFFFF86
:108B0000FFFFFFFFFFFF179EED23AC13AC13AC1369
:108B1000AC13AC13AC13AC13AC13AC13AC13AC135D
:108B2000AC13AC13AC13AC13AC13AC13AC13AC134D
:108B3000AC13AC13AC13AC13AC13AC13AC13AC133D
:108B4000AC13AC132E2C99B6FFFFFFFFFFFFFFFF06
:108B5000FFFFFFFFFFFFFFFFFFFFFFFFFFFFFFFF25
:108B6000FFFFFFFFFFFFFFFFFFFFFFFFFFFF7BFF99
:108B7000C4E4E5E4DEFFFFFFCDEDC4E493F6FFFFC0
:108B800059FFC4E448E5FFFFFFFF51F6C4E451F686
:108B9000FFFF7BFFC4E405E5BDFFFFFFCDEDC4E4AF
:108BA000B4F6FFFFBDFF06E5C4E49CFFFFFF30EE17
:108BB000C4E451F6FFFF7BFFC4E407E5BDFFFFFF00
:108BC000FFFFFFFFFFFFFFFF9CFFE6E4C5E4E6E4D5
:108BD000E5E4C5E4C5E4E5E418F7FFFFFFFF30EE88
:108BE000C4E451F6FFFFFFFFDEFF27E5C4E417F7FB
:108BF000FFFFFFFF18F7C4E428E5DEFFFFFF7AFF61
:108C0000C4E428E5FFFFFFFF6AEDC4E4F7F6FFFFC9
:108C1000FFFFB4F6C4E4CDEDFFFF9CFFC4E4C4E461
:108C200039FFFFFFFFFFD6F6C4E448E5FFFFFFFF73
:108C300030EEC4E452F6FFFF39FFC4E469EDFFFFF4
:108C4000FFFFFFFFFFFFFFFFFFFFFFFF9CFFC4E4ED
:108C5000C4E4DEFFFFFFFFFFFFFFFFFFFFFF0FEE9C
:108C6000C4E45AFFFFFFFFFF17F7C4E430EEFFFF35
:108C7000BDFF27E5C4E459FFFFFF30EEC4E42FEE4B
:108C8000FFFF7BFFC4E4C5E47BFFFFFFFFFFFFFFA7
:108C9000FFFFFFFFFFFFFFFFFFFFFFFFFFFFFFFFE4
:108CA000FFFFFFFFFAC6B14CAC13AC13AC13AC130F
:108CB000AC13AC13AC13AC13AC13AC13AC13AC13BC
:108CC000AC13AC13AC13AC13AC13AC13AC13AC13AC
:108CD000AC13AC13AC13AC13AC13AC13AC13F25C0D
:108CE0003CD7FFFFFFFFFFFFFFFFFFFFFFFFFFFF7F
:108CF000FFFFFFFFFFFFFFFFFFFFFFFFFFFFFFFF84
:108D0000FFFFFFFFFFFFFFFFFFFF9BFFC4E4E4E463
:108D10005AFFFFFF0EEEC4E494F6FFFF17F7C4E41A
:108D200048E5FFFFFFFF51F6C4E4CDEDFFFFBDFFB7
:108D3000E4E406E5FFFFFFFFABEDC4E493F6FFFFBD
:108D4000BDFFE6E4C4E439FFFFFF72F6C4E472F647
:108D5000FFFF59FFC4E406E5BDFFFFFFFFFFFFFF74
:108D6000FFFFFFFF7BFFC5E4ACEDDEFFDEFFBDFFD5
:108D700049EDC5E438F7FFFFFFFF30EEC4E430EE05
:108D8000FFFFFFFFFFFF49E5C4E4EEEDFFFFFFFF3C
:108D900030EEC4E428E5DEFFFFFF5AFFC4E4E6E45A
:108DA000FFFFFFFF48E5C4E4F7F6FFFFFFFFB4F65F
:108DB000C4E4CCEDFFFFDEFF28E5C4E430EEFFFFA6
:108DC000FFFFEEEDC4E449EDDEFFFFFF30EEC4E44B
:108DD0000FEEFFFF18F7C4E448EDFFFFFFFFFFFFB2
:108DE000FFFFFFFFFFFFFFFFDEFF28E5C4E430EEDB
:108DF000FFFFDDFF9CFFFFFFFFFF93F6C4E4F6F6E5
:108E0000FFFFFFFF72F6C4E4B4F6FFFFDEFF47E5A5
:108E1000C4E459FFFFFF30EEC4E430EEFFFF7BFFF8
:108E2000C4E4E5E49CFFFFFFFFFFFFFFFFFFFFFF40
:108E3000FFFFFFFFFFFFFFFFFFFFFFFFFFFFFFFF42
:108E4000FFFF9EEFF68D0E2CAC13AC13AC13AC13DE
:108E5000AC13AC13AC13AC13AC13AC13AC13AC131A
:108E6000AC13AC13AC13AC13AC13AC13AC13AC130A
:108E7000AC13AC13AC134E3458A6BEEFFFFFFFFF8C
:108E8000FFFFFFFFFFFFFFFFFFFFFFFFFFFFFFFFF2
:108E9000FFFFFFFFFFFFFFFFFFFFFFFFFFFFFFFFE2
:108EA000FFFFFFFFFFFFDEFF28E5C4E406E530EE2D
:108EB00027E5C4E448E5EEEDE5E4C4E4EEEDFFFFAC
:108EC000FFFFF7F6C4E4C4E4CDEDEDEDC4E4C4E483
:108ED000CDEDABEDC4E4C4E438FFFFFFFFFF8BED45
:108EE000C4E4E5E40FEE28E5C4E407E5EEED06E5AD
:108EF000C4E4ACEDFFFFFFFF59FF93F6DEFFFFFF79
:108F00007BFFC5E4E5E4EEED30EE0FEEC5E4C5E42D
:108F1000F7F6FFFFFFFF94F6C4E4C4E48BEDF6F62A
:108F2000FFFFB4F6C4E4C4E449E528E5C4E4C4E4BE
:108F300049EDDEFFFFFFDEFF06E5C4E46AED8BEDE1
:108F4000C4E4E5E49BFFFFFFFFFF72F6C4E48BED92
:108F5000FFFFFFFF73F6C4E4C4E46AED28E5C4E450
:108F6000C4E469E5DEFFFFFFD6F6C4E4C4E48BED9C
:108F7000E6E4C4E4EEEDFFFFFFFFFFFFD5F618F7D0
:108F8000FFFFFFFFFFFFD5F6C4E4C4E406E5C4E439
:108F9000EEEDFFFFFFFFBCFF06E5C4E430EEEEEDB3
:108FA000C4E407E5BDFFFFFFBDFFE5E4C4E438FF0F
:108FB000FFFF0EEEC4E4EEEDFFFF7AFFC4E4C4E46D
:108FC0009BFFFFFFFFFFFFFFFFFFFFFFFFFFFFFF15
:108FD000FFFFFFFFFFFFFFFFFFFFFFFFFFFFFFFFA1
:108FE000FFFF5CDFB5852E34AC13AC13AC13AC13B0
:108FF000AC13AC13AC13AC13AC13AC13AC13AC1379
:10900000AC13AC13AC13AC13AC13AC13AC134F3C9C
:1090100017967DE7FFFFFFFFFFFFFFFFFFFFFFFF4B
:10902000FFFFFFFFFFFFFFFFFFFFFFFFFFFFFFFF50
:10903000FFFFFFFFFFFFFFFFFFFFFFFFFFFFFFFF40
:10904000FFFFFFFF39FFABED06E506E527E528E565
:1090500007E5E5E406E5CDEDBCFFFFFFFFFFFFFF01
:1090600051F648E5E5E406E548E528E506E5E5E4EA
:1090700069EDB4F6FFFFFFFFFFFF5AFFABED06E51A
:10908000E6E407E528E507E5E6E406E5ACED7BFF69
:10909000FFFFFFFFD5F6ABEDBDFFFFFFDEFF0FEEDD
:1090A00027E5E5E406E506E507E528E539FFFFFFE6
:1090B000FFFFDEFFEEED07E5C5E430F6FFFFFFFF43
:1090C00072F627E5C4E406E58AEDC4E448EDDEFF68
:1090D000FFFFFFFF18F78BEDC5E4C5E46AEDF6F678
:1090E000FFFFFFFFFFFFF6F627E50FEEFFFFFFFF95
:1090F000FFFF30F607E5C4E428E58BEDC4E449ED55
:10910000FFFFFFFFFFFF52F628E5C4E406E5CDEDC3
:10911000BCFFFFFFFFFFFFFF10EE93F6FFFFFFFF17
:10912000FFFFFFFFF7F6ACED28E58AED17F7FFFF2D
:10913000FFFFFFFF39FF69EDC4E4C4E48AED5AFF85
:10914000FFFFFFFFDEFFCCED27E55AFFFFFF72F6C2
:1091500006E551F6FFFF9CFF47E569EDBDFFFFFF08
:10916000FFFFFFFFFFFFFFFFFFFFFFFFFFFFFFFF0F
:10917000FFFFFFFFFFFFFFFFFFFFFFFFFFFFFFFFFF
:10918000FFFF7DE758A6F25CED23AC13AC13AC13E4
:10919000AC13AC13AC13AC13AC13AC13AC13AC13D7
:1091A000AC13AC132E34536D99B69EEFFFFFFFFF47
:1091B000FFFFFFFFFFFFFFFFFFFFFFFFFFFFFFFFBF
:1091C000FFFFFFFFFFFFFFFFFFFFFFFFFFFFFFFFAF
:1091D000FFFFFFFFFFFFFFFFFFFFFFFFFFFFFFFF9F
:1091E000FFFFFFFFBDFFBDFFBDFFBDFFBDFFBDFF1B
:1091F000BDFFFFFFFFFFFFFFFFFFFFFFFFFFDEFFE2
:10920000BCFFBDFFBDFFBDFFBDFFBDFFDEFFFFFF1C
:10921000FFFFFFFFFFFFFFFFFFFFBDFFBCFFBDFF25
:10922000BDFFBDFFBDFFBDFFFFFFFFFFFFFFFFFF56
:10923000FFFFFFFFFFFFFFFFFFFFFFFFBDFFBCFFC3
:10924000BDFFBDFFBDFFBDFFFFFFFFFFFFFFFFFF36
:10925000FFFFBDFF9CFFFFFFFFFFFFFFFFFFDEFFE4
:109260007BFFFFFF18F7C4E448E5DEFFFFFFFFFFC9
:10927000FFFFFFFF9CFF9CFFFFFFFFFFFFFFFFFFC4
:10928000FFFFFFFF9CFFDEFFFFFFFFFFFFFFFFFF72
:10929000DEFF7BFFFFFFD6F6C4E469EDFFFFFFFFB3
:1092A000FFFFFFFFDEFF9CFFBDFFFFFFFFFFFFFF94
:1092B000FFFFFFFFFFFFFFFFFFFFFFFFFFFFFFFFBE
:1092C000FFFFFFFFFFFFFFFFFFFFFFFFFFFFFFFFAE
:1092D000FFFFFFFF7BFF7BFFFFFFFFFFFFFFFFFFA6
:1092E000FFFFFFFFBCFFFFFFFFFFFFFF9BFFDEFF56
:1092F000FFFFFFFFBDFFDEFFFFFFFFFFFFFFFFFFE1
:10930000FFFFFFFFFFFFFFFFFFFFFFFFFFFFFFFF6D
:10931000FFFFFFFFFFFFFFFFFFFFFFFFFFFFFFFF5D
:10932000FFFFDFF77DDF99B6D68D3365B14C6F4413
:109330004F3C4F3C4F3C9044D154536DF695DABEB0
:109340009DE7DFF7FFFFFFFFFFFFFFFFFFFFFFFFCF
:10935000FFFFFFFFFFFFFFFFFFFFFFFFFFFFFFFF1D
:10936000FFFFFFFFFFFFFFFFFFFFFFFFFFFFFFFF0D
:10937000FFFFFFFFFFFFFFFFFFFFFFFFFFFFFFFFFD
:10938000FFFFFFFFFFFFFFFFFFFFFFFFFFFFFFFFED
:10939000FFFFFFFFFFFFFFFFFFFFFFFFFFFFFFFFDD
:1093A000FFFFFFFFFFFFFFFFFFFFFFFFFFFFFFFFCD
:1093B000FFFFFFFFFFFFFFFFFFFFFFFFFFFFFFFFBD
:1093C000FFFFFFFFFFFFFFFFFFFFFFFFFFFFFFFFAD
:1093D000FFFFFFFFFFFFFFFFFFFFFFFFFFFFFFFF9D
:1093E000FFFFFFFFFFFFFFFFFFFFFFFFFFFFFFFF8D
:1093F000FFFFFFFFFFFFFFFFDEFFFFFFFFFFFFFF9E
:10940000CDEDC4E48BEDFFFFFFFFFFFFFFFFFFFF8C
:10941000FFFFFFFFFFFFFFFFFFFFFFFFFFFFFFFF5C
:10942000FFFFFFFFFFFFFFFFFFFFDEFFFFFFFFFF6D
:10943000FFFF8BEDC4E4CDEDFFFFFFFFFFFFFFFF5C
:10944000FFFFFFFFFFFFFFFFFFFFFFFFFFFFFFFF2C
:10945000FFFFFFFFFFFFFFFFFFFFFFFFFFFFFFFF1C
:10946000FFFFFFFFFFFFFFFFFFFFFFFFFFFFFFFF0C
:10947000FFFFFFFFFFFFFFFFFFFFFFFFFFFFFFFFFC
:10948000FFFFFFFFFFFFFFFFFFFFFFFFFFFFFFFFEC
:10949000FFFFFFFFFFFFFFFFFFFFFFFFFFFFFFFFDC
:1094A000FFFFFFFFFFFFFFFFFFFFFFFFFFFFFFFFCC
:1094B000FFFFFFFFFFFFFFFFFFFFFFFFFFFFFFFFBC
:1094C000FFFFFFFFFFFFFFFFFFFFFFFFFFFFFFFFAC
:1094D000FFFFFFFFFFFFFFFFFFFFFFFFFFFFFFFF9C
:1094E000FFFFFFFFFFFFFFFFFFFFFFFFFFFFFFFF8C
:1094F000FFFFFFFFFFFFFFFFFFFFFFFFFFFFFFFF7C
:10950000FFFFFFFFFFFFFFFFFFFFFFFFFFFFFFFF6B
:10951000FFFFFFFFFFFFFFFFFFFFFFFFFFFFFFFF5B
:10952000FFFFFFFFFFFFFFFFFFFFFFFFFFFFFFFF4B
:10953000FFFFFFFFFFFFFFFFFFFFFFFFFFFFFFFF3B
:10954000FFFFFFFFFFFFFFFFFFFFFFFFFFFFFFFF2B
:10955000FFFFFFFFFFFFFFFFFFFFFFFFFFFFFFFF1B
:10956000FFFFFFFFFFFFFFFFFFFFFFFFFFFFFFFF0B
:10957000FFFFFFFFFFFFFFFFFFFFFFFFFFFFFFFFFB
:10958000FFFFFFFFFFFFFFFFFFFFFFFFFFFFFFFFEB
:10959000FFFF9CFF28E56AEDEEED6AEDC4E4C4E44C
:1095A000D5F6FFFFFFFFFFFFFFFFFFFFFFFFFFFFFE
:1095B000FFFFFFFFFFFFFFFFFFFFFFFFFFFFFFFFBB
:1095C000FFFFFFFF59FF28E58AEDEEED48E5C4E413
:1095D000C4E417F7FFFFFFFFFFFFFFFFFFFFFFFFE1
:1095E000FFFFFFFFFFFFFFFFFFFFFFFFFFFFFFFF8B
:1095F000FFFFFFFFFFFFFFFFFFFFFFFFFFFFFFFF7B
:10960000FFFFFFFFFFFFFFFFFFFFFFFFFFFFFFFF6A
:10961000FFFFFFFFFFFFFFFFFFFFFFFFFFFFFFFF5A
:10962000FFFFFFFFFFFFFFFFFFFFFFFFFFFFFFFF4A
:10963000FFFFFFFFFFFFFFFFFFFFFFFFFFFFFFFF3A
:10964000FFFFFFFFFFFFFFFFFFFFFFFFFFFFFFFF2A
:10965000FFFFFFFFFFFFFFFFFFFFFFFFFFFFFFFF1A
:10966000FFFFFFFFFFFFFFFFFFFFFFFFFFFFFFFF0A
:10967000FFFFFFFFFFFFFFFFFFFFFFFFFFFFFFFFFA
:10968000FFFFFFFFFFFFFFFFFFFFFFFFFFFFFFFFEA
:10969000FFFFFFFFFFFFFFFFFFFFFFFFFFFFFFFFDA
:1096A000FFFFFFFFFFFFFFFFFFFFFFFFFFFFFFFFCA
:1096B000FFFFFFFFFFFFFFFFFFFFFFFFFFFFFFFFBA
:1096C000FFFFFFFFFFFFFFFFFFFFFFFFFFFFFFFFAA
:1096D000FFFFFFFFFFFFFFFFFFFFFFFFFFFFFFFF9A
:1096E000FFFFFFFFFFFFFFFFFFFFFFFFFFFFFFFF8A
:1096F000FFFFFFFFFFFFFFFFFFFFFFFFFFFFFFFF7A
:10970000FFFFFFFFFFFFFFFFFFFFFFFFFFFFFFFF69
:10971000FFFFFFFFFFFFFFFFFFFFFFFFFFFFFFFF59
:10972000FFFFFFFFFFFFFFFFFFFFFFFFFFFF9CFFAC
:10973000E6E4C4E4C4E4C4E4E6E452F6FFFFFFFF59
:10974000FFFFFFFFFFFFFFFFFFFFFFFFFFFFFFFF29
:10975000FFFFFFFFFFFFFFFFFFFFFFFFFFFFFFFF19
:109760005AFFC5E4C4E4C4E4C4E407E5B4F6FFFF6B
:10977000FFFFFFFFFFFFFFFFFFFFFFFFFFFFFFFFF9
:10978000FFFFFFFFFFFFFFFFFFFFFFFFFFFFFFFFE9
:10979000FFFFFFFFFFFFFFFFFFFFFFFFFFFFFFFFD9
:1097A000FFFFFFFFFFFFFFFFFFFFFFFFFFFFFFFFC9
:1097B000FFFFFFFFFFFFFFFFFFFFFFFFFFFFFFFFB9
:1097C000FFFFFFFFFFFFFFFFFFFFFFFFFFFFFFFFA9
:1097D000FFFFFFFFFFFFFFFFFFFFFFFFFFFFFFFF99
:1097E000FFFFFFFFFFFFFFFFFFFFFFFFFFFFFFFF89
:1097F000FFFFFFFFFFFFFFFFFFFFFFFFFFFFFFFF79
:10980000FFFFFFFFFFFFFFFFFFFFFFFFFFFFFFFF68
:10981000FFFFFFFFFFFFFFFFFFFFFFFFFFFFFFFF58
:10982000FFFFFFFFFFFFFFFFFFFFFFFFFFFFFFFF48
:10983000FFFFFFFFFFFFFFFFFFFFFFFFFFFFFFFF38
:10984000FFFFFFFFFFFFFFFFFFFFFFFFFFFFFFFF28
:10985000FFFFFFFFFFFFFFFFFFFFFFFFFFFFFFFF18
:10986000FFFFFFFFFFFFFFFFFFFFFFFFFFFFFFFF08
:10987000FFFFFFFFFFFFFFFFFFFFFFFFFFFFFFFFF8
:10988000FFFFFFFFFFFFFFFFFFFFFFFFFFFFFFFFE8
:10989000FFFFFFFFFFFFFFFFFFFFFFFFFFFFFFFFD8
:1098A000FFFFFFFFFFFFFFFFFFFFFFFFFFFFFFFFC8
:1098B000FFFFFFFFFFFFFFFFFFFFFFFFFFFFFFFFB8
:1098C000FFFFFFFFFFFFFFFFFFFFFFFFBDFF17F7DA
:1098D000F6F617F79CFFFFFFFFFFFFFFFFFFFFFFFD
:1098E000FFFFFFFFFFFFFFFFFFFFFFFFFFFFFFFF88
:1098F000FFFFFFFFFFFFFFFFFFFFFFFFFFFF9CFFDB
:1099000018F7F6F618F7BDFFFFFFFFFFFFFFFFFF99
:10991000FFFFFFFFFFFFFFFFFFFFFFFFFFFFFFFF57
:10992000FFFFFFFFFFFFFFFFFFFFFFFFFFFFFFFF47
:10993000FFFFFFFFFFFFFFFFFFFFFFFFFFFFFFFF37
:10994000FFFFFFFFFFFFFFFFFFFFFFFFFFFFFFFF27
:10995000FFFFFFFFFFFFFFFFFFFFFFFFFFFFFFFF17
:10996000FFFFFFFFFFFFFFFFFFFFFFFFFFFFFFFF07
:1099700000104001E001011B3245D0343245734DE7
:10998000324DF13C73557355534D12457355535534
:10999000124DF144735553551245F2447355334DEE
:1099A000F144124D5355124DF14411453255F14CCD
:1099B000F144534D945D124D9144D25CD46C568D5C
:1099C000D895F895D895D895B895B795D895F89530
:1099D000D895B78DB795B78D5685D46C31548E3BDD
:1099E0008D336C2B2B1B6B1BAD23CC236F3C8F3C1F
:1099F000324D3255D14C3255535D735D325D325D1F
:109A00007365535D33555255735D525D8F440D3C04
:109A1000325D736D4F44ED330E3C4E3C4E3C4E3444
:109A20004E34B03C4E2C0A0B2B0B4F344E348B1B58
:109A30008B236E3C735D9365535D335D946D9465CC
:109A4000135D535D9565955D3355745DD56D535DBF
:109A5000B04CF15CF274538D959595959695B79DA4
:109A6000D89DF89DF89DF89DF89DF89DD89DF89596
:109A7000D7959685557DD2640F446C238D232F3462
:109A80002F2C6F34903CF24C945DD56DB5655355D9
:109A9000535D945D745D735DB565D55D9455F13C22
:109AA000744DB45573557355945D745D3355545569
:109AB000B65DB65D344D534D74555455534D955D5B
:109AC000D6659565745D545DB565745D54551245F4
:109AD000124512453355D665176ED6655455345523
:109AE00074555355F2443255536554759685D79540
:109AF000B795968D778D978DB795B795D79DB79D6F
:109B00009695B69DD69DF69DD69D958DD274705432
:109B1000704450342F2CD244F24C1355F34C955DC5
:109B200013551355B565D66DD665134D134D334D8D
:109B3000745D745DD665F66DB565745D9565B665E5
:109B4000955DB565D66DD56D545D1255335D746503
:109B5000545D745DB565D56595651355F24C903CC3
:109B6000703C134D54555455745D9565D665B56577
:109B7000134DF34C545D955DF34CF244344DD24497
:109B8000513C304430549164337D5385948DB49D61
:109B9000B4A593AD52AD72B573BD72B572AD71AD72
:109BA000EF9C4D8C4D8CED6B8C430F3CB23CD23412
:109BB000912CD234F33CB23CD3445555555D3455C9
:109BC0001455755D7565355D345D76659665355DF5
:109BD000345D556575653455755D95659565345588
:109BE0003455755D755D134DD344F344344DF344E2
:109BF000144D75555555144D5245D0343245534D7D
:109C00003245F13C73557355534D124573555355B9
:109C1000124DF14473555355124512457355534D2A
:109C20001145324D735D124DF144114D3355F14CD8
:109C3000F144534D7455F24C9144F35C1475978D77
:109C4000D895D895B78DB795B7959795D895D89558
:109C5000D895B78D978DB78D76851575725CCF4386
:109C60008E334C2B0A1B6B1BCD2BCC238F3C8F3C94
:109C7000324D3255F14C3255525D535D325D325D9D
:109C80007465736533555255935D735D8F440D3C18
:109C9000115D73656F4CED330E3C2E3C4E3C2D3404
:109CA0000D2C2E2CED230A032B0B4F344E346A1B44
:109CB0006B236E3C7365B4655365535DB46D9465F9
:109CC000135D545D9565955D134D1355D565335DF5
:109CD000B04C1265F274548D959595959695B79DF7
:109CE000D89DD89DF89D189EF89DF89DF89DF895F3
:109CF000B78D7685347DB2640F448D2BCD2B4F34D8
:109D00004F2C7034903CD144124D745D535D3355EB
:109D1000735D9465745D5355B465B55D7455D13C00
:109D2000744DB45573557355945D745D34555455E5
:109D3000B65DB55D534D5455955D7455534D745D89
:109D4000B565955D745D545DD665745D5455124579
:109D5000334D134D33559565D66D955D345554553A
:109D6000945D7455F244124D135D346D9585B7952D
:109D70009795768D778D978DD89DD795D79DD79DC3
:109D8000D79D17A617A6F79DB6957485D26C50542B
:109D90000F3C2F2C2F2CD244D24CF34CD24C755D5F
:109DA000135513559565B665D665134D134D134D73
:109DB000545D745DB665F66DB5659565D66DF66DE9
:109DC00095659565D66DD66D7465335D7465956DD5
:109DD00074657465B565D565B56554553355124DD3
:109DE000F24C3355745D745D745DB565D66DB665C2
:109DF00013551355545D955DF34CF2441345B23C35
:109E0000303C304430549164337D5385748D749567
:109E1000B4A5D4B531A58F9C6F9431ADB3B5B2B5AF
:109E200030A58E8CCC7B8B63AD432F3CB23CB234DF
:109E30009134D234F33CB23CD3445555755D34551E
:109E40001455755D7665355D355D76659665555D50
:109E5000555D96659565545D755D9565956534555B
:109E60003455755D755D134DD344144D5555F44C03
:109E7000144D55553555F44C5245D0343245534D5B
:109E80003245D13C534D534D324D114553555355E9
:109E9000F144F14473555355124512457355534DD2
:109EA0001145324D735D3255D144124D5355F24C2C
:109EB000F144524D7455F24C7144F364157D768D26
:109EC000B795D895B78DB795B7959795D895D895F7
:109ED000B78D978D978D978D7685567DD36CEF4B8B
:109EE0008E334C23EA124B1BCD23CC238F3C8F3C6B
:109EF000124D3255F14C3255735D735D535D535DB8
:109F000094657465535D535D735D525DB0442E3C42
:109F1000F1547365904CCD33EE330E3C4E3C4E34D1
:109F2000EC23CC1BAC1B0A034B134F344E344A1B9F
:109F30004A1B6E3C9365B46553655365B56D946576
:109F4000335D545DB565955D124D124DD565325545
:109F5000904CF15C1275548D959595959695B79D9D
:109F6000D89DF89DF89DF89DD89DF89DF89DF89591
:109F7000B78D7685357DD264304C8D2BCD2B2F342B
:109F80002E2C6F34903CD144F14C3355335532551F
:109F9000735DB465945D535D9465B55D7455D13C56
:109FA000544D945573555355745D745D34555455E3
:109FB000B65DB55D544D7455B55D955D545574559C
:109FC000B55D955D745D745DD66D955D7455124596
:109FD000334D134D3355955DB665955D3355545DE1
:109FE000955D7455F244124D135D346D9685B695AA
:109FF000968D768D778DB795D89DD795D79DF79D02
:10A00000F7A5F7A5F7A5D79DB6955485F374715CB0
:10A010000F340F2C2F2CD244D244F244D244755D1D
:10A020003355134D745DB565D66D134D134D334DDA
:10A03000545D745DB565F66D95657565D66DF66DA7
:10A0400095659565D56DD56D74655365946DB56DE4
:10A0500094659465D56DD66D9565545D33555355AE
:10A06000134DF24C3455545D34559565F66DD66DEF
:10A0700033553455745D955DF34CF2441345B23C51
:10A08000513C304430547164F3743385958DB59DE3
:10A09000B4A593AD11A5AF9CD09C32AD72AD92AD7D
:10A0A00071AD4D8C29632A53CD4B5044913C923471
:10A0B000B134D234D23C923CD2445555755D3455BE
:10A0C0001455755D7665355D355D96659665555DAE
:10A0D000555D96659665555D545D956595653455F8
:10A0E0003455755D755D144DF34C34557555144DEF
:10A0F000344D55553555144D5245D0343245534D98
:10A100003245D13C534D534D324DF1445355535587
:10A11000F144F144735553551245F2447355334D90
:10A12000F144324D735D124DD144124D5355124DD1
:10A13000F144324D7355F24C9144F35CF4745685FE
:10A14000978DD895D895D895B7959795B895D89572
:10A15000B78D978D978D978D76857685F46C104C9D
:10A160008E3B4C23EA124B1BAC23CC238F3C8F3C01
:10A17000124D3255D14C3255735D735D535D535D55
:10A18000746573655355535D735D5255D04C4E44A1
:10A19000F15452656F4CAC2BCD33ED336F3C6E3CBC
:10A1A000ED23CC1BCC1B0A0B6C136F3C2E344A1BCB
:10A1B0004A1B6E3C9365B46553657465B56D9465D3
:10A1C000335D7465B565955D334D5355D565535510
:10A1D00090449054337D748D959595957695B7956B
:10A1E000F89DF99DF89DD79DD79DD89DF89DD89550
:10A1F000978D7685357DB2640F4C8D2BAD2B0E344B
:10A200000E2C6F34B03CD144334D745D53553355EF
:10A21000745DD565945D735DB565B5655455B13CA8
:10A22000544D945D53555355745D745D5455545558
:10A23000B55DB55D54557455D565955D5455745DE2
:10A24000B55D955D755D745DD66DB55D74551245F2
:10A25000124512453355B565D66D955D3355545548
:10A26000955D7455F244124D135D346D9585B68D30
:10A27000968D768D9795D895D895D895D79DD79D5D
:10A28000D79DD79DD79DB69596955585F3747154F6
:10A290002F3C2F2C2F2CD244D244F244D24C955D2B
:10A2A000745D1355545D955DD665134D134D33554F
:10A2B000745D745DB565D66D9565745D9565D66D97
:10A2C000B5659565D66DD56D74657465B56DB56DFF
:10A2D00074659465D66DD66D945D335513551355DD
:10A2E000D24CB144F24C13551355955DF66DD66DB5
:10A2F000545D545D95659565F34CF34C144DD24413
:10A300007144304430547164D274F37C948DF69D62
:10A31000D5A573A552A572AD93B573B552AD51AD28
:10A3200071AD4D84E85A0A53CD4B5044913C923460
:10A33000B234D234D23C923CB2445555755D34555A
:10A340001455555D7665355D355D96659665556543
:10A35000555D96659565545D545D755D755D3455C7
:10A360001355545D755D344D344D75557555344DEB
:10A370005555765D5555144D534DD034324D534D92
:10A380001245D13C534D534D324DF1445355535525
:10A39000124DF144735573551245F244534D324DED
:10A3A000F13C124D735D124DD144124D5355124D77
:10A3B000D144324D7355F24C9144F3641475568573
:10A3C000978DD895D895F895B895B795B895D895AF
:10A3D000B78D978D978D978D7685767DF46C104C23
:10A3E0008E334C230A1B4B1BAC23CC238F3C903C5D
:10A3F000124D1255D0441255525D535D325D535D7E
:10A40000746573653355535D735D5255F14C6F44FC
:10A41000F1545265904CCD33CD33ED334F3C6F3C0E
:10A420000D24ED23CD230A036C134F340D2C6A1B2E
:10A430004A1B6E3C9365B465535D7465B56D946558
:10A44000135D7465B565945D324D5355D5653355CF
:10A450007044905413755485758D758D768D9795D0
:10A46000D89DF89DD89DD795D795D795B795B79591
:10A47000768D7585147D715CCE434C2BAD2B2F34BE
:10A480002F2C9034B13CD1445355945D745D535599
:10A49000735DB45D945D735DB565B565545DB14440
:10A4A0003455955D545D3355545D745D3355545545
:10A4B000B55DB55D54557455B565955D7455945D40
:10A4C000B5659565755D745DD665955D7455124588
:10A4D0001245134D3355B565F66D955D345554559C
:10A4E000955D7455D144F24CF25C136D557D768DBB
:10A4F000768D768DB795D895D895B795B795D79D24
:10A50000D79DF8A5D79D9695758D5585B26C304C25
:10A510002F342F2C2F2C1345D244F244F24CB55D2E
:10A52000955D13555455745DB565F24C124D334D20
:10A53000945D945DD665D66D95657465B665D66D8A
:10A54000B565B565F66DF67594657465946D946D35
:10A55000545D7465D66DD66D956533553355F24CA3
:10A56000B24CD24CF24C1355345D9565F66DD66DF8
:10A57000545D755D95659565F34CF34C344DD2444F
:10A580005144314C30547164F374F27C5485B59568
:10A59000D5A5D5ADB3AD73AD72AD73B572AD72ADBA
:10A5A00071ADAE948B6B4A53CD435044923CB23460
:10A5B000B234D23CB23C923CB2445555555D345510
:10A5C0001455555D755D355D355D9665B66D756582
:10A5D000555D96657565345D555D755D755D345584
:10A5E0001355545D755D34555455B65D755D3455E0
:10A5F0005555965D5555144D534DD13C324D534DE7
:10A60000324DD13C534D534D324DF144535553557A
:10A61000124DF14473557355124512457355334D20
:10A62000F144324D735D124DD144124D5355F14CEE
:10A63000D144324D7455F24C91441465357D778D7B
:10A64000B78DB78DB78DD895B895B795B895D8957E
:10A65000B78DB78D978D978D5685357DD36CEF4B24
:10A660008D334C2B0B1B4B1BCD23CD2BB044B04457
:10A6700012551255B04412555255535D535D7365D2
:10A68000946D7465535D735D935D5255F154B04C98
:10A6900011555265904CED3BEE33ED334E3C6E3C24
:10A6A000ED230D24ED23E9024B13EE2BAC236A1BA3
:10A6B0006A1B4E3C9365B465535D535DB56D9465FF
:10A6C000135D535DB565945D124D124DD5653355DF
:10A6D0009044F25CD26C138596959795B795B89592
:10A6E000D895D895D895D79DD795D7959695968D89
:10A6F000768D7685147D715CCE434C2BAD2B2F343B
:10A700002F2C7034903CD1443355945D7455334DA7
:10A710005355945D73553355955DB565545DB2449D
:10A72000545D9565545D335D545D745D534D744D5A
:10A73000B555B55D534D7455B565955D7455945DCE
:10A74000B565B565755D545DD665955D7455124505
:10A75000334D334D33559565D665955D3455545D10
:10A76000B55D7455F244F24C135D346D7585968D6C
:10A77000768D968D9795B795B78D9795B795D79D0B
:10A78000D79DD79DB79D9695758D5585B26C304CEC
:10A790002F342F2C2F2C1245D244F244F244955DD5
:10A7A000955D134D5455745D955DD244F244134D3F
:10A7B0007455745DD665F66DB56D9565D66DF76D9E
:10A7C0009565955DD66DF6757465536574657465AC
:10A7D000535D7465D66DF66DB56533555355135598
:10A7E000F24C545D545D755D9565D66DF66DD66D14
:10A7F000545D755D95659565F34CF34C134DB2440E
:10A80000303C304C515CB26CF37CF37C7485B59574
:10A81000D59DF5ADB4AD73AD52AD72AD93AD72AD26
:10A8200071A5EF9C0D7C6B5B8C432F3C913C92346B
:10A830009134D23CD23CB23CB2445555555D34556E
:10A840001455555D755D355D345D9665B66D756500
:10A85000756596659565545D555D9565755D345571
:10A860001355545D955D54557555D665955D3455B4
:10A87000545575555455144D534DD13C324D534D8F
:10A88000324DD13C53555355124DF14473555355E8
:10A89000124DF14493557355324512457355534D3E
:10A8A000F144324D735D124DD144124D5355F14C6C
:10A8B000D144524D945D124D9144F3641575768DDB
:10A8C000978D978D978DB895B7959795B795B895BE
:10A8D000B78DB78D978D978D56851575B364104CD0
:10A8E0008D334C2B2B1B4B1BAD23CD2BB044B044D5
:10A8F0001255124DB0441255535D735D535D73652F
:10A90000946D7465535D735D945D5255F154D04CF4
:10A91000325D5265904C2E3CED33CC2B4E3C8F3C3F
:10A920002D2C0E2C0E24EA022B138C1B2A134A1BEF
:10A930008B234E3C735DB465535D545DB56D94657A
:10A940001255535D945D945D334D124DD56533556D
:10A95000B14C1365B26C14859695B795D895D8957A
:10A96000D895F895F895F795D795D7959695968DAE
:10A97000968D968D357D9164EF436D2BAE2B0F3404
:10A980000E2C7034B13CF244334D745D7355324D2E
:10A990005355735553553355955DB55D5455B24474
:10A9A00034557565545D335D535D745D544D744D20
:10A9B000B555955533557455D665B55D7455945D4B
:10A9C000B55D955D745D545DD665745D54551245F5
:10A9D000334D134D33559565D665945D3355545DB0
:10A9E000B55D7455F244135534657575B68DB795DC
:10A9F0009795968D97959795768D968DB795D79DCA
:10AA0000B79DB79597957695768D5585F36C71546E
:10AA1000303C4F2C2F2CF244F244F244D244545593
:10AA20007455134D7455955DB565F244F244134D5C
:10AA30007455745DD665F66DB5659565B66DD66D64
:10AA40009565745DB565D66D7465535D7465946D7B
:10AA500054657465B56DD66DB565545D3355135544
:10AA60001355755DB66DD66D75659565B66DB56D2D
:10AA7000545D756595659565D34CF34C144DB244A2
:10AA8000303C304C515CD274F37CF37C748DD595A2
:10AA9000B59DB49D93A5B3AD93B552AD32A572A546
:10AAA00071A5CF942D84AC63AD430F3C713C9134C0
:10AAB000712CD23CF344D23CD3445555755D34558A
:10AAC0001455755D7665355D345D7665966575659D
:10AAD000755D96659665555D555D755D755D34551D
:10AAE0001355545D755D54555455D6657555334DA4
:10AAF0003455755D5455144D534DD13C324D534D25
:10AB0000324DD13C73557355124DF1447355535525
:10AB1000124DF14493557355324512457355334DDB
:10AB2000F13C12455355124DD144124D5355F14C41
:10AB3000D144524D945D124D7144B25CD36C358555
:10AB4000768D978D978DD89597959795B795B7955D
:10AB5000B78DB78DB78D978D56851475B364104C2E
:10AB60008D334C232B1B4B1BAC23CC23903C903CB4
:10AB7000124D124DD0443255735D735D535D335D9C
:10AB80007365535D3255735D945D52551155D054C4
:10AB9000525D5265904C2E3CCD33AC2B4F3CF04473
:10ABA0006F344F2C2E2C0A0B2B0B4B13E90A4A1334
:10ABB0008B236E3C735DB465535D535DB5659465E1
:10ABC0001255335D945D945D53555355D56533559A
:10ABD0009044F264D26C3485768D768D978DD895BD
:10ABE000F99D199EF89DD795D79DD7959695768D09
:10ABF000768D768D347D7164CF438D33CE332F3493
:10AC00002F2C9034B13CD1445355945D7455324D42
:10AC10005355735573557355B55DB55D5455913C9A
:10AC20001455755D335D335553557455744D744DDE
:10AC300095559455334D745DD665B55D7455745511
:10AC4000B55D955D745D545DB665745D5455124592
:10AC50001245F2441355B565F66D955D335534557F
:10AC60007455534DD24413553465757DB78DD795C2
:10AC7000B795978D978D978D978D968D9695B79D56
:10AC8000D79DD79D9795768D768D55851475925461
:10AC90002F342F2C7034134D12451345D244334DAD
:10ACA0005455134D955DD665D665134D124D334DF4
:10ACB0007455745DB565D66D9565545D9565D66DB5
:10ACC00095659565D66DF675956D7465B56DB56DC3
:10ACD00074657465B56DD56DB565545D13551255C4
:10ACE000F354745DF66DF76D1355345D745D9565C1
:10ACF000545D756595659565F34C134D3455D34C8E
:10AD00005144314C515CD374137DD2743385958D8D
:10AD10009495B4A5B4A593AD73AD52AD31A572AD04
:10AD200071ADEF9C4E84ED6BEE4B2F44913C913412
:10AD3000712CD23CF344D23CD344755D755D3555DE
:10AD40001455755D7665355D355D76659665555D41
:10AD5000555D9665B665555D545D755D755D34559B
:10AD60001355545D755D34553455B55D344D134DF3
:10AD70005455965D755D34551245D13C73557355E8
:10AD8000124DD13C534D5355324DF14473555355EB
:10AD9000124D124D945D7355124512457355334D46
:10ADA000F144524D735D124DF144324D735D124DBD
:10ADB000124D534D7455F24C7144F364F47415857F
:10ADC000978D978DB78DD895B89DB795978DB78D81
:10ADD000D895B78DB78D76857685357DB364EF438D
:10ADE0008D334C23EA126B1BCD2BED2B4E34B0442C
:10ADF000D14C1255D14CF154535D525D1255335D17
:10AE00007365335D535D935D935D5255F14CD04C4A
:10AE1000325D5365B04C0E3CCD33AC234E34B04460
:10AE20008F3C6F340E2C0A0B2B130E2C2E34CC239C
:10AE30008B236F44735D7365535D535DD56D94656E
:10AE40001255535D945DB45D334D334DB565325548
:10AE5000B14C1365F374147D5585968DB795D895CF
:10AE6000F99DF895F89DF795D795B695968D978DA0
:10AE7000978D978D55859264AF436D2BAD2B2F34F5
:10AE80000F2C4F2C903CD1443355945D3355124DCB
:10AE9000735D945D535D5355945DB55D5455B23CFF
:10AEA0003455955D545D5355745D94557455544DAA
:10AEB0009555B55D7455745DD665B55D7455955DF4
:10AEC000B565955D745D545DD66D955D534D1245C8
:10AED000334D134D3355745DB55D745D3355545D1D
:10AEE000955D334DF244F24C546D967DB78DB79518
:10AEF000978D968D978D978DB78D978D9795979503
:10AF0000B79DB79D9795568D768D978D1475314C5D
:10AF1000EF2B2F2C2F2CF244F244F244F24495559F
:10AF2000134D3355955DD665745D134DF244334D25
:10AF300054557455D665F66DB5659565D66DF76D46
:10AF4000B565B565D66DF66D746553657465B56D9B
:10AF50005465535DB565D66D9565545D13551255B1
:10AF6000F24C7565F66DF66D545D335D545D745D40
:10AF7000345D7565956595651355134D134DF34C0B
:10AF8000303C304C515CD274147DF37C137D95952C
:10AF9000B59D949D73A573A593B552AD93AD72AD58
:10AFA00092AD109DCC7BAC630E540E3C713C913441
:10AFB0009134D23CF344D344F3445555965D5555F2
:10AFC0003455555D755D555D555D9665B665756520
:10AFD000755D96659565545D345596659665555DC8
:10AFE0003455755D9565755D3455755D5455134DD6
:10AFF000F34C75555455144D324DD13C7355734D2A
:10B000001245D13C53557355324DF1447355535548
:10B01000124D124D945D7355124532457455534D82
:10B02000F13C324D5355124DF144324D5355F24CD3
:10B03000F144524D7355F24C7144F35CF47436850F
:10B04000B795B78D978DB78DB8959795978DB78D27
:10B05000D895D895B7957685567D557DD36C104C8F
:10B060008E334C2BEA126B1BCD2BED2B4E34B044A0
:10B07000D14C1255D14CF154535D525D3255535D54
:10B080007465535D535D935D935D52551155D05476
:10B09000325D5365B04C0E3CCD33CD2B6F3CB0448C
:10B0A0008F3C8F342E2C0A0B6C13903C8F3CEC2B76
:10B0B0008B238F449365B465535D545DD56D946562
:10B0C0001255535D945DB45D334D324D945D125510
:10B0D000B14C1265F3743485758D968DB795D895FE
:10B0E000F99DF895F89DD795F79DB7959795B795E4
:10B0F0009795768D35859264CF4B6D2B8D2B0F34C4
:10B100000E2C4F34B13CD1443355945D3355124D20
:10B11000735D945D535D735D945DB55D7455D2440C
:10B120005455955D5455535574559455744D744DFF
:10B13000B555B55D7455745DB565B55D745574559B
:10B14000B55D955D545D545DD66D955D534D12456D
:10B15000334D134D1355745DB55D745533555455CA
:10B160009555334DF2441355346555757685768D76
:10B17000968D9795B795B795B78DB7959795979500
:10B18000979597957695568D56857685F474515496
:10B190002F342F2C2F2C1245F244F244D23C7455FC
:10B1A000134D5455955DD665745DF244D244134DEC
:10B1B0007455745DD665D66D95657565B66DF76D1C
:10B1C000B565B565F66DF675946553657465956DF1
:10B1D0005465545DB56DD66D9565545D1355125526
:10B1E000F24C755DD66DD66D545D345D74657565D4
:10B1F000345D75659565956513553455344DF34C3F
:10B20000303C304C515CB26C137DF27C337DB59593
:10B21000B59D949D93A593AD93B532AD31A531A560
:10B2200071ADEF9C0C84CC6BED4B0E3C913C91349A
:10B230009134D23C1345D344F3445555965D555D46
:10B240003455555D755D555D355D766596657565FD
:10B25000755D96659565545D3455755D755D3455C0
:10B260001355545D755D34555455955D5455134DC6
:10B27000134D75555455134D524DD13C5355534DA7
:10B280001145D13C53557355324D114573555355A6
:10B29000124D114D93557355124532459455534DEA
:10B2A000D13C124D5355124DF144324D5355F14C92
:10B2B000D144324D7355F24C7144F35CF4745685AD
:10B2C000B795B78DB78DB795B89DB89DB78DB78D2C
:10B2D000B78DD895B7955685557D357DF46C304C36
:10B2E000AE334C2BEA126B1BCD2BED2B4E34B044FE
:10B2F000D14C1255D14CF154535D535D325D7365A1
:10B300009465535D735D945D935D52551155D054B2
:10B31000325D5365B04C0E3CCD2BAC2B6F3CB04432
:10B320008F3C903C4F2C0A0B4C13B0448F3CAC2309
:10B330008B238F449365B465535D735DD56D9465C0
:10B340003255535D945D945D324D324DB565125565
:10B35000B04CD25CD26CF37C558D768D978DB895C0
:10B36000D895199E199EF795189EF79DB795D89D6B
:10B37000B795768D3585B26CEF4B6D2B8D2B0F34D9
:10B380000F2C7034B03CD1443355745D3355125595
:10B39000535D735D535D735DB45DB55D9455F2446B
:10B3A000534D945574555355745594557455744D67
:10B3B0009555B55D54557455B55DB55D7455745569
:10B3C000955D955D545D545DD66D955D5455124502
:10B3D000334D134D3355955DB565745D33555455F7
:10B3E0007555334DF24413551465146D357D35850F
:10B3F0007685968DB78DB795B78D978D97959795DF
:10B40000B79DB79DB79DB795968D76851475715488
:10B4100050342F2C2F2CF344F244F244D13C545599
:10B42000334D33555455B565745DF244F244334D94
:10B43000955D5455D665D66D95657565B66DD66DB9
:10B440009565955DD66DF66D946553655465946DFF
:10B450005465545DB56DD66D9565545D1355F24CCC
:10B46000D24C545DD66DB66D545D545D7565956571
:10B47000545D95659565956513553455344D134D5B
:10B480005044304C515CB26C137DF37C5485B595BF
:10B49000D59D94A593A5B4AD94B552AD31A551A554
:10B4A00092B510A56E8C0D74ED532F4491449134D8
:10B4B0009134F23C1345D244D3445555965D5555CD
:10B4C0003455755D755D555D355D76659665755D63
:10B4D000755DB6659665545D3455755D755D34551D
:10B4E000F34C3455545D34555455955D755D134D8D
:10B4F000134D75555455134D524DD13C5355534D25
:10B500001245D14453557355324D1145735553551A
:10B51000124D114D93557355324532457355534D68
:10B52000F13C324D5355124DF144324D5355F24CCE
:10B53000F144324D7455124D9144F35CF4743685E8
:10B54000B795B795B895D895D89DD89DB895B78D2E
:10B55000B78DB78D978D3585357D3575F36C304C4E
:10B560008E334C2BEA126B1BCD23ED2B4E34B044A3
:10B57000F14C1255D14C1255735D735D325D73659C
:10B58000946D7365735D935D935D5255F154D04C2A
:10B59000325D5365D1542E3CCD2BAC234F3CB0448F
:10B5A0006F346F342F2C0A0B2B13903C4E346A1BD4
:10B5B0008B238F4493659465535D735DD56D94655E
:10B5C0003255535D945D945D324D324DD5653355A2
:10B5D000B14CD15CB16CD27C758D758D768D9795A3
:10B5E000B895F89D199EF795189EF89DD895F89DE9
:10B5F000B795768D5585B36CEF436D2BAE2B2F34FD
:10B600002F34903C903CB04412557465335D125514
:10B61000325D325D325D325D945D945D7455F2440D
:10B62000334D94557455535574557455744D534D4D
:10B630009555955553555355B55DB55D7455745530
:10B64000B55D955D545D3455D665955D545513458E
:10B65000334D134D3355955DB565945D3355545554
:10B660007455334DF24413551465F46CF474157D20
:10B670005585768D768D768D7685768D768D9795BA
:10B68000D79DD79DD79DD79DB795968D147571542D
:10B69000503C2F2C2F2CF244F2441245D244544DEE
:10B6A000334D334D5455D6657455D244D244134D61
:10B6B000955D5455D665F66D95657465B665D66D20
:10B6C0009565755DD56DD56D946553657465956D9E
:10B6D0007465545DB565D56595653355F24CF24C8E
:10B6E000D24C545DB5659565345D545D9565956541
:10B6F000545D75659565956513553455544D134DD9
:10B70000513C304C505CB26C137D137D5485B59523
:10B71000D5A594A573A593B593B552AD52AD92AD91
:10B7200091B5EF9C8F944E7CCD4B2F44B244B23CEC
:10B73000B234F23C1445D344D3445555965D555527
:10B740003455555D755D555D355D755D9665755D09
:10B75000755DB665B665555D545D95659665345500
:10B7600013553455545D14553455755D5455134D6A
:10B77000F34C75555555134D324DB03C53557355DB
:10B78000324DF14453555355324D11457355535570
:10B79000124D114D9355735532451245534D334D4E
:10B7A000F144534D735D124DF144324D735D124DB2
:10B7B000F144324D7455124D9144F364F47456853E
:10B7C000B795B795D895F895D89DD89DD895B78D4C
:10B7D000B78DB78D978D5685357D3575D364104CF3
:10B7E0006D334C230A1B6C23CD23ED2B4E34B04418
:10B7F000F14C1255D14C1255735D735D325D73651A
:10B800009465535D535D935D935D5255F14CD04CFF
:10B81000325D5365D1542E3CCD338C234E348F3C56
:10B820000D2C0D24EE230A0B4B13B0444E344A1B4F
:10B83000AC236F44935D9465535D735DF56D9465C2
:10B840003255535D945D945D334D334DB56553551D
:10B85000B04CF25CF274548DB69DB6959695979562
:10B86000B795D895F89DD795F89DF89DD895D8951A
:10B87000B78D768D55859264CF436D2BAE2B2F34CB
:10B880002F347034903CB1441255946D5365F2548A
:10B89000F154F15CF15CF15C125D32553355D144E9
:10B8A000334D945D74557355945D74555455544D92
:10B8B0007455945553555355B55D955D74557455F0
:10B8C000B55D955D545D3355B565945D5455124530
:10B8D000134512453355955DB55D74553355335554
:10B8E0007455334DF34413551465F46CF474358575
:10B8F0007685768D768D768556855685768DB79547
:10B90000D79DB79D96959695B68D968DF4745154A6
:10B910003034502C2F2CD244D23CF244D2443355F4
:10B920003355134D5455D6657455913C7034D244FB
:10B93000955D745DD665D66D95657565B665D66D94
:10B9400095659565D56DD56D74655465946DB56DCA
:10B950007465535DB565D56595653355F24CF24C0C
:10B96000D24433559565955D3355745D9565B565E0
:10B97000545D755D95659565F34C134D344DF344F9
:10B98000513C3044505CB26C137D137D748D9595A1
:10B99000B5A574A552A573AD73B552AD31AD51A522
:10B9A000EFA40C842D8C2E7CAC4B0F44713C913455
:10B9B000B23CF23C1445F344D3445555755D55559E
:10B9C0001455555D755D3555355D755D9665755DCF
:10B9D000755D9665B665755D545D9665966534557D
:10B9E000F34C3455545D34553455755D5455F34C12
:10B9F000D34455557555F34C324DB03C534D7355AA
:10BA0000324DF14473555355324D114573555355CD
:10BA1000124D114D9355735532451245534D324DCC
:10BA200011455355735D124DD144324D735D124D26
:10BA3000F144324D7355F24C91441465157D768D69
:10BA4000D895D795B895D895D89DD89DB895B78DE8
:10BA5000B78DB78DB7957685357D1575D364104C48
:10BA60006D334C230A1B6C23CD23ED2B4E34B04495
:10BA7000F14C1255D14C1255735D735D325D5365B7
:10BA80009465535D535D935D735D3255F14CD04CBD
:10BA9000325D5265B04C0D34CD2B8C232E342E34B8
:10BAA0008B1B6B13AC1B0A0B4B13B0446F3C8B1BF3
:10BAB000EC2B6E3C735D9465535D735DD565946549
:10BAC0001255535D945D945D134D134DB565335D13
:10BAD000B04CF164F274748DD69DD69DB79DB79D20
:10BAE000D89DD89D189EF89DF89DD89DD895B7955E
:10BAF000778D778D5585B264EF436D2B8D2B0F3489
:10BB00000E2C7034B03CD1441255946D5365D15411
:10BB1000B054D15CD15CB054D154F2541255D144DC
:10BB20005355B45D73555355945D945D7455344DC0
:10BB30007555955554557455B55D955D5455745569
:10BB4000B55D955D545D3355B565945D54551245AD
:10BB5000134512453355955DB565945D3355545580
:10BB60007455334DF244F34C1465146D357D568590
:10BB7000978DB78D978D978D76857685768DB795D0
:10BB8000D79D9695768D558D968D968DF3745154DF
:10BB9000303C5034302CD244B13CD13C913C334DFC
:10BBA0005455334D5455D665755DB13C913CF244C6
:10BBB000745D5455B565D6659565745DB665D66D8D
:10BBC00095659565D66DD56D74655465946DB56D47
:10BBD0007465535DB565D66D955D3355F24CF24C89
:10BBE000B2443355755D745D3355745D95659565E7
:10BBF000545D745DB5659565F34C134D344DD24479
:10BC0000503C30445054B16C1375127D748D749552
:10BC1000D5A574A532A552AD52B532AD31AD10A542
:10BC20008D946973CB7BCC738C4B0F44703C9134F7
:10BC3000B23CD23C1345F344D3445555755D34555D
:10BC40001455555D755D555D355D76659665755D1B
:10BC5000555D9665B665755D545D9565966534551B
:10BC6000F34C1455545D34553455545D5455F34CD0
:10BC7000D24455557555F34C324DB03C5355535540
:10BC8000324DF14473557355324D114D7355535523
:10BC9000124511459355735532451245534D324D5A
:10BCA0001145534D735D124DF144324D5355124DB4
:10BCB000F144324D7355F24C91443465357D768DA7
:10BCC000D895D795B895D895D89DD89DD895B78D46
:10BCD000978D978DB78D778D567D3575F36C304C7C
:10BCE0006D336C2B0B1B6C23CD2BED2B4E34B044E2
:10BCF000F14C1255D14CF154535D525D325D536598
:10BD00009465535D535D935D935D5255F14CD04CFA
:10BD1000125D5265904CED33AD2B6B1BED2B0D2C52
:10BD20006B136B13AC1BEA022B13703C4F3CAC2320
:10BD30002D346E3C9365B465535D735DD565945D3C
:10BD40001255535D945D945D134D124DB565335D91
:10BD5000B04CD15CD174338DB59DD69DB69DD79D29
:10BD6000F8A5F99D19A639A6F89DD89DF895978D47
:10BD70005685768D357DB364104C6D2B8D23EE2B5F
:10BD80000E2C7034B144D14C135D7465125D904C2F
:10BD900070549054905C4F54B054D154D14C703C7A
:10BDA000124D735553555355945D945D54555455E8
:10BDB000955D955D54555455B565955D54557455CF
:10BDC000B565955D545D3455B565745D5455124542
:10BDD000124512453355955DD565955D54555455BD
:10BDE0007555334DD244D24C1465146D5585768DFE
:10BDF000978DB795B795B78D768D7685968DB795D6
:10BE0000B79D7695558D558D968D968D147571547B
:10BE1000303C5034302CD244B13CB13C913C335591
:10BE200054551355545DD665955DF34CF244335526
:10BE3000745D33559565D6657565545DB565D66D8C
:10BE40009565955DD56DD56D74657465946DB56DAD
:10BE50007465545DB565D66D95653355124DF24CDC
:10BE6000D2443355955D745D3455745D9565956523
:10BE70005455745DB5659565F34C134D344DD244FE
:10BE8000503C30445054B16C1275127D748D538DFA
:10BE9000B5A594AD52AD52AD32B511AD31AD10A5D1
:10BEA0006D94486B6A738B6BAC4B2F44913C91340F
:10BEB000B134D23C1345D344D3445555755D5555E3
:10BEC0001455555D755D555D35559665B665755D61
:10BED000555D955D9565755D555D956595653455C3
:10BEE00013553455555D34553455755D5555134DC1
:10BEF000D34475557555F344524DD03C524D524D77
:10BF0000124DF14473557355324D114D73555355C0
:10BF1000124D114593557355324512455355334DC6
:10BF2000F144324D735D124DF144324D5355F14C95
:10BF3000F144524D7355F24C9144346D557D768DDC
:10BF4000B795B795D895D895F99DF89DD895B7959B
:10BF5000978D778D978D778D5685357D146D304C07
:10BF60008D336C2B2B1B6C23CD2BED2B4F34D044FE
:10BF7000F14C1255D14CF154525D525D325553651E
:10BF800094657365735D935D935D525DF154D04C20
:10BF9000325D5265B04C0E3CCD2B6B1BED2B0E2C45
:10BFA000AC1BCD1BEE23EA022B134F3C4F3CCC2B9A
:10BFB0004E3C8F449465B465535D535DB465735DC9
:10BFC0001355745D945D945D124DF24C9465335D30
:10BFD000B04CF15CF274548DB69DF7A5D69DD79DFB
:10BFE00019A6189E199E39A6F89DD895D89D778DCB
:10BFF00036855685147DD36C104C8D338D2B0E2CCD
:10C000000E2C903CB144D14C125D1265B0542F4CB3
:10C010004F4C6F544F542E4C6F5490544F4CED3343
:10C020009044124D124D5255945D945D7455545583
:10C03000755D755D34555455B55D955D5455945D8C
:10C04000B565955D345D33559565745D5355F24422
:10C05000F244F2441355745DB55D745D3355545527
:10C060007555334DD244D24CF35C146D557D5685D5
:10C07000768D978D978D978D978D768D978DB795BA
:10C080009795758D358D558D968D968D147571544A
:10C09000303C2F34302CF244B23CB13CD2445455A5
:10C0A0005455134D545DD665755DF24CD2443355ED
:10C0B000745D545DB565D66D9565745DB665D66D78
:10C0C000955D755DD56DD66D946574659465B56D3A
:10C0D0007465745DD56DD56595653355124D124DFA
:10C0E000D24C3355955D755D5455755D9565956577
:10C0F0003455745DB5659565134D134D344DD2447B
:10C10000503C30447054B16C127D127D738D338D70
:10C11000B4A594AD53AD52B532AD11AD31ADEFA470
:10C120006D9C487349738B638C4B4F4C9144913495
:10C13000B134D23C3445F344F3445555965D5555DE
:10C140003455755D755D555D555D9665B665755D76
:10C15000555D955D9665755D555D95659565545D17
:10C160003455555D555D34553455755D755D144DCB
:10C17000F344755D755DF34C324DF13C7355534D91
:10C18000324DF14453555355124DF14453555355C7
:10C19000124D124D935D735512451245534D535533
:10C1A000F14C3255735D3255F144324D7355124D99
:10C1B0001145534D7355F24C91441365557D769559
:10C1C000B795B795D895F895F99D19A6D895978DF7
:10C1D000978D978D978D77855685567D146D304C4C
:10C1E0006D336C2B2B1B4B1BCD2B0D2C6F3CB0449C
:10C1F000F14C1255D044F154535D535D325D73657B
:10C200009465535D535D94659465525DF154F14CB2
:10C21000325D5365B04C2E3CAD2B6C1B0E2C0E2C9E
:10C220000E1C0D148C0B4B0B8C1BB0440E3CED33D1
:10C230002E3C8F4473659465535D735DD565735D66
:10C240001255745D945D945D33553355745D335D63
:10C25000F154F15CF2745485B595D69DD69DF79D49
:10C2600018A6F89DF99D19A6F99DF99DF99DD89DEF
:10C27000768D3585157DD3740F4C8D33AD2B2E34D3
:10C280000E244F34914C9154B15C2F4C50542F5488
:10C290002E546F5C4E54ED530D54ED53CD4BED4B7E
:10C2A0002E4CD054114D7355945D74553455755DB5
:10C2B000755D955D3455134DB55D4F347034955DA6
:10C2C0009565545D33553355745D53555355124D33
:10C2D000D144124D33559565955D545D334D544DA4
:10C2E0009555544DB244713C9254146D557D55850D
:10C2F0005685968D968D978D97959795978D978D59
:10C30000B78D558D558D758DD79D7585F374715489
:10C310002F342F2C0F2CF344B23CB23CB13C134DC4
:10C32000334D134D5455B565745D134DD24CF34CDC
:10C33000745D545D9565B66D755D745DB665D66D5D
:10C3400095659565B565D66D746574659465B46DD0
:10C350007465535D956595659465535D1355F24C11
:10C36000D2445455B5659565545D745D9565956584
:10C37000545D555D9565555DF34CF34C334DF2447A
:10C38000503C504430545064F27C1285538D1285D9
:10C39000D5A5739D53A573AD10A510A5AE9C6D9C3E
:10C3A0000C940C8C6A732A5B8B4B4F4C9144B23CBF
:10C3B000B23CF23C3445133DD23C1345755575559E
:10C3C0003455755D9665555D355D765D9665755D33
:10C3D000555D755D765D55553555755D755D555584
:10C3E0003455755D755D34553455755D755D3455E1
:10C3F000144D5555755D144D3245D13C534D534D3B
:10C40000324DF144735573553255124D735D53558A
:10C410003255124D945D7355324D1245534D33557F
:10C42000F14C1255735D324DF144324D5355114567
:10C43000F144534D7355F24C91441365358576950F
:10C44000B795B795D895D895D89DF89DB8959795F7
:10C45000978D978D978D77855685357DB364304C54
:10C46000AE3B6C2B0A1B6C23ED2BED2B6F3CD044A9
:10C47000F14C124DB044114D535D535D325D736507
:10C480009465535D535D93659365525DF14CF14C3A
:10C49000325D535DD04C2E3CAD2B6B1B0E2C0E240D
:10C4A0000E1C2E14CD0B8C0B2F2CF2544E3C0D3C3D
:10C4B0006E44AF4473659465535D735DB465735D9D
:10C4C0001255745D945D945D124D124D735D325D35
:10C4D000D14CD15CF26C3385B595B695B695D79DA8
:10C4E000189EF89DF99D19A6F99DF99DF99DF89D55
:10C4F000978D3585F47CB26CEF4B6C33AD2B2E34BD
:10C500002E2C6F34714C70540F4C2F4C705C0E4CB1
:10C51000ED4B4E5C2E54ED532E5C0D5CCD5B0E5CF2
:10C5200090641165114D524DB55D94555455755D2E
:10C53000755D755D3355F244F244AD1B0E2C5355B9
:10C540009465745DD14C33559465535DF24C124D36
:10C55000F24CF24C3355745D545D3455134D334DEC
:10C56000544D334DB13C303C9254146D7585558516
:10C570005585768D978D979577957795B78DB78DEE
:10C58000B78D758D758D7595B6955585F374715408
:10C590002F342F2C0F2CF244B23CB23CB13C334D23
:10C5A0005455334D745DB565745D1355F24C135598
:10C5B000745D545D9565D66D7565745DB565D66DB4
:10C5C00095659565B56DD56D74657465946DB56D3E
:10C5D00074657465B56DB56D956D535D1355F24C0D
:10C5E000D244545595659565545D745D9565956522
:10C5F000545D545D966D55651355F34C334DF244BF
:10C60000503C304430545064D174127D528573953F
:10C61000739DF18C129553A5109D30ADCEA4AEA4A0
:10C62000CFAC4D946A734A5BAC4B0E44713C913471
:10C63000B23CF33C343DF334502C9134144D5555F9
:10C640003455755D9665355DD34CF34C3455555D69
:10C650005555965D966534553455555D755D345523
:10C660003455755D755D34553455755D755D55553D
:10C67000144D5555755D144D5245F13C734D734D38
:10C68000324D1245735573555355324D735D735D7D
:10C69000324D124D735D7355324D1245534D324D2F
:10C6A000F14C3255735D324DF144124D524D1145EE
:10C6B000F144534D735DF24C914413653585979564
:10C6C000B89DB795D795D895B895B89597959795FE
:10C6D000B895978D978D76855685357D925CEF431D
:10C6E000CE3B6C2BEA128C23ED2BED2B6F3CD04410
:10C6F000F14C3255D044114D535D535D325D94651C
:10C70000B465735D525D93659365325DF14CF14C98
:10C71000325D535DD04C2E34AD234B13ED230D1CF5
:10C720000D142E14CD0BAC0B703412552E3C0D3461
:10C730006E3CAF447365B465735D735DB465735DE2
:10C740001255735DB45D945D124D124D7465325D8A
:10C75000B04CB154D26C338595959595B695D79DCF
:10C76000F89D189E19A619A6F99DF99D199E199E66
:10C7700097955685147D926C0F4C6C2B8D2B2E3417
:10C780002E2C6F3C704C50542F4C9054D15C2E4C3E
:10C790008C436B438B4B4E64127DB0742E644F649C
:10C7A000B06CD15CB044114D945D745D545D755DA9
:10C7B000B6659565745D134D334DB03CB03C124D7C
:10C7C0009465745D13551255535D9465D14CB14415
:10C7D000124DD144124D745D545D1355F34CF34426
:10C7E000544D334DB244303C9254346D768555856A
:10C7F0003585568D978DB8957895778DB88DD89568
:10C80000F795B6959695959576953485D36C704C3D
:10C810002F342F2C0F24D244B23CB23CB13C344DC7
:10C82000545533557455955D745D134DF24C135545
:10C83000545D34559565B66D755D745DB565D66DA1
:10C84000B5659565B56DD56D74657365946DB56D9C
:10C8500074657465B56DD66D956D535D1355F24C69
:10C86000D2445455B665B66D545D755DB565956534
:10C87000545D545D956D75651355F24C134DD2445E
:10C880003034304430545064D27412855285D49D73
:10C890007395F18C129532A5F09CEFA4EEACEFAC41
:10C8A000CFA46A73C86209538B4BCD3B914471345A
:10C8B000913CF33C3445F33C9134B23C134D345538
:10C8C0001455555D9665355DD34CB344F44C3455E1
:10C8D0003455755DB66554555455755D755D545543
:10C8E0003455755D755D34553455755D755D5555BB
:10C8F000144D755D765D144D524D113D9355735534
:10C90000524D1245945D945D5355324D735D5355B0
:10C91000324D124D73555355324D1245534D324DD4
:10C92000F14C3255735D3255F144324D524DF14464
:10C93000F144324D7355F24CB14C136555859795C2
:10C94000D89DB895D895D895B89597959795B89559
:10C95000D895B895978D768576857685B364CF43DF
:10C960008D334C2BEA124B1BCD2BED2B6F3CD0445F
:10C97000F14C3255D14C1255735D535D325D946567
:10C98000B465735D525D73659365325DF14CF14C36
:10C99000325D535DB04C2E348C1B2B13ED230E1CDB
:10C9A0000E140E0CCD038C037034124D2E34ED3367
:10C9B0004E3C8F44735DB465735D735DB465735DA8
:10C9C0001255735D945D945D3255124D9465535DBF
:10C9D000B04CB154F26C3385958D9695B695B79D54
:10C9E000F89D189EF99D19A6F99DF89D199E199E0E
:10C9F000B795768D3585D36C0F4C6C2B6C2B0E3424
:10CA00000E2C4F3C704C504C704CD15CB05CAC3B2D
:10CA1000671AC5114622ED531285F17C2F6C2F64E5
:10CA200090648F546F44114D945D745D135534556B
:10CA30009565955D745D134D945D7455124DB144CB
:10CA4000F25412551255B14CF254535DD24C9044ED
:10CA5000B144703CF24C745D74653455F34C134D25
:10CA6000334D134DB144503CB25434757585357D0A
:10CA70003585568D978DB89598957895B78DF8959D
:10CA8000189ED69D9595B59D969D5485D26C504C1B
:10CA90002F342F2C0F2CF244D23CB23CB13C344DFD
:10CAA0005455334D5455755D5455F24CF24C134D5D
:10CAB000545D33559565B66D7565745D9565D66D38
:10CAC00095659465B565B56D546553657465946DEC
:10CAD0007465535DB56DD66D9565335DF24CF24C62
:10CAE000D2445455B565B665345D745D95659565FC
:10CAF000545D545DB66D75651355F24C1345D244C3
:10CB00003034304430545164F27C3385538D9495E5
:10CB1000B49D739D74A553A531A5EFA410B5EEACDB
:10CB2000CB83865AC85AC84A6B430E44B144713C01
:10CB3000913CF3443445F33CD23C134555553455B0
:10CB40001455555D7665555D34553455555D3455F0
:10CB50003455755DB665755D555D755D955D54556E
:10CB60003455755D755D34555455955D755D5555F8
:10CB7000144D755D765D144D5245F13C934D734DEA
:10CB8000324D1245735573555255324D7355735589
:10CB9000324D124D93557355324D324D534D334DE9
:10CBA000F14C3255735D5255F144324D534DF144C1
:10CBB000D144324D7355F24CB14C13653585979580
:10CBC000D89DD89DD895D89597959795B895D89D87
:10CBD000D895B895978D56857685B7851475104C80
:10CBE0006D334C2B0A1B4B1BCD23ED2B6F3CB044FC
:10CBF000F14C3255F14C1255735D535D325D7365E6
:10CC0000B465735D535D93659365525DF14CF14C72
:10CC1000325D535DB04C0E346C1B2B0BED1B2E1C88
:10CC20002E140D0CAC038C03502C124D2E3CED3306
:10CC30002E346F3C735DB465735D735DB465735D75
:10CC40001255735D945D745D124DF24C7465335DE5
:10CC5000B04CD15CF27434859595B695B695D79560
:10CC6000F89D189EF99DF99DF89DF89D199E199EB5
:10CC7000B795968D55851375304C4C2B6C2BEE3338
:10CC80000E2C4F3C504C2F4C2E448F542E4C4A337C
:10CC9000E5114201840909436F6C90742F6C4F6C4D
:10CCA000906C905C6F4CF254745D745D1355F3544A
:10CCB0003455545D545D53557455324D5355B044FD
:10CCC000B14CD154904C914CB14C914CD14CB14C95
:10CCD000703CEE2B9144956595653455F34C134D9E
:10CCE0001345D244913C503CB254346D557D357D52
:10CCF0005685768D978DB89598959895978DD795FB
:10CD0000F79DD69D959DD5A5F6A59595D26C504CD1
:10CD10002F3C2F2C2F2CF344F244D244B23C334D01
:10CD2000544D334D5455955D5455F34CF24C134DC1
:10CD3000745D54559565D66D9565755DB565D66D13
:10CD40009565745DB565D56D746553657465B56D30
:10CD50007465535DB56DD66D9565335DF24CF24CDF
:10CD6000D2443355956595651355545D9565B56504
:10CD7000545D745DB66D95651355F24C1345D24400
:10CD8000303C304430545164F37C137D738D538DAB
:10CD9000B49DD5A594A573AD92B550AD30B5CEA4D4
:10CDA0008A7B296B6A73E9526B432F447144713C4F
:10CDB000B23CB244D344923C7134344D755D345529
:10CDC0001455555D755D555D755DD76DF76D955D58
:10CDD000755D95659565755D5455755D755D5455C5
:10CDE0005455955D955D54555455955D955D555DCE
:10CDF0001455755D755D144D5245F13C734D734D81
:10CE0000324D1145735573555255124D7355735527
:10CE1000324D124D93557355324D3245534D334D6E
:10CE2000F1443255735D5255F144324D7355F1441E
:10CE3000D144124D5355F14CB14C1365358597953E
:10CE4000F89DF89DD895D8959795B895D89DF99D5A
:10CE5000D895B895978D5685357D557D1475515467
:10CE60006D334C232B1B4B1BAD23ED2B6F3CB04480
:10CE7000D14C1255D14C1255735D535D325D7365C3
:10CE80009465535D735D93659465525DF154F14C07
:10CE9000325D525DB04C0E346C1B2A0BED1B2E1C08
:10CEA0002E14ED0BAC038C0B4F2C124D2E3CCC2BC7
:10CEB0000D346F3C735DB465735D735DD565945DD2
:10CEC0001255735D945D745D124DF24C745D335D6B
:10CED000D14CD25C13755485B695D79DD79DD79DFF
:10CEE000F89D19A619A619A6F99DF99D199E189ED7
:10CEF000B795968D7585147530546C336C2BEE3365
:10CF0000EE334F3C4F4C2E4C2E444E4C2D4CAC43EC
:10CF1000672262014201A8324F6C90744F6C7074AA
:10CF2000D16CB164904CB14C12553355F254135539
:10CF300033555355334D3355124DB04432556F3C34
:10CF4000B14C4F44704C504C2F444F44904C704463
:10CF5000703CEE2B0E34545D74651355F24CF34C5B
:10CF6000F24CB144713C50449154146D557D35855B
:10CF70005685978DB78DB89578957895978DB68DA0
:10CF8000B695B595959DD5A5D5A59595F274504CBA
:10CF90002F3C2F2C2F2CF344F244D244B13C334D80
:10CFA000334D334D5455955D745D134DF24C134D17
:10CFB000745D54559565D6659565755DB565D66D99
:10CFC00095659565D66DF675946D74657465B56DEA
:10CFD0007465535DB56DD66D9565335D1255F24C34
:10CFE000D244545595659565345D745DB565B565F8
:10CFF000745D745DB66D75651355F2441345F24466
:10D00000503C30441054515CD374137D548D73954F
:10D010007395B4A5539D93AD92B551AD30B50FAD99
:10D020006D940C848B7309534A3B2F44503C913CC4
:10D030009244713C713C713C713C3455755D345582
:10D040003455755D755D555D555DF76D176E955D74
:10D05000755D95659565755D5455755D755D545542
:10D060005455955D955D545554559565955D755D23
:10D070003455755D755D144D3245F13C734D734DFE
:10D08000324D114573559355534D324D935573554C
:10D09000324D32459355735532453245534D334DDC
:10D0A000F14C3255735D3255F144324D7355114593
:10D0B000D144324D7355F14C9144F364357D9795CD
:10D0C000F89DF89DD895D895B795B895D89DF99DB8
:10D0D000D895B895B78D5685F474F474D36C5154C3
:10D0E0008D334C230B1B6B1BCD2BED2B4F34D044BE
:10D0F000F14C124DD0441255735D535D335D746530
:10D100009465535D535D9465B465525DF14CF14C8B
:10D11000325D535DB04C0E346B1B0A03CD1B0D1CEE
:10D120000E0CED0BAC038C0B4F2CF24C0D34AC2BD6
:10D130000D346F3C735DB465735D735DD565945D4F
:10D140001255735D945D945D124D1255745D335D9F
:10D15000D154F25C13755485B695D79DF79DD79D34
:10D16000F89D19A619A619A6199E199E199E189E12
:10D17000B78D76855585F37430546D336C33EE3B43
:10D180000E344E3C4F4C2F544F544E542E542D5C65
:10D19000C83263094209A7324E646F6C2E64906CEA
:10D1A000D16CD164B054D14CF254F24CD24C1255E3
:10D1B000134D3355903CB13C5255325532552F3CAE
:10D1C000904C0E3C9154504C0E3C0E3C0F3C4F4446
:10D1D0007044EE33AD2BB14C1355D24CB14CD24C04
:10D1E000D24CB14471442F3C7154F36C557D55853C
:10D1F0007685968D978D978D578D578D7685B68DC3
:10D20000958DD59DB5A594A553959495F2744F54DD
:10D210002F3C2F2C302CF344F244D23C913C13454C
:10D22000134D134D7455B55D955D134DF244F24C9D
:10D2300074555455B565D6659565745D9565D66D1F
:10D2400095659565D66D1676946D53655365946DA9
:10D250005465535D9565D66D9565535D1355124DB7
:10D26000F24C5455B665D66D745D955DB565D66561
:10D27000745D745DB56D74651355F2441345F344E4
:10D28000513C31441054515CD3741385548DB49D7A
:10D29000539594A5539D73AD31ADEFA430AD71B5E9
:10D2A00010A56D8C6A6B29534A3B0E447144713C46
:10D2B000713C713C9244B34CB3443555755D355562
:10D2C0001455755D9665755D555DB665B6657455A5
:10D2D000545D955D9565755D545D955D955D545D99
:10D2E0005455755D955D545554559565955D555DE1
:10D2F0001455755D765D14553245F13C734D734D93
:10D30000324D1245935593557355324D9355735580
:10D31000524D32459355735532451245534D535531
:10D32000124D3255735D324DF144324D5355114516
:10D33000F1443255735DF14C7044F364357D97953B
:10D34000D89DD895D895D895B795B895D89DF89D7E
:10D35000D895B895B88D5685F474F474B364515467
:10D36000AE3B6C2B0A1B6B1BCD2BCD234E34D04414
:10D37000F14C114DB0441255535D535D335D7465EE
:10D380009465535D535D9465B465525DF14CF14C09
:10D39000325D535DB04C2E346B1B0A03CC130D1C55
:10D3A0000D14ED0BAC038C0B7034F254ED338B2B5E
:10D3B0000D346F44735D9465735D735DD565945DE5
:10D3C0003255745DB55DB45D33553355745D335D71
:10D3D000F154F25CF36C34859695D79DD79DD79523
:10D3E000D89DF89D199E199E199E199E199E189EEA
:10D3F000B78D7685557DD36C30546D336C330E3CD0
:10D400000D344E446F544F544F544E542E5C2D5C8B
:10D41000E83A0522462A8B4B6F6C906C4F6CB174C6
:10D42000F26C1265125D3255535D1255B144F24CE7
:10D43000124D7355903CB044945D735D12552E3C73
:10D440000E3C2F4C0F447054504C4C2B8D33915448
:10D450007044CE33AD2B0E3CD154914C914CB24C18
:10D46000D24CB14C5044EE3B5054F36C758555850D
:10D4700055857685778D978D778D56859685B68D72
:10D48000959516A6F5AD5395F18C9495327D6F5414
:10D490002E342F2C302CF23CF244D23C913C1345DC
:10D4A000134513455455B55D955D134DF244F24C4B
:10D4B00054555455B565D6659565545D955DB6650D
:10D4C00095659465B56DD56D946D53655365946D93
:10D4D0005465535D956DD66D956533551355124D55
:10D4E000D2445455B565B66D545D745DB565B5658A
:10D4F000745D745DB56D74651355F2443345F34442
:10D50000513C314411545164F37C3485748DD59D64
:10D51000749DB5A594AD73AD11A5CF9C30AD50B53C
:10D5200030A5CF94CC736B5B4A3BED3B91443034D8
:10D53000713CD34C355D1455D34CF454555D555D59
:10D540001455755D9665555D5455755D955D7455BD
:10D55000545D9565B565545D5455755D955D545D37
:10D560003455755D955D54555455955D755D3455CF
:10D57000F44C555D965D34553245F13C3245734D62
:10D580003245324553557355524D324D945573556E
:10D59000524D324D9355735532451245334D324DF0
:10D5A000F144124D5355324DF144324D7355324DC5
:10D5B000F1445355735DF14C7044F35C3585979598
:10D5C000B79DD795D895D895B895B795B795D89D67
:10D5D000F99DD895978D568576857685B364EF430A
:10D5E0008E336C2B0A1B6B1BED2BCC236F3C8F3CBB
:10D5F000114DF14CB044114D535D32553355745DAE
:10D60000B465735D535DB465B4653255D14CD14C8E
:10D61000325D7365D14C0E346B1B2A0B8C130D1CC1
:10D620000D14ED13CD0BAC134F34125D0E3C8B2B50
:10D630002E3C4E3C735DB465735D945DF56D945DF9
:10D640001255745DB465B45D32553255B465335DC1
:10D65000B14C125D1375147D968DD795D79DD795D6
:10D66000D89DF89D199EF99DF89D199ED895B78D66
:10D67000B68D9685347D926410546D3B6C2BED3BDA
:10D680000E3C4E444F546F5C4E5C0D5C0D642D643B
:10D690000D642D646E6C8F6CAF6C906CB06C1275F9
:10D6A0003375536DF2543255B565745DB144903C99
:10D6B000D1443255F24CF14CD14CF154904C4F4482
:10D6C0008D33EE43CE430F4C70544C330B237054C8
:10D6D00091542F444C2B2B232F44EE3B4F442F448B
:10D6E000704C9154504CEF43715434757585768568
:10D6F000968D768556853685578D778DB68DB68D08
:10D70000F69D16AEF5AD1295128DD5A5337D4F540D
:10D710006F442F2C4F2CB13CF244D13CD23C1245EB
:10D72000B13C13457455955D5455134D134DF2445A
:10D7300054555455B55DD665955D545D9565B56593
:10D74000756595659565535D53655365946DB56DC8
:10D750005365535D956DB56D9565545D1355D14415
:10D76000D2445455B665B665545D745DB565B55D16
:10D77000745D745D956574653355F244544DF3449E
:10D78000513C3144114C7264F374F37C948DB49D1C
:10D79000B5A5B4A594AD93AD72B530AD0FAD50AD98
:10D7A00051ADCF94EC7B29532A3BED3B7144713C46
:10D7B0009244D34C355DF454B24C1455755D3455D8
:10D7C00014553555755D55553455755D9565755DC3
:10D7D000545DD66DD665755D3455B565B6655455E1
:10D7E0003455755D745D745D54559565955D5455FE
:10D7F00054559665755D555D3245113D3245734D05
:10D8000012451245324D534D114511457355534D37
:10D81000524D324D9355734D32451245324D324D76
:10D82000F14432555355124DF144324D534D124D82
:10D83000D144324D5355D14C7044F364357D768DCF
:10D84000B795D895F895D895F89DD89DB895D89D59
:10D85000D895B895B78D778576857685D36C104C3D
:10D86000AE3B6C2BEA124B1BED2BCD2B6F3C8F3C50
:10D87000114D114DD0441255735D535D535D945D50
:10D88000B465735D535D9465B465525DF154F14CBC
:10D890003255535DB04C0E346B1B2A0BAC1B2D2440
:10D8A0002D1C2D14ED13CD130E34F1540D3C4A23D1
:10D8B000ED336F44946D9465735D945DD56D945DA7
:10D8C0001255735DB465B45D325532559465325569
:10D8D000B14CF25CF36C147D768DB695B795B79527
:10D8E000D795F89DF89DF89DD895D895978D768D0C
:10D8F0009685758514759264EF4B6D3B8D330E3CA8
:10D900000E342E3C4F54906490644F642E642E6C01
:10D91000B07C72959395317DD06CB06CD16C537D99
:10D92000B47D536DF2543255745D745DF24C904485
:10D930009044D14C90444F440E3CCD33AD338C33A6
:10D940008D3B6C3B4C3B2C33AD43EB2A8922AD43E2
:10D950000E4CAD3BEA220A23AD3B8D33CE3BCE3B92
:10D960000F44504C0F4CEF4B715C347D5585558501
:10D97000B78D968D357D157D568576859685D695A0
:10D9800017A616AEB4A532953295D59D127D6F546B
:10D990004F3C2F2C4F2CD23CF244D13CD13CF23C9A
:10D9A000B13CF24454559455745D334DF24CF244FD
:10D9B000134D5455B55DB565955D54559565D66D5A
:10D9C0009565745D7465746574657465946DD575DD
:10D9D0007465535DB56DB56D9565545D134DB1447A
:10D9E000B1445455D665D665545D755DB565B5656C
:10D9F0005455545D956595653355F244544DF34443
:10DA0000513C3144104C7264D374F37C748D949502
:10DA1000B5A5B4A594AD73AD73B551B530AD30AD0A
:10DA200030A5AE8CCB73094B2A3BEE3B7144723C64
:10DA30009244D34C155DD4549244F454555D14551E
:10DA4000F34C3455755D755D5555755D755D755D4A
:10DA5000545DD66DD665956554559565B665545D2E
:10DA60003355545D755D745D755D9565955D755D4A
:10DA70003455755D755D35553245113D324D734DEB
:10DA80001245F144324D334DF144F144534D524D62
:10DA9000524D324D9355734D32451245334D324DF3
:10DAA000124D324D5355124DF144324D52551145E0
:10DAB000D144324D5355D14C70441365347D558D4E
:10DAC000B795D89DF895F895F89DF89DD89DD8956F
:10DAD000D895B795B78D77855685567DD364104C0C
:10DAE000AE3B6D2BEA124B1BED2BED2B8F3C903C8C
:10DAF000114D124DD14C1255735D53553355745D14
:10DB00009465535D325D9465B465535D1255F1546F
:10DB10001255325DD14C2E3C2B130A0BED234E2CAB
:10DB20002E240D14AC0B8C130E346F4CCD334A2BBA
:10DB3000CC336E449465B46D735D945DF56DB465DE
:10DB40003355945DB465B45D3255325594653255A4
:10DB50009144D254F36C147D768D9695B795B79514
:10DB6000D795F89DF89DF89DD89DD895968D968D62
:10DB7000968D7685347D9264EF4B6D3B8D330F3CF3
:10DB80002E344E3C6F4CB064D16C6F640E642E74B6
:10DB9000B0845295728D7285527DF16CB06433758C
:10DBA000D57D946D1255D24CD24C914470442F3C8B
:10DBB0000E340E3CEE3BEE3BED3BAD3B2B2BEA2A0D
:10DBC000EA2A0B33CA326822CA32892A271ACA2A99
:10DBD0004C3B2B338922CA224C3B2B334C330B3327
:10DBE0004C336D438D43AE4B305CF3745585558596
:10DBF0007585768D978D978D157D5685B68DD695C5
:10DC000017A6F6A5D5AD94A5739D7495D1746F54E0
:10DC10004F3C2F2C2F2CB13CF244B13CB13CF24490
:10DC2000134D134D344D54555455134D134DD2448B
:10DC3000913C124DB565176EB55D74559565F66DE1
:10DC40009565745DB565F675B56D7465946DD5753E
:10DC50009465535DB565B56DB565545D134DD1449F
:10DC6000B13C5455B56595653455745DB565B5657C
:10DC7000745D745D956575653455F244334DF244B9
:10DC80005134303C104C525CD374F37C748D9495B9
:10DC9000B59DB4A594AD73AD73B551B530ADEFA4DA
:10DCA000109D8E8C8B6BE94A4B3BEE439144923C2A
:10DCB000B244D34C1455D34C7244F34C555D144DBF
:10DCC000F34C3455755D755D555D755D755D555DE0
:10DCD00013553455755D9565545D755D9565545D59
:10DCE0001355545D755D555D555D95659665755D1E
:10DCF0003455555D755D355532451245534D734D5F
:10DD000012451245334D534DF144F144534D324DBC
:10DD1000524D324D9355734D32453245534D534D0F
:10DD2000124D324D735D324DF14C324D525511450D
:10DD3000D144324D5355D14C9144346D357D558D80
:10DD4000B79DF89DF895F895D89DF89DD89DD895E4
:10DD5000B895B795978D7685357D357DB364104C34
:10DD6000AE3B6C2B0A134B1BEE2BED2B903CB03CC7
:10DD7000114D114DD044114D535D33553255735DE6
:10DD80009465535D325D73659465325D1255F1544F
:10DD90003255535DD14C2F3C6B1B2B13ED23ED23E0
:10DDA000CC13ED138C0B8C132E344F44ED3B6A2BAC
:10DDB000CC336E447365B46D535D945DF56DB4659D
:10DDC0003355945DD565B45D33555355B5653355BD
:10DDD0009144D254D36C147D768D9695B795B795B2
:10DDE000D89DF89DF89DF89DF99DF89DD895D795FB
:10DDF000B78D9685347D92640F4C6C338D330E3C19
:10DE00002E346F3C6F4C9054D16490642F6C2E6C08
:10DE10008F7C118D318D317D1175D0644F54D1645B
:10DE200094755365D14C703C503C0E34EE33AD3399
:10DE30006C2B4C2BEA22EA2A4C3B6C3BCA2A682208
:10DE4000071A48222822C71928222822071A4822FE
:10DE5000892A692A271A4822AA2A89226822281A86
:10DE60002822692A692AAA322C43AE533064B2743C
:10DE70001485B795F89D978D3685157D347D958DE4
:10DE800016A6F6ADF6ADF6AD94A5338DB16C705413
:10DE90004F3C2F2C2F2C913CF244B13CB13CD23C56
:10DEA000134D13455455955D955D134DB13C703C34
:10DEB000913C134DD565166E955D7455D6653776D4
:10DEC000D66D745DB565F675B56D53657465D56DC4
:10DED0007465535D9565B565B565545D124DB13C8E
:10DEE000B13C5455B56595655455545D9565B55D22
:10DEF000745D955DB56575655455F244344DF344D4
:10DF0000513C303C104C515CD374F37C748D738D58
:10DF1000949D94A594AD73AD52B551B530B5CE9CDA
:10DF2000109D8E8C8B6B094B6B3B0E3C703C71349F
:10DF3000713CD2441455F44C92441455555D144D23
:10DF4000144D5555965D55553455755D9665555D21
:10DF5000B244D24C3455755D755D755D755D545533
:10DF60003455545534551355345595659665755D3E
:10DF70003455755D765D555D32451245534D73558B
:10DF8000324D124D53557355124DF144534D324D90
:10DF9000324D32457355734D32453245734D534DB5
:10DFA000F144124D53553255F144324D5255114DF5
:10DFB000D144124D5355D14C9144346D5585558DF6
:10DFC000B79DF89DD895D795D89DF99DF99DF89D59
:10DFD000D895D895B78D7685357D1575B364104C79
:10DFE000AE3B6C2BEA124B1BEE2BED2B8F3CB0445F
:10DFF000114DF14CB0441255535D33553255735D9C
:10E00000B465735D535D9465B465325DF154F1544C
:10E010003255325DB044EE336C1B6B1B0E2CAC1BC7
:10E020008B0BED13CD13AC130E34904C4E446A2B76
:10E03000AB2B8F44B4659465535D745DD56D945D71
:10E040001255735DB45DB45D32553355B565535D9E
:10E05000B14CD254F36C347D768DB795B795D89D7D
:10E06000F89D19A6189EF89D189E189E189EF89D5A
:10E07000B78D7685347D92640F4C4C334C2B0E3427
:10E080002E2C6F347044704CF15C126DD17470742E
:10E090004F748F7CB07CF07C527D3275D164336DCF
:10E0A0009475335DB14C7044704450442F44AD3B83
:10E0B0006C332B338922E711271A4822482AE719A3
:10E0C000E7218511C6218619A619C621C721C721B6
:10E0D000C721C619A619A619C619C6198511A611F0
:10E0E000A619C619A619C619E721482A692A0C4398
:10E0F000516C558DD79DD795568DF374347DB58D64
:10E10000F6A5D5A5F6AD17B695A5338D1275705445
:10E110004F3C2F2C4F34703CD13C913CB13CB13C36
:10E12000F244D244344DB665B665134DB13C713CF2
:10E13000F24C334D955DD565B565945DD565F66D4D
:10E140009565545D7465D56D956D535D5365B46D7E
:10E150007465335D9565B565B5655355124D90345D
:10E1600090345355D665B665545D745D9565955D7F
:10E17000745D9565B665956554551345344DF34406
:10E18000713C303C304C715CF374137D748D538D55
:10E19000949D94A594AD74AD52B551B550ADEF9C1E
:10E1A00030A5CF94CC734A536B43EE3B5034302CA4
:10E1B0007134B24434551455D34C14555555344D1F
:10E1C00034557555965D5555555D755D9665345D4F
:10E1D000D34C13553455555D555D965D765D34557C
:10E1E000134DF34C92449144F34CB6659665545DDF
:10E1F0003455755D9665755D3245F144334D735503
:10E20000324D324D53557455124D124D534D324DC2
:10E2100012451145734D534D12453245534D324D04
:10E22000D144124D5355324DF144324D5355124D98
:10E23000D144124D5355D14C70441365357D768DC4
:10E24000B79DF89DD895D795F89D199EF89DF89D96
:10E25000F895D895B7957685357D1475B364304CAF
:10E26000AE3B6C2B0A1B4B1BED2BCD2B6F3CB03CFC
:10E27000124DF14CB0441255735D53553255945DB7
:10E28000B465735D535D9465B465325DF154F14CD2
:10E290003255535DB044EE2B6C1B4B13EE232E24F2
:10E2A000ED1BED138C0B6B0B0E34B14C6F4C6A23D2
:10E2B000AB2BAF44B465B465535D735DD56D945DB0
:10E2C000124D5355945D945D124D124DB565535DDD
:10E2D000B14CD254F36C357D968DB795D79DF89D92
:10E2E00019A619A6F89DF89D189E189E189EF89DCF
:10E2F000B68D7685547DB26CEF4B4C2B6D2B2F3445
:10E300004F2C9034B044B044D1541265F274706C08
:10E31000EE6B0E74B084328573855275F26C336D7A
:10E32000546D3365B254914C9154304CCE436C33A0
:10E330002C3BCA32282AC6198511C619E721A6190D
:10E34000851945116519651965196519862186199B
:10E350008621862186216519851985196519651912
:10E360008621862165196519651986198511C719D0
:10E37000AA3AAF5B9274F484B374D3749585D6953E
:10E38000D59DD6A517B6F6B5759D338D54857054B9
:10E390002F3C0E2C4F34913CD144B13C913CD13CAC
:10E3A000F244F244334D955D7455134D134DF24CC8
:10E3B0003355F2443355B55DB565945D945D955D17
:10E3C0003355335595651676946D335D335D946D95
:10E3D0007465535D9565D66DB5655355124D903492
:10E3E0007034334D955D745D3455755DD665D66575
:10E3F000755D955D9565545D54551345344DF344F5
:10E40000713C303C304C715CF374337D738D538DB3
:10E41000739D94A594AD74AD52B531B530AD30A5B2
:10E4200030A5EF940C746A536B43EE3B5034502C80
:10E430009134D24455553455F34C34557555344DBB
:10E44000344D7555965D555D755D9665B665555D42
:10E45000F34C555D755D555D34559665966534553F
:10E46000D34C92443034503CD34CD66D96653455E1
:10E470003455755D9665755D1245F144324D7355A1
:10E48000324D124553557355124D124D5355324D61
:10E4900032451145734D534D12451245534D324D82
:10E4A000D144124D3255124DF144324D5355124D57
:10E4B000D14432555355D14C7044F364357D768D3B
:10E4C000B79DD89DF895F895F89DF89DD89DD89D55
:10E4D000F895D895B78D76851575F46CB364304C86
:10E4E000AE3B6D2B0B1B6B1BED2BCD2B6F3C903C78
:10E4F000124D114DD14C1255735D53553255735D0C
:10E500009465735D325D73659465325DF154F14CD1
:10E510003255325DD14C2E342F348C1BED236F2CB1
:10E520004E1CED0B6C036C0B2E34B04C4E444A2346
:10E53000AC2B8F3C945DB4655355735DF56D945D64
:10E540003255735DB45D945D124D124D9465335533
:10E550009144B254D364357DB68DB795D79DD89D7F
:10E56000F89DF89DF89DF89DF89D189EF89DD7950B
:10E57000968D968D7585D36CEF4B4D2B8D2B50342E
:10E580004F2CB034D13CD14432557365326D4F6459
:10E59000AD5B0E749084907C327D3275D164F264F0
:10E5A000D25C1365914C0F44CE3B2C2B691A491A4F
:10E5B0006922C719861986198619A621A621651907
:10E5C0000411451945194521652145194519451974
:10E5D000A629862186214519651985212419451901
:10E5E0004521652125194519A62185196511851132
:10E5F000A719292A8A328A32AB322C3BEE532F5C80
:10E60000D27CB5A538B637B6959D348D347D50543F
:10E610000E34EE2B2F34B13C134DD13C913CB13C28
:10E62000D244F24C5455B55D5455F34CD244134D7D
:10E630005455134D5455945D74555455945DB55DC2
:10E64000745D545D9565F56D7465325D335D946DF3
:10E650007465745DB56DD565945D5355124D903CF0
:10E660007034134D745D34551355545DB665B665FD
:10E67000755D755D7565545D3455F3441345F3441C
:10E68000503C0F3C304C715CF374337D5385538D9B
:10E69000739D94A594AD74AD32B5F0ACEFA430A5E4
:10E6A0000F9DCF8C0D746A536B430E3C703C7134DC
:10E6B0009134D23C344D144DF3443455755D344D92
:10E6C000344D5555965D555D555DB665B76D755DB7
:10E6D000F34C555D755D755D1455765D96655555C4
:10E6E000F34CB24492449244F34CD66DB665555DFA
:10E6F0003455555D7665555D1245F144324D534DA7
:10E7000012451245534D5355124D124D5355324D2E
:10E71000324D1145734D534D12451245324D324D18
:10E72000F144124D5255114DF144124D524D124DBE
:10E73000D14433555355D14C5044F35C357D9795B6
:10E74000D795D89DF89DF89DF89DD89DD895D895DA
:10E75000F895D895978D5685357D1475D3645154A9
:10E76000CE3B8D2B0B136B1BED2BED2B6F3C8F3C9E
:10E77000114D1255D14C124D735D33553255735DA9
:10E780009465535D3255735D9465325D1255F14C5D
:10E7900012553255D14C6F3CD1442F2C2F2C6F2C5D
:10E7A0004E24ED138C0B4B0B2E2CD14C2E3C2A1BE4
:10E7B000AC2B8F3C735D945D535D735DD565945D4B
:10E7C0003255945DD565B45D124D124D9465335547
:10E7D0009044B154D364347D9695B795D795D79D21
:10E7E000D89DD89DD89DF89DF89DF89DD895B79552
:10E7F0007685968D7585D36C0F4C4C2B8D2B3034D4
:10E800004F2C9034D13CD13CF144F254F1646F640C
:10E81000AD5B8C5B0E6C4F6CB06CF274D16C705C49
:10E82000EE43504C4D33891A481A08128609861156
:10E83000E72165196621662186216519A6216521D2
:10E84000662145214521862966214521241924195F
:10E85000A6298621452124190419451904192419CA
:10E8600025214521241945196521A6216519651918
:10E87000A6198619661966118611A611E7190722CD
:10E88000EA42EF6BF38C96A5969D3485137D2F4C51
:10E89000CE33CE2B0F349144D244D244D244F244EE
:10E8A000D13CF244334DB55D955DD244B13C134D3E
:10E8B00033555455745D745D745D7455B55DD6659E
:10E8C000955D5455745DB56D7465125D335D9465E9
:10E8D00094657465B565B565745D5355124D903496
:10E8E0007034334DB565956533553455545D545585
:10E8F0003455755D9565755D134DD2441345D2440D
:10E90000503CEF3B0F4C515CF2741285538D328DAD
:10E91000739D94A574AD73B531B5CFACAE9C30A5E5
:10E92000EF94AE8C0D744A536B430E3C703C7134C3
:10E930009134B23C1345F344D344344D965D345581
:10E94000344D544D955D755D555D9665B76D555D5E
:10E95000F34C555D755D755D3455555D9665555D3A
:10E96000145514551455D34C1355B665B665755DDD
:10E970001455555D765D35553245F13C3245734D44
:10E9800011451245735573551145324D534D324D56
:10E99000F1441245534D735532451245534D324D96
:10E9A000F144324D5355124DF144124D324DF14464
:10E9B000F144124D5355B144503CD35C357D97958D
:10E9C000D89DD895F89DF89DD89DD89DD895D89577
:10E9D000D895B895978D7685357D557DF46C104C1E
:10E9E000CF3B8D2BEA0A8C1BED2B0E2C6F34B044E1
:10E9F000F144124DD144124D735D53553255735D40
:10EA0000B465535D3255735D945D3255F254D14C0B
:10EA1000124D3255903C903C545590342F2C9034EC
:10EA20004E240D1C8C0B8C0B2E2CB0442D3C6A23D9
:10EA3000AB238F3C935D935D5355735DB465735DFC
:10EA40003255945DD565945D124D124D94653355E4
:10EA5000B14CB154D26C347DB695B695B795B79597
:10EA6000B795B795B795D89DF89DD89DD795978DB3
:10EA7000758575855585D36CEF436D338D2B0F34BC
:10EA80002F34703470344F34B144D154B15C4F5C86
:10EA9000EE5BEE630E6C4F6CB174B16CEE532B3BBE
:10EAA000AA2A6922E711A6116611E7216519041146
:10EAB0004519652104118621E73165212419862134
:10EAC000C7312519A6296521862924192519251953
:10EAD0006521862945194519452145192419251906
:10EAE000251966214521452166218629652145197B
:10EAF000651986218621651965198621851965198B
:10EB000065190732693A6D5B0F6C506C7164915CEA
:10EB10000F44EE3BEE33503CB13CD23CF244D23C8D
:10EB20001345F244334D95557555134DD244345524
:10EB3000755D33553355545D955D74557455955DCC
:10EB400054553355545D745D74651255535D946529
:10EB50007465545DB5659565545D5455334DD24427
:10EB6000713C335595659565345513555455545539
:10EB7000545D755DB665955D134DD244F34CD24C32
:10EB8000503CEF3B0F4C505CD27C338D328D128D5C
:10EB9000939D93A573AD32ADF0B4CFACCFA40FA5C8
:10EBA0000F9DCF94EC732A4B4B430F4C7044503461
:10EBB0007134B234133DD23CD33C144D765D35559F
:10EBC000F3445555965D755554559565B6659665EE
:10EBD00014555455755D755D3455755D9665755D57
:10EBE0001455755D555D345534559665B665755D3E
:10EBF0003455755D755D54555245F13C3245734D44
:10EC00001245124573557355124D324D534D324DC9
:10EC100011451245534D734D334D3245534D534DB0
:10EC2000F1443245534D124DF144124D324DF144F1
:10EC3000F244124D534DD244503CD35C357D9795F0
:10EC4000D89DD895F89DF89DD89DD89DD89DF89DC4
:10EC5000F89DD895B7957685567D3575D36C10445B
:10EC6000AE338D2B0B136C1BEE230E2C6F34B03C8C
:10EC7000D144124DD144124D735D535D3255735DD5
:10EC8000B465735D3255945D945D3255F254F14C28
:10EC900032553255903CB03CB55DB13C0F2C7034D0
:10ECA0002E24ED138C0BAC0B4F2CD0442E3C6A233E
:10ECB000AC2B8F44935D945D5355735DD565945D26
:10ECC0001255735DB45D7355124D125594653355ED
:10ECD0009044B154D26C347D96959695B795D79D56
:10ECE000B79DB795B795D89519A6F89DD795978DE7
:10ECF0007685968D7585F3740F4C4C336D2B0F3CD8
:10ED00000E340F342F344F3C9044F25CD164705C6D
:10ED10002F640E648C53EA42CA3ACA322722E611A3
:10ED2000E611A611C619A619C721A62166214521FB
:10ED300025194521C3108629E73145192419A6292B
:10ED400008320419862145218629451945192519B6
:10ED5000652186294521452165214521241924194C
:10ED60000419452145214521452166216521451983
:10ED700065218621862165218621C729C629A621EC
:10ED80008621C7298621A621082A0722CA328D4B4F
:10ED90006C3BAD3BCE3B2F3C703CB13CD244D244AB
:10EDA000F24413451345544D7455F344D24434553D
:10EDB000755D33553355545554555455955D955D92
:10EDC00054555455545D535D125512557465B56DC7
:10EDD0007465335D745D335554555355334DD1448B
:10EDE0007034134D745D545D34553455755D755DE7
:10EDF000745D955DD665B665344DF344134DD24CC4
:10EE00005044EF430F4C505C917C128D129532951B
:10EE1000729D93AD52AD31B511B510B5EFA4CE9C36
:10EE20008E946E8CAC6BC942EA32CE437144713C15
:10EE30009134B234F33CF234712C923C144D35557C
:10EE4000344D75559555755554559665B665966509
:10EE500013555455755D755D3455755D9665755DD5
:10EE60003455B6659565755D545D9665B665755D99
:10EE70003455755D755D34553245F13C324D7355F1
:10EE80001245324573557355324D324D534D324D07
:10EE90001245324D534D534D32453245734D534D0E
:10EEA000F1441245534D324DF144324D5355124DFC
:10EEB000F244124D534DD2447144D35C1575978D75
:10EEC000D895D895F895D895D89DF9A5F89D199E0F
:10EED000199EF895B7957685367D1575D3641044DF
:10EEE000AE33AE2B2B136B1BCD23ED236F34B03C15
:10EEF000D144124DD144124D735D53553255735D5B
:10EF0000945D53553255945D945D1255F24C3255D3
:10EF1000535D735DD144D144D65DB13C2F2C913CFF
:10EF20002E24ED13AC0BAC0B2E2CD0442D3C6A2BB5
:10EF3000AC2B8F449465B4653255735DD565945D93
:10EF4000124D3355945D7355124D125594653355DA
:10EF5000B04CB154F36C5585B6959695B795D79D41
:10EF6000D89DD79DD89DD89DF89DF89DD895B795EB
:10EF7000978D968D5585F374EF4B4C336C330E3C67
:10EF8000CE33CD2BEE332F3C504470542F548D4B49
:10EF9000EA3A472AE621C521C621C6196511650945
:10EFA00085114411A6198619862125198621452126
:10EFB000251925198621451986218629652165216E
:10EFC00008320419452165218629452165214521FD
:10EFD0006521A62945214521652165214519241969
:10EFE00004192419451965214521862166214521E9
:10EFF0006521A629862145198621A629A621C7298A
:10F00000A629E731E729C72165192409A61948224D
:10F010006822AA224C33EE43EF3B0F3C7044B144CC
:10F02000D244F24C334D74557455F244D23C334DB6
:10F03000955D33553355335554555455955DD665C7
:10F040009565745D755DB565946512551255535D92
:10F050007465335D545D745D5455534D334DD13CEF
:10F060007034134D74555455335534559565956525
:10F07000755D755DB565955D144DF34C1355D34CB9
:10F080003044EF43EE4B0F5C2F6CB184D18C329D3A
:10F09000529D93AD52AD52B530B5EFB4CEA48D9C18
:10F0A0006D942D848B6BE94A2B43EE43914491344C
:10F0B0009134B234F33CD23471347234F44C35555B
:10F0C000544D554D754D95559555955D755D345D12
:10F0D0001355755D955D755D3455755D9665755D0A
:10F0E00034559665755D9565345595659665755D80
:10F0F0001455555D755D144D3245F13C524D7355B7
:10F100003245324573557355324D324D534D324D64
:10F110001245324D734D534D12451245534D534DCB
:10F12000F14412455355324D114D324D5355124D48
:10F13000F244124D5455F2447144D35CF474768D0C
:10F14000B795B795D895B895D89DD89DF89DF99D58
:10F15000F99DF895B7957685357D1575D364F0439F
:10F160008E338D2B0B134B1BCD23ED236F34D144EA
:10F17000F14C124DD144124D535D32551255535D31
:10F18000945D53553255945D745D1255124D325550
:10F19000735D735DD044B03C534D502C5034D23C21
:10F1A0004F24ED1BAC0B8C132E2CB0442E3C6A2B41
:10F1B000AC2B8F44946594653355535DD565945D50
:10F1C00012555355945D7355F24C1255745D335D71
:10F1D000B14CD25C1375758DB695B695B795B7954C
:10F1E000B79596959795B795F89DF89DB895B78D75
:10F1F000968D5585147DB36CAE4B4C336D3BEE4311
:10F200008D33AD33CE3BEE3B504C0F4C6C43892AD3
:10F210000722C621A521A521A519A6198619851998
:10F2200065196519861965198621251986214519DB
:10F230006521A729E73165216521C729C7298621CD
:10F24000A62924192419C729862165218629862102
:10F250008629C729652165216621862965214519E9
:10F2600004192419652186296621A629A629652164
:10F270008621C729A6294519451965216521C72970
:10F28000A629C7290832E729862186198619A619D1
:10F29000C619E711481ACA2A0C334C33EE3B504CBE
:10F2A0007044B24C134D54555455F244B13CF244A1
:10F2B0005455134D134D334DD244F24C5455955D76
:10F2C000545D134D545DD66D7465F24C12559465C2
:10F2D000B56D745D9565B565945D5455334DD13C00
:10F2E0007034134D7455545533555455B565956563
:10F2F000755D755DB565955D144DF344134DD24C48
:10F30000303CCE3BAE43AD53EE639084D08C319D08
:10F3100072A593AD72B551B551BD0FB5EEACAD9CB4
:10F320008E9C2C8CAB732A534B430E4491449134E6
:10F330009134B234133DF33CB23CF344555555552A
:10F34000344DF344F33C3445544D54553455145521
:10F35000134D755D955D755D3455755D9665555DAF
:10F360001455755D555D755D555D95659665955D45
:10F370003455755D955D3455324DF144524D73559C
:10F38000124D124D73557355124D324D5355324D2A
:10F390001245324D7355734D12451245534D534D21
:10F3A000F14412457355524D114D324D5355124D86
:10F3B000F244334D7455F2447144D35CF474568D69
:10F3C0009795B78DD895B795D89DF9A5F89DF89DD7
:10F3D000F99DF895D895768D367D567D146D104C37
:10F3E000AE336D23EA0A6C1BCD23ED236F3CD14471
:10F3F000F14C124DD144124D735D32553255735D4F
:10F40000B465735D5355945D945D3255124D32551C
:10F41000735D735D8F3C0E244F2CEE1B2F2CD13C63
:10F420004E24ED13AC13AC134F2CD0442E446B2B55
:10F43000AC2B6F4494659465535D735DB565945DC5
:10F440001255735DB465945DF24C1255745D335D75
:10F45000B14CD25C1475758DD69DD79DD79DB79D47
:10F460007695768D9795B895D89DF89DD895B78D5A
:10F470007685147DB36C315CAE4B4C3B6D43AE4333
:10F480004C336C334C332C330C33EB32692AE72189
:10F49000A621A521A521C629A621A621A629662146
:10F4A0002519662166214519862986218621A629E6
:10F4B000E8314942E3108629493A65218621E7313E
:10F4C000A629862165210832A6298621C729C729B0
:10F4D000C7290832A629A629E731E731A6296521DF
:10F4E00024194519C729E731A629E731E731C7298A
:10F4F000C7290832E7296521451966218621E729B0
:10F50000C729C7290832C729A6298621651986195E
:10F51000E721C721C619E719081A49220B33AE3B68
:10F52000CE3B30447044D244F24CD244D13C1245DC
:10F530007455134DF244F244134DF34C134D134DD7
:10F54000134D134D1355F24CB14CB14C335D9465D2
:10F55000745D545DD66DB565B55D74551245913CCD
:10F56000502C134574557455345534559565955D37
:10F57000755D755DB565955D334DF344134DD24CA6
:10F580003044EE43CE4BCD5B0E6CB08C1195319D6B
:10F5900072A572AD51B530B550BD6FBD4FB5EEAC73
:10F5A000CEAC8E9CEC836B5B4B430E44D24CD23C76
:10F5B0009134B234F33CF33CD23C344D965D755DEE
:10F5C000F344502C2F24702CD23C344D555D555DA6
:10F5D0003455755D755D755D3455755D9665755D04
:10F5E0001455755D755D755D545D755D9665955DCC
:10F5F0003455755D96653455324DF144524D9355F1
:10F60000124D124553555355324D5355735553555D
:10F610001245324D7355735512451245534D534D96
:10F620001145324D7355324DF144324D324DF14456
:10F63000F244334D7455F24C7144D35C1575768D9C
:10F64000B795B795D895D895D89DF9A5F99DF89D0A
:10F65000F99DF895D895978D568576851475304C1B
:10F66000AE336D2BEA128C1BCD23ED236F3CD144BE
:10F67000F14C1255D144124D535D32551255535D24
:10F68000B465735D3255735D94653355124D3255D3
:10F69000735D73558F3CCC1B8C0B8C0B0F24B13CD2
:10F6A0000E1CCC13AC13AD134F2CB0442E446B2B5B
:10F6B000AC3390449465B465535D735DB565745D1A
:10F6C0001255735DB465735D125533557465335DC2
:10F6D000B14CD15C13755585D69DB695B695B79549
:10F6E000B795B795D89DF89DF89DF89DD895B79595
:10F6F000768D3585D3745164AE532C432B3B4C3BF4
:10F70000EB32CB328A2A6922081AE719E721E7216E
:10F71000A62145196521E629C629A729E731A62989
:10F720004521A72966216621662186218621E831A7
:10F73000493A493AE3108621694286216521E73139
:10F74000C729E7316521283AA629A6290832E731D9
:10F75000E7310832C729E731493A493AE73186218A
:10F7600065216521E731283AA629283A283AE73168
:10F770002832493A0832A6298621A6218621A629BF
:10F78000A629E731693A283AC72965212519862132
:10F79000A621A621C721A621661986110822AA2A18
:10F7A0000B2BAE3B2F44914CD24CF24CD244F24442
:10F7B0005455334D334D534D7455134DF34C134D38
:10F7C000334D5455545D545D1255B14CF254335D74
:10F7D000335D535DD56DB565955D3355F244703439
:10F7E000502C1345955D955D33553355755D745DAE
:10F7F00074557455B55D955D344DF344F34CD24C5E
:10F800002F440E440E540E642E74D08C52A572A553
:10F8100072AD51AD71B550B54FBD6FBD4FBD2EBD71
:10F82000EEB46DA4EC8BAB6B8B4B0E4CD24CD24434
:10F83000B234B234D33CD23CD23C344D965D755D8B
:10F84000D23CCE1B8D0B0F1CD23C544D955D755D8B
:10F850005455755D755D755D3455755D9665755D61
:10F860001455755D555D755D3455755D755D755DDA
:10F870003455755D955D3455324DF144524D935577
:10F88000124D124553555355324D535573555355DB
:10F890001245324D73557355334D3245534D534DCB
:10F8A0001245524D7355324DF144324D324DF144B3
:10F8B000F244124D5455F2447144D35C1575778D62
:10F8C000B895B795D895D89DD89DF9A5F89DF89588
:10F8D000F89DF895D895978D5685567DF46C314CEA
:10F8E000CE3B8D2B0B13AD23EE2BED2B4F34B144C0
:10F8F000F14C1255D144124D535D3255124D5355B2
:10F90000945D53553255735D935D3255F14C3255CC
:10F91000735D935D8F3CAC1B4B036C0B0E249034DA
:10F920000D1CCC138C0BAC132E2CB0442E446B2B23
:10F93000AC33904C9465B56D535D745DB565745D85
:10F940001255535DB465945D3255535D9465335DD6
:10F95000B14CB15C137555859695758D5585758D32
:10F96000B795D89DF89DF89D39A6F99DB795978DC7
:10F9700056855685147D51646D4BEA3AA932AA32F8
:10F98000692A692A28220822E721E821C72186213D
:10F9900086218621A621A629A6298629C731C73115
:10F9A000A731A731A731C831A729A729A621E7295F
:10F9B0002832E73108328629C7292832E7298621EB
:10F9C000E729C7294519493A8621A6212832283234
:10F9D00008320832E7292832693A493A0832E731D1
:10F9E000E7298621E7290832C729493A283AE73129
:10F9F000283A493A0832C729A729C729A629A621A2
:10FA0000A621C729283AE7318629652124196621CC
:10FA1000652186218621662186214519A621E721B7
:10FA200069220B2BCE43504CB14CB14C703C703C16
:10FA3000F244124D7455D55D955D74557555545508
:10FA4000F244B13CF34C745D745DF254F254335D96
:10FA50009465545D9565B565545D134DD244903CF5
:10FA60005034134D955D955D54555455955D955D98
:10FA700074559455D55DB555334DD244D24CB14CE7
:10FA80002E44EE430E542E6C4E7CD094119D92ADBC
:10FA900092B591B571B550BD6FC54EC50DBDEDB4F4
:10FAA0006CACCA936A7BAB738B53ED4B914CB13CFE
:10FAB000B23CF33C133DF33CD23C344D965D55557E
:10FAC000D23C0F24CE13502413457555955D755DBA
:10FAD00054557555545D755D3455755D955D755D11
:10FAE000134D755D545D555D555D9665955D755D10
:10FAF0003455755D96655455324D1145524D9355AB
:10FB00001245124553555355124D324D5355324DF2
:10FB1000F1441245734D734D534D1245324D534DC3
:10FB20001245524D7355124D1145324D5355F14406
:10FB3000F2441245534DD244303CB35C1575778D79
:10FB4000B895B895F895F89DB89DF9A5F89DF895E4
:10FB5000F895F895D895768D7685357DD46C314CB1
:10FB6000AE338D2B2B138C230E2CEE2B4F34B04445
:10FB7000F14C1255D144124D735D53553255535DBE
:10FB8000945D53553255735D935D3255F14C32554A
:10FB9000735D93558F3CAC136C0B8D0B0F2491341C
:10FBA0000D24CC136B036B0B2E2CB0440D444B2B4C
:10FBB0008C336F4474659465535D9465D56D945D25
:10FBC0001255735DB565945D1255535D7465335D73
:10FBD000904CB15413755585958D758D758D758DBA
:10FBE000768DB795D89DF99DB795978D768D56856D
:10FBF0003585147D926C8E4BEB428932282A072A78
:10FC0000282A4932082AE829C721C729C729A72154
:10FC1000A629A629A629C629C7298629A729C73121
:10FC2000C8398731C831093AE831A729A6210832F5
:10FC30000832083208326521E731693AE729451967
:10FC4000493A28328621E7296521A621493A493ACD
:10FC500028322832E731493A283A08320832493AFC
:10FC6000493A8621C729E729E731693A283AE7293D
:10FC7000283A493A0832E731C729C729C729E7296D
:10FC8000E729E729083208328621A62924194521C7
:10FC90008629A731652145216621452186218619BE
:10FCA000C619281AEB2A6D3BAE3BEF3BEE3B2F3CCF
:10FCB000D14CF24C334D7455745D745D755D545583
:10FCC000134D134D134DF24CF24C12551355335D39
:10FCD000745D1355335D94653455134DF24C913C6E
:10FCE0005034F24C7455745D54555455755D7455CB
:10FCF00054557455B5557455134DB144D14CB04C51
:10FD00002E44ED43ED530D6C4E848E94AE9471B53C
:10FD100071B570B50FB5EEB4EDBCEDBC8BB44AA4B3
:10FD2000A8934883287B8A738B5BED4BB154B14415
:10FD3000913CB234F33C133DD23C5555965D75551C
:10FD4000134591345024912CF33C7555B65D955D67
:10FD500054555455755D955D3455755D955D755D6E
:10FD60001455755D555D755D555DB665955D755D43
:10FD70003455755D955D555D324DF144334D5355A8
:10FD80001245124D53555355124D324D534D324D70
:10FD9000F1441245534D534D32451245324D3245D3
:10FDA0001145324D53551145D144114D324DF14459
:10FDB000D1441245534DD244503CD35C157D778DD0
:10FDC000D895B795D895F89DB89DD89DF89DD895AC
:10FDD000D895F895D895978D778D367DB364304C4E
:10FDE000CF3B8D2B2B1B8C23EE2B0E2C4F34B04492
:10FDF000F14C1255D144124D735D53553255735D1C
:10FE0000945D53553255735D735D3255F14C324DEF
:10FE1000735D935DB03CAC1B8C0B6C0B2F24913449
:10FE2000ED1BAC13AC13CC1B6F34B04C0D446B33D7
:10FE3000AC33904C946DB56D535D745DB565735D79
:10FE40001255945DD565945D3255535D9465335D6F
:10FE5000B04CD25C347D347D55857585B695968DD4
:10FE6000968DB795B795D895978D5685D895189E48
:10FE7000558572648F4BEC3A6932282A072A072A83
:10FE8000082A283208320832C729C729C729C729B2
:10FE9000C729E731C729E731E731C729C729083A18
:10FEA000083A083AE831283AE729C729E7292832E9
:10FEB00008320832C731A629493A493AE72986214A
:10FEC000693A283208322832A6218621693A493A0D
:10FED0000832493AE729493A28322832083228328A
:10FEE000693AE729A621E729493A693A493AE729CF
:10FEF000293A493A293A2832E731C729C72908322D
:10FF0000C729E729C729E83186218629041945210F
:10FF10006529083AA6296521A63145216521A62132
:10FF20002411651128220B3B2C3B4C33AE3BCE3BBE
:10FF3000B14C91441255745D5455134D5455955D13
:10FF4000745554555455F24CD24CB14CB14CF254FA
:10FF50001255335D545D745D545D134DF24C913C0C
:10FF60005034F24C34553455134D13555455745D7B
:10FF70007455955DB55D955D124D9044904C4F4C18
:10FF8000ED43ED53AB53CC6BEC7BCB832C8CCEA4ED
:10FF9000EEAC0EB56CA42BA44BB44BB44AAC4AAC3B
:10FFA0006BAC0B9C8983296B2A53ED53915471449C
:10FFB000703CB134133DD234D23C544D965D7555EE
:10FFC000344D1345133DF234F33C554D955D955D2D
:10FFD00034557555755D755D144D755D555D3455BC
:10FFE0001455755D555D755D555D955D9665955DC1
:10FFF0005455955D9665555D324DF144324D534DE6
:020000040801F1
:100000001245124D73555355124D324D7355334DA4
:10001000F1441245534D534D12451245324D324570
:10002000F1443245524D1145F144114D324DF144E8
:10003000D1441245534DD2449144F464357D978D9B
:10004000D895D895F89DD89DB89DD89DF89DD89500
:10005000D895199ED895778D7785567DD364304C89
:10006000CF3B8D2B2B138C1BEE2B0E2C4F34B0441F
:10007000F14C3255D14C124D735D535D3255735D69
:100080009465535D3255735D735D1255F14C325575
:10009000735D735D8F3CCC1BAC0B8C0B0F249034C9
:1000A000ED1BCC130D244E2CB03CB04C0D448B3BBF
:1000B000CD3B904C73659465535DB465F66D946566
:1000C0001255735DB465B45D124D3255745D335D88
:1000D000B14CB1541375347D7585758D968DD7955A
:1000E000D795968D978D768556853585968D768DA7
:1000F000936CCF53EC3A492AE721E621072A0832CC
:10010000083208320832E831E829E829E831E831D4
:100110000832083AC731C729E729E729C729083231
:10012000083A083A493A2832C72908322832072AB9
:1001300028322832C729C7298A4228320832C729DB
:100140002832493A8A422832E729C7292832493ACF
:10015000E729493A493AE7292832493A28322832E8
:10016000693AE729E7290832693A693A493A08328F
:10017000693A6942493A293A0832E831E8310832A5
:10018000E7290832C7292832C72986294521862927
:100190006529E731C731A629C7318629662186211D
:1001A0002411A61908228A320B3B2C3B8E43CE43E6
:1001B0002F4C7044D25413553355134D3355545569
:1001C0003355134D134D335591442F3C2F3C9044E0
:1001D000D24C535D956DB565955D334DD244703409
:1001E0002F2CD244134D134DD24CF34C3355335571
:1001F000F34C134D54555455F24C70440E3C0E4480
:100200002E54B074AF7C6E846E940C8C0B946DA4E1
:10021000EEB470C52FC5EEC4EDCC0ED52ECD0EC5F7
:10022000B0D5F2D571BDAF9CED6B0E5C7054914CA6
:10023000D244F23C3345133DF3445455965D755D0D
:10024000544D544D954D954D34457555955D955D81
:1002500034555555755D755D144D755534551455AA
:10026000F34C755D555D955D555D755D955D755D91
:100270003455755D955D54551245F144324D534DDD
:10028000124512457355534D1245324D7355534D1A
:10029000F2441245534D3245F23C1245534D32451E
:1002A000F13C1245524D124DF144324D5355124D11
:1002B000F244124D534DD244914414657685B8955D
:1002C000D89DF895199ED89DB89DD89DF89DF89514
:1002D000F89D199ED895768D5685357DB364104C62
:1002E000CF3BAE2B0B138C1BEE2B0E2C4F34D1447B
:1002F000124D3255D14C124D735D53553255735DCD
:100300009465535D3255745D73651255F14C3255E9
:10031000735D935DB03CED23CD13AC0B0F2C90348B
:10032000EC1BEC1B4E2CB034B0446F440D44AC3B82
:10033000CD3B4F44325D535D735DB465166E945D85
:10034000124D3355945D735D124D3355745D1255E6
:10035000B14C9154F36C347D968DD795B68D968DB6
:10036000B78DD795978D147D147D3585D47C116418
:10037000AF530C43492A0822E721E6290732083205
:1003800008320832E831E831E729E7290832083233
:10039000293A2832E831C729E729082AC729E72955
:1003A000C729E7296942493A082A28322832C72151
:1003B000693A4932A621E7298A420832E7290832F8
:1003C0002832493A493A2832493A2832C729493A23
:1003D0002832693A493A08322832493A28322832D2
:1003E000493A0832283228322832693A8A42083299
:1003F000293A493A293A2832083208320832083272
:10040000E72928320832493A493AA629A629C731AC
:100410008629E731C731A629C731C729A6298521F1
:100420002411A621C721082A8A32692AAA2A4C3B0C
:100430008D3B0F447054B154D2541355F254B1440F
:10044000B144B144B14CF2544F3CCD330E3C904CCE
:10045000914CD24C545DB5655455F244B13C4F2C8F
:100460000F2CD244134D1355134D1355345D345D89
:10047000F354F34C135513557044CD330A234B33C7
:10048000AC4B8F74319552A593BD71C5B2CDB2CD31
:1004900070CDCEBC0BAC89A3279B0693268B888B93
:1004A0002A9C4B9C4D9C6E946F844F6C50544F44CF
:1004B000703CF23C53455345F33C544D955D755D9E
:1004C000344D544D954D954D544D7555965D755D16
:1004D00034557555755D755D345575555455144DC8
:1004E000F34C755D755D955D5455755D955D755DF8
:1004F0001455755D955D5455324DF144324D534D53
:10050000F1441245534D324D1245334D7355534D01
:1005100012453245534D324512453245734D324DE9
:10052000F1441245524D124DF144124D324DF144F9
:10053000D144F244334DB13C503C1465B78DF89D25
:10054000D895B795F895D895B89DD89DF99DF89D03
:10055000F895199ED89576855685357DB364CF4339
:10056000AE33AE2B0B138C1BEE2B0E2C6F34D14401
:10057000124D3255D14C124D735D53553255735D4A
:100580009465535D3255745D535D1255F14C1255AF
:10059000525D935DAF3CEC1BCC13AC132F2C903C05
:1005A000EC23EC1B4E2CB03CB0444E440D44CC43E9
:1005B000CC3B4E44325D535D12555355945D5355BB
:1005C000F24C5355B45D945D3355535594651255B3
:1005D0009044914C136D5585B68DD795B78D968DFA
:1005E000978D768D157D3585D474526C3164CF5BD3
:1005F0000C436A32292A282A2832072A0732E7318F
:10060000E731E731C731C729C729C729283228323E
:100610002832E83108320832082AE729E729E72991
:100620008621A621493A493A08322832E729C721CA
:10063000493A493A8621E729693A2832E729283296
:10064000083228320832E729693A493AE729693AF3
:10065000493A493A2832493A0832493A2832283246
:10066000693A493A493A493A0832693A8A4228325B
:10067000293A493A283A0832E83128320832493AC8
:10068000E7290832493A28328A428629C731C731D8
:10069000C731283AA729A729E7310732E731A62130
:1006A0008621E729E729E729082A082A28228A2A11
:1006B000CB32AE4B0F540F4C2F44914CB14C914C5C
:1006C000D254D14C904470440F3C0E3C5044904C5A
:1006D00050445044D24C3355134DD23CB13C70344D
:1006E0002F2C134554553455F24CF34C1355345DAF
:1006F00013551355345D335D70446C2B88120A2BEF
:100700002A3B4B4B6A5B8B6BCB83497B087BC67266
:10071000856A236A2472247A858AC68A278B477B56
:10072000677B2773E76AE8628742A9322B33CD33B0
:100730002F34F23C744D53451345544D955D755D12
:10074000144D3445754D744D34457555965D755D44
:100750005455755D955D755D5455955D755D545544
:100760001455755D755D755D5455755D955D755D6B
:100770003455755D955D54553245F13C324D534DC0
:10078000F144F244534D324D1245334D7355534DA0
:1007900012453245534D524532453345734D534D05
:1007A000F1441245324D1145F144124D324DF144A0
:1007B000D1441245334DB13C503C1465B78DF99D81
:1007C000B895768DB795B8959795B89DF89DD895BD
:1007D000D895F895D895978D7685567DB364AF3BBF
:1007E000AE33AE2B0A136C1BEE2B0E2C6F34D144A0
:1007F000124D324DD144124D735D53553255535DF8
:10080000945D53553255735D535D1255F14CF14C67
:10081000325572558F3CAC1B8B138C132F2CB03C74
:100820000D24EC236E2CD03CB0446F446E540D4C20
:10083000ED3B6F44535D935D114D12555355324D51
:10084000F24C7355B45D945D33553355B56512550F
:1008500070449154146D147D5585357D56855685AB
:100860005585147D93749374726C10648E53CB3AD7
:10087000292A082A082A082A483A0732E731C631C5
:10088000C729E731C729C729C729E72928322832CC
:100890000832C729293A6A422832082A493A2832B6
:1008A000C729082A28320832E72928322832E729BE
:1008B000E729493AA6212832693A493A0832493AA1
:1008C000A62128322832083228322832493A693A99
:1008D000E7292832493A493A0832493A2832083257
:1008E000693A493A08322832493A493A493A28326B
:1008F000693A493A083228320832493A2832693A84
:10090000C729E729693AE7296A42C729A729E731B0
:10091000083A283AA729C729E73107320732C629FA
:10092000E7310832083208322832082A082A492AD0
:10093000492A892A0B338D43CE43EE432F4C9154E1
:10094000B154704C2F445044904C914C704C4F44D7
:1009500050447044914CB144134D1245F2449034CC
:100960005034334D54553355F24CF24C1355135506
:10097000F354F35433551355D2548D2BA91AA91A95
:10098000A822C832A83A295B4A73A7626562A66AA0
:100990004883AA93EBABEBABABABEBAB2B9C2B94B1
:1009A0006C948D942D8C8B7388422722681A4C236B
:1009B000EE2B913453459455344D7555965D755DC8
:1009C000134D3445754D754D344D5555755D755DFB
:1009D0003455755D955D955D5455955D965D955D58
:1009E0003455955D755D755D3455755D955D755DC9
:1009F0003455755D755D34551245F13C324D534D9E
:100A0000F144F244534D324D1245324D734D534D26
:100A1000113D3245534D3245F23C1245534D32455E
:100A2000F13C1245524D1145F144324D324D124DBB
:100A3000F244334D534DD244714414659785D89D8B
:100A4000B895778DB78DB7959795B89DD89DD89562
:100A5000B895F895D895B78D7685767DB364AE3B1D
:100A6000AE33CE2B0B136C1BEE230E2C4F34D14424
:100A7000124D324DD144124D735D5355325553557D
:100A8000945D53551255735D535D1255F14C1155DC
:100A9000325552558F3CCC1B8B136B130E2C903C54
:100AA000EC230C246E34F044B04C8F4C8F540D4C1E
:100AB000EC3B6F44735D936553555355945D5355AB
:100AC000F14C5355945D7355124D32559465125542
:100AD000503C714C9264926CD374147D5685768D23
:100AE0001585F47CD47CF063F063F063CB3AC721C6
:100AF000082A4932082A2832493A283A0732C631A8
:100B0000A629C731E731E731C729C729082A0832A2
:100B1000C729A729293A8A4228322832693A083255
:100B2000082A693A4932E729C729083A283A283A6F
:100B3000E731283AE7298A42693A493AE729493AA6
:100B4000083228320832693A283228328A42693A11
:100B500008320832493A693A28322832493A08328A
:100B6000493A493AC729083228322832283208320D
:100B7000493A283208322832493A693A493A693AB8
:100B8000C721082A8A420832493A493AA729083235
:100B9000293A0832C729A629A629C729283AE729C8
:100BA0000832E7292832493A2832283228322832B6
:100BB000082AC7192822EB3A6D438D3BEE4B0F4CA8
:100BC0000F44EF43504C7054B15491544F444F4430
:100BD000B14CD14CD24C12553355134DF24C7034AC
:100BE0002F2CF2443355134DF24C134D545D545D8C
:100BF0001355F34C13553355B1448D2BAA12E6010E
:100C0000060A09338B534E7CAF94EC83497B487BB7
:100C1000AA8B0B9C2CAC0CACECB32DACCEACEEA4E4
:100C2000EE9CAE946E8C0D840A530722E601CA1224
:100C30008C1B502CF23CF23CF244544D965D755D99
:100C4000144D13453445544D344D5555755D755D02
:100C500034557555955D955D5455955D965D955DDD
:100C60003455755D755D755D3455755D955D755D66
:100C70003455755D755D34551245D13C3245534D43
:100C8000F1441245534D324D12453245534D3245D4
:100C9000F13C1245534D5245F13CF23C324D324548
:100CA000F13C1245524D1145D144114D324DF144A4
:100CB000D1441245334DB13C714434657685B895C5
:100CC000D895B795D895B895B89DB89DD89DD89525
:100CD000D895F895F895B78D367D767DB3648E33CB
:100CE000AE33EF330B136C1BED230E244F34D14482
:100CF000114D324DD144124D535D3355325553553C
:100D0000945D53553255735D735D125511553255CF
:100D1000525552558F3CED23AC138B130E2C903C47
:100D20000D240C246F34F044D04CAF4C8F540D4C38
:100D3000EC3B6F44525D935D52557355B45D7355F2
:100D4000124D535594559355124D3355745D1255AC
:100D500070447044104C5164F47C5685978D97957F
:100D6000568D3585D47CF063CC424932C721C721EA
:100D7000082A2832E7310732283A073A0732C631C3
:100D8000A629C729E7310832C729E729E729083208
:100D9000C729E831493A6A42293A283A493A082AA1
:100DA00028328A3A693A083208320832E831293A58
:100DB000083A283A08328A4228322832C72928328B
:100DC000693A2832E7298A42493A693A693A493AFE
:100DD000693A2832493AAA42493A2832493A2832ED
:100DE000493A493A083228320832693A693A0832AF
:100DF0002832283208322832693A893A493A493A3F
:100E0000E72928328A42293A2932493AC729083A39
:100E10002932293A0832E729A629E731493A083226
:100E20000832E7292832693A0832693A493A082AE9
:100E3000E829283249326932AA320B3B6D43AE436E
:100E4000AE430F4C505470542F4C2F445044B15467
:100E5000F254F254135594651355F24CD24C703C35
:100E60000F34D244134D134DD244F34C5455745D9A
:100E70005455334D544D5455F34C0F346C23680284
:100E800088126B3BCC534E6C8F8C6E8C0C8C2C8CE4
:100E90002C946DA4AEB48EB4AFC4AFB40FAD2FA577
:100EA00050A5109D8E8CCD730A5327220702CA0AC3
:100EB0006C1B502CB13C91349134334DB65D955D33
:100EC000144DF34413453445344D5555755D755DEA
:100ED00034557555955D955D3455755D955D755DBC
:100EE000144D755D755D755D3455755D955D755D0C
:100EF0003455755D955D54551245D13C1245534DA1
:100F0000F1441245534D324D1245324D534D324549
:100F1000F13C3245734D534D123D1245534D324510
:100F2000D13C1245324DF144D144124D324DF14481
:100F3000D1441245334D913C503C346576859795AC
:100F4000D89DD895D895D895B89DB89DD895D89561
:100F5000D895F89DD895768D357D767DD3648E3382
:100F6000AE33EF33EA0A4B13ED230E244F34D14452
:100F7000114D324DD144124D535532551255535DDA
:100F80009465735D525594657365325511553255AC
:100F90003255114D4E34ED23AC1B8C132E34B0441E
:100FA0002D2C2D2C8F3CF04CF04CCF54AF542D44B5
:100FB0000D3C8F44525D935D52557355B465735D1E
:100FC000124D535594557355535553555355135509
:100FD000B14C714CEF4B9264157D978D768DD37427
:100FE000558DB79D526CEC42092A29322932E829E5
:100FF000E729E731C729E7310732E73107320732FE
:10100000E73108320832E731E729072AE729283291
:101010000832493A6A424942493A493A493A493AD0
:10102000493A693A493A2832283A283AE8310832A6
:10103000083208320832283228320832E8312832A1
:101040002832493A493A493A493A693A693A28329A
:101050002832693A8A42693A2832083228322832DC
:1010600028322832693A28320832493A493A083255
:10107000283A0832C729E729693A893A493A283291
:10108000E7294932293A293A6A3A493A0832083A6C
:1010900008326A420832E729E731E731283A083254
:1010A0000832083228322832493A493A493A493A0C
:1010B000283228324932693A8A3AAA3AEB3A0C3B4A
:1010C0006D43AD43CE43EE430F4C704CB154D154FD
:1010D000B14CD14C125533551355D24CD24C91448E
:1010E000503CF24C335533553355335554557455A4
:1010F000334D334D544D544DF3445034CE23CA0A2E
:10110000C9122B2BCD4BAF74D08CAF946D8C6D94DA
:101110006D94AEA4EFB4CFB4F0BCF0B451AD71A5F2
:10112000509D10958F8C0E744B4B6822890AAD230D
:101130000F2C9134B23CD23CB13C5455D665B65DCF
:10114000344DF3441445554D344D5455755D755D1E
:101150005455755D955D755534557555955D755549
:10116000134D755D755D755D3455755D955D955D6A
:101170005455955DB665755D1245D13C3245534D6C
:1011800012451245534D334D3245334D534D324583
:10119000F23C1245534D534D123D1245534D3245CD
:1011A000F1441245534D1145D144124D334DF24493
:1011B000F244334D534DB13C9144556D978DB895E4
:1011C000D89DB795D895D895D89DB895D895D895E8
:1011D000F895B895B895978D357D567DB364AE3B3F
:1011E000AE33CE330B138C1B0E2C2E2C4F2CB03C5D
:1011F000F144324DD144124D535532551255735D61
:10120000B465735D3255735D93653255114D52551A
:1012100032558F444E340D2CCC1B8B132E34903C06
:101220004E2C2D2C6E3CAF4CD04CCF4C8E4C6E4C7B
:10123000ED3B4E44535D935D325553559465535D7C
:10124000F14C5355B45D7355124D3255535DF25404
:1012500070440F44CE43EF53515C726C726C726CED
:10126000726CAF5BCB424A32082A493A693A08327B
:10127000C7290832E731C729E729E731E731E731E4
:10128000E731C729E72908322832283208320832E4
:1012900028320732E72908320832283A2832083241
:1012A0000832283A283A283A0832283A0832E731F0
:1012B000E8310832E731E83108320832E831E7290D
:1012C0000832283208320832493A493A493A6942E2
:1012D000693A493A693A483A0832493A2832283252
:1012E0000832083228320832E72908320832083238
:1012F0000832283AA629C729493A693A493A283290
:1013000028322832493A493A693A693A0832283A41
:101310000832693A0832E831E7310832283A0832AF
:10132000E731283208320832493A493A493A693AAB
:10133000493A693A693A893A8A3A8A3AAA3AEB4288
:101340002C436D43AD4BEE4B4F549054B15CD15C8C
:10135000D154F25433557455134DB144713C503C43
:10136000303CF34C345D34551355134D545574557E
:10137000334D134D334D544DF34471340F2C4C13F6
:10138000EA124C2B2F549074D18CB08C8F8CAF946C
:10139000AE94F0A451AD10AD11AD51AD51A5729DFB
:1013A000529D3295B0844F6C8D4BEA222B1BCD237E
:1013B000502CD23C344D344D544D7555B65D755559
:1013C000F344D344344D544D344D54557555755DE7
:1013D0003455545574557455344D75557555755D62
:1013E000344D7555755D755D34559565755D755DE7
:1013F0003455B665F76DD6651245D13C1245334577
:10140000F13CF244534D32451245334D534D334D6B
:10141000F23C1245534D534D1245123D12451245B3
:10142000F144324D534DF144D144124D334DF24409
:10143000F244334D534DD13C9144556D978DD89D19
:10144000D89DB895D895D895F89DD89DD89DD89514
:10145000D895D895B78D7685367D3575935C8E3366
:10146000AE33CE330B138C1B0E2C2E2C4E2C903403
:10147000F144324DD144124D535532553255735DBE
:10148000946552553255735DB465525D1155525590
:10149000114D6F3C2E342E340D2C8B1B0E2C6F34C3
:1014A0002D242D2C6F44CF4CAF4CCF4C8E4C6E4422
:1014B000ED334E44535D945D32553355745D335571
:1014C000F144324D73557355124D3255B565B14CDB
:1014D0008D2BCE3BCF43CF4BF0538E4BF05BD37471
:1014E0001064AA3A293249322832283208320832A6
:1014F00008322832493A693A283A2832E729A6219F
:10150000A621A629E7290832493A2832E729E729FE
:1015100008322832493A8A42AA428A42493A083273
:10152000E7310832E731C72908320832493A6942BF
:101530006A42E729E7292832293A293A083208324B
:101540000832083208320832E729E731E831283218
:101550002832283228320832E729483A283208321D
:1015600008320832E731E7290832E731C729E73185
:10157000283A283AA629C729493A693A693A293ABC
:10158000283208320832083228322832E731E7316F
:101590000832493A083208320832E731283A283A04
:1015A000E7310832E7310832483A493A493A693A6C
:1015B000693A8A3A693A8A3A693A693A8A3AAA4267
:1015C000CB422B438D4BEE4B5054905CB15C91540D
:1015D000B154F2545355945D945D334DD244703CF4
:1015E000303CD24C145534551455144D5455545563
:1015F000334D134D334D344DD2449134502CAD1BEB
:101600000B134C232F54B174F28CD194AF8C109DDA
:10161000109D51A572AD31A511A552A5529D729D87
:101620005295328DB17C506C8D432B23AD230F2C02
:10163000702CB13413451445D23CF344344DF3447B
:10164000D23CD23C344D544D344D5455755575559E
:101650003455545574555455344D75557555755507
:10166000134D7455755D755D3455955D545D545DD0
:1016700014559665D76D96651245D13C1245324595
:10168000D13CF13C334D324512453245534D334D3B
:10169000F23C1245534D33451245F23C1245F23CA3
:1016A000F144324D534DF144D144124D124DF144A9
:1016B000F2443345534DB13C703C14657685B79583
:1016C000B895B795D895D895B895D895D895B89533
:1016D000D895D895D8955685367DF56C52548E336D
:1016E0008E33CE330B136C1BEE2B0E2C2E2C8F3423
:1016F000D144124DD144124D535553555355735D3A
:10170000945D535532559465936532551155325554
:10171000325590444E344E340D24AC1B2E2C6F3475
:101720002D242D2C6F3CAF4CCF4CAF4C6E444E440F
:101730000D3C4F44535D735D32553355745D3355E5
:10174000124D534D7355D45D324DF24C335D2F3CE9
:101750008D2BEF433054D26C926CEF5B3064148568
:101760007274CB4249328A3A493AE831C729083281
:10177000283A0832E729E729073228322832283A5E
:10178000283A28320832E731E731E729E7290832D9
:101790002832283228322832493A693A693A493A95
:1017A00069428A426942493A08320832E7310832CE
:1017B000E831283A0832083208320832283A293A01
:1017C000293A493A493A493A283A283A2832283AAD
:1017D000283208320832E729E729483A2832083205
:1017E00028320832E731E7310832E729C729E731E3
:1017F0000832283AA629A6290832493A493A283215
:10180000283228320832083229320832E729E729FB
:101810000832493A28320832283AE731283A493A18
:1018200008322832E731E7312832493A493A693AF1
:10183000693A8A3A693A8A3A693A8A428A3A893AE4
:101840008932AA322B3B8C43EE4B2F54915CB15C16
:10185000D254125D745DB5655455F24C91443034E8
:10186000CF2B7144F34C1355F34C134D344D344D81
:10187000134D334D5455344DD24471347134EE23ED
:101880002C134C230F4CB174F28CF194D09452A5CC
:1018900051A592AD72AD31A511A532A531955295E4
:1018A0005295338DB17C2F64AD436C2BCE232F2CFE
:1018B0002F24502C9134B2347134923CF344D23CF6
:1018C000D23CF34454555455144D344D545575552C
:1018D000344D755595557555344D7555755555554A
:1018E000F34C54555455755D3455955D955D755D56
:1018F000144D55555555D3443245F13C3245334589
:10190000F13C1245534D534DF2443245534D334D46
:10191000F23C1245534D33451245123D12451245D6
:10192000D13C1245534D1245D144124D334DD13C5B
:10193000D23C12453345B13C503CF35C56859795FB
:10194000B895B795D895D895B795B895D895B895D1
:10195000D895B895B78D7685567DF56C31548E3314
:10196000AE33AE2B0B136C1BED230E2C4F2CB03C67
:10197000D144F144B03C124D735D32553255735D24
:10198000945D735D52559465735D325511553255B2
:101990003255B0444E342E34ED23AC1B4E348F3CC4
:1019A0002D2C2D2C6F3CCF4CF054CF4C8E4C6E44D4
:1019B0000D3C6F44535D735D125532559465745DF3
:1019C000535593559455D55DF1444F3CB14C7044FB
:1019D0002F44504C9164347DB27451643064CF5BB9
:1019E000EC426932283208320832083208320832B2
:1019F000E729C729C729E7310732083208320732F9
:101A000008320832E731E731E729C729E729E72912
:101A100008322832283228322832493A493A293ABB
:101A200028322832493A493A283A083208320832EC
:101A3000293A083208320832E831E73108320832F0
:101A4000E831083228322832493A293A2832283AED
:101A5000283A283A493A28322832493A2832283254
:101A60002832083208320832E729083208320832B0
:101A7000283A283AC729A629E731283208320832FD
:101A80000832283228322932493A2932E729E7290F
:101A90000832283208320832283AE731283A493ADF
:101AA0000832283A08320832283228322832493A95
:101AB000693A693A693A8A3A693A693A693A693AED
:101AC00049326932AA320B3B6C3BCE4B3054915CAD
:101AD000D15C125D33555355124DD144703C0F34D7
:101AE000AE2B513CD24CD34CD244F34C344D544DDC
:101AF000334D344D54553455D24471347134EF2341
:101B00006C1B4C230F4CB16CF2841295F19472A5AE
:101B100052A593AD73AD32A532A532A5129552955B
:101B20005395538DD27C5064AD434B238D1BEE23D4
:101B30002F24702CB234B234B23CD344344D144D03
:101B4000144D544D955D7555344D344D544D54558B
:101B5000344D545575557555344D75557555555508
:101B6000134D54555455755D3455955D955D755DB2
:101B7000F34CF34C144DD3443245F13C32455245BD
:101B8000F13C113D534D334D12453245534D334DCC
:101B9000F13C1245534D3345123D123D334512453C
:101BA000D13CF244334D1245F144324D334DF144B2
:101BB000D23C12453345B13C714414657685D89DBD
:101BC000D89DB895F895F895D89DD89DD89DD8956D
:101BD000B795978DB78D7685978515753154AE3B42
:101BE000AE33CE330B136C1BEE2B2E2C4F2CD03C74
:101BF000D144124DB03C124D535532553255735DA0
:101C0000945D535D3255735D935D32553255325557
:101C100011558F442E344E340D24AC1B4E34903C61
:101C20004E2C4D2C8F44F054F054EF54AF4C8F4C4D
:101C30000D3C4F44535D745D1255124D745D335528
:101C4000D144124D534D534DB0446F3C73655365B1
:101C50000E44EE43D26C347D916C516C92740C4303
:101C6000A619E721082AC729C729E7290832073218
:101C7000E729C629E7290732073208320832083235
:101C8000E731E729E729E731E831E729E731083289
:101C90000832493A693A6942693A69426942493ABD
:101CA0000832E7310832083208320832283A493A15
:101CB000493A493A283A283A0832E731E731E731D8
:101CC000C729C729E731E73108320832083208321C
:101CD0000832283A693A693A493A28322832493A68
:101CE00008320832283A0832E7310832083208321E
:101CF000283A493AE731C729083228320832E72919
:101D00000832283208322832693A2832E729283244
:101D100008322832C7290832493AE7312832293AAD
:101D20000832283A0832E731083228322832493A54
:101D3000493A693A693A8A42693A493A493A493AE2
:101D4000693A8932AA3AEA3A2B3B8D43EF53705CE9
:101D5000B15CD154D14CF14CF244913C503CEF2B4E
:101D6000AE23703CD24CF34CD34C134D54555455C8
:101D7000334D344D54553455D23C51347134302C9C
:101D80008D1B6D232F4CB26CF27C3395329D73A565
:101D900073A593AD73AD32A553A5539D3295538D65
:101DA000538D538DD27C30648D3B2B1B8C1BEE1BD3
:101DB0002F24B134133DF33CD23CF344554D344D04
:101DC000344D344D755D5555144D144D344D3455C9
:101DD000344D755595559555344D75557555755505
:101DE000344D55557555755D3455955D965D7555F4
:101DF000F44C144D144DF3441245D13C1245324578
:101E0000D13CF13C3245124512451245534D324505
:101E1000D13CF244534D3345123D123D33453245DA
:101E2000F1441245334DF244D144124D334DD13C6F
:101E3000D13C1245534DD13C714414657685D89DF3
:101E4000D89DB795D895D895F89DD89DD895B79534
:101E5000B78D778DB78D978DB88D36755154AE3B54
:101E6000CF3BCE330B138C1BEE2B2E2C4F2CB03CC8
:101E7000F144324DB044F14C535553555355945D94
:101E8000945D53553255935D946512551155735DAC
:101E9000525DD04C6E3C6E3CED238B130E2CB03C4F
:101EA0006E2C4E2C8F3CD04CF054CF4C8E446E4454
:101EB0000D3C6F44535D535D124D124D545D3355CF
:101EC000B03CF144324DD144903CB04C7365125D4E
:101ED0000E448C3B7064D2747174506C506C0B4324
:101EE000072A2832E729E729C729C729C729E7315F
:101EF000E729C629A6218621A629E7310832493AD1
:101F0000693A283A08322832293A293A283A2832B6
:101F10000832E729C729A72908322832493A493A1D
:101F20006942694269426942283A0832C729E73161
:101F3000C729283A493A6942493A283A08320832C8
:101F40000832283A283A283A283228320832083209
:101F500008320832493A283A283A28322832493A8F
:101F6000283A2832493A0832283A0832C729E73154
:101F700008320832E731E731083228320832E729DF
:101F80000832083208322832693A2832E7292832E2
:101F900008320832C6290832293AE73108320832B5
:101FA000E7290832E731E729283228322832493A2E
:101FB0002832493A693A893A693A493A283A293AF3
:101FC000493A693A8932A932AA320B3BAE4B505C8E
:101FD000915CB154B14CD144903C50342F34EE2B31
:101FE000AE23914414555455144D344D5455545505
:101FF000134D134D3355334DB2447134B23C51340B
:10200000AE238D232F44B164D27C3395739D94A568
:1020100094AD94AD73AD53A574A5539D128D338DBE
:10202000548D548DB2740F546C332B1B8D1BEE1BCF
:102030002F24912CF33CF33CB234F33C544D344DFB
:10204000F344134554555455F34C144D344D5455E5
:10205000344D7555B55DB55D344D75557555755532
:10206000344D555575557555144D5455755D55552B
:10207000144D144D144DD3441245F13C3245534D8B
:10208000F13CF144534D324512453245534D124512
:10209000D13CF244534D3345123D12453345324550
:1020A000F1441245334DF144D144124D334DD13CEE
:1020B000B13CF2443345D13C503CF35C5685B89575
:1020C000B895B78DD895D895D895D895D895B79512
:1020D000B795978DB78D9785B88D367531548E33FA
:1020E000CF3BAE2B0B138C1BEE2B0E2C6F3490348E
:1020F000F144124DD144D14453555355535D735D52
:10210000945D535532559465935DF14C1155735D53
:102110007365325DB0446E3CED236B130D2CB03C07
:102120006F344E2C8F3CF054F054CF4C6E446E44C0
:102130000D3C4F4432553255F24C335594659465FD
:102140003355334D7355F1446F3C9044B04C2E449D
:102150002E4CAD438C4BAD53CE5B4D53CA3A072A40
:10216000C721C6218621C629C729C729C729C7294A
:10217000A629A629C6290732A629A629A629E73114
:10218000083208320832493A293A493A293A283A73
:10219000493A494249426A42083208320832083212
:1021A000283A283A493A493A493A0832283A283AE4
:1021B0000832C729283A694269426942483A283AAE
:1021C000283A483A483A283A283A283A083208320F
:1021D00008320832283A083208320832E731083229
:1021E000283A2832283A283A483A0832C729E731AB
:1021F000E731E731C729C629E72928320832E7291C
:1022000028320832E7290832493A483A2832483A0F
:1022100008320832C629E729493AE731E73108325E
:10222000E731E731C729C729283208322832493A2D
:1022300008322832493A493A283A283208322832B4
:1022400028322832282A482A2822692A0B3BCE4BDA
:102250002F544F4C70449044903C703C703C0F3471
:10226000CE2BB144545D9565345534555455345591
:10227000134DF34C134D134DB244923CD33C713487
:10228000AE238D230F44915CB174128D339594A5C8
:1022900094A594A553A553A574A5539D128D338D74
:1022A000748D748DB2740F546C332B1BAD1BEE1BED
:1022B0002F1C912CF33CF33CD23CF33C544D344D59
:1022C0001345134555555555144D345555555555CC
:1022D000344D545575557555344D555555555555C1
:1022E000134D545554555555134D34557555344D5E
:1022F000F344144D344D144D1245D13C32455245F2
:10230000F13CF144534D324D3245334D534D334D35
:10231000F2441245534D534D324532453345124533
:10232000D13C1245324DF144D144124D334DD13C94
:10233000B13CF2443345B13C713CF35C5685B895F1
:10234000B895B795D895D895D895D89DF89DD89536
:10235000D895B895B78D557D97853675114C6D33E9
:10236000AE33AE2BEA128C1BEE2B2E2CB03C903CE5
:10237000124D124DF14CF24C735D5355325553557D
:10238000735D53555255946594651255525D525D77
:102390003255325DD04C6E3C2D2C8B130E2CB03C44
:1023A0004E2C2E2C8F44315DF054F054CF548F4C72
:1023B000ED330E34125533551255545D535D33557C
:1023C000124D324D945D945D9044125532650E4429
:1023D000ED438C434B434C4B4C4BEB424932072A69
:1023E000C621A621E729E731E731E731E731C629E0
:1023F000C729E73128322832E731C629A629E73133
:10240000E731C729A729C73108320832E731E73158
:10241000083A283A283A493A693A693A6942694297
:10242000493A283A283A08320832283A493A694261
:102430006942AA4A6942283A283A493A283A073270
:10244000283A493A283A283A283A283A283A283A5B
:10245000083208320832C729E7310832C729E7298C
:102460002832E731C7290832283A483A0832083278
:10247000E7310732E731A629E72928320732E72971
:1024800008320732E7292832283228322832283207
:1024900008320732C629E729493AE731E7310832DD
:1024A000E731E7318621C729E731C7290832283AC1
:1024B000E7290832493A2832C729E729E7310832A3
:1024C0000832E731082A2832282A482AAA322C431F
:1024D0008D43AD3BEE3B4F3CF24CF24CD244503C72
:1024E000CE2B713C1355545D3455134D3455345532
:1024F000134D134D134D134DD244923CD23C502CEE
:10250000AE1B8D230F44705CB16CF27CD184949D22
:1025100074A574A5539D339D339D739D5395748D00
:10252000748D748DF37C7164EF43AD2B0F2C2F24CD
:102530005024912C133DF33CF33CF33C544D344D6B
:10254000144D134534555555F34C144D344D5455D5
:10255000134D545575557555345575557555545518
:10256000F34C345554557555144D5555B65D755548
:10257000144D14451445F4441245F13C1245324DB6
:10258000D13CF13C324D124512453245334D124596
:10259000D13C12453345324512453345334512454A
:1025A000D13C1245324D1245F144324D334DF24487
:1025B000D23C12453345D13C7144D35C5685B89525
:1025C000B895978DB78DD895F89DF99DD89DB795FD
:1025D000B795B895B78D76857785357531546E3357
:1025E000AE33AE2B0B136C1BED232E2C903C903C8A
:1025F000124D124DF14C124D735D535532555355DA
:10260000945D535532559465946512553255525D1B
:10261000325D735DF154B0446E34AC1B0E2CB03C93
:102620004E2C2E2CAF44315DCF4C8E4C8F4C4E44F3
:102630000D3C6F44735D535533553355745D3355BD
:10264000D144F24CD144F14490446F442F448C3334
:10265000CD434F5C91744F6C8D5B893AE729C62955
:10266000A621C629E731E731A629C729E731E73195
:10267000C629C629E7310732E731C729A629C62965
:1026800008320832E731C729C729E8310832083251
:10269000283A283A0832283A283A283A283A493A31
:1026A00069426942694289428A42AA4A6942283A91
:1026B00007320832283A0732E731283A0732E73141
:1026C00007320732E731073AE731E731E731C62908
:1026D000A629C6290832C629A629E731C729C6294D
:1026E0000832283AE731E7310732283A283AE73109
:1026F000283A073AE731283A07320732E7310732FA
:10270000E731E731C7290732E7310732283AE729AD
:10271000283AE731E731C629283AE731E731C629B7
:10272000283AE731C72908320832073207322832FF
:102730006942483A0832E729C729E729E731E731F2
:10274000E731E7312832693A483249324932EB3AC7
:102750006D43EE4BD15CF25CB14C0E340F340F2C58
:10276000EE2BB13CF34C134DF34C134D75555455B2
:10277000134DF34C3455134DB244713491347134CC
:10278000EF23CE2B0F3C915CF2741385128D739D59
:10279000949DB5A574A5539D74A5539D539512851D
:1027A000D17C9174916C305C8E3B8D2B0F2C50241E
:1027B000502C912CF33CF33CD234D23C344D544D4C
:1027C000344D144D55555555144D344D34553455DF
:1027D000134D544D75557455144D545575555455E8
:1027E000134D34555555755D144D144D144DF3442A
:1027F000D344F344F444F33C1245F13C1245324DCA
:10280000D13CF13C324D1245F2441245334D124554
:10281000D13CF23C32451245F23C12453245F23C85
:10282000D13C1245324DF144F144324D334DF24426
:10283000D23C12453345D13C703CB2545685D89DAC
:10284000D89DB895D895F895F89DF99DD895D895C7
:10285000B795B78DB78D97857685157531548E33BD
:10286000AE33AE2BEA126C1BCD232E2C903C6F3472
:10287000124DF14CD144F24C735D53553255735D9A
:10288000945D53553255745D9465325532553255C9
:10289000525D93651155B0446F34EC1B2E2C8F3C68
:1028A0004E2C6F34F1547265315DAF4C8F4C6E44D9
:1028B0000D3C4E3C5255735D124DF24C545D3355F8
:1028C000903CB144F144F14C9044ED339054F164A8
:1028D000B164127D2F648D5BA942072AA621E629E7
:1028E000E629E729E731A629A629A629C731E73134
:1028F000C729A629C629E731283AC729A629C72901
:10290000E731C7298621A629C729E831E831C7312F
:10291000E731C729E731083207320832283A283A26
:10292000483A6942694269426942694269428A4257
:102930008942493A69424942483A694269424842B1
:10294000483A483A283A283A283AE731E731E73115
:10295000E731C731E731A629A629E731C731C631AA
:10296000283A6942283A0732C6290732283AE7311D
:10297000073A273A48424842E63107320732E73100
:10298000E731E731C631A629C731E7310732E731F0
:10299000073AE731E731A5290732E631C631A629E2
:1029A000C731C631C6310832083AE731E731E7317D
:1029B0000732E729C729E7290832283A493A493A2C
:1029C000283A283A28320832E72908324932AA3A06
:1029D000EB3A4C3BCE43EE3B0E3C9044D14C2F3473
:1029E000EE2BB144134D334DF34CF34C5455545529
:1029F000344D134D344D134DB24471349134702C19
:102A0000CE23AD23EF3B7054D26C127D12857395AB
:102A1000749DB5A5749D549D539D739D7395538D61
:102A2000D174506C5064305CAE3BAE2B0F2C502CEC
:102A3000702C912CF33CF33CD23CD23C344D544DA1
:102A4000344D144D55555555344D345555555555F2
:102A5000344D545575555455134D5455555555557C
:102A6000344D545554555555D344F34C144D1445D9
:102A7000F344F344F344F33C1245D13C1245324D48
:102A8000F13CF144334D1245F244124533451245B1
:102A9000F13C123D33451245F23C123D3245F23CC9
:102AA000D13C1245324DF144D144124D124DD13C2E
:102AB000D13CF2443345B13C503CD35C7685F99D22
:102AC000F99DF895F895F895F89DD89DB895D89505
:102AD000D895B78DB78DB78D567DF46C31548E3B3C
:102AE000AE338D2BEA126C1BCD232E2C6F346F343A
:102AF000124DF14CD144F24C535552553255735D41
:102B0000B465735D3255735D7365325D3255125530
:102B1000525DD46D11558F3C4E34EC232E34B03CB5
:102B20006F346E34D04C5265115DD0548F4C6F446D
:102B30000D3C4E3C32553355F24CD1441355124D99
:102B4000903CB13CF144B0446F442E3CB15CB05C6D
:102B5000C92A6822EA42693A062AA521C62907320B
:102B6000E731E731C731A6298629A629A629C72931
:102B7000C729A629A629E7310732E731A629C629A0
:102B8000E731E731C729C729C7310832283A283A3F
:102B9000283A283A293A4942493A493A483A283A99
:102BA000283A08320732E731C7290732283A483A2B
:102BB00049428A4ACB52CB4AAA4AAA4ACA52CA4A6C
:102BC000894289426942283A283A073A083A283A1B
:102BD000283A283A4842073AC631E731E731E73127
:102BE000073A4842483A073AC631E631073AE739E8
:102BF000073A4842694A6842C631E631283A073204
:102C0000E731E631C631A629C631E631E731073270
:102C1000E6310732283AC629073AE631E731C631AC
:102C2000C631C631E731E731E731C631E731073226
:102C3000E731C629C72907322832493A6942494251
:102C400049426942493AE731E7310832283248328D
:102C500089324C43AD43EE432F442F3CEE2BAD2342
:102C6000EE2BD244F244134DD244B244134D344DB2
:102C7000134DF34C344D144DB24491349134712CB6
:102C8000CE23AE23EF3B7054D26CF37C1285749547
:102C90007495949D749D539D3395739D7395738D19
:102CA000127DB174506C505CAE3BAE2B0F2C502C8F
:102CB000502C912CD33CD33CB234D23C3445344DCF
:102CC00014451445554D5555144D344D55557555B0
:102CD000344D555575557555134D545554555455DA
:102CE000134D345555557555134D344D5555344D7B
:102CF000F344F344F344F33CF144D13C3245534DA7
:102D0000F1441245534D334DF2441245534D324573
:102D1000F13C124533453245F23C12453245F23C16
:102D2000D13C1245324DF244D144F2441245D13CDB
:102D3000D13CF2443345B13C713CD35C7685F99D7E
:102D4000F99DF89DF895F895D89DD895B795D895A3
:102D5000F895D895B78D9785567DF46C11548E3BB8
:102D60008E338D2BEB126C1BCD232E2C6F346F34D6
:102D7000124DF14CD144124D535552555355945D5B
:102D8000D565945D5355745D7365535D1255125549
:102D90009365F575F1544E3C2D2CCC1B2E34B0446C
:102DA0006F344E34B04C5265F154D054AF4C8F4C0C
:102DB0002E3C8F4453553255124DF24C3355F24C44
:102DC000B144D1445355124DF2544F447054CD4345
:102DD00068224822CA424832E629C629E729073232
:102DE000C629A629A629A629A629C629A629A6292B
:102DF000E731C729C629E731E7310732E731E73143
:102E0000083A283A293A283A0832083A293A4942EF
:102E100069426A426942694269426942283A073214
:102E20000732283A493A493A69426942493A0832EE
:102E3000E731483A69426942483A694289428942DF
:102E4000694269424842283A073A073A073AE73165
:102E5000E731283A483A273AE731073A283A073A19
:102E6000E731073A273A273A073AE631073A273A4D
:102E7000284227422842894A4842C631E631E63193
:102E8000C631C629A529C629A631E631073A073A2F
:102E9000C631483A894A073A073AE631073AE631F5
:102EA000E631E6312742073AC631A629C631283A2B
:102EB000283A493A283A28322832283A0832E73163
:102EC000E831493A493A283A283208320832E729A3
:102ED000282A0B3BAD4B0F4C50442F3CEE2B8D233F
:102EE000CE2BB144D244B23CB244B23CF34C134D6D
:102EF000F34CF344344D344DD244913CB23C9134C4
:102F0000EF23CE230F3C7154B26C137D138594953F
:102F1000959DB59D749553955395949D738D938D03
:102F2000748D5485B274305CAE3BAE2BEF2B302CDD
:102F3000502C912CD33CD33CB234D23C1445344574
:102F400014451445554D344D1445144D544D5555A7
:102F5000344D555575555455344D54555555545556
:102F6000F34C345554557555144D55557555344DD0
:102F7000D33CB23CD33CF33CF144D13C1245534DDD
:102F8000F2441245534D334D124512453345124517
:102F9000F23C123D3345323D123D12453245F23C82
:102FA000D13CF244324DF244D144124D124DD13C49
:102FB000D23CF2443345B13C9144F35C7685D89DD4
:102FC000D89DB895D895D895B895D895B895D895F1
:102FD000F895D895D89596855685F46C31548E3BE6
:102FE0008E338D2B0B136C1BCD232E2C6F346F3433
:102FF000124DF14CD144124D535552555255935DDB
:10300000B465945D535D94659465325D1255325D8F
:10301000B46DF575D0544E3C4E34CC232E34B044B0
:103020004F344E34F154D4755265D0548F4CAF4C5C
:103030008F44D14C535D5355124D124D124DD14416
:10304000B144B144124DD1444F44ED3BEE43AD4346
:103050002B3B2B43CA422732C629A521A629A629E4
:103060008629A629A6298629A729C731A62986291E
:10307000C731E731C729C729C629E73107320732E7
:1030800007320832083A283A4942493A283A083A77
:10309000E731E731C731C629A629E731E7310732E1
:1030A000283A493A69426942AA4A6942493A283A61
:1030B000E731C631C631C631C631073A073A073261
:1030C000273A283A073A073A283A2842283AE73175
:1030D000A631C631E739E739E739073A2842273AB6
:1030E000C631C631073A2842484227422742684A39
:1030F000894A47422742CA520B5B273AA529C53164
:10310000C631E631C631E631C631073A273A474281
:10311000E639C9520B5B4742073AC631E639073AEE
:10312000C639E7392742E739E631073A273A483ABC
:103130000732283A0732073207320832283A283A4B
:10314000283A283A083AE731E731E731E729C72931
:10315000072A89324C43EE4B0F442F3C5044503CDD
:10316000EE2B703CD244B23CD23CD2443455344D68
:10317000F344F344344D134DD244B13CD23C91342A
:10318000EF23AE23EF3B5154B26CF27C137D949548
:10319000B59DD59D74955395749D949D748D748D36
:1031A000958D5485D374305CCF43AE330F2C3024CF
:1031B000502C712CD33CD33CB234D23C34453445F2
:1031C00014451445554D554D1445344D344D545505
:1031D000144D345554555455144D55557555555534
:1031E000134D345554555455134D344D344DF3440B
:1031F000B23CB23CF33C1345F244D13C1245334D52
:10320000F244F244534D32451245124533451245BE
:10321000F13C123D5345323D124533453245F23CB7
:10322000D13C1245324D1245F144124D124DF1443C
:10323000D23CF2443345B13C9144F35C7685B7957A
:103240009795978D978DB78DB795D89DD89DD89523
:10325000B895B895B78D96857785157531548E3BA1
:103260008E338D2B0B136C1BED2B0E2C6F346F34A8
:10327000F14CF14CD14C124D735D535532555255B2
:10328000945D735D53559465746532551255535D65
:10329000D46DF575D0544E3C6F3C2E2C2E348F3CA3
:1032A0004E344E34325DF57D736DD054AF4CAF4C1F
:1032B000B04C12553255124DF24CF24CF24CB14416
:1032C000903CB13CD144D1444F3C9054B15CAD43AF
:1032D0000A33A9322732E731A521A521A629A6293B
:1032E0008629A629A62985218629C731A6298629C6
:1032F000A629C731C62986218529C631E731C629C5
:10330000C729E731E731E7310832083A083AE831AE
:10331000C629A629A629A629A629C6310732073A11
:10332000083208320732E731E731E7310732E73157
:10333000E7310732E731E73107324842273AE731D0
:10334000273A283A073A073A2842283A073AE7390B
:10335000A631A631A631E631073AE739073A073AEE
:10336000E639C631073A2742684A684A2742474247
:10337000C952A952474AC9522B63884AE639E639ED
:10338000E639273A27422742274227422742484226
:10339000273A0B5BAD6BA94A063AE6394742884AA1
:1033A000E639063AC631C631E739284228420732A3
:1033B000A629A629C62907322832483A4942494255
:1033C000283A0732C729A629A629E731E73108326A
:1033D000082A482A2B430E4C0F440F3C5044503CC3
:1033E000CE2B4F34B23CB13C7134B23C144D344D11
:1033F000F344F344334D1345D23CB23CD23C9134B8
:103400000F24CF23103C7154D26CF374F37C748D71
:10341000B595D59D9495549554957495748D748DEA
:10342000758D137DF37C92640F44CE330F2C3024C2
:103430003024712CD33CD23CB234D23C3445344598
:1034400014451445554D544D1445344D344D555582
:10345000144D345554555455144D555575555455B2
:10346000134D345554555555134D134D144DF344C8
:10347000B23CD23CF33CD33CF244D13C124D334DF0
:10348000F144F244534D324512451245334512453D
:10349000F23C123D53453245123D3345334512450A
:1034A000F1441245324DF244F144124D124DD13CDB
:1034B000D23CF244124591349144F35C7685B89540
:1034C0009795978D978DB78DB795D89DD895B795CA
:1034D000B795B895B78D96857785357551548E3BE0
:1034E000AE33AE2B0B136C1BEE2B0E2C6F346F34E4
:1034F000F144F14CF14C124D735D53553255525518
:10350000735D535553559465746512551255535D4B
:10351000D46DD575F1548F44B0446E344E3490441C
:103520006F346F3C325DF5755265B054B054B04C99
:10353000B04C1255F14CF144B03C703C9044903C7E
:103540004F34B03CD144F14CEE33CD3B2F4C0A33D9
:103550000B3B0B430732E731C629C629C629A629EA
:10356000862986296621452165218629A62986295D
:103570008621A629A6298629A629E631E731C6296A
:10358000C63107320732E731A629C731083A283A4F
:10359000083A083A283A283A283A283A283A073A7C
:1035A000073207320832283A283A483A4942083A5C
:1035B000073A48424842283A484269424842073A54
:1035C000283A2842283A073AE739E739E739E7390C
:1035D000C631C631A631C631073AE739E739073A6D
:1035E000073A063A27422742684A884A2742474212
:1035F000A952EA5A8852A9520A5BC9524742274245
:1036000027422742684A884A684A684A684A895273
:10361000684A4B630E7C2A6347422642E95AEA5ABB
:10362000484A0742E63927422842273AE739C63155
:10363000E7310732283A283A693A493A083AC73115
:10364000A629A629C729C729C729E7310832E831A1
:10365000E729282ACA32CE4B504C504C50440F34E4
:103660008D235034D2449134302C302CB23CF3446E
:10367000F344F344144D1345D23CB234D33CB2343A
:103680001024EF2B303C9254B26CF374F27C748DA6
:103690009595D69D9595749554955495748D74858E
:1036A0005485137DF374B26C1044CF330F2C302447
:1036B000502C712CD234D23C9234B23C1445144577
:1036C00013451345554D344D13451445344D55554B
:1036D000344D555555555555344D5555555534550D
:1036E000134D345554555555134D134D134DF34447
:1036F000B23CB23CD23CB2341245D13C1245334DBF
:10370000F2441245534D334D12451245334512458F
:10371000F23C123D5345323DF23C124533451245D1
:10372000F2441245124DF144F1441245124DD13C80
:10373000D23CF2441245903491441465B78DF89D03
:10374000D895B795D895D895B895B895B78DB78DC4
:10375000D895D895B795768556853575525C8E3B4C
:10376000AE33AE2B0B138C1BEE23ED236F346F3473
:10377000D144F14CF14CF14C535552553255525500
:10378000735D535D535D9465946532551255525D7A
:10379000B46DD475F15C8F4CF04C6E342E34B04463
:1037A000B044AF44736536867365AF4CD054F05463
:1037B000B04CF14CD1445355124D6F34903CF24C07
:1037C000124D5355B0440E2CAD2BEE3BAD3BCE4BC2
:1037D0004C438932072AE729A629A6298521852174
:1037E0008629A629A629652145218521A62986297C
:1037F00065216521A629C629E631C629A629C6293B
:10380000E731C631C629E731283A283A283A283A1A
:10381000073A083A283A083A283A283A283A483AD9
:10382000483A283A494289424942493A6942483A23
:10383000283A283A284248424842484248424842A8
:103840004842894A894A4842484268424842284296
:103850002742684A27422742073A073AE739E639BA
:10386000063A27424842684A8852CA5AC952A9525F
:10387000A9520A63EA5AEA5A6C6B2A63684A474AB1
:10388000884A674AC95AE95A8852A952EA5A4B6388
:103890002A63AD73708CAC73684A27424B63EA5A53
:1038A000A952274289522B63684A884A684A273AB4
:1038B000483A273A483A6942483A483A073AC631BC
:1038C000A629C729E73108320832E7310832E73143
:1038D000E729482A89328D4350540F44EE3B2F3C50
:1038E000EE2B703CF244D2445034302C7134B23C54
:1038F000D244D344144D144DD23CB234D33CB234F0
:103900001024CF2B103C72549264B274D274748D14
:103910009595B59D95955495749575955485548553
:10392000137D147DD374315C104CEF330F2C502C6D
:10393000502C912CF23CD23C9234B23C14451445AC
:10394000F3441345554D344D13451445344D5555E9
:10395000344D545555555555344D5555555555556A
:10396000134D345534553455F34C344D5555344D71
:10397000D23CB23CD23CD33CF23CF23C33453345E2
:10398000F23CF23C33451245F23C12453345324598
:10399000F23C123D3345123DD23C12453345F23CD8
:1039A000F13C12451245D13CD13C1245334DF24415
:1039B000D23CF244134591349144346DB78DF99D56
:1039C000F895B795D895B78DD895D895B78DB78D0B
:1039D000D895B795B78D56855685567D925CAE3B8A
:1039E0008E338D230B136C1B0E2CCD236F344F3471
:1039F000D144F14CD14CF14C3255535532553255DE
:103A0000745D535D335D945D945D324D7355D46D3B
:103A1000157ED47D316D6E4CD04C4E342D34D04C4F
:103A20001155F054536DF57D936DAF4CCF548E44CA
:103A30008F44F14C735D5355B03C2F34124D946557
:103A4000B144EE2B2E342F34703C904C504CCE436E
:103A5000CA320822C721C729A629652165218621E6
:103A600065218521A629652165216521A629A6292B
:103A7000A52985298529A629C629C629C629C62991
:103A8000C631E73107320732283A284248422842F5
:103A9000273A273A484269426942694A694A694273
:103AA00068424842283A283A283A283A083A073AD7
:103AB000E7390742074207422842684A894A484292
:103AC0002842273A484A484289520B5BEB5A894AB6
:103AD000684A684A2842074207420742074227428B
:103AE000E639E63947428852A952EA5AC95AC95AB0
:103AF0006C6B6B6B0A636C732E84CD7BEA5A674ADE
:103B0000A8524B6BAD732B63C952E95A8C6BCD73C2
:103B10004B63909412A5ED7B2A63684A2B632F8C2C
:103B20002B6BEA62EA626B6B8852C9528952A94ACE
:103B3000694A4842284269426842483A283A283A43
:103B4000283A283A283A28320832E731E731E73173
:103B5000E731E729482A2B3BCE4BCE3B2F442F3C65
:103B6000EE2B9144134D1355D244913CF344F34C46
:103B7000D244B244F344134DD3449234B234B234F9
:103B8000102CAE23CF3B31547264B26CF37C758D34
:103B90009595B595759554957495748D5485348522
:103BA000147DF37C936C3154EF43AE2B0F2C2F2CF0
:103BB000502C712CD33CD23C9234D33C1445144548
:103BC000F3441445354D344D14451445344D555585
:103BD000344D344D55555555144D34555555555551
:103BE000144D134D344D144DF34C3455344DF344B2
:103BF000B23C923CB23CB23CF23CF23C32453345E2
:103C0000F23CF23C1245F23CF23C1245334532455F
:103C1000F23C123D323D123DF23C12451245F23C5F
:103C2000D13C12451245F144D13C1245334DF2448A
:103C3000F23CF2441345913C9144346DB78DF99DAB
:103C4000F895D895D895D895D895D895D895D88DF4
:103C5000B78D978D978D568576857685B364AE3B07
:103C60008E2B8D230A0B6B130E2CED236F346F34C8
:103C7000F24C124DD144F24C335553553255325516
:103C8000535D335D3255745D7355324D114D325D68
:103C9000B375F4853175CF5CF0544E342D34525DDC
:103CA000F475F05432651686936DD04CAE4CAF4C23
:103CB0008F4C12555355903CEE23903C5355B144D4
:103CC0009044703C124DD1442E34CD338C330B33A1
:103CD000692AE719A721C72986214521652186215F
:103CE0006521652185216521442164218529A62935
:103CF000A52985298529A529C631C631E631E731AF
:103D0000073A273A273A073A273A28424842484290
:103D100048426842894AA94A894A894A894A894A5D
:103D2000694A48424842283A4842283A073A2742D4
:103D3000284227420742484A894AA952894A0742EB
:103D4000073A2742684A2742073A894AEA5AA9525B
:103D5000484A48422842E639E639E639073A4742B6
:103D6000484247428852A952CA5A0A63EA620A6321
:103D70004B6B4B6B6B6B6B730D842E84EE836B6B99
:103D80006B6BED7B0E842E84ED7BAC734F8C6F8C54
:103D90002E8412A552A56F8C4B6B0A5B2F8CD19C85
:103DA000CD7B6C734B6B6C738852C952E95A0A5BBA
:103DB000A952684248424842273A4842273A073ABD
:103DC000E739C631C629C629C629C729C731A62958
:103DD000A629E72948320B436C3B4C338D338D2B9E
:103DE000AD2B703C134D1355B244913CF34CF34C46
:103DF000F344B244F344144DB33C9234B234B1347E
:103E00000F2CCE2BF043515C7264B26CF374758D41
:103E10009695969D759554957495748D548D3485AD
:103E2000147D147DB36C515C1044CE330F2C2F2CB9
:103E3000502C712CD33CD33C9234D33C14451445C4
:103E4000F3441445344D344D144D144D344D344D1C
:103E5000144D344D55555555144D344D3455344D40
:103E6000F344F34C344D144D144D344D344DF34460
:103E7000D344D344F344144DD13CF23C3245334552
:103E8000F23CF23C1245F23CF23C124533453245DD
:103E9000123D123D3345123DF23C13453345F23C91
:103EA000F13C1245324DF144B13C1245334DF244E0
:103EB000F23CF24413459134914C356DB78DF89D29
:103EC000D895D895D895F895F89DF89DF895D895FA
:103ED000B78D978D978D568556857685D364AF3B84
:103EE0008E2BAD2B0B136B130E2C0E244F346F3413
:103EF000F24C124DB144124D53555355324D32557B
:103F0000535D335D1255735DB45D73553255325D4B
:103F1000736D937DF06C106D72652D340D2C525DB8
:103F20001576D0543265568EB46DD04CCF4CAE4C15
:103F30008F44D14C903C903CF1443355F24C703C52
:103F4000703C2F344F34ED2BCD23AD2B0F448D43DC
:103F5000892AA6198619A621862144194521862970
:103F6000852165216521852124214421652185291B
:103F7000852965296529852985218529A529C631B0
:103F80000732273A073A073A073A273A4842694A36
:103F9000894AA94ACA52CA52CA52AA52AA52894A3C
:103FA000894A68424842273A4842484227422742C3
:103FB000684A484227422742684AA952CA5AA95227
:103FC000684A4742A952A95247422742894AEA5AB7
:103FD000EA5AA952684A47420642064227424742E5
:103FE0002742274288520A632B634B6B6C6B6C6BC6
:103FF000EE7BED834B6B4A6BED7B2E846F8C0D84D7
:104000002E84B0944F8C6F8C9094CD736F8C4F8CAA
:1040100012A594B553AD6F8CED7BCD7BB19CF2A412
:104020000E842E840E842E848C738C736C6B8C6B3C
:104030000A5B894A4842273A273A483A073AC63142
:10404000E731A629852185218521A629C62986292A
:10405000A629E729282AA9320B3B0B330B2B2B234C
:104060006C230F347144703C503C503CD244F344B8
:10407000F34CD244F344F34CD33C9234B234912CFD
:104080000F2CCF2B304C9264926CB26CF374758D04
:104090009595969D759554957495748D548D34852C
:1040A0003485147DD36C515C1044CF330F2C2F2CEE
:1040B0005024712CD33CD33C9234D33C144514454A
:1040C000F344F344344D344D144D144D344D344DBC
:1040D000F44C144D54555555F34C144D144D144D8A
:1040E000F34C134D5455344DD344144D144DD34417
:1040F000D344F344144D344DD13CF13C3245334567
:10410000F23CF23C33451245F23C12453345324510
:10411000123D32455345323DF23C1245334512457E
:10412000F13C12451245F144D13C1245334DF24465
:10413000F23CF24412459034914C356D978DD89DE8
:10414000D895B78DD895D895F89DF99DF895F8959F
:10415000D895D895B78D76855685567DD364CF3B57
:10416000AE2BAD2B0B136C1B2E2C0E244F346F3447
:10417000D144124DB144124D53555355324D325521
:10418000735D335D1255735D7355324D3255526513
:104190005275527D317D148EF47DED2B4E343255A7
:1041A000D36DF0543265167E9365AF4CAF548E4C90
:1041B0002E3C6F4490443255124D903C0E2C503C96
:1041C0004F3CCD2BCD230E2C0E342F3C70548D4301
:1041D000282285116519A6216521441945218629C2
:1041E00085216521652185214421242144216529DA
:1041F0006529642964298529852985298529A52991
:10420000A529C631E631E631E631073A4842894A06
:10421000A94AA94AAA52CA52AA52AA52AA52894AD9
:10422000894A4842273A273A273A48424842484270
:104230008952684A484A47424742684AA952A952A5
:10424000A952A8520A5B2A63C952A8528952C9527C
:10425000EA5A2A632B632B63C95A8852474A474A52
:10426000684A684A8852C95A0A634B6BAD7B4F8CC7
:104270006F8C4E8C4F8CED7BCC7B2E84D09C6F94BE
:10428000B09C53ADF2A4D19C12A5D19432A573ADCC
:10429000B4B516C652A58F8C12A590949094F19C3B
:1042A0000E842E84CD7BAC734B6BAC7BCD73CD7BFE
:1042B0002B63884A684A884A68424842073AC631AE
:1042C000E631C631A529A529A629C629A629852111
:1042D000A629E729072A272AEB3A6D438D3B6C3341
:1042E0004C238D230F34EF33EF2BEF2B913CB24453
:1042F000D244F344F34CF344B23CB234D234912C64
:104300000F24CE2B1044925CB26CD374F37C758D69
:104310009595959D75955495548D548D548514851A
:104320001485147DB36C515C1044CE330F2C502C8B
:10433000502C912CD234B2349234B23C14451445F2
:10434000F344F344344D344DF444144D344D344D62
:10435000F44C144D34555455F34C144D344D3455E0
:10436000144D144D5455344DD344144D344DF34431
:10437000B33CF344354D7555D13CD13C12453345E2
:10438000F23C12453345334512451245334512453B
:10439000F23C324553453245D13CF23C1245F23CA9
:1043A000F13C12451245D13CD13C1245324DD13C35
:1043B000D13CF244124570349144556DB78DD89577
:1043C000D895B78DB78DD895D89DF89DF895F89567
:1043D000F895F895D895978D5685567DD364EF431B
:1043E000AE338D23EA0A6C132E2CED236F346F3C11
:1043F000D144F24CB144F24C33555255324D5255E2
:10440000735D335D1255735D735D114D11553165EB
:10441000937D159676AEF8B6936DEC2B6F3C3255C6
:10442000925DAF44D054736D72658E444D448E4C92
:104430000D3C6F3C945D33554F34EE2B4F3C914413
:10444000703C0E2CB044D1446F3C2F3CEE43A92A63
:104450008511A621862186216521442144216521DB
:1044600065216521442144214421442144216529B9
:104470008529852985298529C631C631C631A529D1
:104480008529A529A631C631C631073A483A68427E
:10449000694269428942894A894A894A894A894ADC
:1044A000684A484248424742484247426842684A4E
:1044B00089524742674A884A884A88528852684ADD
:1044C0008852A852EA5AC95AC95AE95AC95AC9520D
:1044D000EA5A2B636C6BAC736C6B2A63E95AA95A6A
:1044E000C95AA85A8852C95A2B6B6B6B0D844F8CD2
:1044F00090946F942E846F8C8F948F948F940D84EE
:104500002E8432ADB4BDB4B553AD52AD94B5F5BD46
:1045100036C615BED5BD73AD73ADD19CF1A4F19C6B
:104520000E842E8CCD7BCD7BAC730E84ED7BCD7356
:104530006B6BC95AA952EA5AC952884A4742073A8C
:10454000C631C631E731E731E731E73186298529C0
:10455000A629C729E729E721AA3A6D4BAE4B8D3B27
:104560006D2BCE332F3CEF33EF2BCE2B513C713CD8
:10457000913CD244134DD244B23CB234D234B23422
:104580000F24AE23F043515CB36CD374137D758D4F
:104590007595959D75955495548D548D33851385DA
:1045A000F47CF47CB36C515C304CCF330F2C502C2A
:1045B000702C912CD234B2349134B23C1445144551
:1045C000F3441345344D344DF344144D35553555AE
:1045D000144D144D344D344DF34C344D5555555503
:1045E000144D144D344D134DF444144D344DF344D7
:1045F000B23CD344344D5555D13CD13C123D1245CB
:10460000F23CF23C33453345F23C12453345123D12
:10461000F23C324553453245D13C123D1245F23C05
:10462000F13C12451245F144D13C12451245D13CB2
:10463000D13CF244124570349144556DB78DB89514
:10464000D895D895D895D895D895D89DF895F895BA
:10465000F895D895B895768556853575D364F04329
:10466000AE338D23EA0A6C13EE23CD236F346F3CF7
:10467000D144F24CD144F14C3255324D124D525589
:10468000735D33551255735D945D114D1155116570
:10469000D48577A697B6159EAF540D344E3C315550
:1046A000725D6E3CD04C7365525D4E444D448F4CF0
:1046B0000D3C4F3C5355F24C703C703CF24CD14C8D
:1046C0004F3C903CF14CB0442F3CEE3B8D3B281AC4
:1046D0006511E729A629652145214421442144216A
:1046E00045214421242124214421442144216429B9
:1046F00085298529A531A631C631C631C631A631F5
:10470000A529A529C631E631E739073A483A484292
:1047100048424842694289426842894A894A894AEC
:10472000894A884A884A884A68426842684A684A88
:10473000674A474A8852C952C95AC95AC95AE95A96
:104740000A63E95A0A63E95AEA62E962C95AE95A0C
:104750002B6B4B6B4B6B8C734B6B6B738C736B73E7
:104760004B6B2A6BE9622A6BCD7B8C73AC7B4E8CD6
:104770004E8C4E8CF1A4F1A4B09CAF94AF944E8CAF
:104780004E8C32A515C616C656CEF5BDB4B516C6A6
:1047900057CEF5BD16C6D5BD53ADD19C94B532A547
:1047A000F19C12A5909490946F94D09C0E84CD7B34
:1047B000AC736B6B4B6B8C6B4B63A952684A274293
:1047C000C631C631073AE731E731C731C631E73183
:1047D000E731C729E729E7292832EB3A4C434C3324
:1047E0008D332F3C7044503C303C0F3450345034A7
:1047F0005034923CD34CB244B23CB234F234B23472
:104800000F24AE23F043725CB264D36CF37455850D
:10481000758D969D75957595548D338D1385F37CA7
:10482000F37CF47CB36C515C304CEF332F2C502C68
:104830007024912CD234D2349234B23C1445344595
:10484000F344F344344D344DF344F4443555555555
:10485000144D144D344D144D134D344D5555545580
:10486000144D134D344D144DF344F444344D14455C
:10487000B23CB23CD33C923CF23CD13C123D123DA6
:10488000D13CF23C33451245F23C12453345123DD2
:10489000F23C334553453245F23C12451245F23C59
:1048A000F13C12451245F144D13C1245324DD13C08
:1048B000D13CF23C1245913491447575B78DB79552
:1048C000D895D895D895D895D895D895D895D88D88
:1048D000D88DB78D978D5685567D3575D364104428
:1048E000AE33AD2BEA0A6C1BCD23ED234F346F346E
:1048F000B144F24CB144F24C3255324D324D525526
:10490000935D32551255735D5355114DD054F15C82
:10491000F174F17CD07C4E640D4C0D3C4E3C315515
:10492000314D6E34D04C736511554E3C6E4C8F4CEE
:104930000D3C2E3C9044F24CB04490449044904442
:104940004F3CF24CD144B0440E34AD3BAD43071A5A
:104950008511A621A62985214421442144214421F1
:104960004421442124214421442144294429442927
:1049700064298529853185318529A531C631C6311E
:10498000A631C631C631E739073A273A28424842AC
:1049900048426842894AA94A894A894A894A894AD1
:1049A000894A884A884A884A4742674A884A684A00
:1049B000674AC95A0A6309630A63C85AC85A2A6B04
:1049C0008B736B738C738C736B736B732A63E95A81
:1049D0002A638C73AC7B8B736B6B6B73AC7BAC7B24
:1049E000ED83ED834B734A6BAC7BAC7B2E8C6F9469
:1049F0008F946E944E948F9CD0A4F0A432AD11A5E8
:104A0000AF9CD09C73B5D5BD56CE56CEF5BDB8DEA5
:104A100036CE36C6F5BDB4B553ADF1A4B4BD93B52D
:104A2000B4BD93B5D19C4E8C2E8CD09C4E8C0D84F5
:104A3000CC7BAC73ED7B2E84CD732B63A952684A7B
:104A400047422742073AC631C631E631E731083AD4
:104A50000732C629C629C629C72169322C436D3BB6
:104A60006C33EE3B7044B144503C303450343034FD
:104A70005134713C9244B244D23CB234D234B12C61
:104A80000F24AE2310449264B264B36CD374548583
:104A9000758DB69575955495548D338D1385F37C2E
:104AA000F47C147DB36C3154EF43CE330F2C502C77
:104AB00050247124D234D2349234D23C144534453B
:104AC000F344F344144D144DF344F4443455555514
:104AD000144D144D344D344DF34C144D344D344D70
:104AE000F344134D544D344DF344F344344D344D9D
:104AF000F344F344D33C9234F23CF13C123D123D7A
:104B0000D13CF23C3345124512451245334512451E
:104B1000123D334573453345F23CF23C1245F23CBD
:104B2000F13C12451245D13CD13C1245334DF14484
:104B3000D13CD23C1245913C91449675B78D9795E6
:104B4000B795B78DB78DB78DB795B895B78DB78D2C
:104B5000B78DB78DB78D5685567D3575F46C10447D
:104B6000AE33AD2B0B136C1BED230E2C4F346F3477
:104B7000B044124DB144124D53555255324D535518
:104B8000935D52551255735D735D3255D054B05CD0
:104B9000AC4BE93A09434A4BCC43CC2B4E3C314D0C
:104BA000CF446E348F3CD04CB0446E3C6E4CAF540E
:104BB000CD332E3CD14CF24C903CB144F24CB1443C
:104BC00012553355B044B0442F3C8D336D43C61954
:104BD000A621A629862965214419441924214421A6
:104BE000442144214421652144296529652944291A
:104BF0004429652965296429A531C631E639E63994
:104C0000C639C631E631E631073A273A273A4842F3
:104C100048426842894AA94AA94AA94A894A884A0F
:104C2000684A68426842674A684A4742474A885227
:104C30006752C85AC95AC85AE962E9620A6B2A6BB4
:104C40002A6B2A6B6B736B736B738B7BAC7B8B7B6D
:104C50004A6B4A73AC7BCC83CC7BAC7B8B7B4A733B
:104C60008B7BCD83AC7BCC83ED83EC832E8CAF9C94
:104C7000F0A4F0A4D0A4D0A4F0A4F0A4B3BD15C6B1
:104C8000F5C5B4BD93BD15C677D656CE57CE77D6EB
:104C900077CEF5C516C6B4B5D09C12A5B4BDD4BDAB
:104CA00093B5F1A411A5D19CD09C12A58F942E840C
:104CB000CC7BCC7B2E8C6F8C4F84ED7B4C6BEA5A7B
:104CC000A9524842073AE631E731E731C731E731C7
:104CD000C6298521A6298521C729282AEB3A2C3BFC
:104CE0006C33CE3B0F3C2F3C0F342F3430343034F8
:104CF000913C513C303CB2449134712CB12CB22CDB
:104D00002F2CCE2B1044925CB364D36CD3743485B7
:104D1000758DB69575955495548D348D3385148560
:104D200034853485B36C3054AE3B8E2B0F2C502C15
:104D300050247024D234D2349234D23C14453445B9
:104D4000F344F34414451445F344144D3455355598
:104D5000144D144D3455344DF34C144D144D144D25
:104D6000F344F344344D134DF344F344344D344D84
:104D7000F3441445344D1445F23CF13C123D3245A8
:104D8000F23CF23C13451245F244124533451245BC
:104D9000F23C334553451245F23C123D1245F23C7C
:104DA000F2443245324DD13CD13CF1441245D13C24
:104DB000B13CD13C1245913CB24C9675978DB8955B
:104DC000B895B795B78DD895B895B795B795D89547
:104DD000F895B78D978D357D357D1575F464104444
:104DE000AE33CE2B0B138C1BED230E2C4F346F3CAC
:104DF000D144124D903CF14C3355324D124D535528
:104E0000935D52553255735D935D1155F1546F5456
:104E10002A3B46226732093BAC3BCC2B4E34AF3C9D
:104E20008E346E348F3C8F448F3C8F448F4C4E4475
:104E3000AC2BED331255335590449044F24CF24C68
:104E4000124D903C2E34EE330E3CEE434C43651134
:104E50006519C629652165292419241924214421AD
:104E600024212421442144216429652944294429F9
:104E70004429652985318531A531A5318531A63192
:104E8000C639E739073AE739073A073A073A484255
:104E9000694A684A6842894A6842684248426842A8
:104EA000684A684A684A684A884A6852675288521B
:104EB000A85AC962E962096B2A6B2A6B6B736B7320
:104EC0008C7B8B7BCC83EC83AC7B6B736B73AC7B0D
:104ED000AC7B4A736B73ED834E946F942E94CC83AA
:104EE0006B7B4A734A734A736B7B8B7B8B7BEC8B3C
:104EF0004E946E9C8F9CF0ACF0A4F0A411AD93BDC9
:104F000015CE35CEF5C5F4C536CE56CE56CE57CED7
:104F100056CED5BD73B573B573B511A5F1A4B4BDA7
:104F200032A5F1A4F1A411A5AF94AF948F946F8C26
:104F30002E8CAC7B8B73CC7B4F8C708C2F848C6BCA
:104F4000EA5A884A0742C631C631A5298529A529CA
:104F5000C62985296521A6298621E72189322C3B8E
:104F60008D33CE3B0F3C2F3C0F340F2C50342F2C65
:104F70003034513C513CB244923C712CB22CD2346E
:104F80002F2CAE23104472549264D36CF374548566
:104F9000758D969575955495548D548D34851485DD
:104FA00034853585D374F04B8E33AE2B30342F2CB3
:104FB00050247024D234D2349134B23C1445344558
:104FC000F344F344F444144DF344F444344D344D69
:104FD000F444144D344D344D1345344D344D144D7B
:104FE000D344F344344D1345F3441445344D144D28
:104FF0001345344D554D7555F23CF13C123D12456B
:10500000F23CF23C334513451245334533451245D6
:10501000F23C3345534D1245123D1245124512459F
:10502000F2443245324DF144D13CF1441245D13C79
:10503000B13CD13C1245913C91447575978DB79523
:10504000B795B795B78DD895B895B895B795B78DED
:10505000D895B78D978D3585567D567DF46C304C3F
:10506000AE33AD2BEA0A6C1BCD230E2C4F346F3CB4
:10507000D144124D9044F24C5355324D124D534D84
:10508000935D52553255735D535D1255115D905CC1
:105090002A3B0622462A093BAC33AC2B2E34CF3CAC
:1050A000AF348E348F3C6F3C6F3CD044AF4C2D3CC2
:1050B000CC2B2E345355324D703C703C3355535DE0
:1050C000B1444F346F3C2F3C4F4CCE43CA32241175
:1050D000A621A6296521242124190319231923199E
:1050E00003192319242123214429442964296429EB
:1050F0006529A531A631A631852985298531A631B5
:10510000C639E739073A073A073A073A073A073AFA
:10511000073A063A073A2742273A274227424742A8
:1051200027422742474A884A68528852885AA85AD2
:10513000C962C962E96A2A732A736B7B6B7B4B7BFA
:105140004A73AC83AC838B7BAC83AC83AC838B7BAB
:105150006B7B6B7B6B7B8B7B0D8C4E946F9C6F9C06
:105160004E94ED8BAC838B838B83AB838B838B8350
:10517000AB83EC8B4E9CAFA4D0A4AFA4D0A472B5EB
:10518000F4CD15CEF5C515C656CE97D615CED4BDE1
:1051900015CE56CE94BD11A573B511A56F9412AD61
:1051A000D4BD93B552ADF19CD09C8F946F8C4E8C36
:1051B0006B73AC73CC7BAC7BED7B0E84EE7B6C6B4A
:1051C0000A5BA9522842E739A631A5298529A529D4
:1051D000A629A6298629C629C729C721482AEA322D
:1051E0008C3B0F44704C9144503C5034713C913C8A
:1051F00050341034303C7144B23C9134B134912C71
:105200000F24CE2B10445154725CB264D36C347DA5
:10521000558D969575955495548D748D348514855A
:1052200014853485B374EF4B2C2B8D2B2F2C502CE5
:105230005024912CD234D2349234B23C13451445CC
:10524000F344F3441445144DF344F444344D344DC5
:10525000F444144D344D344DF344344D344D344DF9
:10526000F344F344344D1345F3441445344D144D85
:10527000F344F344F344F344F23CF13C123D124551
:10528000F23C1245334D33451245334D534D1245D3
:10529000F23C3345534D1245F23C1245334512451D
:1052A000F13C3245324DF144D13CF2441245D13CFF
:1052B000B13CD13C124591347144556D7685978D42
:1052C000978DB78DB78DB795D89DD895D895B78D53
:1052D000D78D978D778D357D367D357DD364304C78
:1052E000AE33AD2B0A0B6C1BCD230E2C4F346F3419
:1052F000D144124D903CF14C5355324D1145524D15
:10530000935D53553255735D735D3255125D4F4C4D
:10531000E92AE5112622E9326B2B6B1B0D2C8F3409
:105320008E346E346F3C4E346E34AF446E3C0C346D
:10533000ED336F3C5355124D703CF24C745DF24CA2
:105340004F342F34703C4F442F4C2B330722241101
:10535000C62965216421442123190319031923193E
:1053600003210321242123212421442144294429E8
:1053700044296529852985298531A631E639E6390B
:10538000C631A531A531A531C631C639E639C63990
:10539000C639C539A531C539E639063A27424742EB
:1053A00027420642274A674A6752A85AE96A2A737F
:1053B0004B732A730A732A736B7BAC83AC83CC8BDD
:1053C000AC83CC83AB838B83CC8B0D942D940D94C9
:1053D0004E944E9C0D94AC83AC83CC8BEC8B2D9473
:1053E0004E944E942E944E9C4E9C0D940D944E9C37
:1053F0004E9C2D942D946E9CD0AC10AD51B593BDA8
:10540000B3C5B3C5D4C515CE15CE35CEF5C5B4BD1F
:1054100094BD36CEF5C511A511AD32ADF1A46F9492
:105420008F9473B552AD52ADD09C4E8C11A56F9434
:10543000AC7BAC7BCC7BED836C738C738C6B6B6BBC
:105440000A5BA9522842E639C631A5298521A52142
:1054500085298629A629C631C629E7292822892235
:105460002B2B0F44B14CB14C503C30343034B2444F
:10547000913C503C9244713C50349134B12C702C8E
:10548000EF23CF2B10445154525C9264B36C147DC3
:10549000558D9695759554957595758D548D348566
:1054A00014851485936CCF4B0C2B6D232F34502C0B
:1054B000702C912CD234B2349234B23CF344134564
:1054C000F344F3441445344DF344144D344D344DFA
:1054D000144D144D344D344DF344144D344D344D6E
:1054E000F344F344344D1345F344144D554D144DDA
:1054F000D344D33CD33CB23CF23CF13C123D124588
:10550000F23C1245334D33451245534D544D12452F
:10551000F23C3345734D1245F23C12453345F23CA3
:10552000D13C1245324DF144D1441245334DD13C6A
:10553000B13CD13C124570347144556D7685778D00
:10554000978D978DB78DB795F89DD89DD895D8959F
:10555000D78D978D778D357D357DF574D364304C3F
:10556000AE33AE2BEA0A6C1BED232E2C4F346F3476
:10557000B144124D903CD1443255124DF144324D5C
:10558000735553553255735D735D3255904C8C3362
:1055900027128401C511671A4A234A13AC1B0D2434
:1055A0002D244D2C4E344F346F346E342D34EC2B6F
:1055B0002E34B044124D124DB144124DF24C4F3CBA
:1055C0004F34904490444F448D3B8922A6192411B6
:1055D000C6292421442144212319231923192321D5
:1055E00024212421442124214429642944294429B3
:1055F0004429652985298529C639C631A6318531D1
:10560000852985298531A531A531A531A531A5315A
:10561000C639E639C639E639E6390642264A674AC6
:10562000674A474A46526752A85AE9622A738B83EF
:10563000CD8BCC8B8C838B838B838B83ED8B0D9469
:105640002E9CED93ED930D94ED930D940D946F9C22
:10565000D0ACD0AC8FA44E9C2D942D942D944E9C08
:105660006F9C8FA4AFA4D0AC8FA44E9C2D940D94AE
:105670000D944E9CAFACCFACD0AC11B552BDB3C500
:10568000D4C5B3C5D4C5F5CDD4C5B4BDD4C5B3BD9B
:1056900052B5B4BDD5C553B5D0A411AD11ADB09CB4
:1056A0000D844E8CB09472AD11A5B09C8F948F94E4
:1056B0004E8CAC7B6B736B736B734B6B6C6B8C73C3
:1056C0006C6B0A5BA9524842073AC6298529A52175
:1056D000852185218629A631A629E729482A68221D
:1056E000C9228C332F447044503C0F34CE2B50349D
:1056F000713C913CD34C92443034302C702C702C43
:105700000F24CF2BEF3B314C525C9364D36C347D30
:10571000558D96957595548D7595758D3485148533
:105720001485147D726CAE430C238D2B2F34502CBA
:10573000502C912CB23492349234B23CF344F34462
:10574000D33CF3441445344DF344144D344D344D9F
:10575000144D144D344D344DD344144D344D344D0B
:10576000F344F344344D144DF344144D554D144D4E
:10577000F344F344F344D344F23CF23C1245324543
:10578000F23C1245334D33451245534D744D13458C
:10579000F23C3345534D1245F23C12453345F23C41
:1057A000D13C12451245F144D13C1245334DF244EF
:1057B000D13CF23C12457034714475757685778D15
:1057C000768D978DB78DD895D89DD89DD895D8953D
:1057D000D88DB78D978D357D357DD46CB364104CE5
:1057E0008E33CE2BCA0A6B1BED230E2C2E2C4F347E
:1057F000B13CF24C903CD144324D124DF144324D0B
:1058000073553255124D735D7355124D4F3C2B231A
:10581000C5012201A401881A8B236B136B13AC1BE7
:105820000D242D242E2C903C8F342D2C2D340C2C1B
:105830004E34D144F144124DB144703C903C903C04
:10584000B144D144B14C704C4C334822C6190311B9
:1058500065294421442123192319231923192321BC
:1058600023214421442944214429642964296529A8
:1058700085298531A531A631A63185296429642978
:105880008529A531853185318529A531C639C639A6
:10589000E64106420642064A0642064A464A875200
:1058A000885A875AA85AC862E96A09734A736B7B97
:1058B000CC8B0D940D940D942D942D944E9C2D9481
:1058C0004E9C6E9C8FA48FA48FA44E9C0D944E9CD6
:1058D0008FA48FA48FA4D0ACD0ACAFA48FA4AFA45E
:1058E000AFA4CFACAFACD0ACD0ACD0ACD0ACAFAC44
:1058F0006EA48EA4AFACAFACD0AC11B552BD93C505
:10590000B3C5B3C5B4C515CEB4C5B4C5B3C552B5DA
:1059100052B532B573BD73BDF1A48F94F0A46F94EA
:10592000D09C4E8C2E8CD09CB09C4E8C4F8CED839A
:105930004F94AC7B6B738C730A63EA620A634B6BA4
:105940004B630A5BCA52894A2842E631C629A5211F
:1059500085218521852985298629C629282A692A1C
:10596000CA2A4B2BCE3B0F440F3CEF33EF2B2F3487
:10597000303430349244F34C913C0F242F24502C7B
:10598000EF238E23AF3BF043515C9364D36C347DA3
:10599000758D96957595758D758D548D3485148599
:1059A000147DF37C51644D3BEB226D2B2F34502C36
:1059B000702C712C923492347134B23CF344F34421
:1059C000D344D3441445144DF3441445344D344D5D
:1059D0001445144D344D344DF344144D344D344D71
:1059E000F344F344344D144DF344F344144DF44460
:1059F000D344144D144D144DF23CF23C1245334542
:105A0000F23C1245334D33451245534D544D134529
:105A1000F23C3345534D1245F23C12453345F23CBE
:105A2000D13C1245324DF144B13C1245334DF24464
:105A3000D13CF2441345903491449675978D768D00
:105A40007685978DB78DB795B895B895D895B78D5C
:105A5000D88DB78D778D157DF4749364725C104486
:105A60008E33CE33CA0A6C1BCD230E2C2E2C4F3412
:105A7000B13CF24C903CD1445355324D1245324D1D
:105A800073555355124D7355945D124D4F3C2B1B5E
:105A9000C5012301060A4B2BED2BAC1B8B13CC1B32
:105AA0002D242D24ED2B903C8F342D246E34EC2BA3
:105AB0000D2CD144F144124D903C903CD144D14442
:105AC000F24CD14C904C704C6C3BE71965190311AA
:105AD000442144212319431923192319231923216C
:105AE00023212421442124214429442944294429CF
:105AF00064296529652965296429642985298529F9
:105B000085318529652964298531C63907420642D0
:105B10000642E541E641064A26524652675AA862C5
:105B2000A862C862E96A4A738B83CC8BEC8BEC8BDE
:105B30000D944E9C8FA4B0ACF0ACF0ACD0ACAFA444
:105B40008FA4D0ACF0AC11B511B5F0ACAFA48FA45C
:105B50008FA48FA4AFA4F0AC51B531B511B510AD81
:105B600011B531B531B552BD11B5F0B4F0B4F0B4E2
:105B7000CFAC8EA48EA4AFACD0AC11B531BD52BDAC
:105B800052BD52BD93C5F4CD93C5D4C5F4CD52B525
:105B900032B511B532B511ADD0A4D0A46E944E8CEF
:105BA0008F944E8CD09C2D840D8490946F8C6F9428
:105BB000CD7B8C736C734B730A63EA62EA5A0A5B9F
:105BC0000A5B0A5BCA5AA95248420732C629A52174
:105BD000A52185216529452965298629E7292822C6
:105BE000A92A6C3BEE43CE3BAE33CE33503C913CC6
:105BF00050340F2C3034D244913C0F2C3024702C74
:105C00000F246D238F33F04B525CB364F374357DF6
:105C1000758D969575957595548D548D348534850F
:105C20001485F37C31644D3B0C2B6D2B2F34703479
:105C300091349134713471347134B23CF34413456E
:105C4000D344D3441445144DF344F344344D344DFC
:105C5000F3441445344D344D1345344D344D344DD7
:105C6000F344F344144D134DD344F344F444D34468
:105C7000D344144D144D144DF23CF23C12453245C0
:105C8000F23C1245334D334D1245334D534D1245C1
:105C9000F23C3345534D1245F23C12453345F23C3C
:105CA000D13C1245324DD13CB03CF244334DF2442C
:105CB000D13CF24413459034B24C9675978D778D54
:105CC000768D978DB78DB78DB895B895D895B78DDA
:105CD000D78D978D7685F57CB36C93643154104CD9
:105CE0008E33AD2B0A136C1BCD230E2C2E2C6F3450
:105CF000D144F244903CF2445355324D1245324D5A
:105D000073555355124D5355945D124D2F344B23FB
:105D10002702A50147128C330D2CAC1BED1B2E2442
:105D20002E24ED23ED236F346F2C2D246E34EC23C1
:105D3000CC238F3C324D334DB144F24C124DD14403
:105D4000D144B14470442F44EB32851124112419FD
:105D50004421242103194319231903190319231971
:105D6000232123212421242144294429442944296D
:105D70004429442944294429642964296529652939
:105D800064296529A531C639E639E641E641C641AF
:105D9000C541C541264A675AA862A862E96A2973C3
:105DA0004A7B4A7B8B83CC8B0D946E9CAFA4AFA4B3
:105DB000CFACD0AC10B531B552BD52BD32B552BD2D
:105DC00031B552BD52BD93C552BD72BD52BD52BD1B
:105DD00052BD32B531B531B572BD92BD93BD93BDE3
:105DE00093C593C572BD72BDB3C5D3CD92C531BD48
:105DF00031BD10B5CFAC8EA4F0B4F0B4F0B411B591
:105E000052BD93C5B3C5B4C593C5D4CDF5CD93BD2F
:105E1000F1AC11B552BDD0ACB0A4AF9C8F9C6F94C7
:105E2000ED832E8C6F942E8C8C73CC7B4F8C0E84D8
:105E3000EE83AD7B6B730A6BEA62EA62CA5AC9529F
:105E4000CA52CA52A952694A28420732A52185215D
:105E5000852185214529452945298529A629C62148
:105E600048224C33EE43CE3BAE33CE337144B24482
:105E7000913C50345034913C5134502C502C502C87
:105E80000F2C8E23AF333154725CB36CD36C347DE2
:105E9000758D96957595558D548D748D5485348575
:105EA0001485F47C72648E434D338E3330347034F9
:105EB000B23C9134713451347134B23CF344F34404
:105EC000D344D34414451445F344F344144D144DC2
:105ED000F3441345344D344DF3441345344D144DC0
:105EE000F344F344144D134DD344D344F444D34406
:105EF000D344F34C144D144DF23CF23C1245124580
:105F0000F23C1245334D334D12453345334D124566
:105F1000F23C3345534D1245F23C12453345F23CB9
:105F2000D13C12451245D13CB03C1245334DF144B1
:105F3000D13CF23C1245703491449675978D9795FB
:105F4000B78DB895B78D978DD895D89DF895D8957C
:105F5000D895B78D978D157DB36CB36C1154314CBA
:105F60008E338D2B0B134B13CD230E2C4F34903CC3
:105F7000D144F244903C124D5355324D1245324DAE
:105F800073555355124D33557455124D4F3C8C2358
:105F9000C912680AC91A6B23CD238C134E2CB03456
:105FA0002E2CCC1BCD236F346F2C2D2C6E2C0C245F
:105FB000AB1B2E2C53557455124DB03C124D124D47
:105FC000D144B144904CAD3B271A65114419441992
:105FD000242144214421031903190319031903211E
:105FE00003190321232123212421232124212421D6
:105FF00044214429642965298529642944214421AF
:1060000064298531A631C639A539A539A539A539FF
:10601000E541064A675AC86A2A7329736A7BCC8BA2
:106020000D940D942D942D9C8FA4F0AC52BD93C56E
:10603000B3C5B3C5B3C5D4CDF4CDF4CDF5CDD4CD72
:10604000F4CDB4C5D4CDF4CDF4CDD4CDB4C5B3C561
:10605000D4CDD4CDB4C5B3C5B3C5F4C5F4CDF4CD5A
:1060600015CE15CE15CE15D635D635DE15D6F4D5CA
:10607000D4CD92C551BD72C531BD52BD52C572C598
:10608000B3CDD4CDD4CDF4CDF4CDF5CDB4C573BD61
:10609000F1AC32B532B511ADB0A4B09CAF9C4E940A
:1060A0002D8C0D84ED836F8CAC7B6B6BCC7B8C73F8
:1060B0002E84AC7B4B6BEA62CA5AEA62CA5AA95276
:1060C000A952A952694A484A4842073285216421A7
:1060D000852185296529652965296529A629C6217E
:1060E000071AAA2A8D3B0F44EF3B303C9144913C68
:1060F0005034913CB23C7134713C5034EF23CE1B90
:106100000F24CF2BAF3B31547264B36CD36C147D2E
:106110005585968D558D548D548D548D34851485AB
:10612000147DF47C936CEF4B6E33AE330F347034CC
:10613000D23C9134513451347134B23CF344F34481
:10614000D344F34414451445F344F344144D144D1F
:10615000F344F344344D344DD344F34414451345D0
:10616000F344F344344D144DD344F344144DF344F9
:10617000D344F44C144D144DD13CD13C124512453E
:10618000D13CF23C3345334512453245334D12453F
:10619000F2443245534D1245D13CF23C1245F23C9B
:1061A000D13CF23C1245D13CB03C12453245F13C69
:1061B000D13CD23CF24470349144756D978DB795C3
:1061C000B795D895F895D895D895D89DF895D89540
:1061D000B795B78DB78D357DD474936C5264AF434A
:1061E0006D33AE2B4C1B4B13AD1B2F2C2F2C4F3470
:1061F000D13CF244B13CF244334D324DF24C334D7C
:106200007455334D124D53557355324D4F34AD23A4
:106210002B1BEA120A134B1BED23AC132E248F34D5
:106220000D240D240D242E2C2D240D242D2CEC2397
:10623000AC1B4F34324D945DF24C903CF244124D05
:10624000D1449044B1540B2BA611451165218521F1
:106250006421031123190319E318031903212321CE
:106260002321032103212321242124212421442922
:106270006529853165294429442144294429442933
:106280006429653185318531A531A439A439064A9F
:106290002652875AE86A6A7BCC8B0D942D9C6E9CA3
:1062A0008FA4D0ACF0AC10B531B552BDB3C515CE8E
:1062B00036D636D636D656D677DE76DE77DE77DE3B
:1062C00077D656D656D656D677D656D656D676DE04
:1062D00077DE76DE36D635D615CE35CE36D656D6E0
:1062E00056D656D677DE98E697E677E677E676DEF8
:1062F00056DE15D615D615DE14D6D3CDD3CDD3CDD7
:10630000D3CDF4D515D615D635D615D6D4CD52BDA8
:1063100011B511B5D0ACB0A4D0AC6E946E944E94BF
:106320000D8C2E8CAC7BEC7B4E8CED838C734B6B8D
:106330006C738C736C73EA62C95AEA5A0A63CA5A5C
:106340008952684A684A484A073AC631C631A5297F
:106350004421242185296529652986298621A619B4
:10636000C7194822EB2AAE3BCE3BEF333034D24440
:10637000913C913CF344B23C913C923C0F24EF237E
:10638000EF2B8E23CF3B515493649364D36C147DD5
:1063900055855585348513853485548554853485D4
:1063A00014853585F47C3054AE3B8D2BCE2B703468
:1063B000B13C91347134913471347134B23CF34452
:1063C000D344D344F444144DF344F3441445144DDE
:1063D000F344F34414451445F344F344344D344D2D
:1063E000F344F3441445F344D344F344144DD344E9
:1063F000D244F344134D1345D13CD13C12451245D0
:10640000D13CF23C3245324512453245334D1245BE
:10641000F2443245534D1245D23C12453345123DAC
:10642000D13C12451245D13CD13C12453245F13C9C
:10643000B13CD13CF2447034913C556D978DB89588
:10644000B895D895F895D895D895D895D895D895E4
:10645000D895B78D978DF474F474D474515C2D3342
:10646000AE3BAE2BEA0A6B13AD1B2F2C4F2C7034B6
:10647000F2441245B13CF244124D1245F244135518
:10648000745D3355124D7355535533554F348C232A
:106490004B1BEA0A0A0B6B13CD1B8C132E2CB0344A
:1064A0000D24ED23EC230D240C240C242E2CED23A1
:1064B000AC1B4F34124D5355F244B13C3355324D61
:1064C000903C70440E44681A65114519241924192A
:1064D0006421031903190319E318E31803210321A5
:1064E00023210321032103212321232124214429C2
:1064F00065296529442923210321242124212429D4
:1065000044296429643184318439C539E5416752AD
:10651000A76209734A7BCB8B4E9C8FA4F0AC31B53C
:1065200072BD93C5B3C5B3C5D4CDD4CDF5CD36D6E4
:1065300057D677DE77DE98DEB8DEB8E6B8E6B8E69E
:10654000B8DE97DEB7DEB8DED8E6B8DEB8E6D8E665
:10655000D8E6B8E697DE77DE56D676D697DE97DEB3
:1065600097DE97DE98DEB8E6D9E6B8E698E6B8E6B4
:10657000B8E697E677E656DE55DE14D6F4D514D69F
:1065800034DE35DE35DE35D635D635D6D4CD73BDE1
:10659000F1B411B5AFAC4E9C8FA46E9C0D8C2D94B4
:1065A0000D8C4E8CCC7BCC7B2E8C2E8CCC7B0963C3
:1065B0002B6B8C736C730A63EA5AEA5AEA5AC95A0B
:1065C0008952684A684A894A2742C639C631C63163
:1065D000652944216521442165218521862185196C
:1065E000E7218A2A2C334D33CE330F340F34913CBC
:1065F000B13C70347134D244B24450347134302CD4
:10660000CE23CF2BCF3B51549364936CD36C347D0A
:10661000558575853485148534855485558534852F
:10662000147D1485F47C515CCE43AE33CE2B5034B4
:10663000B13C91347134B23C71349134D33CF34465
:10664000D344D344F444144DD344D3441445144D9B
:10665000F344F3441445F344F344F344344D144DEC
:10666000F344D344F344F344D33CD344144DD344D0
:10667000D344F344134D134DF13CF13C32453245C4
:10668000F13CF23C3245324512453245534D1245FC
:10669000F2443245534D1245D23C12453345123D2A
:1066A000D13C12451245D13CD13C12453245D13C3A
:1066B000D13CD23CF244703471443465978DD89DFE
:1066C000B895B795D895D895F89DF89DF89DF8950B
:1066D000F895B78D978D157D147D147592642D33C3
:1066E000EF3BCE2BCA026C13CD1B2E2C2F2C7034FB
:1066F000F2441245B13CF244334D124DF244134D75
:1067000074553355124D5355735553554F348C238F
:106710006C230A130A0B6B13AC1B8C132E2C9034B6
:106720000D24ED23ED230D24EC23ED234E34ED2B2E
:10673000AC1B4F34124D3355124DD1445355124DAD
:106740006F3C4F3C6C330712441165212419031927
:1067500044212319031903210321E318E21803211B
:10676000032103210319E218032124214421442990
:1067700044294421232103212321242124214429A4
:10678000642964318431A539E541264A875AE96A8A
:106790004A7BAB830C946EA4AFACF0B452BD72C50F
:1067A000B3C5D4CD15D635D676DE56DE56D677DED1
:1067B00097DE98DEB8E6B8E6D9E6F9E6F9E6F9E656
:1067C000D8E6B8DED8E6D8E6D9E6D9E6F9E6F9EEB5
:1067D000F9EED9E6B8E6B8E698DEB8DED8E6D8E64F
:1067E000B8E6B8E6B8E6D9E6D9EED9E6B8E6B8EE46
:1067F000D8EED8EE97E676DE56DE56DE55DE76E645
:1068000076E676E635DE14D655DE56DE15D693C529
:10681000F0AC31BDAFAC2D9C6F9CAFA4ED8BED8B7C
:106820000D8C2E8CED83CC7BCC7BED83ED7B2A63B2
:106830004B6B2A6B2B634B6BEA5AC95AA952A9526C
:106840008952684A684A694A2842E739E631C631BE
:106850008529652144212421652165218621A621E0
:10686000E721AA326D3BCE438D2BAE2B0F2C913CF2
:106870007034302C7134913C503450345034302CBE
:10688000EF23AE23CF3B525493649264D36C347D98
:106890007585958D558D348D5485548554853485F5
:1068A000F47C147DF474515CCF43AE2BAD232F2CBC
:1068B000D23CB1347134B23C71349234D344F34499
:1068C000D33CD344F4441445D344D3441445144D29
:1068D000F344F3441445F344F344F344144D144592
:1068E000D344D344F344F344D33CF344144DF3442E
:1068F000F344F344134D1345F13CF13C324532452A
:10690000F13CF13C32451245F23C1245334D124503
:10691000F13C1245534D1245D23C13453345123DCF
:10692000D13C12451245D13CD13CF1441245D13CF9
:10693000D13CF23C12459034914434657685D89D23
:106940009795978DD895B78DD895F89DF99DF89D19
:10695000199EB78D9785567DD374D374B36CCF438E
:10696000CF3B8D2BEA026C0BAD1B0E242E2C6F340B
:10697000D13CF244B13C1245334D334DF244134DFA
:106980007355334DF244334D745553554F34AD2345
:106990006C230A130A0B4B13AC1B8C132E2C6F3475
:1069A000ED23ED232D2C0D2CCC230D2C4E34ED2B73
:1069B000AC1B6F3432555355F244D1443255D14C4F
:1069C0006F3C2E3C0B2BE611241165214421031949
:1069D00023190319031923210321E318E218E218EC
:1069E00003190319E218E318032124214421242167
:1069F0000321031923212321242123212321432996
:106A000064318431A541054A675AC86229738B7B7A
:106A1000CC8B4D9CAFAC10B551BD92C5B3C5D4CD98
:106A2000F4CD15D636D677DE77DE97DE97DEB8E67C
:106A3000B8E6B8E6D9E6F9E619EF19EF19EFF9E685
:106A4000D9E6D8E6D8E6D8E6F9E6F9E6F9E6F9EEC9
:106A5000F9EEF9EEF9EEF9EED8E6D9E6F9E6F9E65F
:106A6000F9EED9E6D9E6D9E6F9EEF9EEF9EED9EE86
:106A7000D9EED8EEB8E677E676E697E696E676E6DD
:106A800076E655DE35DE55DE76E676DE15D693C53E
:106A9000D0AC31BDD0AC2D9C6E9C8F9C0D94CC8322
:106AA0000D8CAC83CC83CC832A6BAC7B2E8C4A6B55
:106AB0002A63E95AEA622B630A63C95A88528852E8
:106AC0008952684A484228422842073AC631A631CC
:106AD0008529652944214421852185218621A621F6
:106AE000E721892A6D43304CCE336D23AD235034DA
:106AF000302C502CB13C7134EF2B0F2C302C302C1F
:106B0000EF23AE23CF3B7254725C7264B36C347D5E
:106B10007585968D758D348D548554853485147D99
:106B2000147D1485F47C515CCF436D2B4C130F24E2
:106B3000D23CD2347134B23C9134B23CF344F3448D
:106B4000D33CD344F444F444D344D34414451445CF
:106B5000F344F34414451445F344F3441445F44416
:106B6000D344D344F344F344D344F344344DF44482
:106B7000F344F3441345F344F13CF13C123D123D20
:106B8000D134F13C12451245F13C124533451245D2
:106B9000D13C1245334D1245F23C33455345123D2D
:106BA000F13C12451245D13CB03CF13C1245D13C80
:106BB000B13CD23CF24470349144356D7685979562
:106BC0009795B795D895B78DB895D895D895D89508
:106BD000F895978D7685567DD36CB36C926410547E
:106BE0008E338D232B134C0BCD1B0E240E244F2CD8
:106BF000D13CF13CB03CF244334D324DF244124DA5
:106C00007455334DF144324D9455324D4F34AD23CC
:106C10004B1BEA0A0A132A13AC1B8B130D242E2CD0
:106C2000CC230D244E340D2CCC23ED2B4E34ED2BE8
:106C3000AC1B6F34324D3355D144D144F144F14C47
:106C40009044CD33A922A6112411242124212421EA
:106C500003190319031903210321E318E218E218A9
:106C6000E218E21803190319032124212421032126
:106C700003190319232123214429442923294329C2
:106C80006431A439E5494652A86229738B83EC8BA1
:106C90002D948EA4EFAC31BD92C5B3CDD4CDF4D537
:106CA00015D615D636D656DE77DE77DEB8E6B8E6E8
:106CB000D9E6D9E6F9E61AEF1AEF1AEF1AEF19EF4B
:106CC00019E7F9E6F9E6F9E6F9E6F9E6F9E619EF82
:106CD00019EF19EF19EF1AEFD9E6F9E6F9EEF9EE27
:106CE000F9EEF9EEF9EED9E6F9EE1AEF1AEFF9EE50
:106CF000D9EEF9EED8EEB8E697E6B7E697E676E68F
:106D000076E655DE55DE76E697E656DEF4D593C593
:106D1000F0B411B5CFB44D9C2D9C2D940D94CC8B1B
:106D20000D8CAC7B8B7BCC836B736B73ED836B6B4C
:106D30002A6BC95AC95AEA62EA5AC95A8852885211
:106D40008852684A2742E739073AE739C631A631FF
:106D5000A631852965216521652186298521651949
:106D6000C621692A2C33AE3B0F3C8D2B6C1BEE23C6
:106D700071349134713491340F2C6D1B302C502CA4
:106D8000EF23CF2BEF3B725492649264B36C347D4B
:106D90007585968D558D348D54853385147D147D80
:106DA00014853585F47C515CAF3B4C232B130E24AA
:106DB000F23CB134512CB23C7134B234F344F3445C
:106DC000D33CD33CF444F344D33CD344144514455E
:106DD000F344F3441445144DF344D344F344F344CF
:106DE000D344F3441445F344D344F344344DF344BF
:106DF000D344F344F444F444F13CF13C123D123DDD
:106E0000D134F13C32451245F23C1245334512452E
:106E1000F13C1245534D3345F23C12453345123D8A
:106E2000D13CF23C1245D13CD13CF1441245D13C1D
:106E3000B13CD13CD23C50347144556D7685979528
:106E40009795D895F895D895D89DD895B895B89533
:106E5000D895B78D9785357D1475D474515CF04BFA
:106E6000AE338D234B136C13CD1B2E242F2C4F2CA4
:106E7000D13CF13C9034F14432453245F244124D5C
:106E80007455334DF244324D7455124D4F34CD2369
:106E90002B130A0B4B1B8C1BAC1B6B13ED234E2CC3
:106EA000ED230D2C6E340D2CCC230D2C6F340D2CBA
:106EB000AC236F34124D334DF144903CB044125525
:106EC0007044EA220712A51124190419042124216F
:106ED00003212321031903190319E218E218E21808
:106EE000E218E21803190319242103210319E318F6
:106EF000031923212321022123212329232964315A
:106F0000A441E549465A876209736A83CB8B2C9466
:106F10006D9CCFAC30BD92C5D3CDF4D5F4D515D68C
:106F200035D656DE77DE98E698DE98DEB8E6D9E606
:106F3000F9E619EF19EF19EF19EF19EF19EF1AEF39
:106F40003AEF3AEF3AEF1AEF19EF19E719EF19EFA5
:106F500019EFF9E6F9E6F9E6F9E6F9EEF9EEF9EEF8
:106F6000F9EEF9EEF9EEF9EEF9EEF9EEF9EEF9EEE9
:106F7000F9EEF9EEF9EED8EE77E677E676E676E624
:106F800076E655DE55DE56DE56DE35D6D4CDB3CDAB
:106F900052BD31BDF0B46EA42D9CEC8BEC8BED8B0F
:106FA000ED8BED8B8B7BCC83CC834A6B6B736B73DC
:106FB0008C730A63C95AA95AA95AA95AA952885264
:106FC000684A474A2742E739E739E739E639E6317F
:106FD000C631852944214421242165216521651973
:106FE000C7214922CA2A4C33CE3B0F34AE238D1B16
:106FF0000F2C502C703491340F2CAE1B0F24502CBE
:107000000F24CF2BEF3B92549364936CD36C147D7D
:107010007585968D758D548D758D54853485348523
:10702000147DF47CD374315CAE3B2C232B13EE2304
:10703000B134912C512CB23C71349234D33CF34492
:10704000D33CD33CF344F344D33CD34414451445DC
:10705000D344D3441445144DD344F3441445144548
:10706000F344F3441445F344D344F344344DF3441C
:10707000D344D344F444F444F23CF23C123D123D78
:10708000F134F23C33453245123D32453345124529
:10709000F23C1245534D3345D23CF23C1245F23C92
:1070A000D13CF13CF144D13CD13C12451245D13C9C
:1070B000B13CD13CD23C703471447675978D979534
:1070C000B895D895D895F895F89DD89DD895D89528
:1070D000F895D895B78D357D1475D474515CCF4330
:1070E000AE338D230B0B8C13CD1B2F2C2F2C6F3419
:1070F000D13CF2449034D13C32451245F244124D19
:107100007455534D1245334D735512454F34AD23CD
:107110004B1B2A13AC232E2CED238B130E248F3400
:107120004E342E2C6F3C0D2CCC230D2C6F340D2C9B
:10713000AC236F34124D334D12457034D144F24CB0
:10714000AD33270AE611A6192419041904210421D4
:1071500003192421E318E318E218E218E218E218F0
:10716000E218E2180319031903190319E318E318C5
:107170000319232123210221232123294331A4415F
:107180000652675AA76AE872AA8BCB8BEB934D9C89
:10719000AEA410BD71C5B2CDD3CDF4D514D615D6DD
:1071A00056DE77DE97E6B8E6D9E6B9E6B9E6D9E67F
:1071B000F9EE1AEF1AEF19E719EF1AEF1AEF1AEFB3
:1071C0003AEF3AEF3AEF3AEF3AEF3AEF3AEF3AEF77
:1071D0003AEF19EFF9E6F9E6F9EEF9EEF9EEF9EE24
:1071E0001AEF1AEF1AEF1AEF1AEF1AEF1AEFF9EE79
:1071F0001AEF1AEF1AEFF9EEB8EE97E656DE35DE23
:1072000035DE35DE35DE35DE15D6F4D5D4CDB3CD5D
:1072100093CD51BD31BDCFB44E9CEC93EC93EC8B30
:10722000AC8BED93AC83AB838B7B6B736B734A6BD3
:107230008C736C730A6368528852A95AA95A88528F
:10724000484A27420742E739E639C639E731E73984
:10725000C631A6316529242103190419451986214F
:10726000C6194922EB324C338D33EE333034AD1B2B
:107270006C13CE1B913491340F2C0F2CCE1B0F248A
:107280000F24AE23103C925CB364B36CD474347D91
:107290007585968D7595558D758D758D558534854E
:1072A000F47CF47CB36C1054AF3B4C230B0BAD1B44
:1072B0005024502C712CB23471349234D33CF344AA
:1072C000D33CD33CF344F344D33CD344144514455A
:1072D000D344D344F3441445F344F344344D344D80
:1072E000F344F3441445F344D344F344144DD344DA
:1072F000D344F34414451445F13CF13C123D123D96
:10730000F134F23C32451245F23C12453345124508
:10731000D13C1245334D1245F23CF23C123DF23C59
:10732000D13CF13CF144F13CD13CF1441245D13C1B
:10733000B13CD13CF23C70349144B67DD895B89DB7
:10734000D89DB895D895F89DD89DD895F89DF89575
:10735000F895D895B78D357DF474D46CB364F04B43
:10736000AE336D23EA02AD13CD1B2F244F2C6F2CAF
:10737000D13CF23CB034F13C12451245F244124D7E
:107380007455334DF2441245534D124D2F348C2316
:107390002B130A0BAC236F344E2CAC1B4E2CF14438
:1073A000AF3C4E348F3C0D2CCC23ED2B4E34ED2BCB
:1073B000AC1B4F34124D534DB13C90345355904457
:1073C000C91A070A2822651904192421242103193E
:1073D000E3180321C218E318E218C218C218E21811
:1073E0000219021903190319E218E318E318E31844
:1073F000E21802210221232143296331A441E549F6
:107400008762E872497B8A8BAA8BCA8BCB934C9C90
:10741000AEAC10B530BD71C5B3CDF4D535DE56DE9A
:1074200097E6B8E6B8E6B8E6B9E6D9E6D9E6F9E609
:10743000F9E619EF1AEF1AEF1AEF3AEF3AEF3AEFCF
:107440003AEF3AEF3AEF3AEF3AEF3AEF3AEF3AEFF4
:107450003AEF1AEF19EFF9EEF9EEF9EEF9EEF9EE6F
:107460001AEF1AF71AEF1AEF1AEF1AEF1AEF1AEFCC
:10747000F9EEF9EEF9EE19EFF9EEB8E677E656DE39
:1074800035DE15D635DE15D614D6F4D5D4CDB3CD2C
:10749000B3CD51C551C510BD6EA40D94EC93AB8B0B
:1074A0006B83AC8BAC8B4A7B6B7B8B7B6B734A6B3C
:1074B0008B734B6BEA62A95A68528852A95A885258
:1074C000684A474A0742E639E739C631C631C6310C
:1074D000C631C6318529442103190319652165196F
:1074E00085118A2A6D434C332C236D23503C503434
:1074F000AE1BAD1B302C502C2F2CEE230F240F2451
:10750000AE1BAE23103C925CD36CD36CF474347D10
:107510007585758D558D558D758D748D5485147D3E
:10752000F47C147DD3741054CF434C230B0B6C0BA1
:107530000F1C5024712C923491349134B23CF3449A
:10754000D33CD33CF344F344D344D3441445144DC7
:10755000F344D344F344F344F3441445554D344DBC
:10756000F344D344F344F344F344F344144DF34459
:10757000D344F3441445F344F13CF134123D123D3D
:10758000F13CF23C32453245F23C123D1245F23CB0
:10759000F23C124533451245F23CF23C1245F23CB6
:1075A000D13CF23C1245D13CB034F1441245F13C9F
:1075B000B13CF244F23C703491449675D895D89D14
:1075C000D89DD89DF895D895D89DD89DF895F895D3
:1075D000F895D895B78D9685567D357DD36C315409
:1075E000CF3B6D232B0B6C0BAD130E244F2C702C4B
:1075F000D13CF23CB13CF13C33451245F2441245DA
:107600005355334DF2441245534D324D0E2C8C1BC5
:107610000A13C902AD236F344E2CCC1B8F34324D6C
:10762000D0446F348F3C4E34CC23ED232E2CCD230D
:10763000AC1B703C5355124DB13C1245124DAD2B55
:10764000470A8922E7214419E31003192421032161
:10765000E318C218C218E218E218C218E218E318B8
:107660000319031903190319E218E318E218C218E1
:10767000C218E218022143298439E5412652876263
:10768000097349838A8BCB93CA93AA8B2C9CAEAC8B
:10769000EFB430BD71C592C5F3D514D656DE76E68B
:1076A00097E697E6B8E6D9EEF9EEFAEEFAEEF9E6E5
:1076B00019E73AEF3AEF3AEF3AEF3AEF3AEF3AEFAB
:1076C0003AEF3AEF3AEF3AEF3AEF3AEF3AEF1AEF92
:1076D0003AEF3AEF3AEF1AEF1AEF1AEFF9EEF9EE46
:1076E000FAEE1AEF1AEF1AEF1AEF1AEF1AEF1AEF73
:1076F000FAEEFAEEF9E6F9EED9EED8EED8EED8EEDB
:1077000097E676E676E656DE55DE35DE14D6F4D517
:10771000B3CD92CD92CD51C5CFB44EA4EC936B8333
:107720006B838B836B7B6B7BAB836A7B6B736B73C2
:107730004A734B6B0A63A95A885A68528852885216
:10774000484A27422742E639E739A631A631A63111
:10775000A631C631A62965290319442145196519A1
:10776000851148228D43AE3B2C236C23EF2B913C9B
:10777000502CCE1B6D13EF23302CCF23EF230F247F
:10778000AE1BCE23103C7254B364D46CF474347DBD
:10779000558596957595548D758D748D3485F37CCE
:1077A000D47C147DB36C3154F0438E2B0B0B6C0BDB
:1077B0002F24702C712C712C712C9134D33CF33C00
:1077C000D33CD33CF344F344D33CD33CF344F344A1
:1077D000D344D344F344F344D33CD33C1445F3445F
:1077E000F344D3441445F344D344D344144DF344F5
:1077F000D33CD344F344F344F13CF134123D123D05
:10780000F134F23C32453245123D123D1245F23C14
:10781000F23C12453345F23CF23CF23C123DF23C64
:10782000D13C12451245F13CB034F13C1245F13CDB
:10783000D13C12451245B13C9144B67DD895D89DB6
:10784000D89DF89DF895D895D89DD89DF895F89530
:10785000F895D895B78D97857685557DD46C31543C
:10786000CF3B6D230B0B6C0BAD130E242F2C4F2C29
:10787000D13CF23CD13CF2443345334512451245EC
:10788000534D334DF2441245534D334D2F348C1B21
:107890000A0BC902AD23903C4E34AC1B4E2CF14474
:1078A000D03C6F348F344E34CC23ED2B4F34ED2B42
:1078B000CD23903C334DF244D13C324D703C0A1301
:1078C00068120B3BA6194519E318E31803190319AD
:1078D000E318C218C218E218E218C218E218031915
:1078E0000319E318E218E218E318E318E21802217A
:1078F000232123296331A439E5412652675AA76A17
:10790000E872287B698BCA93EB930B9C8DAC0FB507
:1079100010BD51BDD3CD14D635DE35DE56DE76DE54
:1079200077E697E6D8EEF9EEF9EE1AEF1AEF1AEFCE
:107930001AEF3AEF3AEF3AEF3AEF3AEF3AEF3AEF1F
:107940003AEF3AEF3AEF3AEF3AEF1AEF1AEF1AEF4F
:107950001AEF1AEF3AEF1AEF3AF73AF73AF71AEF47
:10796000FAEEFAEE1AEF1AF73AF73AF71AEF1AEFB9
:107970001AEF1AEFF9E6D9E6F9EEF9EEF9EEF8EEBC
:10798000D8EED8EE97EE76E656DE56DE55DE35DEDC
:10799000F4D5D3D5D3D592CD10BD8FAC0D9C8B8BA8
:1079A0004A7B8B8B6B836A7BEC8B8B7B296B4A735B
:1079B0006B730A6B0A63EA62A85A6752685288526C
:1079C000484A27420742E739C639A631A629852900
:1079D000A629A631A63185294421241924198521F7
:1079E000A61928226D43AE3BAE33CE2B4C1BEE23A3
:1079F000302CAE1B2B0BAE1B0F2C0F2CEF23302C7F
:107A0000CE23CE23F03B9254B36CD36CD374147D4D
:107A10007585B6957695558D548D74855485147DF0
:107A2000F47C157DB3743154CF436D230B0B6C0B79
:107A300030247124712C9134712C712CD33CF33C83
:107A4000D33CD33CF344F344D33CD344144D344DA2
:107A5000F344F344F344F344D33CD33CF344D344DE
:107A6000D33CD33C14451445D33CD33C1445D344B8
:107A7000D33CD344F344F344D13CD13C123D123DBA
:107A8000D13CF23C12451245F23C124533451245B9
:107A9000F23C124533451245D23CF23C123DF13CDA
:107AA000D13CF23C1245F13CD13C12451245D13C4F
:107AB0009034B13CD13C70349144D77DD895D89D59
:107AC000F99DF99DF895D895D89DD89DF895F8958C
:107AD000F895D895B78D97857685567DD46C1054DA
:107AE000CF3B6D230B0B4C0BAD130E242F2C4F2CC7
:107AF000B13CF23CB13CF2443345334512451245AA
:107B0000534D334D12451245534D334D2F346C1B9D
:107B1000EA0AC902AD234F340E2C6B130D24B03C7E
:107B2000B03C6E348F346F34ED230D2C6F340E2C3B
:107B3000EE2BB03C134D334D1245D13CED2BEA12E8
:107B4000891ACA32651924190319E3180319E318AD
:107B5000E218E218C218E218E318C218E218031972
:107B60000319E210C210E218E318E218E218022129
:107B7000232922294331A439E549255266628662C8
:107B8000C7724983AA930C9C4DA46DACCEB430BD92
:107B900051C592C5D3CD14D655DE55DE76E697E6AF
:107BA00097E6B8E6D8EED9EEF9EE1AEF1AEF1AEF2B
:107BB0001AEF3AEF3AEF3AEF3AEF3AEF3AEF3AEF9D
:107BC0003AEF3AEF1AEF1AEF1AEF1AEF1AEF1AEF2D
:107BD0001AEF1AEF3AEF3AEF1AEF3AF73AF71AF7C5
:107BE0001AEF1AEF1AEF1AEF1AF71AEF1AEF1AEF45
:107BF0001AEF1AEFF9EED9E6D8E6F9EED8EED8EE9C
:107C0000D8EED8EE97E656E656DE56DE56DE55DE60
:107C100014D6D3D5D3D592CD31BDD0B44EA4EC93E8
:107C2000297BAB8B4A7B297BAB83EC8B4A7B096B33
:107C30004A732A6BE96AC962A85A4752474A68528E
:107C4000484A27420742E639A631A63185298529C7
:107C50008529A629A52985294421241944196519AE
:107C6000851928224C3BAE3BCE33AD2B2B138D1BFD
:107C7000AE23CE23AE1B6D13AE23102C0F24502C3D
:107C8000EF23AE23CF3B935CD46CD36CB36C147DE9
:107C90007585B7959695558D548D74855485348525
:107CA00014851585B4743154F03B6D23EB0A6D0BCC
:107CB00030247124712C9234512C722CD23CF33C20
:107CC000B23CB23CF344F344D344F344344D5555F1
:107CD000144DF344F344F344D33CD33CF344F34412
:107CE000D344D3441445F344D33CB23CF344D3448B
:107CF000D33CF3441345F344D13CD13C123D123DF7
:107D0000D13CF23C12451245F23C12455345124516
:107D1000D13CF23C33451245D13CF23C123DF13CA2
:107D2000D13CF13C1245D13CD13C12453245D13CCD
:107D30007034B13CD13C7034B24CD77DD895B89DED
:107D4000D89DF89DD895D895D89DD89DF89DF89D3B
:107D5000F895D895B78D978D7685567DD46C10544F
:107D6000AE336D230B0B6C0BAD130E242F2C2F2C6D
:107D7000B13CD13CB134D13C12451345F244F244FC
:107D8000334D334D12451245534D334D2E2C6C1B44
:107D9000EA0AC9026B13CD238C1B4A0BCD238F3407
:107DA0004E2C0D248F34AF340D240D248F340E2C23
:107DB0002E2CF14433555455124D0E2CAD238C2BE3
:107DC000A922C619451924190319E318E210E21073
:107DD000E218E218C218C218E318C218C218E21852
:107DE000E218C210C210E218C218C218E21802212A
:107DF00043316331A4412552A762E86A497B8A8BEB
:107E0000EB932CA46DAC6DACCEB4EEB40FBD51C5EC
:107E1000B2CDD3CDF3D514D655DE55DE76E697E652
:107E2000B7E6B8E6D8EED8EEF9EEF9EEF9EE1AEFCD
:107E30003AF71AEF1AEF1AEF3AEF3AEF3AEF3AF74A
:107E40003AEF3AEF1AEF1AEF3AEF3AEF3AEF1AEF4A
:107E50001AEF1AEF3AEF3AEF3AF71AF71AEF1AF762
:107E60003AF73AF73AF71AEFFAEEFAEEFAEEFAEED6
:107E70001AEF1AEFFAEED9EED9EE19EFF9F6D8EEBD
:107E8000D8EEB7EE97E676E676E676E676E656DE66
:107E900014D6D3CDD3D5B2CD31BDF0B4AFAC4EA452
:107EA0004A838B8B4A7B297B8B83EC8B8B834A7B2E
:107EB0002A73E96AC962A862885A4752474A674AE0
:107EC000474A4742073AC631A631A529852965297F
:107ED00065298529A52965292421442144194419A6
:107EE0006511E7190B3BEF4BAE334C236D1B8D2314
:107EF0006D1BEF23302C4D136D1BEF2BEF235134F3
:107F0000EF238E23CF3BB35CF474D474B36C147D35
:107F10007585B6957595548D548D548554853485E5
:107F200014851585B4743154F0436D230C0B8D13F7
:107F300030247124712C9234712C722CD23CF33C7D
:107F4000D33CB23CF344F344D344F344344D55554D
:107F5000144DF344F344F344D33CD33C1445F3446D
:107F6000F344D3441445F344D33CB23CF344D344E8
:107F7000D33CF3441445F344D13CD13C1245124563
:107F8000D13CF23C12451245F13C123D3345123DC5
:107F9000D13CF23C1245123DD13CF23C1245F23C40
:107FA000D13CF13C1245D13CB03C12453245D13C6C
:107FB0009034D13CD23C913CB24CD77DB89597954A
:107FC000B89DD895B895D895D89DD89DF99D199EFE
:107FD000F895D895B78D978D7685767DF474315464
:107FE000CF3B6D232B0B6C0BAD130E242F2C4F2C82
:107FF000B13CD13C9034B13C12451245F244F244BC
:10800000334D334D12451245534D124D2F346C1BD9
:10801000EA0AA9020A0B2B0B0A030A0BCC1B2E2C13
:10802000CC1B8B136F2CD03C0D242E24B03C2E2C5B
:108030004F34324D33553355903CEE23AD2B8C2BC2
:1080400089226511241944212419E318E210E21051
:10805000E218E218C218C218E318C218C210E218D7
:10806000E210C210C210E218C218C218E22023297E
:108070006439A4412652C76A2973497B6A83AA8B53
:10808000CB930C9C4CA44DA4AEACEFBC50C571C5B9
:10809000D3CDD3D514D655DE55DE76DE76DE96E624
:1080A00097E6B7E6D8EED8EED8EEF9EEF9EE1AF785
:1080B0003AF73AF71AF73AEF3AEF3AEF3AF73AF770
:1080C0003AF73AF73AF73AF73AF73AF73AEF3AEF38
:1080D0001AEF1AEF3AEF3AEF1AEF1AEF1AEF1AF710
:1080E0003AF73AF71AF7FAEEFAEEFAEE1AEFF9EE75
:1080F000F9EEF9EEF9EEF9EEF9EE1AF719F7F8EEF6
:10810000D8EED8EE97E697E697E697E676E656DE5F
:1081100015D6F3D5D3D5D3D551C510BDF0BCAFAC72
:10812000CC938B8B6A834A7B6A83CB8BEC8B6A7B89
:10813000E96A096BC862A862885A6752474A474A87
:10814000474A4742073AA631A53185298529652145
:10815000442165298529652944214421441945196B
:108160008619C619AA2A0F4CEF436C23CE2BAD23D8
:10817000CE230F2C102CAE234D1B8E1BCF23502C47
:10818000CF238E23F03B925CF474D474D374347D8B
:10819000758596955595548D548D54855485147DCB
:1081A000147D157DB36C515410448E232C0BAE13EB
:1081B00030245124712C9234712C7234B33CF33C32
:1081C000D33CD33CD344D344D33CD344144D344D5B
:1081D000F344D344F344F344D23CD3441345F3442F
:1081E000B23CB23CF344F344D33CD33C1445F34497
:1081F000D33CD3441445F344D13CD13C1245124501
:10820000D13CF23C32451245F23C123D1245F23C63
:10821000F13C123D1245F23CD13CF23C1245F23C9D
:10822000D13CF13CF144D13CD13C12453245D13CEA
:108230009034D13CD23C9034B24CB67DB78D9795FA
:108240009795B795B795D895D89DD89DF99D199EC6
:10825000F89DD895B78D978D97857685F4741054D1
:10826000AE336D232B0B6C0BAD130E242F2C4F2C28
:10827000B13CD23C9134D13C12451245F244F24417
:10828000334D334DF2441245534D334D703CAD23C5
:108290000A0BA902EA0A0A0BE9020A0BCC1B0D24FD
:1082A0006B0B2A032E24D03C2E244E2CB03C0E2CDB
:1082B0004F34124D1355124D2F34AD23CE2B2B2B93
:1082C000C6098519862903210321E318E210E2106B
:1082D000E218E218C218C218E218C218C210E2105E
:1082E000E210C210C210C218E218E2200229433183
:1082F0008441E549876209738A83CA8B0C9C2C9C54
:108300002CA44DA46DAC6DACAEAC0FBD51C592C5E7
:10831000B2CDD3CDF4D535D655DE56DE76DE97E632
:10832000B7E6B7E6D7E6D8EED8EEF8EE19EF19EFD4
:108330001AF73AF73AF73AF71AEF3AEF3AF73AF705
:108340003AF73AF73AF73AF71AEF1AEF1AEF1AEF45
:108350001AEF1AEF3AEF3AEF1AEF1AF73AF73AF73D
:108360001AEFF9EEF9EEFAEE1AF71AF71AEFF9EE3C
:10837000F9EEF9EEF9EEF9EED9EEF9EED8EEB8EE47
:10838000B8EEB7EE97E676E697E697E676E656DE3F
:1083900035DEF4D5F4D5F3D592CD31C531BDD0B4A9
:1083A0002D9CAB8B8B8B8B8B297B8B832D948B8321
:1083B00008732973E86A885AA85A885A6752274A64
:1083C000274247420742C631A63185296529442103
:1083D000442165218529852964296421441944198A
:1083E000A619C6194822AE430F44CE33303CAD2304
:1083F000AE23CF230F2C3034AE234D1BAE1B102CDD
:10840000CF23AF2B1044725CB36CD36CD374347D28
:108410005585958D5595758D758D758D3485147D26
:10842000147D157DB36C51541044AE2B4D13AE1317
:10843000301C5024912C9234722C7234B33CF33C97
:10844000D33CD33CD344D344B23CD33CF344F34475
:10845000D344D344F344F344B23CD23C1345F344F5
:10846000D33CB23CD344D344B23CD33C1445F34454
:10847000D33CD33CF444F344D13CD13CF23CF23CF9
:10848000B134D13C12451245F23C12453245123D01
:10849000F13C123D1245F23CD13CF23C123DF23C23
:1084A000D13CF23C1245D13CB03CF13C1245D13CB0
:1084B000B13CF2441245913CB24C9675978D97951C
:1084C00097959795B78DD895D89DD89DF89D199E6D
:1084D000F99DF895B895978D978D7685F474104C25
:1084E000AE336D232B0B6C0BAD130E242F2C4F2CA6
:1084F000D13CF23CB13CD13C33451245D244F2442C
:108500003355334D12453245534D334D703CAD23F9
:108510000A0BC9020A0B2A0B2A0B2A0BAC1B0E24CE
:108520008B132A032D24B0342E246F2CD03C0E2420
:108530000E2CF24C3355F24CCE2B2F346C23480AC0
:10854000071AC72124212421E318E210E210E210C7
:10855000E218C218A218C218C218E210E210C21023
:10856000C210C210C210C218C21802214331A44165
:108570000652675A09738A830C940B9C2C9C6DA439
:108580004DA46DACAEB4EFBC30BD51C592C5B2CDFB
:10859000B3CDF3CDF4D514D635D655DE76DEB7E6B9
:1085A000B7E6B7E6B7E6D8EEF8EEF8EEF9EEF9EE94
:1085B00019EF19F71AF71AEF1AEF1AEF3AF73AF715
:1085C0003AF73AF73AF71AF71AF71AEF1AEF1AEFDB
:1085D0001AEF1AEF1AEF1AEF1AEF3AF75BF73AF7BA
:1085E0001AF71AEF1AF71AF71AF71AF7F9EEF9EE5F
:1085F000D9EEF9EEF9EEF9EEF9EED8EED8EED8EEC6
:10860000B8EE97E697E697E697E697E676DE56DECB
:1086100035DEF4D5F4D5F3D592CD51C531BDF0B4E6
:108620008FACEC93CC93CC8B6A83297BAB8BEC8B9C
:108630008B830973A862A862A85AA85A6852274A6D
:1086400027422742073AE639A62985296529652167
:10865000442144216529852965294421442124197F
:108660006519C619481A6D3B0F44CE33303CCE23F2
:108670006D1BAE23302C5034EF2B6D1BCF23EF231B
:10868000CE23AF2BF043725C936CB36CD374347D08
:108690005585958D559575959595758D548514854C
:1086A000157D157DB36C51541044AE2B4D13AE1394
:1086B000301C5024912C9234722C712CB23CD33C3F
:1086C000B33CB23CD33CD344B23CB23CD344D3449D
:1086D000D33CF3441445F344B23CD23C144D13450F
:1086E000F344B23CD344D33CB23CD33C344DF3448A
:1086F000D33CD33CF344F344D23CD13CF23CF23C77
:10870000B134D13C12451245D13C12453345124596
:10871000D134F13C1245123DD23CF23C123DF23CC8
:10872000D13C12451245D13CD13CF13CF13CB13C2D
:10873000B134F244F2447034B24C7575778D97952C
:108740009795B78DB78DB795D89DD89DD89DF99D34
:10875000199EF89DD895978DB78D9685F474104C19
:10876000AE336D232B0B6C13AD130E242F244F2C23
:10877000D13CF244B13CD23C334D1245D13CF244A1
:108780005355334D1245334D7355124D50348D238F
:108790000A0BC9022B0B4B138C1B6B13CC1B4E2CDF
:1087A000ED1B6A0B0D1C8F2C0D1C6F2CF1442E2C15
:1087B0002E2CF24C5355F24C2F34EE332B1B8912D6
:1087C000692AA62165290421E318E210E210E210CB
:1087D000C218C218A218C218E318E318E210C21097
:1087E000C210C210C218C218E21823298439054ADF
:1087F000875AE86A4A7BAB8BCB93CA930C9C8DACAF
:10880000AEACCFB410BD30C571C592C592C5B2CD66
:10881000B3CDD3CDF4D514D615D635D676DE96E6BF
:1088200097E6B7E6D7EEF8EEF8EE18EF19EFF9EEA7
:10883000F9EE19EF1AF7F9EE1AEF1AEF3AF73AF7DD
:108840003AF73AF71AEF1AEF3AF71AEF1AEFF9EE8A
:108850001AEF1AEF1AEF1AEF1AEF1AEF1AEF1AEFD0
:108860001AEF1AEF1AF71AF71AF71AF7F9EEF9EEE4
:10887000F9EEF9EE19EF19EF19EFF8EEF9EEF9EE5E
:10888000B8EE97E697E697E6B7EEB7EE76E656DEF1
:1088900035DE14D6F4D5F3D593CD72C531BD11BDF7
:1088A000D0B44DA4EC93CC93AB8B49836A83CB8B30
:1088B000CB8B497BE86AC862875A885A8752474AF5
:1088C00027422742073AE6398529852985298529BE
:1088D000442144216421652985292419442144190E
:1088E00065198511281A8D3B304CCE33AE2BEF2BFA
:1088F0008E1BAE1BEF233034102C8E1BEF23EF2387
:10890000AF238E23F03B925CB364B36CD374347D9D
:108910005585758D549575959595758D55853485C9
:108920003585157DB46C325410448E2B6D13AE1307
:108930000F1C501C912C922C712C7134B23CD33CE6
:10894000B23CB23CD33CF344B23CB23CD33CB23C2C
:10895000B23CF3441445F344B23CD23C1345F344D7
:10896000D344D33CF344D344B23CD344344D1445B4
:10897000D344D344F444F344D13CD13CF244F13CDD
:10898000B13CD23C12451245F23CF23C1245124534
:10899000D13CF23C13451245F23C123D3345F23CCA
:1089A000D13C12453245D13CD13CF13C1245B13469
:1089B000B134D13CD23C7034B24C556D7685778D54
:1089C000B795B78DB78DD895D89DF9A5F89DD89D49
:1089D000F89DF99DD89D9795B795978DF47430546F
:1089E000AE3B6D230B138C13AD1B0E242F24502C88
:1089F000D23CF244913CD24412451245D144F24457
:108A00005355334DF244324D5355F24C2F344B1BDA
:108A1000EA0AEA0A2A0B8C13CD1BAD1B2E246F2CFD
:108A20000D24AC132E246F24ED1BB034D03CED2369
:108A30002E34F24C9144B144B0442A1BA912EA22CC
:108A4000CA32E72944190419C210E21003190319A4
:108A5000E218C218C218E218E218E318C210A210F5
:108A6000C210C218E218E22002296331C441465AFA
:108A7000C86A4A7BAB8BEC932C9C4DA48EACCFB4D4
:108A80000FBD50C571C571C592CD92C5B2CDD3CDC4
:108A9000F4D5F4D514D614D635D655DE56DE76DEAA
:108AA00097E6B7E6D8EEF8EEF8EEF8EEF9EEF9EE66
:108AB000F9EE19F719F71AF71AF71AF71AF73AF73A
:108AC0003AF71AF71AEFFAEE1AF71AEFFAEEFAEE89
:108AD0001AEF1AEFFAEEFAEEFAEEFAEE1AEF1AEFD2
:108AE0001AF71AF71AF71AF71AF7F9EEF9EED9EE9C
:108AF000F9EE19EFF9EEF9EEF9EEF9EED8EED8EE5F
:108B0000B8EEB7E6B7EEB7EEB7EEB7EE76E676E6D6
:108B100056DEF4D515D6F4D5B3CD72C551C531BDE9
:108B200031C58EAC2D9C0D9CEC93AA8B49838A8316
:108B3000CB8BAB8B0973A762875A4752264A474AA9
:108B4000474A2742E639C639852964298529852976
:108B500044212421442164216521652124212421EB
:108B60004419651948228D3B30440F34EF2BCF2335
:108B7000EF23CF23CE230F24502CEF1B1024EF2301
:108B8000AF1B8E23103C9254D36CB26CD374147D03
:108B9000758D958D95955495748D548D5485558509
:108BA0003585157DB36C3254F03B8E238D1BCE136F
:108BB000EF1B5024922C912C71347134B23CD33C75
:108BC000B23CD33C14451445F33CB23CD344144D61
:108BD000344D144D344D554D144DB23CD33C1445D9
:108BE000D33CB23CD344D33CD33CD344F344D33CF6
:108BF000B23CD33CF3441445D13CD13CF244F24462
:108C0000B13CF24433451245F23C1245334512451E
:108C1000D13CF23C1245123DF23C123D3245F13C52
:108C2000B134F2441245D13CD13CF23C1245D1342E
:108C3000B134D13CD23C7034B24C556D76859795A9
:108C4000D895D895D895F895F89DF9A5F99DD89D12
:108C5000F89DF99DD89DB795B795978DF474304CD4
:108C6000CE3B6D2B0B0B6C138D13EE1B0F244F2C77
:108C7000B13CD23C703CB13C13451245F244124D1C
:108C80005355334D1245324D5355F24C2F344B1B37
:108C9000C90AC90A0A0B6C13EE23CD1B2E2C8F3484
:108CA0002E2CEC1B6F2C8F2C2F244F2C4F346B1B36
:108CB000ED2BB0442F34B0444F3CA90AC9124B33BA
:108CC000AA32C62144190419C210E310E218E218AE
:108CD000C218C218C218E218C210C210A210A21004
:108CE000C218C218E21802212229A4392652C76AE2
:108CF00029738A83EC936DA4EFB4EFBC0FBD10BD54
:108D000030BD71C591CD92CDB2CDB2CDD3CDF4D51C
:108D100014D615D615D615D655DE56DE76DE96E671
:108D2000B7E6B7E6D7EED8EED8EED8EED8EEF8EE46
:108D3000F9EE19F719F719F71AF71AF71AF71AF7D8
:108D40001AF71AF7FAEEFAEE1AF71AF71AEFFAEE1E
:108D50001AF71AF71AEF1AEF1AEF1AEF1AEF1AEFBB
:108D60001AF71AF71AF7FAEEF9EEF9EED9EED9EE8C
:108D7000D9EEF9EEF9EEF9EEF9F6F8EEB8E6B7E667
:108D800097E6B7E6B7EEB7EEB7EE97E676E656DECD
:108D900055DEF4D515D615D6B3CD72C552C552C51C
:108DA00052C5CFB46DA42DA42C9C0C9CAA8BAA8B6D
:108DB000AB8BCB8B497BE86AA7624652264A464A70
:108DC000474A2642E639C6398531652985318529E4
:108DD0004429442144216421652144212421442142
:108DE0004521651928226D3B0F44303C1034EF2398
:108DF0000F24302CEF23AE1B0F24EE1B1024102C5D
:108E0000CF238E23F03BB25CD26CB26CD274147D53
:108E1000758DB695959D74955495548D548555854D
:108E20003585357DB46C525C3144AE238D13EE1B19
:108E300050245024712C923471347134B23CD33CA0
:108E4000B234B23414453445F33CB23CD23CF34422
:108E5000F344D344F344F344D33C923CD33CF34433
:108E6000B23CB23CD344D33CB23CB23CD344B23C1F
:108E70009234B23CF344F344F13CD13CF244F2442A
:108E8000D13CF23C33451245F23C12453345124584
:108E9000D23C123D3345123DF23C123D1245D13CCD
:108EA000B034F13C1245D13CD13CF23C1245D134B6
:108EB000B134D13CF244703C924C356D7685979537
:108EC000D895D895F895F89DF99DF9A5F99DD89D67
:108ED000F895F89DD89DB795B795B78DF474104C5B
:108EE000CF3B8D2BEA0A4C138C13EE1B0E244F2C18
:108EF000B13CD13C703CB13C13451245F2441245A3
:108F00005355334DF14412455355F24C4F3C6C1BB5
:108F1000EA0AC9020B0B6C130E24CD1B2E2C6F34E6
:108F20004E2C0D246F2C6F2C0E242E24AC1B4B13B7
:108F3000ED2B4F34903C9044CD23C90A4B23AD3BDD
:108F4000692A851924190319E310E310E210C218E5
:108F5000C218C218C218C218C210A210A210A210C1
:108F6000C218C218E21802218431054AA7620973A7
:108F70006A83EB934D9C8EACCEB4CEB4CEB4EFB43A
:108F800010BD50C571C592CDB3CDD3CDF4D514D697
:108F900015D615D635D635D655DE56DE76E697E6A5
:108FA00097E6B7E6B7E6B7E6D7EED7EED8EED8EE57
:108FB000F9EE19EF19F719F71AF71AF71AF71AF75E
:108FC000FAEEF9EEFAEEFAEE1AEF1AF71AEFFAEEF7
:108FD0001AF71AF71AEF1AEF1AF71AF71AF71AEF21
:108FE0001AF71AF7FAEEF9EED9EEF9EED9EED9EE54
:108FF000D9EEF9EEF9EEF9EEF9EED8EE97E697E64E
:1090000097E6B7E6B7EEB7EE97E696E676E656DE73
:1090100055DEF4CD14D615D6B3CD72C572C572C562
:1090200072C5F0BC8EAC2C9C4DA46DA40C9CEB9333
:109030008A8BCB936A830973E86A675A264A464A41
:109040004752274A0642E639A53164296529642931
:1090500044294421442144216521442124194421E7
:109060004419651948226C330F3C30343034EF23F7
:109070000F245134EF23AE1BEF1BCE1BEF23102C1C
:10908000F0238E23CF33B35CB26C916CB274F37C5B
:10909000758DB695959554955495748D55853585F2
:1090A0003585357DB4745154EF3BCF2B8D1BCE1BD2
:1090B000502C9134712C9134B23C71349234B23CC6
:1090C000B234B23414453445F33CB2349134913463
:1090D00091349234B23CD23CB23CB23C1445344D53
:1090E000D23CB23CF344F344D33CD23CF344F3448B
:1090F000D23CD33C1445F344D13CD13CF13CF13C4F
:10910000D13CF23C1245F23CF23C3245534512450B
:10911000F23C12453345123DD134F23C123DD13C74
:10912000B134F13C1245F13CB134F13C1245D1343B
:10913000B134D13CF23C703C914C146D7685B795BE
:10914000D895D895D895F89DF9A5F99DD89DD8952D
:10915000F895F89DD895B795B795B78DF46C104CE8
:10916000EF3B8D2BEA0A4C0B8C13EE1B2F244F2C5C
:10917000B13CD13C913CD24412451245F2441245D7
:109180005355334DF14412455355124D703CAD23A8
:109190000A13C9022B0B6C130E24CD1B0E246E2C4C
:1091A0004E2C2D244E244E24ED1BCD1B2E2C2E3464
:1091B0006F3C4F3C903CB0442A132B1BED3BCD43FE
:1091C00048226511E310C310E310E318E218C2103F
:1091D000C210C218C210C210C210A210A210C2182F
:1091E000E318E218E2202229A4392652A762087364
:1091F0006A83CB8B0C9C4DA4AEB4CEB4EFB430BD1F
:1092000071C571C592CDD3D5F3D5F3D5F4D5F4D5C9
:1092100014D635D635D635DE35DE55DE76DE96E625
:1092200096E697E6B7E6D8EED8EED8EED8EED8EECA
:10923000F8EEF9EE19F719F71AF71AF71AF7F9EE27
:10924000F9EEF9EEFAEEFAEE1AEF1AEFFAEEFAEE9E
:109250001AEF1AEFF9EE1AEF1AEF1AEF1AEF1AEFE8
:109260001AF71AF7F9EEF9EED9EED9EED9EED9EEF2
:10927000F9EEF9EEF9EEF8EEB7E697E697E697E63F
:10928000B7E6B7EEB7EE97E696E676E656DE35DE5B
:1092900055DEF4CDF4CDF4D593CD72C572C593CD22
:1092A00072CD31C5CFB42DA44DA48EAC6EAC2C9C28
:1092B000AB8BCB936A8B297BE86A875A2652264A66
:1092C000264A264A0642E639A531642964294429FA
:1092D00044294421242123194421441924212419F7
:1092E0000311851968226C330F3C0F3450340F2C56
:1092F0000F24302CEF230F243024CE1BCE1B102440
:10930000CF238E23CF33B25CB26C916C916CF37C23
:10931000348596957595548D548D758D758D3485E0
:1093200015851585B4743154CF3BAE2B6C1BAD1B2A
:109330002F2C502C502C923CB23C51347134B23C06
:10934000B234D23C13451445D33CB23CB23CB23C9F
:10935000B23CB23CB23CB23CB23CD23C344D344D57
:10936000D23CB23CF3441345B23CB23CD33CF34450
:10937000B23CD33C1445F344D13CB134D13CF13C34
:10938000D13CF23C1245F23CF23C123D3345123DD9
:10939000D134123D3345123DD134F23C123DF13C03
:1093A000B134F23C1245D13CB034F13C1245B134F9
:1093B0009134B13CD23C5034714C346D978DB89D92
:1093C000D895D895F895F99DF99DD89DD89DD895B3
:1093D000F89DF89DB895978DB795978DD46C104CE6
:1093E000EF3B8D2BEA0A4C13AD1B0E244F244F2C60
:1093F000B13CB13C913CD24412451245F244124575
:109400005355334DF2441245334D134D903CCE2B02
:109410002B13C9020B0B6C13EE23CD1B0D246F34E1
:109420006E2C4E2C4E244E24CD13ED1BB03C6F34CD
:109430004F3C9044703CCD232A138C1B4F44EE4389
:10944000482265190311E310C210E310E318E2107B
:10945000C210C210C210A110A21082108210A2105D
:10946000E318E22023296431E5414652A7622873BC
:109470008A83AA8B0C9CAEAC10BD30BD71C591CD5A
:10948000B2CDB2CDD3CDF3D514D614D614D614D6CE
:1094900014D635D635DE55DE55DE56DE76DE96E65A
:1094A00096E697E6B7E6D7EED7EED7EED8E6D8EE53
:1094B000F8EEF9EE19EF19F71AF71AF71AF7F9EEAD
:1094C000F9EEF9EEF9EED9EEFAEEFAEEF9EEF9EE82
:1094D0001AEF1AEFF9EEF9EEF9EEF9EEF9EEF9EE10
:1094E000FAEEFAEEF9EED9EED9EEB8E6B8E6D9EE34
:1094F000F9EEF9EED8E6B7E697E697E697E6B7E62F
:10950000B7E6B7E697E697E696E676E656DE35DE08
:1095100076DE15D6F4CDF4CDB3CD93CDB3CDB3CDAA
:1095200072CD51C5F0BC4DA44DA4AFB4CFB46EAC58
:10953000EC9BCB938A8B297BC86AA762665A26521A
:10954000064A064A0642E639A531642964294429B7
:109550004429642944212319441944194421231915
:109560000311841168226C33EF3B0F345134302CDB
:10957000102C302CEF2330243024CE13CE1B102C93
:10958000CF238E23EF3BB15CD26C91749174138521
:10959000548596957595548D758D758D5585357D4C
:1095A00015851585B474315CEF43AE2B4C1B6C13E1
:1095B0008D1BCE235034D244923C51347134B23C92
:1095C000B234B23CF344F344B23CD23CF344F344EF
:1095D000D33CD23CD33CD23C92349234D23CF34480
:1095E000B23C9234D33CF344B23C9234B23CB23CF1
:1095F0007134B23C14451345D13CD13CF13CF23CB2
:10960000D13CF23C3245123DF13C123D3345123D16
:10961000F23C123D3345123DD134F234123DF13C5F
:10962000D134F13CF23CB134B134F23C1245D13C7E
:109630009134B13CD13C5034714C3575B895F89D9E
:10964000D89DD895F99D199EF99DD89DD895D89506
:10965000F895F895B895978DB78D978DD36C304C5C
:10966000EF3B8D2BEA0A4C13CD1B2F244F244F2C9C
:10967000B134B13C9034D24412451245D23CF2444C
:109680005355534DF2441245334D3355703CCE2B58
:109690002B13CA0A0B0B8C13CE1BCD1BED236E2C88
:1096A0006E2C8F2C4E242E1CCD132E249034ED2B9B
:1096B000CD2B4F3C703C6C1BCD236C1B2F3C0E4CB8
:1096C000482264110419E310C210E210E318E218F2
:1096D000C210A210A210A210A210A210A210C210BA
:1096E000C218C21823298439054AA7622873697BE6
:1096F000CB8B4C9CAEAC0FBD30BD30BD50C591CDB9
:1097000092CD92CDB3CDF3D514D614D614D614D6AB
:1097100035D635D635DE35DE56DE56DE76DE97E6D4
:1097200097E696E697E6B7E6B7E6B7E6B8E6D8EE88
:10973000F9EEF9EE19EF19F71AF71AF71AF71AF7FF
:10974000F9EEF9EEF9EED9EEF9EEF9EEF9EEF9EE01
:109750001AEF1AEFF9EE1AEF1AEF1AEF1AEFF9EE05
:10976000F9EEF9EEF9EED9EEB8E6B8E6B8E6D9EEDC
:10977000F9EED9EEB8E6B7E697E6B7E6B7E6B7E6AC
:10978000B7E697E697E697E676E656DE55DE35DEEF
:1097900076DE35D6D4CDF4D5D4CDD4CDD3D5D3D56E
:1097A00072CD72C510BD6EAC6EACCFB410BDCFB46F
:1097B0002DA4EB93AB8B4983E872C86A876246524B
:1097C000054A06420642C639A53964296429442956
:1097D0004429642944212421441944194419441971
:1097E00044196411481A4C330F3C30345034102C57
:1097F000102C302C102C0F24EF1BAE13EF23302C29
:10980000CF238E230F44B164D274B174B27C348DF3
:10981000758D969575957595758D758D5585357D77
:1098200015851585B474315CCF438D2B4C1BEA0A2A
:10983000EA0A8D1B703CF24CB2445134502C713406
:109840009234B23CD33CD23CB23CB23CF3441445DB
:10985000F344D33CD33CF33CB23C71349134B23C3E
:10986000B23CB23CD23CD23CD23CB23CD33CD33CE6
:10987000B23CD23C14451445D13CD134F23C123DAB
:10988000D13CF23C3245123DF13C123D3345323D74
:10989000F23C123D333D123DD134F234123DF23CE4
:1098A000D134F23CF23CB134B134F23C3345D13CDA
:1098B000B13CD13CD23C503471445575F99D19A648
:1098C000F89DD895199E199EF99DD89DD89DF8951B
:1098D000F895D895B795978DB8957685D36C314C1A
:1098E000EF3B6D23EA0A6C13CD1B2F244F244F2C22
:1098F000B13CD13CB13CF24412451245D23CF24459
:10990000534D534DF2441245334D334D503CAD232E
:109910004C13CA020B0B8C130E24CD1BED234E2CC3
:109920006E2C8F2C4E240E1C2E240E24D13C0E2C7B
:10993000AC230E34CD2B703C0E2C8C230E3CAD3B57
:10994000071A2309E310C210C210E210E210E2105D
:10995000C210A210A210A210C210C210C210C210D7
:10996000C218C21823298439054AC86249738983F9
:109970002B9CADACEEB40FBD2FBD30BD50C571C535
:1099800092CDB2CDD3D5F4D5F4D514D614D635DED8
:1099900035D635D635D635DE56DE56DE76DE97E65A
:1099A000B7E697E697E6B7E6B7E6B7E6D8EEF8EE9D
:1099B000F9EEF9EE19EF19F71AF71AF719F719EF87
:1099C000F9EEF9EEF9EEF9EEF9EEFAEEF9EEF9EE5E
:1099D000FAEEFAEEF9EE1AF71AEF1AEF1AEFF9EEBD
:1099E000F9EEF9EED9EED9EEB8E6B8E6B8E6D8EE7B
:1099F000D8EED8EED8E6D8E6D7EED7EED7EED7EE4B
:109A0000B7E697E696E696E676E655DE56DE35DE6E
:109A100076DE35D6D4CD14D692C5B3CDD3D5D3D535
:109A200092CD93CD51C5EFB4AFB4EFB410BDF0BC3F
:109A30004DAC0CA4CB9B6A8B297BE87287622652C3
:109A4000E549E541E541C539A53185316529442917
:109A50004421442944214421441944192319441917
:109A600044196411071A0B2B0F3C303C0F2C0F2CA0
:109A7000302C512C302C0F24CE13CE130F24302C2D
:109A8000CF238E23EF439164D1749074917C548DD5
:109A9000758D9695759575957595758D5585157D0D
:109AA00015851585B474315CAF436D2B2B1B2B13BF
:109AB000EA0A0B13CE2BD24CB244513451347134D8
:109AC0009134B23CD23CB2349234B23CF344344D83
:109AD0001445F33CD33CF33CB23C9234B23CD33C0F
:109AE000D33CD33CD33CD33CB23CB23CF344F344F0
:109AF000D33CD33CF344F344D134D134123D123D32
:109B0000F134F23C3245323DF134123D33453345B8
:109B1000123D123D123D1235D134F234323DF23C49
:109B2000D134F23CF23CD13C9034D13C1245D13C92
:109B3000B134D13CD244503C5144767519A63AAE6A
:109B4000F89DD895199EF89DF99DF89DF89DF89D72
:109B5000F895D895B795B795D8957685D36C515427
:109B6000EF3B6D23CA0A6C13AD130E244F244F2C08
:109B7000B134D23CB13CF24433453345F23CF2447B
:109B8000534D534D12451245334D334D2F348C23D5
:109B90002B13CA02EA0A6C134F2C0E24ED232E2C31
:109BA0006E2CAF344E240D1C0E1C6F2CF1440E2C69
:109BB000CD234F3CEE2B4F34ED2BED2B2E3C2B2B9E
:109BC000E7192411E310E310C210E210E210E210D2
:109BD000A2108110A110C210C210C210C218C21867
:109BE000E21803216431C441665AA7620873AA8B44
:109BF0008DA4CEB4ADB4EEB42FBD50C571C591CD1A
:109C000092CDB2CDD3D5D3D514D614D635DE35DE2C
:109C100035D635DE55DE55DE76DE56DE76DE97E667
:109C2000B7E6B7E6B7E6D8EED7EED8EEF8EE19F716
:109C300019EFF9EEF9EE19F719F719EFF9EEF9EE58
:109C4000F9EEF9EEF9EEF9EEF9EE1AF7FAEEF9EEB1
:109C5000F9EEF9EEF9EE1AF7F9EE19EFF9EEF9EE81
:109C6000D9EED9EED9EEB8E6D9EED9EED8EED8EEE7
:109C7000B8E6B8E6B8E6D8E6D8EED7EED7EEB7E65F
:109C8000B7E6B7E696E696E676E676E676E655DE5B
:109C900076DE15D6D4CD35D692C5F4D5F4D5D4D547
:109CA00092CDB3CD71C510BDF0BC10BD10BDF0BCE0
:109CB0006EAC4DAC0C9C8A936A830873A762465ABB
:109CC000054AE541C541C539A53985318531442964
:109CD00044296429442144212319441903192319CF
:109CE00044198411061ACA22EF3B2F3CEF2B303463
:109CF000713C713451340F24CF1BEF1B0F24EF2321
:109D0000AF236D23CF3B9164B17490749174548DE3
:109D1000758D9695558D75957595758D3585157DD2
:109D200015851585B374315CAE438D338D2B6C2353
:109D30000B13CA0A2C1BEF3330345034D244F34493
:109D4000B23C9234D23CD23CB23CB23CD23CF34422
:109D5000D23CB234B23CD33C9134B23CD33CD33C41
:109D6000B23CB23CD33CD33CB23CD23CF344F3448F
:109D7000B23CB23CD33CD33CD134D134F13C123D63
:109D8000D134F13C123D123DF134123D323D123DD1
:109D9000F1341235323D1235B12CF134123DF1342B
:109DA000D134123D1245D134B034F13C1245B134B6
:109DB0009134D13CD23C503C714C767D39A65AAEA0
:109DC00019A6F89DF89DF89DF9A5F99DF99D199E94
:109DD000199EF895B895768DB78D978DF46C3154A2
:109DE000CF3B6D23EA0A4C0BAD130E244F244F24B6
:109DF000B134F244B13CD13C33451245F2441245F2
:109E00007355534D12453245334D124D2F348D232A
:109E10004C1BA902EA026C13702C0E24CC1BED2300
:109E20004E2C8F346F2C0D1CCD136F2CB03CAC23FB
:109E30008C1BED2B2F342F340E2C4F3C2F3C0A2B38
:109E4000C61924110311C210E310E210E210C2106F
:109E5000A210A210A210A210A210C210C210C21012
:109E6000E21823216331064AC862E86A497BCA8B3B
:109E70000B942B9C8DACCEB40EB52FBD50C571C5C7
:109E800092CDB2CDD3CDF3D514D615DE15D615D6D9
:109E900035D655DE76DE75DE76DE76DE76DE96E665
:109EA00097E697E6B7E6B7E6D7EED8EED8EED8EE67
:109EB000D8EED8EEF9EEF9EEF9EEF9EEF9EEF9EEAC
:109EC000F9EEF9EED9EED9EEF9EEF9EEF9EE1AF770
:109ED000F9EEF9EEF9EEF9EEF9EEF9EED9EED9EE8A
:109EE000F9EEF9EED9EEB8E6D9EEF9EED8EE98E64D
:109EF000B8E6B8E6B8E6D8EED8EED7EED7EEB7E6D5
:109F0000B7EEB7E697E697E676E696E676E676E685
:109F100076DE35D6F4CD14D6B3CD14D615DE14D6F0
:109F2000B3CDD3D592CD10BD31C551C551C5EFBC10
:109F30006EAC6EAC2DA4AB936A830873A76A86627D
:109F40002652C541C541E641A53965314429442918
:109F50004429642964294421442124210319031933
:109F60006421A5214822481A4C2B303CEF33B244DF
:109F7000713C51347134EF23CF1B5024CE1BEF239F
:109F8000CF2B8D2BCE3B505C4F6C4F6C4F6C748D38
:109F9000558D558D358D358D758D758D5585147D0A
:109FA00015851585B474115CAF43CE3BCE338C233D
:109FB0002B1BCA0A0B13AE2BEF2B913C344D544D87
:109FC000D344B23CD33CD33CB23C9234B23CD23CBE
:109FD000B23CB23CD33CD33CB23CB23CD33CD33C8D
:109FE000B23CB23CD33CD33C9234D33C344D344DA0
:109FF000D33CB23CD33CD33CD134D134123D123D9E
:10A00000F134F23C123D123DF23C123D323D123D24
:10A01000F234123D333D123DD12CF134123DF13476
:10A02000D134F23C123DD134B034F13C1245B1345C
:10A03000B134D13CD244713C924C767D3AA65AAEB2
:10A0400019A6199E199E199EF9A5F9A5199E199E82
:10A05000F89DD895B795778DB78D7685B364314CDB
:10A06000EF3B6D23CA024C0BAD132E244F244F241B
:10A07000B134F23CB13CD13C12451245F244124598
:10A08000534D334D12451245124D124D503CAD23E8
:10A090006C1BCA02EA026C130E24ED1BCC1BCC1BFA
:10A0A0002E24B0348F2C2E1CAC132E24ED230A0B3F
:10A0B0002A138C1BCD23EE2B0E2C6F3CEE3BC922BA
:10A0C000A6112411E318C218E318E210C210C2103E
:10A0D000A210A210A210A210A210C210C210E21868
:10A0E00003216431E6416752254A665AC66A68838D
:10A0F0000B946CA4ADACADACEFB40FBD30BD51C58D
:10A1000092CDB2CDD3CDD3D5F4D5F4D514D635DE9A
:10A1100055DE55DE75DE75DE76DE76DE76DE96E6BB
:10A1200097E696E697E6B7E697E697E6B7E6B7E6E8
:10A13000B8EED8EEF9EEF9EEF9EEF9EEF9EEF9EE49
:10A14000F9EEF9EED9EED9EED9EED9EED9EEF9EE77
:10A150001AF71AF71AF71AF71AF71AEFF9EEF9EED3
:10A16000F9EED9EED9EEB8E6D9EED9EEB8E6B8E612
:10A17000B8E6B8E6B8E6B8E6B7E6B7E6B7E6B7E6F3
:10A18000B7E6B7E697E697E676E696E676E676E60B
:10A1900076DE35DEF4D5F4D5D3CD15DE35DE15DE2D
:10A1A000F3D5D3CD92CD31BD51C592CD71CD10BD7A
:10A1B000AEB48EB42DA4EB9B8A8B287BC76A8662D3
:10A1C0004652C541A439C539A539653164294429A8
:10A1D000442944296421442124210319E218031944
:10A1E0004419C621892A2712CA1AAE33303C714459
:10A1F000513C513451340F24102410240F24302C9E
:10A20000EF2BAE2BCE3B505C706C2F6C2F6C3485DB
:10A21000558D358D358D348D758D758D5585147DA8
:10A22000358515859374F0538E3B8D33AD2BAD2B57
:10A230002B1BEA128D23503C913CB244134D344DFC
:10A24000D23C9234B23CD33CD33CB23CD33CF344FA
:10A25000D33CD23CD33CD33CB23CB23CD33CD33CC9
:10A26000B23CB23CD33CD23CB23CD33C344D344DF6
:10A27000F344D33CF344F344D13CD134F13C123D9C
:10A28000D134F13C123D123DF134F23C123D123D0D
:10A29000F234123D5345323DD134F234F234F134CC
:10A2A000D134F13CF23CB1349034D13CF23CB13485
:10A2B0009134D13CD23C713C924C767D39A63AAE79
:10A2C00019A6399E39A6199E19A6F9A5199EF99DB8
:10A2D000D895D895B895978DB895567D9264104CC1
:10A2E000EF3B8D23CA026C13CD1B2E244F244F2C21
:10A2F000D13CD23C903CD13C12451245F24412452F
:10A300007355334DF2441245124D124D5034AD2366
:10A310008D1BEA02EA024B0BCD13CD13ED1BCC13C0
:10A32000ED1BB0348F2C2E1CCD132E246C130A0B76
:10A330006B1B6C1B6C1B8C1BEE2BED334B2B681AB1
:10A3400085110311C310E318E318E210C210C2080C
:10A35000C210C210A210A210C210E210C218E3185C
:10A36000E218022184318339465208738A83CA8BEA
:10A370002B9C6CA4ADB4EEB4EFB430BD71C592CDDE
:10A38000D3CDD3D5D3D5F3D5F4D5F4D514D655DE66
:10A3900075E675DE75DE75DE76DE76DE96E697E6C8
:10A3A00097E697E697E6B7E6D7EED7EEB8E6B8E6D3
:10A3B000B8EED8EED9EEF9EED9EED9EED9EEF9EE47
:10A3C000F9EEF9EEF9EED9EED9EED9EED9EED9EEF5
:10A3D000F9EEF9EE1AF71AF719EF19EFF9EED9EECF
:10A3E000D9EED9EED9EED9EEB8E698E6B8E6B8E6F9
:10A3F000D8E6D8EED8EED8EED8EED7EEB7E6B7E688
:10A40000B7E6B7E697E697E696E676E676E656DEB0
:10A4100076DE76DE35D6D4CD14D635DE35DE14D6EE
:10A4200034D6D3CD72C531BD92C5D3D5B2CD51C5C9
:10A43000F0BCCFB44DA40C9CCB936983E8728662C8
:10A44000665AC4418439C539853164314429442967
:10A45000442144214421442124210319E2180319F1
:10A460000319E629EA428922891A2C2351447144AE
:10A4700092445134302C712C512CEF1B1024102C91
:10A48000CF2BAE2BEE3B9164D174D17C1385138519
:10A49000358D3585358D1485558D5585557D147DC6
:10A4A00035851585B374105CCF438D2BAD2BCD2B2B
:10A4B0004C1B2C1B0F34B244913C913CD244F344CE
:10A4C000B23CB234D23CD33CB23C923CD33CF34499
:10A4D000D33CB23CD33CD33CB23CB23CD33CD33C67
:10A4E000B23CB23CD33CD23CB23CB23CD33CD33C79
:10A4F000B23CB23CF344F344D13CD134123D123D62
:10A50000D134F13C123D123DD134F134123DF23CD4
:10A51000F134123D533D323DF234F234F234F13431
:10A52000B134F134F23CB1349034D134F23C903453
:10A530009034B13CD23C713C714C767D199EF9A5AA
:10A54000F99D199E199E199EF9A5F9A5F99DF89DE9
:10A55000D895D895D895B795B88D357D525CF04390
:10A560000F3CAE2BEA026C13AD130E244F24702C5B
:10A57000D13CD23C903CF14432451245F244124564
:10A580007355534D12451245334D124D4F34AD2383
:10A590008D1BEA02EA024C0BAD13CD132E24ED1BEA
:10A5A000ED1BAF2C4F240D14EE1B2F248C134B13DB
:10A5B000AD236C1B8D23AD230E34AC2BEA22481A3D
:10A5C00085190411C318E318E210C210C210C208A2
:10A5D000C210C218C210A210A110C210C2180321CA
:10A5E00023214329A439A4392552C76A487BCB8B40
:10A5F0008DACEEB4EEB4AEACEFB430BD92CDD3D5ED
:10A60000F3D5D3D5D3D5F3D514DE35DE55DE35DE1F
:10A6100055DE75DE76E675E696E696E697E6B7E6EB
:10A62000B7E697E6B7E6D7EED7EED7EEB8E6D8EEC0
:10A63000D8EED8EEF9EEF9EEF9EEF9EEF9EEF9EE24
:10A64000F9F6F9F6F9EEF9EEF9EED9EED9EED9EE22
:10A65000D9EEF9EEF9EEF9EEF9EEF9EED9EED9EE22
:10A66000D9EED9EED9EED9EEB8E698E6B8E6D9EE4D
:10A67000D9EEF9EEF9EEF9EEF8EEF8EED8EEB7E62F
:10A68000B7E697E697E697E676E676E676E656DE6E
:10A6900076DE96E656DEB3CD15D635DE15D614D663
:10A6A00034DED3CD92C571C5B2CDF3D5D3D592CD1D
:10A6B00051C5F0BC6DAC0C9CCB936983E872665AB3
:10A6C0004652A4398431A5398531853165316429F3
:10A6D0004421442165296529442123190321231993
:10A6E0000311C6212B43EA32691AAA1A103C72449C
:10A6F00092447134502C712C5024CF1B1024EF2322
:10A70000CF238E2BEF3BB164F274F27C548DF38433
:10A7100014853585358D348555855485347DF4749F
:10A72000357D1585D474315CCF438D33EE33503C89
:10A730000F34AE23EF2B503C51347134B23CD23C39
:10A74000D23CD23CF33CD33CB23C9234B23CD33CFE
:10A75000B23CB23CD33CD33CB23CB23CD33CD33C05
:10A76000B23CB23CD33CD33CB23C9234B23CB23C5F
:10A770009234B23CF344F344D13CD13C123D1245F7
:10A78000F13CF23C3245123DD134F23C323D123DB7
:10A79000F234123D3345323DF234F234F234F134C6
:10A7A000D134F134F23CB134B034D13CF23CB13468
:10A7B0009134B134D23C713C714C767D199EF9A52F
:10A7C000F99D199EF99DF89DF9A5F9A5199EF99D88
:10A7D000D895D895D895B795978D357D525CD0434F
:10A7E0000F3CAE2BCA0A4C0B8C130E1C2F24702C62
:10A7F000D13CF13CB13CF24432451245F244F244C2
:10A80000534D334DF144F144534D124D2F34AD238C
:10A81000AD23EA0AEA028C13CE13CD130E24CC1317
:10A82000ED1BAF2C4E1CED13CD130E24EE23CD23C8
:10A83000CD2B4B1BEE2BEE2B2F3CAC2BEA22471AD9
:10A8400044110419E318C218C210C210C210C21079
:10A85000C210C318C210A210C210C210C218E2184F
:10A86000232143296331E541E8626A7BCB8B0B945A
:10A870002C9C4CA48DACEFB430BD71C592C5B2CD4B
:10A88000D3CDD3CDF3D514D634DE55DE55DE55DE2B
:10A8900035DE55E676E676E696E696E697E697E6C0
:10A8A00097E6B7E6B7E6D8EED8EED8EED8EED8EE13
:10A8B000D8EEF9EEF9F619F71AF719F7F9F6F9EEF5
:10A8C000F9EEF9F6F9EEF9EEFAF6FAF6F9EEF9EE36
:10A8D000F9EED9EEF9EEF9EEF9EEF9EEF9EEF9EE60
:10A8E000D9EED9EED9EED9EEB8EEB8E6D9EEF9F652
:10A8F000F9EEF9EE19EFF9EEF8EEF8EED8EEB7E66C
:10A9000097E697E697E697E676E676E676E676E6E3
:10A9100076DE97E656DEB3C535D655DE55DE14D65F
:10A92000F4D592C591C5B2CDD3CDD3CDD2CDD3D5AB
:10A9300091CD30BD8EAC2C9CEB9369830873A762DC
:10A940004652C439A439A539853164296529642959
:10A9500044212421642165292421442124214421E6
:10A960002319A521EA3AEA32691A8912AE33514411
:10A97000713C7134702C30240F1C0F2430241024AF
:10A98000EF2B8E23EF3B915CD274B174F27CF37C9D
:10A9900034853585148534855485347D147DF4746F
:10A9A000357D157DD474525CEF43CE330F34703C4B
:10A9B000503CCE2BCE23303471347134B23CD23C77
:10A9C000D23CD33CF33CD33CD33C9234B23CD33C5A
:10A9D000B23CB23CD33CF344D33CD23CD33CD33C1A
:10A9E000B23CB23CD33CD33C92349234D33CF3449B
:10A9F000D23CD23CF344F344D13CD134F23C123D3E
:10AA0000F13CF23C323D123DF23C123D3345323DC9
:10AA1000F23C123D333D123DF234F234F234D13483
:10AA2000D134F23CF23CB134B134F13C123DB1349A
:10AA3000B134B134D23C713CB24C967D39A619A6E2
:10AA400019A6199EF895D895D89DF9A519A6199E0D
:10AA5000F89DD895B895978D978D567D525CF043AB
:10AA6000103C8D2BCA0A2B0B8C13EE1B2F246F2C42
:10AA7000D13CD13C903CF144324D1245D144F2449A
:10AA8000534D324DF144F1447355F244EE2B8D2376
:10AA9000CE230B0B0A038C13EE1BAD0BCD138C0BCB
:10AAA000CD13902C4F24ED13CD132F24903C4F3415
:10AAB000CD2B2B130F340F344F3C8C2BA91A271A94
:10AAC0000409E318E318C318C210C210E210E21020
:10AAD000C210C318C210A210A110A110C218E2180F
:10AAE000432964318439264A665A2873CA8B2C9CC0
:10AAF0004D9C6DA4AEAC0FBD71C592C592CDB2CDCB
:10AB0000D3D5F3D514D634DE34DE34DE55DE75E627
:10AB100076E655E675E676E697E697E697E697E6F3
:10AB2000B7E6B7E6B7E6D8EED8EED8EEF8EEF8EE30
:10AB3000F9EEF9EEF9F6F9F61AF719F7F9F6F9EE72
:10AB4000F9EEF9EEF9EEF9EEFAF6FAF6FAEEFAEEB9
:10AB5000F9EEF9EEF9EEF9EE19EF19EFF9EEF9EE7B
:10AB6000F9EED9EED9EED9EED9EED9EEF9EEF9EE4D
:10AB7000F9EED9EEF9EEF9EED8EEF8EED8EEB7E64A
:10AB800097E697E697E697E696E676E696E676E621
:10AB900076DE96E635DEB3C535D655DE75DE34D6BF
:10ABA000F3CDB2C5B2C5D3CDF3CDB2CDB2CDF3D5D1
:10ABB00092CD71C5CFB44DA4EB938A83297BC86A2B
:10ABC000665AE541C539A5396431642944294429C7
:10ABD00024212421442164214421442124212321AE
:10ABE00044198521893A2B3B892269124D237144EE
:10ABF000713C7134702C30240F1C512C512C302C92
:10AC0000102C8E23EF3B915CD274D27CF37C137DAD
:10AC100035855585148514855585347D147DF474EA
:10AC2000357D157DB36C315CEF43CE33AE2B0F2CED
:10AC30000F2CAE1BCE23713C913451349134D23C55
:10AC4000D23CB234D33CF33CD33C9234B23CD344F8
:10AC5000D33CB23CD33CF344B23CB23CD23CD33CB8
:10AC6000B23CD23CD33CD33C92349234D23CD33C21
:10AC7000B23CB23CF344F344D134B134F13CF23C45
:10AC8000D13CF13C1245123DF23C123D3345123DA0
:10AC9000F23C123D333D123DF234F2341235D134E0
:10ACA000B134F23C123DB134B034D13CF23CB13459
:10ACB0009134B134B13C5034D254B78539A619A679
:10ACC00039A6199EF895F895D89DF9A519A6399E2B
:10ACD000F89DD895B895978D978D7685525CF04301
:10ACE000103C6D23CA0A4B0BAD130E242F244F2C9E
:10ACF000B13CD13C903CD13C12451245D13CF14491
:10AD0000334D324DD13CD13C534DF2440E2CCD232A
:10AD10000F2C4B13EA024C0BCE13CE13EE1B8C0BF5
:10AD2000CD138F2C4F24ED130E1C702CD13C2F34DF
:10AD3000AC232B1B0F344F3C0E344B2368120712ED
:10AD400024110419E320E320C218E210E210E210FB
:10AD5000C210C210C310A210A108A210C218E2189B
:10AD6000232143298431E541665A086B8A83EB939A
:10AD70000C944C9CAEAC10BD51BD92C5B3CDD3CD9F
:10AD8000F3D514D614D634DE34DE34DE55DE75E663
:10AD900096E676E676E696E697E697E6B7E6B7E6CF
:10ADA000B7E6D7EED8EED8EEB7E6B7E6D8EED8EEEF
:10ADB000F9EEF9EE19F719F719F719F7F9EEF9EEB7
:10ADC000F9EEF9EEF9EEF9EEF9EEF9EEF9EEFAEE4A
:10ADD000F9EEF9EEF9EEF9EE1AF7F9EEF9EEF9EE11
:10ADE000F9EEF9EED9EED9EEF9EEF9EEF9EED9EE8B
:10ADF000F9EED9EED9EEF9EEF9EEF9EED8EEB8E6C5
:10AE0000B7E6B8EEB7EE97E676E676E696E676E64D
:10AE100076DE76DE35DED4CDF4CD34D635D614D616
:10AE2000F3CDF3CDF3CDF3CDF3CDF3CDD2CDD2CD64
:10AE300092CD92CD0FBDAEAC0C94AA8B497BC76A64
:10AE4000665AE541A439843184316429642944294E
:10AE500044214421642164294421242144212319CB
:10AE60002319852168322C43EB32891A0C1B503C84
:10AE7000913C7034702C70245024512C502C512C47
:10AE8000CF238E23EF3B70547064B174F37CF37C5A
:10AE9000347D5585348534855585347D1375147519
:10AEA000357D157D936C1154AF3BAE2BAD23EE2356
:10AEB0000F2CAE1BAE1B51347134512C7134B23C8B
:10AEC000B234B234D33CF33CB23CB234D344144D2C
:10AED000F344B33CD23CD33C923C9234B23CD33C9E
:10AEE000B23CD33CD344D33CB23C923CB23CD33C86
:10AEF000B23CB23CD344F344B134B134F13CF23C03
:10AF0000D13CF13C1245123DF23C123D323D123D26
:10AF1000F23C123D3345123DD234F234F23CD1348E
:10AF2000B134123D123DB1349034D134F23CB134DD
:10AF30009134B134B1345034D354B77D199E19A62D
:10AF400019A6199EF895F89DD89DF9A519A619A6D8
:10AF5000F895D895D895B895978D76853154F04366
:10AF60000F3C4C23CA0A4C0BCD1B2F244F2C4F2CCB
:10AF7000B034B13C903CD13C12451245D13CF14437
:10AF8000334D324DD13CB13C1245324D903C2F34C3
:10AF90004F344B13EA026C13EE1B2F24702C0E1C43
:10AFA0000D1C8F2C6F24ED13AC132E2490340E2C1B
:10AFB000AD236C1BEE330E34AD2B2B234812A611A0
:10AFC00004092419E318C318E318E218E210C210A8
:10AFD000C210C210C310C210C210C218C210E218B0
:10AFE00002212329C539C5414652C762497BAA833C
:10AFF000EB934CA4EFB430BD31BD92C5D3CDF3D5A6
:10B0000014D614D634D655DE55DE75DE55E675DE1B
:10B0100076E697EE97EE97E696E697E697E6B7E63A
:10B02000D7EED8EED8EED8EEF8EEF8EEF8EEF8EE71
:10B03000F9EEF9F619F719F719F7F9F6F9EEF9EE4D
:10B04000F9EEF9F6FAF6F9EEFAF6F9EEF9EEFAEEAD
:10B05000FAEEF9EEF9EEF9EE1AF7F9EEF9EED9EEAD
:10B06000D9EED9EED9EED9EEF9EE1AF7F9EED9EE1E
:10B07000F9EEF9EEF9EEF9EEF9F6F9EED8EEB8EEF2
:10B08000D8EED8EEB8EE97E676E676E676E676E6A1
:10B0900076DE76DE35DE14D6F4CD55D655DE35D6E1
:10B0A000D3CDD3CDB2C5B2C5D3CD34D6D3CD92C5D1
:10B0B00092CDB2CD30BDCEB42C9CEC936A83C76ADE
:10B0C000875AE5418439843164316429442944290B
:10B0D0002421442144214421442124216429242180
:10B0E00023196419282A2B3B2C33CA1AEB1ACF33A5
:10B0F000713C7134702C7024502C10243024312C6D
:10B10000AF238E23CF3B304C7064716CB274D37418
:10B1100055853585348514855485147DF3741475EF
:10B120003685157D936C1154CF43AE2BAD230F2480
:10B130000F24CE1BCF1B512C713471349234D23C6E
:10B14000B23CD23CD33CD33CB23CD33C144D5555DD
:10B15000344DD33CD33CD33CB23CB23CD33CD3443F
:10B16000D33CD33CD344B23CB23C923CB23CD33C03
:10B17000B23CB23CB23CD33CD13CB134F23CF23CA8
:10B18000D13CF13C123DF23CD134F134123D123D40
:10B19000D134123D5345123DD134F134F234D1341F
:10B1A000D134F23CF23CB134902CB134F13CB034A7
:10B1B0009034B134B1345034B254967DF895F99D41
:10B1C000199EF895F895F89DF99DF9A519A6199E6F
:10B1D000F895F895F895D895978D7685725CF0433B
:10B1E00030446D23CA026C13CD132F244F244F24F7
:10B1F000B134D13C903CB13C1245F144D13CF144D6
:10B20000534D324DF244D13CF244334DD1440E34CF
:10B210004B1BC902EA0A2B0BEE239034B1346F2C7E
:10B220004E248F2C4F24ED13AC13ED232E2CED2B3D
:10B230008C23AD2B0E34EE33AE33EA22E7118509B1
:10B2400024114521E318C3180319E318E318A210C9
:10B25000A210C210C310C310C318E318C218C2183A
:10B26000032123298431C4416652C762497BCB8BB9
:10B270004C9C8DACEFB451C572C5B2CD14D614D66A
:10B28000F3D534D655DE54DE75E675DE76E696E601
:10B2900096E697E6B7EEB7E697E6B7E6B7E6B8E61E
:10B2A000D8E6D8EED8EEF8EEF9EEF9EE19EF19EF90
:10B2B000F9EEF9EE19EF19F7F9EEF9EEFAEEF9EE0B
:10B2C000F9EE1AF71AF7F9F61AF7F9F6F9EEF9EEB8
:10B2D000F9EEF9EEF9EEF9EEF9EEF9EEF9EEF9EE36
:10B2E000F9EEF9EED9EED8EED9EEF9EEF9EEF9EE87
:10B2F000F9EEF9EEF9EEF9EEF9EED9EEB8EEB8EEB8
:10B30000D8EEF9EED8EE97E697E677E697E697E679
:10B3100077E676E656DE15D6F4CD35D655DE35D64B
:10B32000B3C5B3C5B3CDD3CD14D614D6F3D5B2CDF2
:10B33000B2CD92CD50C530BDAEAC0C9CAA83E872A4
:10B34000A762054AC441843964316429442924210F
:10B35000032103212321442144212421442145297F
:10B3600024216421E621EA3A6C3B0B238A0A6D23EF
:10B3700092447134502C712C302C10241024312C18
:10B38000CF23AF23CF3B515C716471649264D3745B
:10B39000147D55853485148534851485F474147DA5
:10B3A000367D157DB36C315CEF438D2BAE23302C95
:10B3B0003024CE13AE13302C712C71349234B23C45
:10B3C000B23C9234B23CD33CB23CB23CD33CF344AA
:10B3D000F344D33CD33CD33CD33CD33CD33CD33CCD
:10B3E000D33CD33CD33CB33C923CB23CB23CD33C88
:10B3F000B23C9234D33CB33CD13CD13CF23C123D04
:10B40000D13CD13C123DF23CD134F134123DF23CFE
:10B41000D134F23C3245F23CD12CD134F134D13428
:10B42000D134F23CF23CB034902CD134F23CB13403
:10B43000B134D134D13C5034B24C967DD895F89D7E
:10B44000F99DF895F895F89DF89DF9A519A619A606
:10B45000F895D895D895B78D978D76859364F043F8
:10B460000F3C6D23EA026C13AD130E1C2F244F24E6
:10B47000B034D13C903CB13C1245F144D13CF14454
:10B48000324D324DD13CB13C334D124D2F342B1B3C
:10B490008902A902EA0A0A0BEE239034B034B034D0
:10B4A0004F248F2C4E242D1CED1B4E2CCD238C1B9A
:10B4B0004C1BEE2B0E34EE3B0F3C891A0712A611E3
:10B4C000A62104110419242124210319E318A21030
:10B4D000A210C310C310C310E318E318C218E2206F
:10B4E000232964318439E549875A086B8A832C946F
:10B4F0008EA4CEAC30BD71C5B2CDF3D514D614D662
:10B5000014D634D655DE75DE76DE96E6B7E6B7E6B7
:10B5100097E697E6B8E6B8E6D8EED8E6D8EED8EEE5
:10B52000D8EED8EEF9EEF9EEF9EEF9EE19F719F7D3
:10B5300019F7F9EEF9EEF9EEF9EEF9EEF9EEF9EEAA
:10B54000F9EE1AF71AF7F9F61AF71AF7F9F6F9EE0B
:10B55000F9EEF9EEF9EEF9EEF9EEF9EEF9EEF9EEB3
:10B56000F9EEF9EED9EED9EED8EED9EEF9EEF9EE24
:10B57000F9EED9EEF9EED9EEF9EED9EED9EED8EE34
:10B58000D8EED8EEB8E6B8E697E697E6B7E6B7E6BF
:10B5900077E676DE56DE35D615D655DE56DE35D65E
:10B5A00093C5D4CDF4D5F4D5F4D5F4D5D3D5B2CD57
:10B5B000B2CD92CD71C571C5EFB44D9CAB8B087304
:10B5C000C86A2552E541A4396431643144292421F3
:10B5D0002321032123214421442144214429652995
:10B5E00044216421A519892A4C3B2B2B890A2C1B49
:10B5F000713C713C302C71341024102C312C312CC6
:10B60000CF23AF23F03B515C716471647164D36CE0
:10B61000147D55853485F38414851485147D357D1A
:10B62000367D1575B36C315CEF438E33AE230F243A
:10B630003024EF1BCF1B3024512C712C9134B23CA1
:10B64000B23CB23CB33CD33C92347134713472346A
:10B6500092349234D33CF33CB23CB23CD33CD33C26
:10B66000D33CB33CD33CB33C923C923CB23CD33C45
:10B67000923C9234D33CB33CD13CD134F23C123DA9
:10B68000D13CF13C123D123DF134F23C123DF23C12
:10B69000D134F23C323DF134B12CF134F234D134B6
:10B6A000D134F23CF23CB034902CB134F23CB134A1
:10B6B000B134D13CD13C5034914C967DD895D89D35
:10B6C000F99DF89D189EF89DF89DD9A519A619A673
:10B6D000D895B78DB78D7685978D7785B364104CE7
:10B6E000EF3B4C23EB0A6C13AD130E1C2E1C4F24A6
:10B6F000B134D13C913CD13C32451245D13CF1446E
:10B70000324D324DD13CB03C334D124DEE2B0B132C
:10B710008802EA0A2A130A0BEE23903490349034FC
:10B720002E248F2C6E244E24ED1B0E24CD1BCD23F6
:10B730008C23EE33EE33EE33AD33891A6922C6190A
:10B74000A62104116521442144210319C318A21024
:10B75000A210C310C310C210C21003210321032181
:10B7600023294331A4414652A7622873AA834D9CE2
:10B77000CEACEFB451C5B3D5F4D534D634D634D627
:10B7800055DE75DE75DE96DE96DEB7E6D7E6D8E6E0
:10B79000B8E6B8E6D8E6D8EEF9EEF9EEF9EEF9EE4D
:10B7A000F9EEF9EEF9EEF9EE1AF7F9EEF9EEF9EE37
:10B7B000F9EEF9EEF9EEF9EEF9EEF9EED9EEF9EE71
:10B7C000F9EEF9F619F7F9F619F719F7F9F6F9EEAE
:10B7D000F9EEF9EEF9EEF9EEF9EEF9EEF9EEF9EE31
:10B7E000F9F6F9EEF9EED9EED9EEF9EEF9EEF9EE59
:10B7F000F9EEF9EEF9EED9EED9EEF9EEF9EEF9EE51
:10B80000D8EED8E6D8E6D8EED8E6B8E6B8E6B8E698
:10B8100097E6B8E697E656DE56DE76DE56DE35D695
:10B8200093C515D635DE35DEF4D5F4D5D3CDD3CDDD
:10B83000B3CDB2CD92CD92CD10BD6DA4EB8B297B53
:10B84000E86A4652054AA4398431643144294421C6
:10B850002421232124212421241924214421652168
:10B8600065298521851948224C3B8D33CA1AEB1274
:10B87000513C7134302C7134EF23102C512C112C8D
:10B880008F1B8E23D03B515471647164515CB36C37
:10B89000147D55851485F38413851485147D357DB9
:10B8A000357DF47472641154CF436D2B8D23CE1B00
:10B8B000EF1BEF1BEF1B3024712C712C712C923479
:10B8C000923C923CD33CF344B23C92347234923476
:10B8D0009234B234D33CF33CB23CB23CD33CD33C84
:10B8E000B33CB23CB23CB23C923C923CB23CD33C06
:10B8F000B23C9234D33CD33CD13CD134F23C123DE7
:10B90000D134F134123D123DF134F23C123D123586
:10B91000D1341235323DF234B12CF1341235D134F8
:10B92000D134F23CF23CB134902CD134F23CB134FD
:10B93000B134D13CD13C5034B24CB67DF895F89D31
:10B94000F99D199E199EF89DF99DD9A519A619A6CC
:10B95000D895B78DB795768D978D9785D36C314CEB
:10B960000F3C4C230B0B8C13AD130E1C2E1C4F24C1
:10B97000D134F23CB13CF24432451245D13CF14461
:10B98000334D324DD13CB13C1245124D0E2C4B1B68
:10B99000EA0A0A130A0B0A0BCD234F2C6F348F2CA3
:10B9A0006F2CD0346F2C0D1CAC13AC132E2C2E2C02
:10B9B000AD230F340F34CE332B2BCA2269228511CD
:10B9C00065114419A521652124210319C218A2106B
:10B9D000A210C310C210C210C210E21823294331B2
:10B9E0006439A441E4494552C76A4973CB8B8DA49D
:10B9F000EFB430BD92CDF3D5F4D535D635D655D686
:10BA000076DE76DE96DE97DEB7E6D8E6D8E6D8E6CE
:10BA1000F9EEF9EEF9EEF9E6D9E6F9EEF9EE1AEFFC
:10BA20001AEF1AEF1AF71AF71AF7F9EEF9EED9EE3C
:10BA3000D9EED9EED9EEF9EED9EED8EED9EEF8EE90
:10BA4000D9EED9EEF9EEF9F6F9F6F9EEF9EEF9EEEE
:10BA5000F9EE19EF19EF19F71AF71AF7F9EE19EFCE
:10BA6000F9F6F9EEF9EED9EED9EEF9EEF9EEF9EED6
:10BA7000F9EE19EFF9EEF9EED9EED8EED8EEF9EECF
:10BA8000F9EEF9EEF8EEF9EEF9EED8E6B8E6B8E63A
:10BA9000D8E6D8E6B8E677DE97E6B7E656DE15D6FE
:10BAA000B4C515D656DE55DEF4D5F4D5D4CDF4D5CF
:10BAB000D3CDB2CD92CD92CD30BDAEAC0C94497BFE
:10BAC000E76A665A054AA44184316431442924292D
:10BAD0002421032103212321241924212421442169
:10BAE0008529A521851927224C3BAD3B2C230B1B17
:10BAF0000F345134502C502C302C302C312C10243D
:10BB0000AF1B8E23EF3B5154716471647164D36C2D
:10BB1000347D55851485F48414853485347D357DD4
:10BB2000357DD47472641054AE436D2B6D1BAE1B07
:10BB3000CE1BCE13CE1B102471347134712C923471
:10BB400092349234D33CD344D33CB23CB23CB33C69
:10BB5000B234B234B23CD33CB23CB23CD33CD33C22
:10BB6000B23CB23CB23CB23C923C923CD33CD3445B
:10BB7000B23CB23CD33CD33CD134D134F23C123D44
:10BB8000D134F134123D123DD134F234123D12352C
:10BB9000D1341235323D1235B12CF234123DF1342C
:10BBA000D134F13CF13CB134B02CD134F23CB1345D
:10BBB0009134D134D13C5034D254D785199EF89D5C
:10BBC000F89DF89D199EF89DF9A5F9A519A619A645
:10BBD000F89DF895F895D895B78D7685D36451542E
:10BBE00010446D23EB0A8C13AD130E1C2E1C4F1C3E
:10BBF000B134D13C9134D13C12451245D13CF13C99
:10BC0000334D324DF13CB13C124D334D0E2C2B13C4
:10BC1000EA0A0A13EA022A0BCD1B2E2C9034903428
:10BC2000B034B0346F2C0D1CAC13CC1B9034ED230E
:10BC30008C1B703C503CEE330B23CA22071A44097C
:10BC4000651185198519852124190319E318C21076
:10BC5000A210C210C210C210E218032123294331DE
:10BC6000A441E549455AA76208738A832C9CEFAC2E
:10BC700051BD71C592CDF3D5F3CD14D635DE55DE69
:10BC800076DE96E6B7E697DED7E6D8E6F8E6F9E69A
:10BC9000F9E6F9EEF9EEF9EEF9EE19EFF9EE1AEF31
:10BCA0001AEF1AEF1AEF1AEFF9EEF9EEF9EEF9EED4
:10BCB000F9EED8EED8EED8EED8EED8EEB8E6D8EE5B
:10BCC000D8EED8EED8EEF9EEF9EEF9EEF9EEF9EE9F
:10BCD000F9EEF9EE19F719F719F7F9F6F9EEF9EEA9
:10BCE000F9EEF9EED8EED8EED8EED8EED8EED8EEE2
:10BCF000D9EEF9EEF9EED9EED8E6D8E6D8E6F9EEC7
:10BD0000F9EEF9EEF9EEF9EEF9EEF9EEF9EEF9E603
:10BD1000D9EED8E6B8E698E6B8E6D8E677DEF5CD0F
:10BD200016D636D656DE56DE35D635D6F4D5F4D50B
:10BD3000B3CDD3CD92C571C551C5EFB46DA46983A0
:10BD4000C76A665A2552C441843964314429242182
:10BD50000321032103190319241924212421442137
:10BD6000A529C6298519071A2B338D3B4C2B0B1B94
:10BD7000AE2B50349134502C302C10241024F0234E
:10BD8000AF1B8E23EF3B5154715C91649264D36C72
:10BD9000347D558514851485348D3485347D357D09
:10BDA000357DF47472641054AF436D2B6D23AE1B5C
:10BDB000CE1BAE138D13CE1B512C712C9134B23C83
:10BDC000B23492349234B23C923C9234B23CB23CA3
:10BDD000B2349234B23CD33CB23CB23CB23CB33C01
:10BDE000B23C9234923CB23C923C9234B23CD33C52
:10BDF000B23C923CB33CD33CB134B134F134F23C6C
:10BE0000D134F134323D123DD134F234123DF134AB
:10BE1000F1341235323D1235D12C1235123DF23447
:10BE2000D134F134F13CB134902CB134F13CB02C2C
:10BE30009034B134B1345034D354F785399E199EBF
:10BE4000F99DF89D199EF89DF9A5F9A519A619A6C1
:10BE5000F99DF895F89DD895978D7685B364315402
:10BE600030446D23EA0A6C13AD130E140E1C2F1C04
:10BE7000B12CB1349034B13C33451245F13CF2441D
:10BE8000334D324DF13CD13C324D53550E2CEA0A24
:10BE9000CA0A2B130A0B2B0BCD1B2E2CB13CD13C09
:10BEA000D13C8F346F2C2E24CC1B2E2CB034CD1BC8
:10BEB0008C1BB1442F342F3C0B23AA22E7196511A8
:10BEC0000722E621A519651924190319E318C318D7
:10BED000A210C210C210C2180321232123296331EA
:10BEE000C4412552A762287B6983EB936DA410B5EA
:10BEF00071C592C5B2CDF3D5D3CD14D655DE96DE3D
:10BF000076DEB7E6D8EEB7E6B8E6D8E6F8EEF8E6BD
:10BF1000F8EEF9EE19EF39EF3AEF3AEF1AEF19EFC1
:10BF200019EF19EFF9EEF9EEF9EED8EED8EED8EEFA
:10BF3000D8EEB7EEB7EED8EEB7EEB7E697E697E6EF
:10BF4000D7EED8EED8EED8EEF9EEF9EEF9EEF9EE3E
:10BF5000F9EEF9EEF9EE19EFF9F6F9EEF9EEF9EE80
:10BF6000D8EED8EED8EEB8EEB8EEB8EEB8E6B8E651
:10BF7000B8E6B8E6D8E6B8E6B8E6D8E6F9EEF9EEFF
:10BF8000F9EEF9EEF9EE19EF19EF1AEF19EFF9EEF4
:10BF900019EF19EFD8E6B8DED8E6D8E677DEF5CDAA
:10BFA00077DE77D677DE77DE56D656DE15D6F4D531
:10BFB000B3C5D3CD93C572C551C530BD8DA4AA8B71
:10BFC000E77286622552E541A4398431442924214F
:10BFD00023210321031904190419242124214421B4
:10BFE000A529C629A511E6192B336C3B4C2B0B1B3D
:10BFF0006D2350349134502C3024EF1B101C10242E
:10C00000D0238E23CF3B3054515C926C9264D37416
:10C01000347D5585F4841485558D3485347D357D86
:10C02000357DF474726C1054AE434C2B8D23CE23AB
:10C03000EF1BAE136D0BAE131024502C712C9234E9
:10C040009234712C7134923472349234B23CD33CB9
:10C05000D33CB23CD33CF33CB23C9234B23CB23C15
:10C06000923C9234923CB23CB23C9234B23CB23CF0
:10C070009234B23CB33CD33CB12CB134F134F23CF9
:10C08000D134F234323D123DD1341235123DF23406
:10C09000F1341235323D1235D1341235123DF134BE
:10C0A000D134F134F23CD134902CB134D134902CD1
:10C0B000902CB134B1342F2CD254D785199E199EAF
:10C0C000199EF89D189EF89DF9A5F9A5F9A5F99D69
:10C0D000F99DD895B895B895978D7685B364304C11
:10C0E00030446D23EA026C0BCD130E140E1C2F1C72
:10C0F000B12CD1349034D13C33453245F23CF2443A
:10C10000334D334DF244D13C1245124D0E2CEA0A08
:10C11000CA0A0B0B2B0B2B0BAC1B4F2CD13CD13C6D
:10C12000B03CB0346F2C2E24ED1B4F2CB03CED23D3
:10C13000CD23903C2F340F3C0B23CA22071A8511C4
:10C14000482A272AE621641923190319E318C31082
:10C15000A210C210C210C218E21802214331E541F8
:10C16000875AC76A0873497BEB934DA4AEAC30BDC8
:10C1700071C592C5D3CDF3D5F3D534D675DE96E629
:10C18000B7E6B7E6B7E6B7E6B7E6D8E6D8E6D8E664
:10C19000D8E6D8E6F8EE19EFF9EEF8E6F8E6D8E6D4
:10C1A000F8E6D8E6D8E6B7E6B7E6B7E697E697E664
:10C1B00096E696E6B6EED7EE96E696E676DE76DE7E
:10C1C00097E6B7E6B7E6B8E6D8EED8EEF9EEF9EEC0
:10C1D000F9EEF9EEF9EEF9EEF9F6F9EED8EED8EE61
:10C1E000D8EEB8EEB8EEB7E6B8EEB7E697E697E663
:10C1F00097E697E6B8E6B8E6B7E6D8E6F8EEF8EEE2
:10C20000D8E6D8E6D9E6D9E6F9EE19EFD9E6D9E6C7
:10C21000F9E6F9E6B8E698DED8E6B8DE57D615CEE8
:10C22000B8DE97D697DEB7DE77D656D635D635D672
:10C23000B3C5D3CD93C592C571C530BDAEAC0B941B
:10C24000497BC76A455A054AC54185396431242965
:10C2500023210421041904190419241945216521F5
:10C260008521E621A519E6110B336C3B6D332C2398
:10C270002C1B0F2C712C502C3024102431243124F1
:10C28000D0236E23CF3B3054505C92647264B26C06
:10C29000147D3585F484148534853485147D357D8D
:10C2A000357DF474726C10548E3B4C2B8D230F240F
:10C2B0002F24EF1B8D13AE1310243024512C9134F6
:10C2C0007134512C7134923471347234B23CD34491
:10C2D000D33CB23CB23CD33C923C9234B23CB33CF3
:10C2E000B23C9234923CB23CB23C7234B23CB23C6E
:10C2F000923CB23CB33CD33CD134D134F23CF23C1E
:10C30000B134D134123DF234D1341235123DF1340E
:10C31000D134F2341235F234D134F234123DD13406
:10C32000B134F134F23CB134902CB134D134B02C6E
:10C330009034B134B1342F2CB24CB67DF89DF89DB9
:10C34000F99DF89DF895D895F89DF9A5F9A5D89D82
:10C35000199EF895B78DB795968D9685B364304C38
:10C3600030448D23EA026C0BCD130E140E142F1CD7
:10C37000B12CD1349034D13433453245F23CF244BF
:10C3800032453245F244F13C324DF1440E2C2B1330
:10C39000C902CA020A0B0A03AD1B4F2C6F2CED23F6
:10C3A000CD1B6F2C8F344E24CC1B4F2CF13CED2336
:10C3B000ED234F34703CCD2B4C2BEB2A071AA619DA
:10C3C000072A272A062AA5212319E318E318C310F0
:10C3D000C210C310C218E21802214329A439254A09
:10C3E000A76208736983EA934CA4AEAC0FBD71C514
:10C3F00092CDB2CDD3CDD3CD14D634DE55DE96E674
:10C40000B7E6B7E697E6B7E6D8EEB7E697DE97DE8B
:10C41000B7E6B7E6B7E697DE76DE76DE96DE96DE40
:10C4200097DE96DE76DE76DE55DE75DE76E696E61D
:10C4300096E696E695E696E675DE96E676E655DEAF
:10C4400076DE76DE96E697E6B8E6D8EED8EEF9EE3A
:10C45000F9EEF9EEF9EEF9EEF9EED8EED8EED8EE07
:10C46000B8EEB8EEB7E697E697E697E677E676DEBB
:10C4700077E697E697E6B7E697E6B7E6B8E6D8E652
:10C48000D8E6B8E6B8E6B8DEB8E6D8E6B8DE98DEB4
:10C4900098DEB8DEB8DEB8DEB8DE77D636CE36CE79
:10C4A000B8DE98DE97DEB8DE97D676D635D656D685
:10C4B000D3C5B3C593C592C592C530BDAEAC4CA42F
:10C4C000AA8B0873665A2552C541A43964312421C8
:10C4D0002321042104190419041904194521652193
:10C4E0008521C621A519C611AA2A6C3B6D334C23A0
:10C4F0000C13EF23302C712C3024102451241024E1
:10C50000AF1B4D1BAF33304C305C7164716492646F
:10C51000F3743585F484148534853485347D357D14
:10C52000357DF474726C1054CE438D33CE2B302C89
:10C53000702C3024CE1BCE1BEF1B3024712CB23458
:10C54000923471349234B23C92349234B23CD33C43
:10C55000B23CB234B23CD33CB23C923CB23CD33C51
:10C56000B23C92349234923C92347134B23CB23C3C
:10C57000B23CB23CB23CB23CD134D134F23CF23C9D
:10C58000B134F134123DF23CD134123D323DF1343C
:10C59000D134F234F234D134D12CF234F234D134F7
:10C5A000B134F134F23CD134B02CD134F134B02C6C
:10C5B0009034D134B1342F2C914C967DF895F89D60
:10C5C000D89DD895F89DF89DF89DD89DD89DF99D4A
:10C5D000199EF895B78DB78D978D7685D364304CBD
:10C5E00030448D23EA0A6C0BCD130E140E142F1C4D
:10C5F000912CD1349134B1343345123DF23CF23CAC
:10C6000032453245F13CF13C1245F244EE2B4B13DE
:10C61000EA0AC902C9022B0BAC1B2E2CED234B0BD3
:10C62000AC138F34B03C4F2CCC136F2CB03CED23AB
:10C63000CD2350344F348C23CE3B0B2B271AC619F5
:10C64000272AA94226328421231903190319E31842
:10C65000C310E318E318E218E2184329E541875AAA
:10C660000873497B0B946CA4AEB4EFB430BD51C5D4
:10C6700092CDB2CDD3CDF4D554DE55DE76DE76DE66
:10C6800076DE96E676DE56DE35D615D6F4CD35D690
:10C6900055D6F4CD93C5B3C592BD92BDB3C5F4CD07
:10C6A000D4CDD3C592C571BD51BDB2C5F3CD54DE55
:10C6B00055DE54DE55E654DE55E676E655E635DEC3
:10C6C00014D676DE97E697E6D8EEF8EEF9EEF8EEB9
:10C6D000F9EE19EFF9F6F9EED8EED8EEB8EEB7E6C6
:10C6E00097E6B7E6B7E697E676E676DE76E656DED6
:10C6F00056DE56DE76E676E676DE56DE56DE56DE2A
:10C7000056DE56D656D656D656D656D656D636CEE9
:10C7100036CE36CE36CE77D697D636CE15CE97D6FF
:10C7200097D6B8DE97D677D677D697D676D635D63B
:10C7300015CEF4CDD3CD92C571C530BDCEAC6CA4B1
:10C740002C9C8A83A662465AE549A439643124297F
:10C7500023210321041904190419251945216521F0
:10C760004419A521E619C611481A2C33AE3B6D2B8E
:10C770002C1B8E1B502C912C3024101C3124312466
:10C780008E1B4D1BEF3B50540F54305C9164716411
:10C79000D3743585D37C14853485758D357D1475BA
:10C7A000157DF4747264305C0F4CCE3BAD2B2F2C96
:10C7B00030240F1C0F240F2410243024712C9234A9
:10C7C00092349234B234B23C923C9234923CB33CB8
:10C7D000B234B234B23CB23C9234923CB33CD33C1F
:10C7E000B23C923C923C923492347134B23CB23CB2
:10C7F000B23C923CB23CB23CB134D134F23CF23C5B
:10C80000B134D134123DF23CF134123D123DF134D9
:10C81000D134F234123DF234D12CF234F234D12C32
:10C82000B12CF134F23CD134B134F134F23CB134B6
:10C830009134D13CB1342F34B24C967D1896F99D89
:10C84000F89DF895199E199EF99DD89DF9A519A6F0
:10C85000399EF895B78DB78D978D7685D364304C1A
:10C8600030448D23EA024C0BAD130E142E1C2F1CEA
:10C87000B12CD134912CD134123D123DF23CF23C1A
:10C8800013451245D13CD13C1245F2440E2C4B1BB2
:10C89000EA0ACA02C9022B0BCD1BEE238C134A0BEA
:10C8A000ED23D13CB03C2E24AC134F2CD13CED23D6
:10C8B000EE23903C0F34AD2BAD330B2B4822272AAF
:10C8C000E942673AE63184210319E318E318E318D3
:10C8D000C310C218C218E21802214329E541A76219
:10C8E000497BAA8B6DA4CEB42FBD50C571C592C52E
:10C8F000B2CDB2CDD3CDF4D535D675DE96DE55DECC
:10C9000014D6F4CDD3CD72BD31B552BD52BD31B5C3
:10C91000F0ACAFA46E9C4D9C4E9C4D9C4E9C6E9C6E
:10C920004E9C4E9C4D9C2D942C9C6EA4AFAC10B58F
:10C9300051BD71C5B2CDF3D514DE55DE34DE14D64B
:10C9400014D675DE96E6B7E6D8EED8EEF9EED8EE58
:10C95000F8EEF9EEF9EED9EED8EEB8E697E697E6FE
:10C9600097E697E697E676E676E656DE56DE56DEFC
:10C9700035DE35DE14D6F4D5F4CDD3CDB3C592C5AE
:10C9800052BD31B511B531B511AD32B532B552B573
:10C9900052B532AD32B552B573B552B593BD36CE40
:10C9A00035CE36CE36CE35CE36CE76D676D655D6B2
:10C9B00015CE14CED3C572BD51C550C50FB5AEACA2
:10C9C0006DA4EB93287387622552C54184314429B5
:10C9D000032103190419041924192519452185294E
:10C9E0008521C629072AE719481A4C33EF43AE338D
:10C9F0004D1B6D13302C912C1024EF1B302431244F
:10CA00008E1B4D1BCF3B304CCE4B0F5C305C515CD2
:10CA1000B374147DF484148534855585357DF474A0
:10CA2000157DF474726C505C2F54CE3B6C23CD1B7F
:10CA3000CE1BEE1B0F24502C30243024512C92346A
:10CA4000923492349234B23C923C71349234B23C7F
:10CA5000B2349234B23CD33CB23CB23CD33CD33C33
:10CA6000B23CB23CB23CB23C923C7134B23CB23CBF
:10CA7000923C923CB23CB23CD134D134F23CF23CD8
:10CA8000B134D134123DF23CD134123D123DD13497
:10CA9000D134F234123DF234D12CF134F234D12CB1
:10CAA000B12CF134F23CD134B134F134F134B1343D
:10CAB0009134D134B1345034B24C967DF895F89D10
:10CAC000F89DF89D199E199EF89DF9A5F9A519A63E
:10CAD000399EF895B78D978D96859685D364304CA1
:10CAE000103C8D23EA024C0BAD130E142E1C4F1C70
:10CAF000D12CF234B134D134123D123DD23CF23C4F
:10CB000013451245F13CD13C1245F24C2F346C1BBD
:10CB1000EA0AC902EA022B0BCD1BCD1B4B0B8C136F
:10CB2000B03C324D90340E24CC1B4F2CD13CED2325
:10CB3000EE23B13CEE2BEE33AD2B4B2BEA2A682AC9
:10CB40004B5B47422642A4310219C218E318C318AE
:10CB5000C218C318C218E21802214229E441C76270
:10CB6000AA832B9CCEB42FBD71C571C591CDB2CD1A
:10CB7000B2CDD3CDF3D514D6F4CDD3C5B3C593C5BB
:10CB800031B5CFA48F9C6E9C6E9C6E9C6E9C2D9438
:10CB9000CC8BAB838B838B836A7B297B0973097373
:10CBA000E86AE872E872C86AE872087B49838A8B8F
:10CBB000CB930C9CAEAC0FBD71C5D2D5D2D5F3D5FD
:10CBC00014D635DE55DE97E6B7E6D8EED8EED8EEC9
:10CBD000D8EED9EED8EEB8E6B8E697E697E697E64F
:10CBE00097E697E697E676E676E635DE15DE14DE1E
:10CBF000F4D592CD31BDAFAC8EA46EA42D9C0C9417
:10CC0000EC93CC8BCC8BCC8BCC8BEC8BED8B0D8CC1
:10CC10000D8C0D8C0D8C0D8C4E942D8C4E9411A57D
:10CC200031AD72B552AD52B572B5D3C535CE35D62C
:10CC3000F4CDD3C5B3C572BD51C550C530BDAEAC82
:10CC40008DA44C9CAA8BE86A4652C5418431432985
:10CC50000321031924192419452125194521652982
:10CC600065298521072A2722281A2C330F44EF3BF8
:10CC70006D234D133024712C1024EF1B101C302415
:10CC8000AF1B6D1BCF3B0F4C8E43CF530F54305C0B
:10CC9000B37414851485358535853585147DF47414
:10CCA000157DF474726C51640F54AD336C23AD1B5D
:10CCB000EE1BEF1B5024712C502430245024912C57
:10CCC000923491349234D33CB23471349234B23CC5
:10CCD000B2349234B23CD33CB23CB23CB33CD33CD1
:10CCE000B23C923CB23CB23CB23C7234B23CB23C3C
:10CCF000923C923CB33CB33CD134D134123DF23C33
:10CD0000B134D134F23CF23CD134123D123DF13415
:10CD1000D134F2341235F134D12CF134F234D1342F
:10CD2000D12CF134F23CD134B134D134F134B134BA
:10CD30009034B134B1345034B24CB67DF895D89DAE
:10CD4000F895F895F895F895D89DF9A5F9A5199E47
:10CD5000199EF895B78D978D96859685B364304C5E
:10CD6000103C8D23EA026C0BAD130E142E1C4F1CCD
:10CD7000D12CD234912CD134123D123DD23CD23C34
:10CD800012451245F13CF244124DF244703CCD2361
:10CD90000A0BCA020A0B4B0B8C138C136C13CD1BA2
:10CDA000F14412456F342E2CED236F2CD13CCD1B5A
:10CDB000EE23913CCE2B0F340E346C2B2A33682A91
:10CDC0008C634B6BC95AE5412229E218C218E3185B
:10CDD000E320E318C218E218E2204229044AE86A74
:10CDE000EB8B8DA40FBD50C591CD91CD92CDB2CD21
:10CDF000B3CDF3D5F3D5B2C510B5AFA46E9C6E9C80
:10CE00000C94AB83AB83EC8BCB8B8B836A7B4A7BA1
:10CE100029732973297B0973E872A76A876266629E
:10CE2000666266626662466266626662866AC77249
:10CE3000E77A08838A8B0B9C8EAC30BD71C5B2CD6E
:10CE4000F3D514DE35DE76DEB7E6D8E6D8EED8EEDA
:10CE5000D8E6D8EED8E6B8E6B8E697E677E677DE25
:10CE600077DE76DE76DE56DE35DEF4D5D3D592CDAE
:10CE700031BD8EACEC9B6983287B0873C772C76A8F
:10CE8000C76AC76AC86AC86AE86A097329734A7BAD
:10CE90006A7B6A7B6A7B8A7B8B7B4A736A73EC83CF
:10CEA0002D8C4E944D942D8C6E94AF9C31B592BDCB
:10CEB000B3BDD3CDF4CDB2C571C571C530BDCEAC57
:10CEC0008DAC8DA40C942973665AE54963312329EE
:10CED000032124192419241945196521A631863105
:10CEE00065296521E7290722271AEA2ACF3B0F3C4B
:10CEF000AE234D13302C512C1024EF1B1024102482
:10CF0000CF236D23AE33EF4B8E43CE53EF53305CC4
:10CF1000D3743585358D3585358D3485147D1475FF
:10CF2000157DF474726C505C0F4C8D334C1B8D135B
:10CF3000CE1BEF1B5024712C502430245024912CF4
:10CF4000923491349234D33CB23C92349234D33CF8
:10CF5000B23C9234B23CD33CB23C9234B23CB23C90
:10CF6000923C9234B23CB23CB23C7234B23C923C01
:10CF700092349234B23CB23CD134D134123DF23CC2
:10CF8000B134D134123DF23CD134F23C123DF13493
:10CF9000D12CF1341235F134D12CF12CF234D134BE
:10CFA000D134F134F23CD134B134D134F134B13430
:10CFB0009034B134B1345034D254B77DF895D8950B
:10CFC000D895D795D895D795D89DF9A5F9A5F99D68
:10CFD000199EF895B78D978D97859685D364304CBB
:10CFE000103C8D23EA0A6C0BCD130E142E1C2F1C43
:10CFF000B12CD134902CB134123D123DD13CD13CF6
:10D0000012451245F2441245124DF24CB1442F34F0
:10D010002B13EA022B0B2B0B2B038C138C13AD1B46
:10D02000903CB13C6F344F2CED236F2C9034CD1BD2
:10D030000E245034EE2B2F34703C8C2BAC3BC8327A
:10D040002A5BAC7B8862C5492229E220E2200321C9
:10D05000E320C318C218E21802214231254A28737E
:10D060002C94CEAC50BD70C5B1CDB2CDB2CDB2CD49
:10D07000B2CDB2CD51BDCFAC4D94EC8BAB838A8396
:10D08000497B2973497B69836A83497B297B297B97
:10D09000097B087BE872A76A666A46624662456257
:10D0A00046624662466245624662666A866AA67261
:10D0B000A672C6722883898B0B9CCEB430BD71C515
:10D0C000D3D514DE35DE76DEB7E6B8E6D8E6D8E6A8
:10D0D000D9E6D9E6B8E6B8E6B8E697E677DE56DEF2
:10D0E00056DE56DE35D6F4D5F4D5B3CD51C5F0B401
:10D0F0006DA4CB932883C772A672866A6562656247
:10D1000065626662666266626662A76AC86A097379
:10D11000497B4A7B497B497B6A7B497B49736A7BB4
:10D120006A7B8B83CB830C8CCC8BCB830C948E9CB7
:10D13000F0AC71BDB3C592C571C571C530BD0FB539
:10D14000CEB4CEAC4D9C297B8762054A6431032165
:10D15000031904192419241924198529E739C63912
:10D1600085316429E629282A271ACA22CE3B303C79
:10D17000CF2B2C13102C302C1024F023101C102437
:10D18000EF236D23AE33CE43AE4BEF53EF535164D9
:10D19000D3743585358D14853585347D147D1575AD
:10D1A000157DF474726C305CEF4B8D334C1B8D1B12
:10D1B000EE1B0F1C5024712C712C5024512C9234D6
:10D1C000B23491349234B23CB23C92349234D33C77
:10D1D000B23C9234B23CD33C923C9234B23CB23C2E
:10D1E000923C923CB23CD33CB23C9234B23CB23C16
:10D1F00092349234B23CB23CB134D134F23CF23C81
:10D20000D134F23C123D123DF23C123D123DF1345C
:10D21000B12CF1341235F234D12CF12C1235F13419
:10D22000D134F134F23CB134B02CD134F134B02CDF
:10D23000702C913491342F34F354D785F895B795E9
:10D24000B795B78DB78DB78DD89DF89DF99D199E6F
:10D25000199EF895B78D978D97857685D364104480
:10D26000103C6D23EA0A6C0BCD130E142E1C4F1CC0
:10D27000B12CB134902CB134123D123DD13CD13C93
:10D2800012451245F2441245F244F14CF24C9044DE
:10D290004C1BEA020A0B2A03EA02AD13CD1B8C13C6
:10D2A0007034B13C90346F34CD1B2E2C6F34CD1BB9
:10D2B000EE230F2CEE2B2F34903CCD2B2E4C093B24
:10D2C000674A0A73065A84490129E1200221032191
:10D2D000C320C318C210E21802214231254A497303
:10D2E0006D9CEEAC70C5B1CDB2CDB2CDD3CDD3CDAA
:10D2F00092CD51BDAEAC0C94CB8B8A836A838A836A
:10D30000698369836983898B8A8BAA8BAA8B6A8BD1
:10D31000498B49830883C77A8772866A866A8772CF
:10D320008772876A666A4562866AA672C77AC77A12
:10D33000C67AE77A28838993EB9B8DB4EFBC30C51E
:10D3400092CD14D635DE76DE97E6B7E6D8E6D8E697
:10D35000B8E6B8E6B8E6B8E698E677DE77DE56DEF9
:10D3600036D635D615D6D4CDB3CD51C5F0BC8EAC9E
:10D37000EB9B698B0883C77AA672A66A866A866A5F
:10D38000866A866A866A6662456245626662866207
:10D39000A76AC76AE7720873497B697B697B697B07
:10D3A000697B8A83CB8B0C94AB838A83AB83EB8BB7
:10D3B0002C948EA430B571BD71C571C530BD0FBD43
:10D3C000EFB4EFB46DA46A838762064A8431032107
:10D3D000E31803192419451944218529284ACA62EA
:10D3E000895A8531A52948324822CA22CE3B303C91
:10D3F000EF2B0C0B102C312C10241024101CEF1BC5
:10D40000CF236D238E33CE43AE4BEE530F5C51646E
:10D41000F3745585358D14853485147D157D157D02
:10D42000357DF474926C305CEF4B8D336C1BCD1BEF
:10D430000F1C0F1C5024502450245024512C912C8C
:10D440009234712C7134B234B23471349234B234B7
:10D4500092349234B23CD33CB23CB23CB23CB33C8A
:10D46000B23C9234B23CB23C92347134B23CB23CE5
:10D47000923C923CB23CB23CB12CD134F23CF23CF6
:10D48000D134F134123D123DF23C123D123DF134E3
:10D49000B12CD1341235F234D12CF12C1235D134D7
:10D4A000D134F134F134B134902CD134F134902CA6
:10D4B000702CB134B1342F34F354F785F895B79507
:10D4C000B795B78D978D978D9795B895B895F89531
:10D4D000199EF895B78D978D7685567DD364F04368
:10D4E000103C6D230B0B4C0BAD0BEE132E1C4F1C85
:10D4F000B12CB134702CB134123D123DD13CD13C31
:10D500001345334D12451245124DD144F24CD144CE
:10D510004C1BC9022B0B2B0B0A03CD13EE1BAD1BAF
:10D520009034D144B03C90340E242E2CB0340E24D0
:10D530000E240E2C0F34503C903CED2B2E4C4A4BBD
:10D54000674AC96A0562A45142312229232903216D
:10D55000C320C218E318031922214229254A8A7BD5
:10D56000AEA42FB591C5D2CDB1CDD2CDD3CDD3CD33
:10D5700071C5CFAC4C9CEB93AA8B8A8BCA930C9C45
:10D580004CA46CA48DACADB4ADB4CEBCCEBC8DB44B
:10D590006DB44DAC4CAC2CACEB9BCB9BEC9BEC9BA7
:10D5A000CB9BAA936A8B4983698B4883488B2883DA
:10D5B0002783488B8993CA9B0BA46DACAEB410BD76
:10D5C00051C5D3D514D656DE76DE97E6B8E6B8E672
:10D5D000B8E6B8E6B8E6B8E698E677DE57DE56D69F
:10D5E00036D635D615D6D4CD72C531BDCFB46DACD7
:10D5F000EB9B8A93488B0883C67AE77AE77AE77AC7
:10D60000E77AE772E772E772A66AA66A866AA66A8E
:10D61000C772E7720873287B6983AB8B0C942C9CD0
:10D620004D9C4D9C2C9CEC93CB8BCB8BEC93EB9338
:10D63000EB8B0C94AEA430BD71C591C550BD2FBD10
:10D640000FB5EFB4AEACCB8BA762064A64310321B1
:10D65000E3180419241945194421853168528D7B3A
:10D660008D83274A852927326822A922AD330F3CB2
:10D670000F340C0B102C312C10241024101CCF1B39
:10D68000CF236D238E33EE4BCE53EE53305C51647B
:10D69000D3745585358D34853585357D357D157D3E
:10D6A000157DF474926C305CEF4BAD334C1B8D13D5
:10D6B000CE13EE133024712450245024512C912C7D
:10D6C0009134712C7134B234923471349234B23456
:10D6D00092349234B23CD33CB33CB23CB23CD33CE7
:10D6E000923C92349234923C72347134B23CB23CEB
:10D6F000B23CB23CD33CD33CD134D134123DF23CA9
:10D70000B134D134123DF23CF234F234123DF234F1
:10D71000B12CD1341235F134D12CF1341235D1344D
:10D72000D134F134F134B134902CD134F134902C23
:10D73000702CB134D13C5034D354F785F895B7955B
:10D74000B795978D96859785778D778D9795B895B1
:10D75000F895D88D978D7685567D357DD364EF43CA
:10D7600030444C1B0B0B4C0B8C0BEE130E1C4F1C44
:10D77000B12CB134702CD134123D123DD13CF23C6D
:10D78000334D334D12451245124DD144124DD14CFB
:10D790004B1BCA024B136C132B038D13CD1BAD1BFC
:10D7A0009034B03CB03CB13C4F2C2F2CF1442E2C8B
:10D7B0000E240E2C2F34B044903CCD2B0D44EC5B4A
:10D7C000E95A055AA359A351C4498439433123293D
:10D7D000E320E3200319031922214229254AAB83C0
:10D7E000EFAC30B591C5B2CD91C5B2CDD2CDB2CDF1
:10D7F00050BD6DA40B940B9C0B9C4CA46DACADACBC
:10D80000EFB470CD91D591CD91D5B2D5B2D591D59A
:10D8100091D550CD50CD71CD51CD51CD71CD71C57A
:10D8200031C510BDCFB4AEB46DAC0CA4CA9B899306
:10D83000A993EA9BEA9B0BA44CAC6DACAEB40FBDB4
:10D8400051C5D3CD14D635DE76DE97DEB8E6B8E620
:10D85000B8E6B8E6B8E6B8E698E677DE56D656D625
:10D8600036D615D6F4CDB3CD51C510BDAFB46DAC21
:10D870002CA4CB9B8993488B488B698B898B898B94
:10D88000698B8A8B8A8B8A8B8A8B8A8B8A8BAA93E9
:10D89000CB93EB930C9C2C9C8EA4EFB430BD10B5B5
:10D8A00010BD10BDF0B4AFAC8EAC8EA46EA44D9C78
:10D8B0000C94CB8B2C94AEA451BD92C571C550BDB8
:10D8C00010BDEFB4AEACEC8BE86A26526331022196
:10D8D00003192419241904194421C6392752EA725C
:10D8E0002B7B685AC639273A8932C9228D330F3CBF
:10D8F0000F340C13F02B312C102430241024CF1BA8
:10D90000CF236D23AE33EF4BCE53CE53305C5164F7
:10D91000D3745585358D348555853585357D157D93
:10D92000157DF474926C305CEF4B8D336C1BAD1B2A
:10D93000CE13EF133024712471247124712C912C97
:10D940009234712C9234B23492349234B234B23470
:10D950009234B234B23CB23CB23C923CB23CB33CA6
:10D96000B23C92349234B23C92347134B23CB23C08
:10D97000B23CB23CB33CB33CD12CD12C1235123D5D
:10D98000F1341235123DF234D134F234123DF23416
:10D99000B12CD1341235F234B12CF22CF234D13412
:10D9A000D12CF1341135D134B02CD134D134902C68
:10D9B000902CD134B1342F2CB254B785D895978D93
:10D9C000768D768DB78D9785978D768D778DB89579
:10D9D000D895B78D77857685367D1575935CCF3B69
:10D9E000103C6D230B0B6C0BAD130E1C2E1C4F1C2F
:10D9F000B12CD1349034D134F23CF23CD13CF23CE5
:10DA0000334D324DF1441245324DD144F24CD14C9C
:10DA10002B13C9024C136C13EA022B036C13ED2376
:10DA200090349034F144D03C2F2C7034D13C2E2CC7
:10DA3000ED230E2C2F346F349034ED2B0D4C2E6CC7
:10DA4000CC830462A259A259E4590552E5498439AC
:10DA50002331032903210321222143312652CB8B79
:10DA6000F0B450BD92C5D2CDB2CDD2CDD2CDB1C5DC
:10DA700030BDADAC6CACADB4CDB4EEB42FBD50C5C3
:10DA800091CDD2D5F3D514DEF4DD14DE14DE14D638
:10DA900014D613D634D634D635DE35DE55DE76E6EA
:10DAA00035DE14D615D6B3CD52C5F0BC4DAC2DAC79
:10DAB0004DAC4DAC2CAC6CAC6DB46DB4AEB410BD13
:10DAC00051C571C5D3CD35DE55DE76DE97E6B8E6B5
:10DAD000B8E6B8E6B8E6B8E6B8E697DE56D636D683
:10DAE00035D614D6D3CD72C510BDEFBCAEB46DB46F
:10DAF0002CACEBA3CA9BCA9BA993CA9BCA9B0B9C49
:10DB0000EA9B0BA42CA44DAC6DAC8EB4AEB4AEB4F9
:10DB1000CFB4EFB4EFB40FB571BDB2CDB2CD92C5F5
:10DB2000D3D5F4D5B3CD92C552BD72C510B5AEAC48
:10DB30006DA40C940B948DA451BD92C571C551BDBB
:10DB400030BD10BDAFAC0C94297325528331022136
:10DB5000022103212421242164298431C649265A23
:10DB6000065A476206520742CA3AA92A2B2BEE3BB5
:10DB7000EE332C1BEF2B102CF023F023F023EF1BA4
:10DB8000AF238E238E3310541054CF53305C306447
:10DB9000D374348535853485558555853585157D12
:10DBA000F47C147592643054EF4BAE338D23CD1B4F
:10DBB000EE1BEF13301C502450245024712C92344F
:10DBC0009134712C92349234B23492349234B23C07
:10DBD000B23C9234B23CB23CB23C9234923CB33C44
:10DBE000B23C9234B23CD33C923CB23CB23C923C0C
:10DBF000B23CB23CB23CD344D12CD12C1235123DB4
:10DC0000F234123D333DF23CD134F234123DF23461
:10DC1000D12CF1341235F234B12CF12CF234D13450
:10DC2000D134F2341235D134B034F13CF134902C8B
:10DC3000902CD13491340F2CD254B785D895978D30
:10DC4000778D978DB78D9785978D7685778DB895DC
:10DC5000B895988D7785567D367DF574725CAF3BAF
:10DC6000103C6D23EB0A4C13AD130E1C0E1C2F1C25
:10DC7000B02CB134702CB134123DF23CD13CF23CAA
:10DC800033451245F244124D5255F14CF14C90443B
:10DC9000EA0A68020B0B4C13EA02EA024C0BEE2371
:10DCA0009034D13CD13C903C6F346F34903CEE23A7
:10DCB000CD232F2C6F3CB03CD0340E2C0D4C6F7C00
:10DCC0006E9C456AC261A259C359255A465AE54914
:10DCD0006339232903210321222963314652EC8B26
:10DCE000F0AC30B592C5B2CDD2CDD2CDD2CDB2CD81
:10DCF00070C52FBD0EBD2FC570C590CDB1CDD2D58D
:10DD0000F3D513DE34DE35DE35DE55DE56DE75DE68
:10DD100075D675D675D675D696DE97E697E697E6EC
:10DD200077DE76DE56E615DED4D572CD11C5CFBCD2
:10DD3000AEB48EB48DB48DB4AEB4ADB4CEBC0FBDA4
:10DD400030C571C5D3CD34D635D656DE77DE98E6EC
:10DD5000B8E6B8E6B8E6B8E698DE77DE56D635D649
:10DD600015D6F4D5B2CD51C5CFBCAEB48DB46DAC23
:10DD70002CAC0BA40BA40BA40BA40AA42BA44CA4A2
:10DD80008DB4CEB40FBD30C530C530C530C551C51A
:10DD900071CD91C571C571C591C5D2CDD3CDF3CD2E
:10DDA00015D615D6F4D5F4D5F4D5D4CD72C530BD7D
:10DDB000EFB48EA46D9CAEA451BD91C571C551BD8B
:10DDC00030BDF0B48EA40C942973254A83312221EE
:10DDD000022103212421442964296431A441C5512D
:10DDE000E559E559C5490642A942A92A0B2BEE433C
:10DDF0000F3C4C23CF23102C1024EF1BEF1BEF23E1
:10DE0000AF238E23AE333154115CD053305C316478
:10DE1000D37C348534853485558555851585147DA9
:10DE2000F47C147592645154EF4BAE338D23CE1BAA
:10DE30000F1C0F1C3024502450245024712C922C81
:10DE40009134712C92349234B23492349234B23C84
:10DE5000B23C9234B23CD23CB33C9234923CB23CA1
:10DE6000923C9234923CD33C923CB23CB23C923CC9
:10DE7000B23CB23CB23CD33CD134D134123D123D21
:10DE8000F134123D323DF23CD134F23C123DF234D9
:10DE9000D12CF13412351235B12CF12CF234D134AD
:10DEA000D134F2341235D134B034F13CF134902C09
:10DEB000902CB13491343034B254B77DD88D978DD5
:10DEC000778D778D9785768556855685778D97954D
:10DED000B895978D5685367D367DD46C52548F3BE0
:10DEE00030446D23EA0A4C13AD130E1C0E1C2F1C7C
:10DEF000B12CD134702CB134F234F234D134D23C60
:10DF000013451245F13C1145324D114DF14CB044D1
:10DF10004B1BA9020B0B4C13EA02CA028C132F2CC9
:10DF20006F34D13CD13CB03C6F347034B13CEE2303
:10DF3000AD232F34903CD03CB0342E340E4C908422
:10DF4000D0AC6672A261A261E459255A465A2652A3
:10DF5000A44143314329232942298339875A0C8C10
:10DF600010B510B592C5D2CDD3CDD3CDD3CDB2CDD2
:10DF7000B2CDB1C590C591CDB1CDB1CDD2D5F2D58F
:10DF800013D633D634D634D675DE55D655D655D6B7
:10DF900055D675D676D696D676DE97E676DE76DEDA
:10DFA00077DE56DE56DE56E615DEF4D5B3D551CD16
:10DFB00010C5EFBCCEBCCEBCCEBCCEBCCEBCEFBC84
:10DFC00030C550C5B2CD14D615D635D676DE97DE1F
:10DFD00098E6B8E6B8E6B8E697DE56D636D615D651
:10DFE000F4CDD3CD92CD30BDAEB46DB44CAC6CACF1
:10DFF0004CAC2CAC2CAC4CAC4CAC4CAC8DB4CEB4CE
:10E0000030C551C591CD92CDD3D5D3D5B3D5B3D5E8
:10E01000B3D5D3D5F3D5D3CDB2CDD3CDD3CDF3D5E1
:10E0200014D614D614D635DE56DE35D6D3CD92C5E9
:10E0300071BD30B5EFACEFAC51BD92C592C551C5C5
:10E0400031BDF0B48EA40C942973054A63312229A2
:10E05000232123212429242943296439A549C55191
:10E060000662E559C449E541CA4ACA32CA2AAD3BEB
:10E07000EE3B6C23AE23512C1024CF1BEF1B0F243F
:10E08000AE238E23CF335154525C105C315C516C03
:10E09000F37C55853485348555853585F47C147D30
:10E0A000F474F474B36C515CF04BAE338D23CE2317
:10E0B0000F1C2F1C3024502450245024512C912C00
:10E0C0009134712C92349234923492349234B23C22
:10E0D000B23CB234B23CD23CD33C923C923CB23CD7
:10E0E000923C9234923CD33CB23CB23C923C923C47
:10E0F000B23CB23CB23CD33CD134F134123D123D7F
:10E10000D134D134123DF134F134123D323DF23488
:10E11000D12CF1341235F234B12CF22CF234D1344A
:10E12000B134F134F134D02CB02CD13CF13CB02CD2
:10E13000902CB13491343034B254B77DD78D768D74
:10E14000768D76857685357D56857685778D978D26
:10E15000978D7785567D367D157DB46C11548E3341
:10E1600030446D23CA024C13CD130E1C0E1C2F1C01
:10E17000B134D134702CB134F234F234D134D23CD5
:10E1800033451245D13CF1441145F144F14CD14C99
:10E19000CD2B0B0B2B136C13EA02C902AD1B0E2403
:10E1A0008C1B2E2CD13CB03C903CB03CD144EE2397
:10E1B000AD1B2F34903C903C4F2C2E340E4C6F7C7A
:10E1C00011B50883A261036A456A055A265A475A5F
:10E1D0000652A4418431432942318339A7622D94E8
:10E1E00030B530B5B2CDF3D5D3CDD3D5D3D5D3CD8E
:10E1F000D2CDD2CDB1C5B1C5B2CDB2CDD2CDF2D591
:10E2000013D633D633D633D654D654D654D655D661
:10E2100055D676DE76DE76DE97E697E676E696E605
:10E2200097E656DE15D615D6D4D5D4D5F4D5B2D5C5
:10E2300051CD0FC5EFC4CEBCCEBCCEBCCEBCEEBC67
:10E240000FBD50C5B2CDF3D514D635D656DE77DE28
:10E2500097DE98DEB8DEB8DE77DE56D615D6F4CD7A
:10E26000D3CDB3CD71C5EFBC6DB44CAC4CAC4CB49C
:10E270006CB44CAC4CB46DB4AEB4CFBC30C571CD45
:10E2800091CDB2CDB2CDD2D5F3D5F3D514DE14DE17
:10E29000F3D514DE35DE14DE14DE14DE14DE14D6FF
:10E2A00014D614D614D635D655DE35D614CEF3CDC5
:10E2B000B2C572BD51BD51BD72BDB2C592C571C569
:10E2C00051BD10B5AEAC2D944A73054A4331232994
:10E2D000432943296431443184398439A541A4490F
:10E2E000E559055A265A2652EA52EB42CA2A4C33BD
:10E2F000AD336C23AE1B51341024CF1B0F241024DC
:10E30000AE1B6D23CF3372549264315C3164726CF6
:10E31000F37C55853485348555851485F47C157DCD
:10E32000F474F474D36C515CEF43AE338D23CE1B85
:10E330000F1C0F1C301C502450245024512C912CA5
:10E34000712C712C72349234923472349234B23C07
:10E35000B23C9234B234B23CD33C923C923CB23C9C
:10E36000923C9234923CB33C923C923C923CB23C04
:10E37000B23CB23CB23CB23CD134F134123D123525
:10E38000B134D134123DF23CD134F23C323DF2345E
:10E39000D12CF1341235F134B12CF234F23CD134B9
:10E3A000D134F134F134B034B02CF13CF13CB03420
:10E3B000902CB13491343034B254967DB78D978D12
:10E3C000778D768D7685567D7685978D9795978D09
:10E3D000978D7785367D367DF5749364114C8E3339
:10E3E00030446D23CA024C13AD13EE1B0E1C2F1CC0
:10E3F000D134D134702CB134123D123DD134D13CE2
:10E4000012451245F14432451245F144D144B0441D
:10E41000EE2B0B0B2B0B6C13EA02A902AD1BAD1BF1
:10E42000E9026B13D144903C7034903CB144CE234C
:10E43000AD234F34903C6F342E2C2E340E4C0E6C8A
:10E44000F1ACECA3C3614472666A055A465A886A05
:10E450004762E549A439843142318339A7624D943A
:10E4600030B550BDB2CDD3D5B2CDD3D5F4D5F3D5DB
:10E47000D3CDD2C5B2C5D2C5B2CDB3CDD3CDF3D5F0
:10E4800013D613D613D613D612D612D613D613D646
:10E4900034DE55DE55E656E676E656DE56DE96E680
:10E4A00097E697E656DEF4D5D3D572CD92CD92D5C8
:10E4B00030C52FC52FC5EEBCEEC4EEBCEEBC0EC5FC
:10E4C0002FC570C5B2CDF3D514D655D656DE77DE3E
:10E4D00097DE97DEB8DEB7DE77DE56D615D6F4CDFA
:10E4E000D3CDB2CD50C5CEBC6CB44CAC4CAC6CB43E
:10E4F0006CB46CB48DB4AEBC0FC530C551CD71CD0C
:10E5000092CD92CDB2CDF3D534D634DE35DE14D6ED
:10E51000F4D514DE35DE14DEF3D514DE14DE14DE9D
:10E5200034DE34D634D635D655D634D614D6F4CDDA
:10E53000B3CD92C592C572C592C5D3C5B2CD92C5B1
:10E5400071BD10B5AFAC4E9C6B7BE54943294329A7
:10E5500064318431C541E649E6498441A541A54974
:10E56000E559055A4662675AA852EA4ACA326C33DC
:10E57000AD338D238D1B302C1024CF1B101C102489
:10E58000AE1B6D1BCF3372549264315C315C926C64
:10E59000F47C35853485348535851485F47C158582
:10E5A000F474F474B36C5154EF43AE336D23CE1B4B
:10E5B0000F1C0F1C301C512451243024512C913439
:10E5C0007134712C71349234923471349234B23C7F
:10E5D000B2349234B234B23CB33C9234923CB23C4A
:10E5E000923472349234B23C92349234B23CB23CA3
:10E5F000B23CB23CB33CB33CD12CD134123D1235C9
:10E60000D134D134123D123DB134F134123DF134E4
:10E61000B12CF1341235F134B12CF234F23CD13456
:10E62000D134F23C113DD1349034D13CF134B0348A
:10E63000902CB13491343034B24C767DB78D978DB7
:10E640009795978DB78D9785B78DD895B8959795F0
:10E65000978D7785367D367DD4749364114C8E33D7
:10E6600030446D23CA026C0BAD13EE1B0E1C2F1C25
:10E67000B12CD134702CB134123DF234D134D13CB0
:10E68000124512451245324D1145F144D14CB0446A
:10E69000EE2BEA020B0B6C130A03C902AD1B8C13A1
:10E6A000C9026B13D1444F34CD237034B144EE2BE7
:10E6B000EE237034703C4F344F2C4F3C0E4CED63C6
:10E6C0008F9CEC9BE3614572456A045A055A666269
:10E6D00047620652C541A43962398339A7626D9CED
:10E6E00030B551BDB2C5B2CDB3D5F4D5F4DDF4D556
:10E6F000D3CDB2C5B2C5B2C5B2CDB2CDD3CDF2D5B0
:10E70000D2D5D2D5D1D5B1D5B1D5B1CD70CD50C539
:10E7100030BD10BDCFB48FACAFACAFACD0ACF0ACB3
:10E7200011B5B3CD35DE55DEF4D5D3D530C530C502
:10E7300030C550CD0EC50EC50EC5EEC4EEC40EC517
:10E740002FC570C591CDF3D514D635D676DE96DEBD
:10E7500097DEB7DEB8DEB7DE77DE55D614D6F4D551
:10E76000D3CD92CD30C5AEBC6CB44BAC4BAC6CB41D
:10E770008DBCADBCCEC4EFC410C5F0C451CD51C5E5
:10E78000D3D5D3D555DE75E676DE96E6B6E6B7E6A2
:10E7900096E696EE56E6F4DD14DE14E614DE14DE9C
:10E7A00014DE34DE55DE54DE34D614D613D6F3CD63
:10E7B000D3CDB3CDB3CD92C5B3C5D3C5B2C592C584
:10E7C00071BD30B5CFAC6E9C8B7BE6494331433194
:10E7D00044318439264AA8622752A549C549275A97
:10E7E000065AE559056205522642A942EB3A6D3BAD
:10E7F000AE338D23AD23302C1024EF1B0F1C1024BF
:10E80000AE1B6D1BAF3372549264515C5264926CB8
:10E81000147D35855585358535853585F47C35857B
:10E82000147DF474B36C3154104CAE338D23CE1B75
:10E830000F1C0F143024712C502C3024502C712CB0
:10E840007134712C71349234923471349234B23CFC
:10E85000B2349234B234B23CB23C9234923CB23CC8
:10E86000923C72349234B23C923C9234B23CD33CEF
:10E87000923CB23CD344D344B02CD134123D123D2F
:10E88000D134F134123D123DB134F134123DD13462
:10E89000B12CF1341235F134B12CF234F23CD134D4
:10E8A000D134F23C113DD0349034D134D134B03431
:10E8B000902CB13491343034B24C75759785978D66
:10E8C000B795B78DB78DB78DD78DD8959795978D0F
:10E8D000B88D7785367D1575B46C735C11548F3B9C
:10E8E000303C6D1BEA024C0BCD130E1C0E1C2E1C73
:10E8F000902CB12C702CB134F234F234D134F23C7F
:10E9000033453245F1441145F144F144F14CB144F1
:10E91000EE2BC902EA026C13EA02C902AD1B8C138A
:10E920000A0BCD234F34AD1B4B134F34F2440F2C45
:10E93000EE2B7034703470349034903CCE43AD5B29
:10E94000CD8329830462046A256225622662055A02
:10E95000055A265A064AC5418339A341A7628E9CAF
:10E9600030B571BDB2C5B2CDD3D5F4D5F4D5F4D59B
:10E97000D3CDB2CD91C591C5B2CD92CD92CDB1D509
:10E9800071D550CD0FC5EEC48DBC6CB40BA4CA9B21
:10E99000AA93CA938A8B8A8B4A7B2973E96AA762F6
:10E9A000A7620973AB8B4E9C51C592CD30C530C563
:10E9B0000FC52FCDCDC4EECC0ECDEEC4CEC40EC54A
:10E9C0002EC52FC570CDD2CDF3D514D656DE96DE2A
:10E9D00097DEB8DEB8DEB7DE96DE55D614D6F3CDB8
:10E9E000B2CD91CD0FC5ADBC6CB44CB44CB46CBCC5
:10E9F000ADBCCDC4EEC40FC5EFC40FC571CD92D56B
:10EA000014E6F4DD35DE35DED4CDF4CDD3C592C5C4
:10EA1000B3CDD4D5D4DDD3D5F4DDF4DDF4DDF3D539
:10EA2000F3D514DE34DE13DEF3D5F3D5F3D5D2CD32
:10EA3000B2CDB3CDB2C592C5B3C5D3C5B2C592C52B
:10EA400071BD30B5CFAC8E9C8B7BE64964316431AF
:10EA5000433163390652886268620652C649E651FC
:10EA6000C551A459C459C451C541483ACB3A6D3B2C
:10EA7000AE33AD23CE232F2C3024EF1BEF1BEF1B27
:10EA8000AE1B6D1BAF337254925C52647264B36CF4
:10EA9000157D357D568555853585558D158535858D
:10EAA000157DF474B3643154104CCE338D23CE1BDA
:10EAB0000F1C0F1C301C512C512C3024302C712C6D
:10EAC0007134712C71349234923471349234B23482
:10EAD000B2349234B234B234B23C9234B234B23C36
:10EAE000923492349234B23CB23C923CB23CD33C2D
:10EAF000923C923CD344D344B02CD134F23CF23C0F
:10EB0000D134F134123DF134D134F23C123DD134E0
:10EB1000B12CF1341235F134B12CF234F23CD13C49
:10EB2000D134F23CF13CB034B034D13CD13CB034BF
:10EB3000902CB13491343034B25475759685978DDC
:10EB4000B895978DB78DB785B78DB78D778D978D24
:10EB5000B895778515751575B36C725C314CAF3B04
:10EB6000103C6D1BEA024C0BEE1B0E1C0E1C2E1CE7
:10EB7000902C902C702CD134F234F234D134D23C1D
:10EB800013451245F14411451145F144F14CB1448E
:10EB9000EE2BA902CA024B0BC902EA02AD1B8C1B69
:10EBA0006C132E2CCD232B0B4C135034D244EE2B54
:10EBB000EE2B703C903C9034F13C903C6C338C5389
:10EBC0006B73876A456AC359045AA772C872466252
:10EBD000E559055A0652C5418341C341A7628EA437
:10EBE00030B571C5B2CDD2CDD3CDF4D5F4D5F3D5F2
:10EBF000F3D5D2CD91CD91C571C550CD50CD30CD8D
:10EC00000FC5ADBC2BB4EAAB689369938993AA9303
:10EC1000AA8B6983E76A665A0652C541843963390B
:10EC2000633963396339265A297BEC9310BDB3D518
:10EC3000AEBCCEC40FCD0ECDEECCCDC4CDC4EEC493
:10EC40000EC52FC550CDB2CDD3D514D655DE76DE48
:10EC500097DEB8DED8DED8DE96DE35D614D6D3CD34
:10EC6000B2D571CD0FC58DBC6CBC6CB46CB48DBC11
:10EC7000CDC4EEC4EEC4EEC430CD51CDB3D5D3DD9A
:10EC8000B3D511BD8FA44E9C4E94AFA4AFA4AFA436
:10EC9000AFACAFAC8FAC6EAC8EACCFB410C571CD99
:10ECA000B2D5D2D5D2DDB2D5D2D5F3DDF3D5B2CD42
:10ECB00092CD92C592C5B2C5B3C5D3CDB2C5B2C5CA
:10ECC00071C530B5EFAC8F9CAC7B064A643184399A
:10ECD00064396339C4492552A8626862E649A54986
:10ECE0008449C459E461C459A441073ACB3A8E43DC
:10ECF000CE33AE23CE230F2C3024EF1BEF1BCF1BC4
:10ED0000AE1B6D1BAE2B7254925C725C9264936C62
:10ED1000147D157D558535853585768D158535852B
:10ED2000357D1475D36C5154104CCE338D23CE1BCE
:10ED30000F1C0F14301C5024512C3024302C7134F3
:10ED40007134712C71349234923471349234B234FF
:10ED500092349234B234B234B23C92349234B234FB
:10ED6000923471349234B23CB23C923CB23CD33CCB
:10ED7000923C923CD344F344B02CD134F23C123D4B
:10ED8000D134F134123DF13CD134F23C123DD13456
:10ED9000B12CF1341235D134D12CF134F23CB134F0
:10EDA000B134F134F134B02C9034D134F13CB1347D
:10EDB000902CB13490342F2C924C556D9785978DB3
:10EDC0009795978D9685B785B78DB795978D9795BC
:10EDD000B88D7785367DF46C93647364114CAF3BCA
:10EDE000103C6D1BEA022B03AD13EE1B0E140E1C20
:10EDF000902CB134902C902CF23C123DD13CD23C62
:10EE0000F244F244F144124D124DF14CF14CB14C2C
:10EE1000CD2BA902EA0A0B0BC9020A03CD232F2C22
:10EE20006F3470348C1B2B0B8C1B5034F24C0F3412
:10EE3000CE23703CD2449034D134903CAD336C4BF3
:10EE40006B6B09732562456A6562A76AC872676A57
:10EE5000055AC451C549E549A341C449A7626EA4F6
:10EE600030BD92C5B2CDD3CDD3CDF3CDF3D5F3D54F
:10EE7000F3D5B2D571CD50CD4FCD2FCD0FCDEECC3A
:10EE80004CB4AAA348932893288B8A93AA8B2973FE
:10EE90006652254AC4392221232123296431C539E8
:10EEA000E641643103292331633905526A83F0BC9A
:10EEB00072CDAEBCCFC4EFCCADC4CDC4CDC4EEC416
:10EEC0000EC54FCD70CDB1D5B2CD14D655DE56DEC0
:10EED00097DEB8DED8DEB8DE76DE55D614D6D3D5CA
:10EEE000B2D571CD0FC5ADBC8DBC8CBCADBCADC4B5
:10EEF000EEC4EEC4CEC4EFC450C5B2CDB2CD6EA444
:10EF00002A7B675A675A885AEA628C73ED83ED83CD
:10EF10000D942D946EA48EAC4DA4EC9BEB9BEB9BBF
:10EF20002CA4AEBC30CD91D591D5B1D591D591D58C
:10EF3000B2CD92CD92C5B2C5D3CDF4CDD3CDB2C5AD
:10EF400071BD30B5F0ACAFA48B7B064A8539643116
:10EF50008439C5490552465AA86A8862E6498441FF
:10EF60008449E561046AA3596341E639CB3A8E438B
:10EF7000EF3B8E23EE230F241024EF1BEF1BEF1B20
:10EF80008E1B6D1BAE2B514C725C525C7264B36C69
:10EF9000157D157D3585357D3585768D35853585B0
:10EFA000357D157DD46C725C314CCF3B8D23CE1BEF
:10EFB0000F1CEE13301C512C512C3024512C713469
:10EFC00071347134713471347234512C7134B234FF
:10EFD000B2349234B234D23CB23492349234B23439
:10EFE0009234712C7234B23CB23C9234923CB23CBA
:10EFF0009234923CD344F344B02CD134F23CF23CF2
:10F00000D134F134123DF13CD134F134F23CD134FD
:10F01000B12CF1341235D134B12CF134F23CD13C65
:10F02000B134D134D134B02C902CD134F13CB13442
:10F03000902CB13490342F2C924C7575B78D978DE0
:10F04000978D768D7685B78DB78DB795978D97957A
:10F05000988D7785367DF46CB36C735C314C8F3B47
:10F06000103C4D1BEA024B0BAD13ED13EE132F1C9E
:10F07000B12CB12C902CB134123D123DD23CD23C7B
:10F080001245F244D13C1145124DF14CD14C904403
:10F09000AD238902EA0A2B0BA9020A030E2CB13C0C
:10F0A000F144B03C8C1B0B0B8C1B903C13550F2C6C
:10F0B000AD235034B1442F2CD134903C2B2B4B43F7
:10F0C0004B6325524562C772087BE872876A876A7C
:10F0D0002662A451A4498449C449C44986626EA4E5
:10F0E00010BD92C5B2CDD3CDF3CDF3CD13CE13D693
:10F0F000F3D5B2D571CD2FCD0ECDCDC48CBC2BB4F4
:10F10000AAA3699B4993298B2983A76AE449833978
:10F11000A331C5394321E2184429073A684A2C63D0
:10F120004C6B6952C6392329223143390552E872A2
:10F13000F0C410CDEFCCAEC48DC40ECDEECCADBCC2
:10F14000CDC42FCD70CDB1D5D3D514D656DE76DE55
:10F1500097DEB8E6B8DEB7DE76DE55DE14D6F3D538
:10F16000D2D571CD0FC5CEBCADC4ADBCCDC4ADC480
:10F17000CEC4EEC4CEC451CD92CD31BD6A83E44934
:10F18000633964394331442985316431A539C54136
:10F19000054A2652C86A4A7BAB8B0C9C0C9CAA9BE6
:10F1A000AA9B288B48936DBC50D550D530CD30CD1F
:10F1B00071CDB2CDB2CDB2C5D3CDF4CDD3CDB2C524
:10F1C00091C551BD10B5AFA4AC83064A84398439CA
:10F1D000C549265A66628762C86A8862C649644120
:10F1E00063496351A361056AC449C531AA3A8E4394
:10F1F000CF33AE23EF23302C3024EF1BEF1BEF1B5C
:10F20000AE1B6D1BAE2B514C725C315C525CB36C0F
:10F21000357D157D3585357D147D5585158535857F
:10F22000157D357DD46C925C314CCF3B8D23CE1B4C
:10F230000F1CEF13101C512C512C3024512C713405
:10F240007234713471347134723471349234B23C2A
:10F25000B23CB234B234D23CB23CB234B234B23446
:10F260009234712C7234B23C923491349234B23C68
:10F27000923C923CD344D344B02CD12C123512355D
:10F28000D134F134123DF23CD134F134F234D13482
:10F29000B02CD134F234D134D12CF23C123DD13CDB
:10F2A000B134F134F134B034702CD134F13CB13498
:10F2B000902CB13491342F34924C9675D78D978D14
:10F2C000768D76859785B78DD895D89597959795AE
:10F2D000978D7785367DF56CB36C525C314C8F33EE
:10F2E000EF3B4C1BEA026C0BAD13CD13ED134F1C1F
:10F2F000D134B12C902CB134123DF23CD13CD23CF3
:10F300001245F244D13CF144124DF14CD14C9044A1
:10F310006C238802EA0A2B13CA020A032F2CF24438
:10F32000124D70346C130B0BAD23B24454550F3493
:10F33000AD232F2C903C2F2CB13C2F340B23C93AFA
:10F340006742A441497B8A8BEC938A8BE87A466AB0
:10F35000A45963518451A449C449A34946624DA4A8
:10F3600010BD92C5B2CDF3CD14D634CE34D613D65B
:10F3700013DED2D550D5EEC48CBC6CBC6CBC2CB4A6
:10F38000AAA34993C882466AC45183418339E5419F
:10F390000A634B6BA531E2180319A631A631073A6F
:10F3A0002742A631A53123210221054A2652834155
:10F3B0006A83F0C431CDCEC4AEC4EECCCEC48DBC15
:10F3C000EEC40FC54FCD91D5D3D534DE76E697E6A2
:10F3D000B7E6B8E6B8DE97DE97DE76DE35DE14D621
:10F3E000D3D571CD2FC5EEC4CDBCADC4ADC4AEC4B4
:10F3F000CEC4EFC40FC592D510BD2973A4414331CB
:10F4000023296431C639484A694AE73985312321BD
:10F41000E22002298439E4410452C7726A8B698B65
:10F420008A93699B2893089389A34CB4EFCC0FCDA2
:10F4300030C570C5B1CDD2CDD3CDF3CDD3CDD2CDE6
:10F4400092C571BD31B5AFA48B7BE549A441E549B7
:10F45000465AA762C86AC872C8724762C5498449D9
:10F460008451C4614572C782255A842969326D3B33
:10F47000AE33AE23EF23302C3024EF1BEF1BEF1BFA
:10F48000AE1B6D1BAE2B514C725C515C525CB36C6D
:10F49000357D357D3585357D147D5585F47C358507
:10F4A000157D357DF46C925C314CCF3B8E23CE1BA9
:10F4B000EF1BEF13101C512C512C302C512C92347B
:10F4C0009234723472349234923471349234B23C45
:10F4D000B23C9234B234B23CB23CB234B234B23404
:10F4E0007134712C9234B23C923491349234D33CC6
:10F4F000B23C923CD344D33CB02CD12CF234F23405
:10F50000D134F134123DF23CD134D134F234D1341F
:10F51000B02CF1341235D134D134123D1245D23CE5
:10F52000D134F13CF13CB134902CD134F13CB134C4
:10F53000902CB134B1345034B24C967DD78D978D28
:10F54000778D778DB78DD78DB795B8959895979519
:10F55000978D7785367DF56C93643254114C8E33DC
:10F56000103C4D1BEA028C13CD13ED13ED134F1C11
:10F57000D12CB12C902CD134F23CF23CD13CD23C79
:10F580001345F244D144F144114DD14CB14C704477
:10F590004B1B6802EA022B0BEA020A032F2CD14410
:10F5A000D1444F344B132B0BAD23703CB244CE2BC4
:10F5B000CE230F2C903C7034903CCD2BEA22682A4D
:10F5C000E539665A8EAC6DA4EB936A8BC87AA35961
:10F5D0004251C459A451A451C451A349255A4D9C28
:10F5E00010B591C5D2CDF3CD54D654D654D634D619
:10F5F00034DEF3DD71D5EEC42BAC899B2893C78A2A
:10F600004572E461A35963498341C441675A6B73EE
:10F61000B19C4F8CC53923216421E631A5292321D2
:10F62000E318442984316431C018875AAC83665A80
:10F63000A3512DA4F0C430CDCFC4EEC4CEC4CEC4EB
:10F640000FCD0FC530C591D5F3D535DE97E6B7E6BA
:10F65000B8E6D8E6D8E6B8E697DE76DE55DE14D60C
:10F66000D3D571CD30C5EFC4CEBCCEBC8DB4EFC404
:10F670000FC50FC551CDEFBC0973E54926520642AF
:10F6800023296429E73948420C630C63CA5AA63916
:10F69000032123290642A85AE449A3494562A772D7
:10F6A000C882088B2993E78AE78AAAA36DBCAEBCFF
:10F6B0000FC550C5B1CDD2CDF3CDF3CDF3CDF3CD44
:10F6C00092C571C531BDAFA48B830552C549E549CB
:10F6D000E551465AE872297B4A7B676243414341C0
:10F6E0006772E88AC78AA77A465A8429482A2C333F
:10F6F0008E33AE23EF23302C3024EF1BEF1BEF1B98
:10F70000AE1B8D1BAE33514C725C525C5264D37491
:10F71000357D56855585358514855585F47C35852B
:10F72000157D357DF46C725C104CCF3B8E23CE1B67
:10F73000EF1BEF13101C512C512C512C512C9234D7
:10F740009234723492349234923471349234B23CA2
:10F75000B23492349234B234B2349234B2349234F9
:10F76000713471349234B23C923471349234D33C5B
:10F77000B23C923CD33CB23CB12CD12CF234F234AA
:10F78000D134D134123DF23CD134F134F234D1349D
:10F79000B12CF2341235F234D12CF23CF23CD13C93
:10F7A000B134F134F134902C902CD134D134902CEC
:10F7B000702CB134B1345034D254B67DD78D978D7E
:10F7C000978D978DD895D78D978DB78D9795979560
:10F7D000778D5685367DD46C93643154F04B8E33DF
:10F7E000103C6D1BEA026C0BCD13EE13EE132F1CB5
:10F7F000B12CD134B02CD134123DF23CB134D23CD6
:10F80000334D1245F144F144124DF14CB0446F3C7C
:10F810000B134702CA020B0BCA020A032F2CD14456
:10F82000D1444F346C132B0B8D1BAD238D1B2B132D
:10F83000CE235034B13C703CB144EE3B8922E621EA
:10F840006329465AEC936983087BC772666AA35999
:10F85000C361E569A459E559C451C351255A0C9CAB
:10F860000FB571C5D3CD13CE55D655D675DE75DE21
:10F8700075E634E6B2D530C56DB48A9BC782457251
:10F88000A3616251A359C459055A67628B7BB09C2E
:10F8900074BD909CC5410229A531674A06422329BF
:10F8A000E22084310642A439C020C862D0A46A7B19
:10F8B00065620462AEBC92DD0FCD0FCD0FCD0FC5DA
:10F8C0000FC50FC571CD91CDD3D535DE97E6B8E61E
:10F8D000D8EEF9EEF9EED9E697E677DE55DE14D6E6
:10F8E000D3D571CD30C50FC5CEBCCEBCAEBCEFC438
:10F8F00010C531CD10C58B93C451A862CD8347523A
:10F9000002216429642944218531C639C641443124
:10F9100003214329A9522E846B7B6762E451C451B1
:10F92000E461056A667AA782E78A2893AAA30CACE9
:10F93000CEBC50C5B2CDD2CDF3CDF3CD13CEF3CDE9
:10F94000B2C571C531BDAFAC8B830552C449C44942
:10F95000A341E4496662A86AA76A265A6349056218
:10F960006A9B6AA3A68A667A465AC539682A4C33C6
:10F97000AE33CE2B0F2C5034302CEF1BEF1BEF1B74
:10F98000AE1B6D1BCF337254925C72645264D3749D
:10F99000357D5585568555853585358DF484358578
:10F9A000157D357DD46C525CD0438E338E23CE1BB7
:10F9B000EF1BEF13101C512C512C312C512C713496
:10F9C0007134713491349234923471347134923C84
:10F9D000923471349234B234B2349234B234B23498
:10F9E00092349234923CB23C923471349234D33C8F
:10F9F000B23C9234B23CB23CB12CD12CF234F23451
:10FA0000B134D134123DF234B134F134F234D13462
:10FA1000B12CF2341235F234D12CF234F23CD13C18
:10FA2000B134F134D134902C902CB134D134902CA9
:10FA30007024B02C91342F34D254B67D978D778DAD
:10FA400097959795D895B78D978D97959795979505
:10FA5000778D7785367DD46C93643254D0438E3362
:10FA6000EF334D1BEA024C0BAD13EE130E144F1C7B
:10FA7000B12CD134B12CD134123DF23CB134F23C32
:10FA8000334D1245F1441145324DF14CB044703CB8
:10FA90000A134802CA020B03C9020A032F2CB13C05
:10FAA000903C4F348C1B2B0B8D1B6D1B0B0BEB0AEF
:10FAB000CE23703CB13C903C70446C33071AC6298D
:10FAC000843129736EAC898B287BE77A66728672E3
:10FAD000667AE461C4592662045A045A455AEB9383
:10FAE000EFB471C5D3CD14D635D655DE76DE96E6A5
:10FAF00096E695E634DEB2D530C5CFBC4DB4ECA366
:10FB00006A93098B08832983297B6A830D94B0A4A7
:10FB100073BD32B5A96A0231A439A85A6752C541EA
:10FB2000A441E549054A2229A0184A7351B56E9CA3
:10FB30004983456A867A14EE92DD0FC50FC550CD14
:10FB400050CD70CD91CD91CDD3D535DE97E6B8E6C9
:10FB5000D8EEF9EE19EFF9EEB8E697E656DE14D6D0
:10FB6000D3D592CD50C52FC5EFC4CEBCEFC4CFBC0A
:10FB7000EFC410C5ECA3676A8762ED93F1ACA85A95
:10FB80002229C53906428531232903292431A6417A
:10FB900085390221884A4F8CF1A40E940A73065AC3
:10FBA000C459E561C4618359A361E469A67A498BAC
:10FBB0006DACEFBCB2CD13D613CE13CE13CEF3D5AE
:10FBC000B2CD72C530BDAFAC497B0552055205526E
:10FBD000E449C451E451E451C4498341055A4A8B74
:10FBE0006A9BC7928582867A4662053A88324C3B88
:10FBF000CE3BCE3310343034302CCF1BCF1BEF1B19
:10FC0000AE1B6D1BAE337154725C52645164B36CA5
:10FC1000147D358556855585358D558D35853585CC
:10FC2000357D357DF47431548F3B6D2B8E23CE1B87
:10FC3000EF1B0F1C101C512C512C312C512C7134EA
:10FC40007134713491349234923471347134923409
:10FC50009234713492349234B23492349234B23C4D
:10FC6000B234923492349234B23C71349234B23C15
:10FC700092347134B23CB23CD12CD12CF234F234F7
:10FC8000B12CD134F23CF134B12CF234123DD134E8
:10FC9000B12CF2341235F234D12CF234F23CD13C96
:10FCA000B134F134F134B02C702CB134D134902C07
:10FCB0007024B02C90342F2CD254967D76855685A6
:10FCC000778D978DD895B78DB795B7959895989569
:10FCD000778D7785367DD46C7364525CAF3B8E3301
:10FCE000CF334C1BEA024B0BAD13EE13EE134F1C3C
:10FCF000B12CD134B02CB134123DF234D134F23CB9
:10FD0000334D1245F13CF144324DF14CD144904415
:10FD10002B138802EA020B0BEA020A032F2C903401
:10FD200070344F348D1B2B0B8D1BAE232C134C13B7
:10FD3000CE235034903C90440F44C922A511E631A3
:10FD4000064A4EA451C54CA42CA4EB9B298BE782F8
:10FD5000667AE469256A466A4562656245628A8315
:10FD6000EFAC71BDF3CD14D655D676DE97E6B7E687
:10FD7000B7E6B6E695E654DE13DEF3DD92D530CD78
:10FD8000CEBC4DB42DAC4DAC6EACAFACD0ACF0AC89
:10FD900052BD73BDAC834339C1288441E651275A13
:10FDA000265A0652A441E12843316F9C93C5D0AC3A
:10FDB0000D9CE87A83514DB4F3E571CD30CD91D5EA
:10FDC000D2DDB1D591D5B2D5F4D555DE97E6D8E6DA
:10FDD000F9EE1AEF3AEF1AEFD8EEB7E656DE15D67F
:10FDE000D3D5B2CD71CD50CD30C50FC530C510C5FE
:10FDF00031CD8EB4C87A8772CC93D1AC73BD6B739E
:10FE00002229A4398852E5412331433985412752BB
:10FE10008439E2202A63F2A4B5BD12B52E9C2A7B58
:10FE2000E659E559E559A3596351A3594672288308
:10FE30006DAC30C5F3D534DE34D634D613D6F3D515
:10FE4000D3CD72C510BDAFAC297B255225522552AA
:10FE5000255A255AE551C451055262410562098B64
:10FE6000A78A658AC792C7826662E439A8324C3B8A
:10FE7000AD33EF3310343034102CCF1BCE1BCF1BDF
:10FE80008D1B4D1BAE337154725C5264315C936CAC
:10FE9000F47C358555853585558D558D558D358544
:10FEA00035855685157531546E334D2B8E23CE23F3
:10FEB000EF1B0F1CF01B312C512C312C512C7134A9
:10FEC0007134713491349234923471347134923487
:10FED0009234723492349234923471347134B23C2C
:10FEE000923C72349234923CB23C71349234B23CC3
:10FEF00091347134B23CB23CD12CD134F234F2346E
:10FF0000B12CD134F23CF134B12CD234123DD13485
:10FF1000B12CD1341235F234D12CF23C123DD13C0B
:10FF2000B134F134F134B134902CD134F134B02CFB
:10FF3000902CB13490342F2CB24C96757685568D1A
:10FF4000778D978DD895D895D895B795989598959C
:10FF5000778D7785367DB46C725C525C8E3B6E33E8
:10FF6000AE2B4C130A034C0BCD13EE13EE134F1CA8
:10FF7000B12CB12C902CB12CF234F234D134F23CAF
:10FF8000534D1245D13CF144124DF144D144D1447A
:10FF90006C1BA9020B0B2B0BCA020A032F2C70340B
:10FFA00070345034AD1B2B13AE23AE232C138D1B9A
:10FFB000EE2B4F342F34503C0E446822A519E63105
:10FFC000875AD0B4EFBCAEB48DAC8DB42CACE78204
:10FFD000C361046AA77AA77A666A866A2562497B42
:10FFE000CFAC71BD13CE34D655DE76E6B7E6D7EE8C
:10FFF000D7EED7E6D7E6B6E696EE95EE54EE13E6E4
:020000040802F0
:10000000B2DD0FCDEFC430CD51CD72CD92C572C5EA
:1000100032B593BDB0A4C96A2339C23023414441EB
:100020002339E230A1280231475AB0A432B56FA477
:100030000D9CCC9BC882098BD3DDD3DDB3D5F3DD1A
:10004000F2DDF3D5D2D513DE14DE76E6B8EED8EEC7
:1000500019EF3AEF5AEF3AEFF9EEB8E656DE15D659
:10006000F4D5D3D592CD91CD71CD71CD50C592D56A
:10007000D3DD0DA4466A6A8B8FAC11BD73BD4E945F
:1000800083392229875A675AC5490752075AE651C8
:10009000E22802290E8CD5BD74BDD2AC2E946B83A0
:1000A0004762A872E87AE8828772C87A6A930CA4D9
:1000B00030C5B2D514DE34DE54DE54D614D614D690
:1000C000F3CD72C5F0B4AFAC097B255A0552255A61
:1000D000465A4662265A255AE451E4510562867A08
:1000E000A68AE79A68A3899BA762C431A93A4C3BC8
:1000F0008D33EF331034302C102CCE1BCF1BEF235D
:10010000AE1B6D1BAF33925492647264315C936C7E
:10011000F47C358535853585558D558D558D158501
:1001200035855685357D31544D334D2B8E23CF2368
:10013000EF1BEF1BEF1B3024312C3024512C71347A
:100140007134713471349234923471347134923424
:10015000923C923492349234923451347134B23CA1
:10016000923C72349234B23CB23C71347134B23C41
:100170007134512C9234B23CD134D134F23CF23C43
:10018000B134D134F23CD134B134F134123DF134D4
:10019000B02CD1341235F234B12CF134123DD134BB
:1001A000B034D134F13CD134702CD134D134B02CB2
:1001B000702C902C90342F2CF354D785978D768DFE
:1001C00097959795D895F895D895B795778D9795F4
:1001D000978D7785367DB464535C32548E3B6E3395
:1001E000AE334C1BEA0A4B0BCD13EE13EE134F1C30
:1001F000B12CB12C902CD134123DF234D134F23CDC
:1002000033451245F144114D124DF14CF14CB144BE
:10021000AD23CA020B0B0B0BA9020A0B2F2C4F3478
:100220009034903CCE234C1BAE23AE234D138D1B3C
:10023000EF2B0F2C5034703C0E44471AE621C53189
:10024000E96A11BD51CD8DAC0B9C8993488B8572A9
:10025000046AC7820883A772666A666A2562287B79
:10026000CFAC71BDF3CD14D675DE96E6B7E6D7EE0A
:10027000D7EED7EED7EED7EEB7EE96EE75EE34E6C4
:10028000D3DD71CD50CD50CD91CDF3DD14DE15D63B
:10029000D4CDB4C594BD33B591A40F9CAE8B2C7B4B
:1002A0002B7B2C7B4C7BCD8B90A473BDB4CD73CDBD
:1002B000B4D552CD32CD4EACF4DDB3D535E655E6EE
:1002C000F3D534DE34DE34DE55DE96E6B8EEF9EEF4
:1002D0001AEF5BF77BF75BEF1AEFD8E677DE35D6E0
:1002E00014D6D3CDD2CDB2CDD2D5B2CD71CD14E608
:1002F00071CD088366728A934EA4D0B493C573C53A
:10030000675AE1286339E651E651C651A651444186
:100310004018A96213B574BD53BD70A42E9C2E9CC9
:10032000CC93CC9B2DA42CA40CA44DACCFBC51CD14
:10033000D3D514DE34E655E654DE54D634D614D67E
:10034000F3CD92C530BD8EAC097BE559055A055AEF
:10035000055A66626662455A455AC772088B899B80
:1003600089AB89AB4CBCEB9BA762C429C93A6C3BF7
:10037000CE330F343034502C0F24CE1BCF1BCF1B69
:100380008E1B4D1BCF33925CB36472647264926CAB
:10039000F474357D35851485558D358D358D3585D0
:1003A00035853585F47410542D332D238E23EF239A
:1003B000EF1BCE13EF1B3024512C30243024712C32
:1003C000712C512C712C9234B234713471349234BA
:1003D000923472349234B23C923471347134923C1F
:1003E0009234723472349234923471347134923C57
:1003F000713451349234923CB12CD12CF23CF23411
:10040000B134D134F23CF23CB134F23C123DF1341F
:10041000B12CF134123DF234D12CD134D134B13479
:10042000B134F13CF13CB034902CB134D134902C47
:10043000702C902C90344F2C135DF885D7959795A0
:100440009795B795D895F89DD895B8959795B895FF
:10045000B895978D367DB46C736432546E3B6D2BBA
:10046000CE336C1B0B0B4B0BAD13EE13EE132F1C8B
:10047000B12CB12CB02CF134323D1235D134F23CD8
:1004800033451245F144124D124DF14CD14CB0445C
:100490008D23A902EB0A0B0BA9020B132F2C70342E
:1004A000913CB13C0F346D1B6D1B8E234D138D1B86
:1004B000CE232F2C703C7044EE434722062A843111
:1004C000E97252CD10C54CAC8DAC4CAC8993288BE5
:1004D000C782A77A08838672456A656A4562287B67
:1004E000AFAC71BDD3CD14D675DE96E6B7E6D7EEC8
:1004F000D8EEF8EEF8EEF8F6D8F6B7EE76E635E692
:10050000F3DDB2D571CD71CDB2D5F3DD35E676E64A
:1005100036DEF5CD16CE37D617D658DE37DEF6CD19
:10052000F6D516CEF5CD16D6F5CD36DE77E676E6DF
:1005300015DE15DE36E6B3D535DEF4D515DE76E606
:1005400075E675E655DE75DE76DE97E6D8EEF9EEF1
:100550003AF77BF77CF75BF71AEFD8E697E656DEBB
:1005600034D614D6F3D5F3D5D3D5F3D5D3D514DEFD
:1005700092D54DAC2DA4CFBCAFB411BD32BD73BD6F
:100580008C83A441E12802310231E230E2300231B1
:100590006441CD8B33BDF1B4D1B4D1B4B0B4D0B4D7
:1005A00031C510BDCFBCEFBC30C572CDD3DD14E674
:1005B00055E676E676EE75E675DE75DE55DE34D602
:1005C00013CE92C531BD8EAC2983E559E561056234
:1005D00005622562666AC76A8A8B2C9C2CACEBABE1
:1005E000CAB30BB48EBC2C9CC85AE529EA3A6D3BC1
:1005F000EE3330345034502C0F24CE1BCF1BAE1BA7
:100600006D134D1BAE337154B36492649264726483
:10061000F474357D358515853585358D558D358554
:10062000D47CD3749364F04B4D332D236E23EF238E
:10063000EF1BCF13EF1B3124512430243024712CB5
:10064000712C512C712C9234923471347134923457
:100650009234723492349234923471347134923CC4
:100660009234713471349234923471347134923CD6
:1006700072347134923CB23CB02CB134F134F13468
:10068000B134D134123DF23CB134F13C123DF1347D
:10069000B02CF134123D1235D134F134D134B02CB8
:1006A000B134F23CF13C902CB02CB134B134902CEC
:1006B000702C902C90345034F35CF785D895979536
:1006C0007795978DD895F895D895B8959895B895CC
:1006D000D895978D567DD46C9364525C8F3B6D3367
:1006E000CE334C1B0A0B4B0BAD13EE13EE132F1C2A
:1006F000B12CB12C902CD134123D1235D134F23CB6
:1007000033451245F144124D124DF14CD144B044E1
:100710008C1BA9020B0B2B0BA9020A0B0E2C70349D
:100720009034B13C703C8D236D1B8D1B8D1BAE1B1B
:10073000CE237034503C0F3C6C33E519A529222997
:100740002A7B92D5EFBC6CACEEBCEEBC89938A9B45
:100750008A9B088BE882456A656A656A4562087B00
:10076000AFAC51BDD3CD14D675DE96E6B7EED7EE5D
:10077000F8EEF8EEF8EEF8EEF8F6D8EE97EE75E64D
:1007800014DED3D5B1D591D591CDD3DD14DE35E6C8
:1007900036E677E6B8EE98E677D697D676D656D68A
:1007A00056D656D676DE56DEB7E676DE55DED3CDA5
:1007B000B3C5B3CDD4CD14D6F4D576E655DE96E6E2
:1007C000B6E696E6B6E696E697E6B7E6F9EE1AEFEF
:1007D0005AF79CF79CF77BF73AEFF8E697E676DE58
:1007E00055DE34DE14D614D614DE34DE34DE34E6C0
:1007F000F4DDB2D5D3DDF4DDD4D535DE15D636DE65
:10080000D4CDB0A4CC83CD83AC838C7B4B7B4B7B92
:100810006FA433BD94C5D5D532C5D4D5D4D5B3D501
:10082000B2D551C5EFBC30C5B2D514DE55E676E67B
:1008300076E697EE96E676E696DE76DE76DE55D6B8
:1008400034D692C530B58EAC0983E561E461E461CC
:100850000462656AE77A698B6DA4CFBC8EBC0CB468
:10086000EBB32CBCAEBC6EA4C852E621EA326D33A9
:10087000CE330F342F2C0F2C0F24EF1BEF1BCF1B6D
:100880008E1B4D1BAE33514CB26492649364726400
:10089000F474357D3585358535855585358DF47C04
:1008A000926C5164515CCF4B6E3B4D2B8E230F24C9
:1008B000EF1BEF13101C3024502430245024712CD3
:1008C0009134712C512C71347134712C71349234F7
:1008D0009234713471349234723471349234B23C43
:1008E000B23C72349234B234923471347134B23CCA
:1008F00092347134B23CB33C902CB134F134F134C5
:10090000B134D134123DF23CB134F13C123DF134FA
:10091000B02CF134123D1235D134F234F23CD134E2
:10092000B134F134F13CB134902CB134D134B12C28
:10093000902CB13491345034F35CF885F895D89507
:1009400097959795D895F89DD895D8959895B895F9
:10095000B895978D577DF56C9464725CAF3B8E3380
:10096000CE334C1BEA024B0BAD13EE13EE132F1CD0
:10097000B12CB02C902CD134123DF234D134F23C55
:1009800033451245F144114D124D114DF14CD144F6
:10099000AC23CA020B0B2B0BC9022B0B0E2C903471
:1009A0007034903CB13CEE2BAD1BAE1B8D138D1300
:1009B000EE23903C503C2F442B33E51984296331BE
:1009C000ED9372CDAEB46CAC0FC50FC54CACEBA3C0
:1009D0004993088B456A666A8672666A6562E77241
:1009E000AEAC51BDD3CD14D696DE96E6B7EED8EEBA
:1009F000D8EEF8EEF8EEF8EEF9F6F8EED8EEB7EE3F
:100A000055E6F3D5B2CD91CD91CD92D5B3DDF4DDE0
:100A1000D4DDD4D536E6B7EEB7E655D655D676DE74
:100A200055DE76E6B7EE55E655E671C551BD10B513
:100A300092C572BDD3CD96DEF4CD97E696E6B7E6C5
:100A400096E696E6B7E6B7E6B7E6D8EEF9EE3AF7F9
:100A50005BF79CFF9CF77BF73AEFF9EEB8E696DE82
:100A600076DE55DE35DE34DE35DE55E655E635DE3E
:100A700014DEF4DD14DEF4DDF4D535DE56DE77E683
:100A800097E677E676DE76DE15CEF5CD73BD52BD00
:100A9000B4CD73CD32C536E6D3D514E614E6B2D55F
:100AA00051CD30C550C592CDD3D534DE55E676E66E
:100AB00097E6B7EEB7EE97E697E696DE76DE75D662
:100AC00034D692BD10B58EAC087B05620562256AEE
:100AD000456AC67A488BCA9B8EACF0C4CFC44DBC65
:100AE0004DBC6EBCAFB48F9CC84A06222B33AE3BC4
:100AF0000F3C0F340F2C0F240F24CE13EF1BEF1BD2
:100B0000AF1B4D1BAE2B714CB25C9264936492642C
:100B1000F474557D55853585558555853485D37C4B
:100B20007264315C315CF04B6E3B6D2BAE2BEF236E
:100B3000EF1B0F1C301C3024502430245124922CE5
:100B40009234712C512C712C7134712C713492347B
:100B50007234713471349234923472349234B23CBF
:100B6000B23C92349234B23C923471347134B23C1F
:100B700092347134B23CD33CB02CD034F13CF13CD3
:100B8000B034D134123DF13CB034F13C123DF1347B
:100B9000B02CF134123DF134D1341235123DD13440
:100BA000B134D134F13CB134902CD134D134B1349E
:100BB000902CB1349134502C135DF885199EF99D19
:100BC000B89D9795D895F89DF89DD89DB895B895FE
:100BD000B895978D77851575B46C735CCF438E335C
:100BE000CE334C1BEA022B0B8D0BCE13EE132F1CB6
:100BF000912CB12CB02CD134123DF234D134F23CD2
:100C00003345F144D13CF1443255114DF14CB044DF
:100C10008C1BC9020B0B2B0BC9024B0B2E2CB03CAF
:100C20009034903CD1445034CE23CE238D13CD1B31
:100C30002F2C703CCE33CE3B0B3BE62123212229C7
:100C4000EC93CFBCEFBCADB46CACADB40FC5CEBCB7
:100C5000AA9B288BE4612562A672866A4562C772E8
:100C60008EA451BDD3CD14D675DE96E6B7E6D8EE88
:100C7000F8EEF8F619F719F7F9EEF9EEF8EED8EE06
:100C800097E635DED3D5B2CD71CD30C530C551CD67
:100C900072D592D572CD72CDF4DDD3D514DE34E6A3
:100CA000F3E5F4E5F4E531CDCFBCAFB4F0BCAFB4BF
:100CB00051C5D4CD76DE35D676DE97E677DED8EE32
:100CC000B7E6D7EEB7E6D7EEB7E6D8EE19EF3AF7C4
:100CD0007BF79CFF9CF77CF73AEF19EFD8E697E695
:100CE00076DE76DE76DE75E655DE96E676E655DE6F
:100CF00035DEF4D5D3D593CD52C552C573CDD4D5F9
:100D000015DEF4D5D4D593CD93C552BD11B552C5DA
:100D100032C5D4D573D515E614E6D2DD91D530C5EC
:100D2000EFBC2FC591CDD2D534DE55DE76E697E601
:100D3000B8E6B8E6B8E6B8E6B7E696DE76DE76D68A
:100D400055D692C510B56EA40983256A456A667AA0
:100D5000C782078B4893CA9BAEB430CD30D5EFCC59
:100D6000CFCCF0C4AFAC4E8C673A47224C33104422
:100D7000714430340F2C0F24EF1BCE13EF1BEF1BED
:100D8000AE1B2D138E2B514CB25C92649364936412
:100D9000F474568555855585558D558D3585F47C6E
:100DA000926C515C305CF04B6E334D2B8E23EF23F5
:100DB0000F1C0F1C301C30243024101C3024712CCC
:100DC000912C512C512C712C9234712C7134923401
:100DD0007134712C71349234B23C92349234B23406
:100DE000B23492349234B2349234712C7134B234BD
:100DF00092347134B23CB33CB02CD134F13CF13C70
:100E0000B034D134123DF13CD134F13C123DF134D7
:100E1000B02CF1341235F134D134F134F23CD13408
:100E2000B134F13CF13CB034902CD134D134B12CFC
:100E3000902CB13490342F2CF354D785F895199E0B
:100E4000D89DB795D895F89DF99DD89DB895B8953A
:100E5000B895978D7785367DF56C9364AF438E3367
:100E6000CE336C1BEA0A2B0BAD13EE1BEE132F1CBB
:100E7000B02CB134902CD134123D123DD134F23C1F
:100E80003345F144D13CF144124DF14CD144903CF6
:100E90006C1BCA022B0B2B0BA9024B0B4F2CB13C2A
:100EA000B13CB03CD144B13CD13C2F2C4C0B6C1329
:100EB000CE2B2F3C6D2B8D3B4722841902192231FA
:100EC000AC8BAEB430C5ADB48DB48CB470CD0FCD99
:100ED0000CACE782256A6672A672866A456AA772BA
:100EE0006DA451BDD3CD34D675DE96DEB7E6D7EE10
:100EF000D8EEF8EE19F719F719F719EFF9EEF8EE41
:100F0000F8EEB7E655DEF4DD92CD51CD10C5AFBC9D
:100F10008EB4AFBCCFBCCFBCCFBCEFC4CFC4CFC4AA
:100F2000AFC48EBC4EBC2DB42DB48EB4F0C4B3D5BA
:100F300015DE76E697E6B7E6B8E6B8E6B8E6D8EEA8
:100F4000B7E6F8EEB7E6B7EEB7E6D8EE19EF5AF720
:100F50007BF7BCFFBDFF9CF75AEF1AEFD8E6B7E668
:100F600097E696E696E696E697E6D7EEB7E676DE5D
:100F700076E636DED4D5D4D593CD52C511BDF0BCBE
:100F800031CD52CD72D592D551CD31C531C551C576
:100F900051CD93D572D592D530CD0FC5CEBCCEB440
:100FA0002FC571CDD2D534DE76E676E697E6B8E683
:100FB000B8E6B8E6D8E6D8EED8E697DE97DE96DE55
:100FC00055D6B3C510B58EA4E87A456A6672667ABE
:100FD000C78A4893699BEAA3AEBC30CD51D510CDEA
:100FE000CFCC31CDAFACAC73062A892A4C33304418
:100FF000B24C5034EF230F240F24EF1B101CEF1BB7
:101000008E1B4D1BAE2B314C925C725C92649264D1
:10101000F474557D55853485558D558D3485147DF5
:10102000B26C305C1054F04B4D3B2D2B6D23EF23F5
:10103000101CEF130F1C30243024101C3024512CB2
:10104000712C512C712C91349234712C7134923456
:101050007134712C92349234B23C92349234923482
:1010600092347134712C92349234712C712C9234EC
:1010700072347134923CB23CB02CD134F13CF13C2E
:10108000B034F134123DF13CD134F13C123DF13435
:10109000B02CD1341135F134D12CF134F134B134D8
:1010A000B134F13CF13C902C902CD134D134902CC3
:1010B000702CB13491342F2CD254967DD78D199E3B
:1010C000D89DB795F895199EF89DD89DB895B89577
:1010D000B895978D9785367D1575B364CF438E335C
:1010E000CE336C1B0A0B4B0BCD130E1C0E1C2F1C8E
:1010F000B02CB134902CD134123D123DD134F23C9D
:101100003345F144D13CF144114DF144B0446F34C6
:101110006B13CA024C134B0BEA028C134F2CB03CDE
:10112000D144D144F144F144F13C4F2C4C0B8C1B85
:10113000CD2B0F3C6D332B3B06226421022102296B
:10114000E8728EAC50C5EEBCCEB4ADB491D550CDE6
:101150002CACC77A8672E882C77A8672656AA66AFC
:101160002C9C30BDB2C534D655DE96E6B7E6D7EE38
:10117000D8EEF8EEF9F619F71AF71AEF19EF19F792
:1011800019F718F7D7EE76E635E6B3D572D551CD17
:1011900031CDF0C48EB46DB46DBC4DBC2CB4ECAB91
:1011A0002DB42DB44EB4D0BC32CDB4D5F5DD57E658
:1011B00097E6D8EE97E6D8E6D8E6F9EEF9EED8EE5F
:1011C000B7EEF8EED8EEB7EEB8EED8EE1AF75BF75A
:1011D0007BF79CFFBDFF9CF75BF71AEFD8E6B8E6FC
:1011E000B7E6B7E697E6B7E6B7E6D8EEB7E697E62E
:1011F00097E677E635DE15D6D4D5B3D552CDD0BC3B
:101200008FBC8EBC4DB42DAC2DB44DB48EB44DAC52
:10121000AEBC6DB46EBCAEBCADB4CEBCEEBC2FC526
:1012200091CDD2D514D675E696E6B7E6B8EED8EEEF
:10123000D9EED9EEF9EEF9EED8EEB8E6B7DE96DEE5
:1012400055D6B2C510B56EA4C7726672867A657A35
:10125000C682489BCAA34CB4EEC450D550D510CD1D
:10126000EFC472CDB0A40A5B272A2B3B6D33304408
:10127000B24C913C2F2C302C3024EF1B1024EF1B50
:10128000AF1B6E1BAF33514C925C515C725C73644C
:10129000F474557D55853485758D558D348D148543
:1012A000D3745164105CF04B4D3B4D2B4D1BAE1B6A
:1012B000EF1BEF13EF135124502430243024512C12
:1012C000712C512C712C92349234713471349234CB
:1012D00092347134923492349234923492349234FF
:1012E0009234712C712C712C9234712C7134923493
:1012F00072347134923CB23CB02CD134F23CF13CAB
:10130000B134F13C123DF13CB134F134123DD134F1
:10131000B02CD1341235F134D12CF134F134D12C3C
:10132000B134F134F134902C902CD134D134902C50
:10133000902CD134B1342F34D2547675B78DF89DBA
:10134000D89DB795D895199EF99DF89DD89DD89DA3
:10135000D895B88D9785567D1575D464F0438E3336
:10136000AE2B2B13EA024B0BAD13EE1BEE132F1C0F
:10137000B02CB134B02CD134F23CF234B134F23C64
:101380001245F144D13CF144124D114DD1446F341A
:101390006C13EA024B0B2B0BEA028C134F2C4F34CD
:1013A000B13CD144D144D144D13C6F34CD23EE2B58
:1013B0008C2BCE3B4C3BEA3AC62123190221C12893
:1013C000465A8EAC30C52FC50FBDADB42FC5EEC487
:1013D0004CAC498B498BCB9BC77AA672656AA66ACF
:1013E000EB930FB592C534D655DE96E6B7EED8EE40
:1013F000D8EEF8EE19F71AF71AF73AF73AF71AF79C
:101400003AF719F719F7F8F6B7EE76E635E6D4DDD0
:10141000B3D5B3D592D572CD51CD31CD31CD10C527
:1014200032CD93D5B4D5F5DD36DE36DE78E698E6F6
:1014300098E6D9EEF9EEF9EEF9EEF9EEF9EED9EE1D
:1014400019F7D8EEB7EED8EED8EEF9EE1AF75BF74B
:101450007CF79CFF9CFF9CF75BEF1AEFD9E6D8E680
:10146000D8E6D8E6D8EED7E6D7E6B7E6D8EED8EE97
:10147000D8EEB8E677DE56DE35DED4D593CD72CD24
:10148000D0BC8EBC2CACEBABEBA30BAC0CAC0CAC63
:101490000CAC4DAC6DB46DB4CFBC0FBD71CDD2D51D
:1014A000F3D534DE75E696E6B7E6D8EEF9EED9EE7A
:1014B000D9EEF9EEF9EED8EEB8EEB7E6B7E676DE9D
:1014C00035D692BDF0B44DA4C77A8672A77AA682AB
:1014D000E78A2893A9A38DBC2FCD70D551D551D5BE
:1014E00030CD72CD8F9C67428832CE4B8D330F3C0E
:1014F0009144923C302C712C1024CE13EF1BF0231E
:10150000EF236E1BAF33514C925C515C7264936459
:101510001575558555855585558D548D548D758D0D
:101520003485926C105CAF4B6E3B6E336D236D1344
:10153000AE13CF13EF1B3024502430243024712CF1
:10154000712C5124512C712C923471349234B23458
:101550009234923492349234923471349234B2345C
:101560009234712C712C9234923471347134B234BF
:1015700072347134923CB23CB134D134F23CD13447
:10158000902CD134123DF23CB134F13C123DD134B7
:10159000B12CF134123DF134D12CF134F234D12C90
:1015A000B02CF134F13C902C702CB134D134902C0F
:1015B000902CB134B1345034B25455757685D895E9
:1015C000D895B795D895F895199EF89DB895B89582
:1015D000B895B88D988536751575D46C10448E33D2
:1015E000AE2B2B13EA024B0B8C0BCD13CE132F1CFF
:1015F000902CB134902CB034F134D134B134F23C6D
:10160000334D1245F144F144114DF144D144903C25
:101610006C13EA024C0B2B0BEA028C13CD23AD2387
:101620004F34903CD144D03CD13CD1446F3CEE335C
:101630008C334C3BEA32282A852102190221E12809
:10164000A4498FAC30BD30C570CD0FC5EFBC0BA425
:101650008A932CAC4DAC8EB4E77AC672656A856A03
:10166000EB93CEAC91C5F3CD55DE75DE96E6B7EEC5
:10167000D8EED8EEF9F619F71AF71AF71AF71AF79B
:101680003AF73AF71AF719F7F8F6D8F6B7EE76E61A
:1016900056E656E635E615DE14DEF4DD14DE35DEFC
:1016A00036DE56DE56DE57D657D678DEB8E6D9E6B1
:1016B000F9EEF9EEF9EE1AEFFAEEF9EEF9EEF9EECF
:1016C000D9F6D8F6D8EED8EED8EE19F73AF75BF798
:1016D0007CF79CFF9DFF9CFF5BF73AEFF9EED8E6A5
:1016E000D8EED8EED8EED8EED8E6D8E6D9EEF9EEB8
:1016F000D9EEB8E697E697E676DE56DE15DEF4D547
:10170000D3D5B3D572D531CD30CD10CD10C5EFC402
:1017100010C510C551C592CDB3D5D3D514DE35DE75
:1017200055DE76E6B7E6B7E6D8EED9EEF9EEF9EE95
:10173000D9EED8EED8EEB8EED8EE97E696E676DE9D
:1017400035D692C5F0B44DA4E87AA672A77AE78A96
:1017500008934893CAA36DBC0FC570D550D571D5F9
:1017600030CDB3CD8F9C263AA8328C434C2B0F3C06
:10177000503C5034EF23EF1BCF1BAE13CF1BEF1B9E
:101780008E1B6E1BAF33514CB364926472649364CE
:10179000F474558555853485548D758D758D758D8D
:1017A000968DF37C5164CF4B8F43AF3B4D234C134D
:1017B000AE13CF13EF1B3124302430243024512CAE
:1017C000712C712C712C712C9234712C71349234D7
:1017D0007134512C712C9234923471349134B2346E
:1017E0009234712C512C712C9234712C7134B2348E
:1017F00072347134923CB23CB134D134F23CD134C5
:10180000902CB134F23CD134D134F23C123DD1347D
:10181000B12CF234123DF134D12CF134F234D12C0C
:10182000B02CD134F13CB02C902CD134D134902C4C
:10183000702CB134B1345034B24C55759685D8956E
:10184000D89DD895F895F895D895D89DB895B89520
:10185000B895B88D778536751575D46CF0438E3391
:10186000CE334C1BEA024B0B8C0BAD13CE132F1C4B
:10187000902CB134902CB134123DF234B134F23C9E
:10188000334D1245F144F144114DF144D144903CA3
:101890006C13EA024C0B2B0B0A038C138C1B4B139F
:1018A0000E2C903CD144B03CB03CB0449044CD3B75
:1018B0002B33EA32482AC6214419E2182329022987
:1018C0006341ED93F0B472CDB2D5B2D5EEBCCA9BF4
:1018D00089934CACEFC4EFC40883C77A4462856A2D
:1018E0008A8BAEAC51BDD3CD54DE55DE76E6B7E67D
:1018F000D8EED8EEF9EE19F7FAF61AF71AF71AF742
:101900003AF73AF73AF73AF71AF719F719F7F8F6F4
:10191000D8EED8EEB7E676E697E676DE56D636D639
:1019200056D677D677D698DEB8DED9E61AE71AEF1C
:101930001AEFFAEED9EED9E6FAEEF9EEF9EED9EEB3
:10194000D9F6D8F6D8EED8EED9EE1AF73AF73BF733
:101950007CF79CFF9CFF7CFF5BF71AEFF9EED9EE5A
:10196000D9EED8EEF8EEF9EEF9EEF9EEF9EEF9EE81
:10197000F9EED8E6B8E6B8E6B8E698E677DE56DEE1
:1019800055DE55DE35DE14DE14DEF4DDD3D5B3D5F9
:10199000B3D5D3D514D655DE56E656E676E677E6C9
:1019A00097E6B7E6B8E6B8E6B8EED9EEF9EEF9EEA6
:1019B000D8EED8EED8EED8EEB7EE96E676E676DE3E
:1019C00035D6B2C510B52C9CE77A8672C77AE78205
:1019D0002893CAA30BAC6CB40FC570D571D550CD8C
:1019E000B2D5B3CDEC7B2532E93A2B334C2B0F3CEF
:1019F00030341024EF1BEF1BEF1BAE13CF1BCF1B9C
:101A00008E1B6E1B8E33314C926472649364936CA4
:101A1000F474358535851485548D75957595558D7A
:101A2000758D147D726CF053AF43CF3B6D234D1316
:101A3000AE1BCE13CF1B1024302410243024512C85
:101A4000712C712C712C92349234512C512C713494
:101A50007134712C712C712C713471349234B23414
:101A60009234712C712C92349234712C7134B234C2
:101A700092347134B23CB33CB12CD134F234D13411
:101A8000902CB134F234B134B134F234123DD1344B
:101A9000B12CF234123DF134D12CF1341235D13461
:101AA000B02CD134F23CB134B02CD134D134902CA0
:101AB000702CB134B1342F34914C55759785D8952D
:101AC000B795B895D895D895F895D89DB895B89507
:101AD000D895B88D778536751575D464F0438E33F7
:101AE000CE334C1BEA024B0BAD13CE13EE132F1C5F
:101AF000902CB134B02CD134123DF23CB134D23CF4
:101B000033451245D144F144124DF144D144903C47
:101B10008C13EA024B0B4B0BC9024B13AD238C1BEE
:101B20002F34B044D144B044903C90446F4C6C335B
:101B3000EA328932E62165212321E218232902298C
:101B40002331C86AD0ACF4D514DE51C5AEB46DAC47
:101B5000EB9B4CAC71D510C5699307832462856AF1
:101B6000287B8DA430BDD2CD34D655DE76E697E6FF
:101B7000D8EED8EEF8EEF9F6FAF6FAF61AF71AF702
:101B80003AF73BF73BF75AF73AF73AF73AF75AFF83
:101B90005AFF5AF73AF719EF1AF7FAEEF9EED9EEBB
:101BA000D9EEF9EEF9EE19EF3AF71AEFF9EEF9EE90
:101BB000D9EED9EEFAEE1AF71AEF1AEFF9EEF9EEBE
:101BC000D9F6D9F6D9F6D9F6D9EE1AF73AF73BF79E
:101BD0005BF77CFF7CFF7CF73BF71AEFF9EEF9EE41
:101BE000F9EEF9EEF9EE1AF719EF1AEF1AEF1AEF0C
:101BF000F9EEF9EEF9EED9EEB9EEB8E698E677DE51
:101C000077D656D656DE56DE35DE35DE15DE35DEC7
:101C100036E656DE56DE76DE97E677E697E698E617
:101C2000B8EED9EEF9EED9EED9EEF9EEF9F6F9EE15
:101C3000F9EEF8EED8EED8EEB7EE97E696E676DE59
:101C400035DEF3CD30B5EB93C7728672867AC782E4
:101C500049930BACADBCCEC42FCD70D571D530CD72
:101C6000D3D593C5095B262A4A432A33AD33303C8A
:101C70001034102C30243024EF1BCF1BCF1BCF1B74
:101C8000AE1B6E1B8E2B314C926472647364936C2A
:101C9000D474357D15853485548D95957595548D01
:101CA000558D3485D3741054CF4BCF3B6E2B8E1B88
:101CB000EF1BCF13CF1B3024302410243024512CA1
:101CC000712C712C713492349234512C512C9234E9
:101CD0009234713471347134713471349234B23459
:101CE0009234712C712C92349234712C7134923C58
:101CF00092347134B23CD33C902CB12CF234D134B8
:101D0000912CD134F234B134B12CD134F23CD134F1
:101D1000B12CD2341235D134B12CF134123DF1341E
:101D2000B02CD134F13CB134B12CD134D134902C1D
:101D3000702CB13491342F347144346D9685B7953D
:101D40009795B895D895D895199EF99DB895B89559
:101D5000F99DF9959785567DF56CD464F0438E33E3
:101D6000CE334C1BEA024B0BAD13EE13EE132F1CBC
:101D7000902CB134902CD134F23CF23CD134D23C92
:101D800033451245D144F144F14CD144D144903C07
:101D90006C13EA022B0B2B0BCA022B130E2C2E34C6
:101DA000703C903C903CF14CB0446F44EE432B337C
:101DB00089324832A5216421442103192321232992
:101DC000032964394F9CF4CDD3CD10BD8DACEFBC4D
:101DD0008EB4CEBC92D5EFC42CA4AA934562A66A59
:101DE000C7724C9C10B5B2C534D654DE75E696E683
:101DF000B7EED8EEF9F6F9F6F9F6FAF61AF71AF799
:101E00003AFF5BFF5BFF5BFF7BFF5BF75BF73AF73C
:101E10003AF73AEF3AEF3AEF1AEF1AEF1AEF1AEFF2
:101E20001AEFF9EEF9EEF9EEF9EE19EF1AF73AF7C3
:101E30003AF71AEF1AEFFAEE1AEF1AEF19EFF9F66E
:101E4000F9F6D9F6F9F6F9F6F9EE1AF73BF75BF77A
:101E50007CF79CFF7CFF5CFF3BF71AEFFAEEF9EE94
:101E6000F9EEF9EE19EF3AF71AEF1AEF1AEF1AEF47
:101E70001AEFF9EE19EFFAEEFAEEDAEEB9E6B8E695
:101E800097DE57D656D656D656DE56DE77E697E616
:101E9000B8EEB8EE98E6B8E6B9EEB8EEB9EED9EE1F
:101EA000F9EE1AF71AF7FAF6FAF61AF71AF71AF716
:101EB000F9F6F8EED8EED7EEB7EE97E696E675DED1
:101EC00014D6D3CDF0B4AA8BA77286728672298BF2
:101ED000EBA38DBC0FCD0FCD2FCD50CD50CD71CDFF
:101EE000B3CD31ADA84A883AED538C3B0F3CD24C70
:101EF000713C5034302C1024EF1BEF1BCF1BCF1B39
:101F0000AF236E238E335154925C725C7264936C77
:101F1000D474157D3585558D548D758D7595558D7C
:101F2000558D3585F47C115CD04BCF3B6E2BAE23A9
:101F3000EF23EF1BEF1B5024302430243024712C6E
:101F4000712C712C712C71347134512C7134923488
:101F50009234712C713492349234712C712C9234ED
:101F600092349134712C92349234712C71349234B5
:101F700072347134B23CB23C902CB12CF234D13476
:101F8000B12CD134F23CD134B12CD134F234D1342F
:101F9000B12CD2341235D134B02CF134123DF1349D
:101FA000B134D134F134B034902CD134B134902CDC
:101FB000702CB13491342F347144346D978DB795B2
:101FC000978DB795D895B78DF895F89DB895B89534
:101FD000F995D88D9785567D1575B464D0438E33A9
:101FE000CE334C1BEA022B03AD0BEE13EE134F1C4A
:101FF000902CB02C902CB134F23CF23CD134F23C19
:1020000033451245D1441145124DF144D144903C21
:102010008C130A034C0B4C0BC9024B13903CD14C54
:10202000F14C903C6F34B0448F448F4CCD43C93257
:10203000472AE62985212319442123212321242904
:102040004429E2200A6B32B5B3CD72C5F0BC10C58D
:102050002CA4EFC4B2DD30CDEFBC4CA4C672C67266
:10206000A66AEA8B0FB592C513D634D655DE96E62E
:10207000B7EED8EEF8EEF9F6F9F6FAF61AF71AF71F
:102080003AFF5BFF5BFF5BFF7CFF5BFF5BF75BF790
:102090005BF73AEF3AEF3BEF5CF75CF73BFF3BF760
:1020A0003AF73AF73AF73AF73AF73AF71AF71AEFF0
:1020B0001AEF1AEF3AEF3AEF1AEF1AEF19EFF9F6B3
:1020C000F9F6F8F6F9F6F9F619F73AF75BF77BF750
:1020D0007CF79CFF7CFF7CFF3BF71AEFFAEE19EFD1
:1020E0001AF7F9EE19EF1AF719EF19EF1AEF1AEFBD
:1020F000F9EEF9EEF9EE1AF71AF7FAF6FAEEFAEE49
:10210000D9E698DE77DE77DE77DE77DE77DE77E694
:1021100078E678E698E6B8EED9EED9EED9EEFAF69A
:10212000FAF61AF71AF71AF71AF71AF71AF7FAF669
:10213000F9F6F9F6D8EEB7EEB7EE96E676E675DE86
:1021400014D6B2CDCFB48A8BA772C77AE8826A93CD
:102150004DB40FC571D570D50ECD2FCD50CDB3D5A3
:10216000D4CD6F8CC8426B4B2F54CD3B0F3C545D8C
:1021700013557134302C1024EF23EF1BCF1BCF1BD2
:10218000AF234D238E335154925C525C7264936C36
:10219000B474147D3585558D558D748D7595558D1B
:1021A00055853485F374315CF04BAF3B4D238E1B6A
:1021B000EF1BCE13EF1B3024502430243024712C1D
:1021C000712C512C512C71347134512C712C92344E
:1021D0007134712C7134923492347134713492347C
:1021E000B2349234713492349234712C713492340A
:1021F00072345134923CB23C9024D12CF234D1341C
:10220000912CD134F234B134B12CD134F234D134F4
:10221000B12CD134F234D12CB02CD12C1235F13474
:10222000B134D134D134902C902CD134D134902C81
:10223000702CB13491342F2C7144F4649685D89568
:10224000978D9795B78DB78DB78DB895B895B8958B
:10225000D895B88D7785567D1675B464AF3B6E2BD7
:10226000EF336D1BEA022B038D0BCE13EE135024BC
:10227000912CB12C902CB134F234F234D134F23CA4
:1022800033451245D144F244D144D03CB03C6F3484
:102290006C13EA024C0B2B0B0A036C1B903CD14CC9
:1022A000D14CB03CB044D0446F44ED3B2B33EA3AC0
:1022B0002732441923198429442144210319032175
:1022C00044290321A5390E8C73BD92C5B2CDEFBC54
:1022D00071CDCEBCEFC4EFC410C5AEB42883077B6C
:1022E00065628983EFAC71BDD3CD14D655DE76E639
:1022F00096E6B7EED8EED8F6F9F6FAF61AF71AF728
:102300003AF75BFF5BFF5BFF5BFF5BFF5CFF7CFF04
:102310007CF77CF77CF77CF75CF75CFF7CFF5CFF6D
:102320005BF75BFF5BFF3BFF5BFF3AF73AF71AEFA8
:102330001AEF1AEF1AEF1AEF19EFF9EEF9EEF8EEBD
:10234000F8F6F8F6F8EEF9EE19EF3AEF5BF77CF7EE
:102350009CFF9DFF9DFF7CFF5CF73AF71AEF1AF791
:102360001AF719F719EF19EF1AF71AF71AF71AEF00
:102370001AEF1AEF1AF71AF7FAEEFAEEFAEE1AF760
:10238000FAEED9E6B8E698DE98E6B8E698E698E67A
:1023900098E6B8E6B9EED9F6D9EED9EEFAEEFAF645
:1023A000FAF61AF71AF71AF71AF71AF71AF7FAF6E7
:1023B000F9F6F9F6D8EEB8EEB7E697E676DE55DE32
:1023C000F4D592C5AEAC4983A772498B2DAC4DB400
:1023D0008EBCEFC4CEBCEEC4EEC42FCD70CDD3D531
:1023E000D4C58B6BA93ACD4B0E44EE3B2F3C545DCC
:1023F000755DD2447134502CEF23CE1BCF1BCF1B05
:102400008E1B4D1B8E2B514C925C72649364936CAB
:10241000D474147D35853585548D548D758D758DA9
:102420005585147DD374315CF053AF3B4D236D1B48
:10243000CE1BCE13CF13101C502C10241024512C63
:10244000512C512C712C92349234512C512C7134CA
:102450007134713471349234713471349234B23CC9
:10246000B234712C712C9234923471347134923CA8
:1024700072347134923CB23CB024D12CF134D12C62
:10248000902CD12CF134D12CB02CD134F234D13465
:10249000B12CD134F134D12CB02CD12CF134D13435
:1024A000B02CD134D134902C702CB134D134902C48
:1024B000702C913490340F2C0F3C925C557DB79565
:1024C0009795B795B78DD895978D97959795B8951A
:1024D000B895978D9785567D3675B464AF3B8E2B36
:1024E000EF338D1B0B034B0BAD0BCE13EE135024B0
:1024F000B12CB12C902CD134F234F234B134D13C23
:1025000012451245D13CF144F144F144F144903C70
:10251000AD1B2B0B8D136C13EA026C1B903CF24C21
:10252000124DD044D0448F3CCD33AC3B4B3B472A7B
:102530008521642164216421442124210319031984
:10254000242144294329675A12B552BD51BD51C5B2
:1025500071CD51CDAEBCAEBCCEBCAEB4698B4883A0
:10256000445A487BAEAC50BDB2C5F3CD35DE76E6FD
:1025700096E6B7EED8EEF8EEF9F6FAF61AF73AF76D
:102580003AF75BFF5BFF5BFF5BFF7BFF7CFF7CFF42
:102590007CF77CF77CF75BF75BF77CF77CF77CF7E5
:1025A0007CF75CF75BF73BF73BF73BF71BF71AEF62
:1025B0001AEF1AEFF9EEF9EEF9EEF9EEF9EEF8EEA0
:1025C000F8EEF8EEF8EE19EF19EF3AEF7BEF9CF723
:1025D0009CFF9DFF9DFF7CFF5CF73BF71AEFFAEE37
:1025E000F9F61AF7F9F6F9EE1AF73AF73AF71AEF99
:1025F0001AEF1AEF1AF71AF719EF19EF1AEF1AF77D
:102600001AF71AF7F9EED9EED9EEF9EEF9EEF9EE7E
:10261000F9EE1AF7FAF61AF73AF71AF73AF73AF71D
:102620001AF71AF71AF71AF71BF71BF71AF7FAF641
:10263000F9EEF9F6D9EEB8E697E697E655DE35D627
:10264000F3CD92C54DA4E872456A498BAEBCEFC488
:102650008DB4AEBC0FC52FCD0ECD70D591D5B3CDF9
:10266000D0A4C94AC93AAD43AD33AD2BEF33914441
:10267000914450340F2CEE23EF23CE1BCE1BCF1BE7
:102680008E1B4D1B8E2B314C925C9264936CB36C01
:10269000D474157D35853485548D748D758D558D27
:1026A0005585147DD374515C1154CF3B6D238D1B24
:1026B000CE13CE13EF130F1C302410241024302C13
:1026C000712C512C7134923492345134512C713418
:1026D00071347134713492347134712C9234B23457
:1026E0009234512C512C71349234712C7134923CAF
:1026F00072347134923CB23CB02CD12CF134D134D0
:10270000902CD12CF234D12CB02CD134F234F134C1
:10271000B12CF1341235D134D12CD12CF134D12C4F
:10272000B02CD134F134B02C702CB134D134B1345C
:10273000702C903470340F2C303C9254557DD895C9
:10274000B795B795B78DB78DB895978D778D9795C8
:10275000B88DB88DB885567D3675D464D0438E3328
:10276000EF336C1B0A034C0B8D0BCD0BCE0B2F1CC8
:102770009024902C702CD134123DF234B134D13CE1
:1027800012451245D13CD144F144D144D144903C4E
:102790008C1B2B0B8C136C13EA028C1B903CF244A9
:1027A000F14C6F3C6F3C0E3CCD3B6C3B0A3BE62151
:1027B00043196421642164296421031924194421E3
:1027C000442124296431E2204B7B11B514D6B3CDCA
:1027D00051CD91D50FC58DB48DB4AEB4898B898B95
:1027E000035A07734DA4EFB4B2C5F3CD35DE56DE00
:1027F00076E697E6D8EED8EEF9F6FAF61AF73AF753
:102800003AFF3BFF3BFF5BFF5BFF7BFF7BFF5BF721
:102810007CF79CFF9CFF9CF79CF79CF79CF77CF750
:102820005BF75BF75CF75CF73BF73BF73BF71AF7B7
:102830001AEF1AEFF9EEF9EED8E6D8EEF8EEF8EE68
:10284000F8EEF9F6F9EEF9EE19EF3AEF5BF79CF7CF
:102850009DFF9DFF9DFF7CFF5CF73BF71AF7F9EEAC
:10286000F9EE1AF719F7F9EE1AF71AF71AF71AEF3D
:10287000F9EEF9EE1AEF1AF71AEF1AEF1AEF1AF744
:102880003AF73AF73AF71AF71AF73AF71AEF1AEF50
:102890003AF73AF73AF73AF73BF73AF73AFF5BFF7E
:1028A0003AF73AF73AFF3AFF3AF71AF7FAF6F9EE3B
:1028B000F9EEF9EED8EE97E677DE97E655D635D6FF
:1028C000F4CDB2C54D9CC772666A8A938EBC71D531
:1028D000CEBC8DB450D50FCD50D5B2DDB2D593C599
:1028E000CC73A83A0B3B8D33CE338D23EF2B303492
:1028F00050340F2CEF2B0F2C0F24AE1BCE1BCF1BF5
:102900008E1B4D1BAE33514C92649264B36CB36C0E
:10291000D474357D35853485548D758D758D558D83
:102920005585147DD374525C1154CF3B6D238E1B9F
:10293000EF1BEF13EF1B0F1C1024EF231024512C5F
:10294000712C712C513492347234513451347134AD
:10295000712C512C712C9234923471347134923424
:102960009234712C712C71347134512C5134923455
:1029700071345134923CB23CB02CD12CF134D12C76
:10298000902CB12CF234D134B12CD134F234D13476
:10299000B12CF1341235D134B02CD134F234D134DD
:1029A000B12CF134D13C90347024B12CD134B02C02
:1029B000902CD13490340F2C103C7254357DB89546
:1029C0009795B895D895D88DD895B795978D978DBB
:1029D000B895D895B88D767D3675F56CF043AE33E5
:1029E000EF334C1BEA024B0B8D0BCD0BEE132F1C60
:1029F000702490244F24F23C133D123DD134D13445
:102A000012451245D144F144114DF14CF14C903C2A
:102A10008C1B0A0B8C1B4B130A03AC1B9034D14448
:102A2000D1449044EE3BEE438C432B3B682AA521D6
:102A30008521A529852964294421442104192421BB
:102A4000452944214429022184390E9435D672C582
:102A5000D3D572D5B2DDCEBCEFBCEFBC0B9C2CA4A1
:102A6000C359A6720C9CCFB472C5D3CD35DE35D612
:102A700056E6B8EEB8EED8F6F9F619F71AF71AF7DF
:102A80003AFF5BFF5BFF3BFF5BFF5BFF7CFF7BFF76
:102A90007BF79CFF9CFF9CFF9CF79CFF9CF77CF7BF
:102AA0007BF75BF75BF75BF73BF73BF73BF73AF7F7
:102AB0001AF71AEFF9EEF9EEF8EEF8EED8EED8EED6
:102AC000D8EEF9F6F9F6F9EEFAEE1AEF5BF77CF7C5
:102AD0009DFF9DFF9DFF7CF75CF75BF73BF71AEFCF
:102AE0001AF71AF719F7F9F61AF71AF71AF71AEF89
:102AF0001AEF1AEF3AEF3AF71AEF1AEF3AF73BF7F5
:102B00003BF73BF73BF73BF73BF73AF73AF73AF738
:102B10003AF73AF75AF73AF73AF73AF73BF75BFFE3
:102B20003BF73AF73AF73AF73AF71AF71AF71AF77C
:102B3000F9EEF9EED8EE97E697E676DE35D614D6BE
:102B4000F3D5D2CD0B9CE772287BEB9B10C592D5B9
:102B5000EFC410C510CD51D572D572D5F4D5F1A4FE
:102B60002A53EA3A6D33CE33CE2BEE2BEF2B503473
:102B7000513430343034302CEF23AE1BAE13AE1B47
:102B80008E134D1B8E2B304C925C9264B36C936C05
:102B9000F474358555853585758D758D758D558D97
:102BA0003485147DD374525C104CCF3B6E238D134F
:102BB000CE130F140F1C3024502410241024512C39
:102BC000712C512C512C92349234512C512C713443
:102BD0007134712C712C9234713471349234B2345A
:102BE0009234712C512C7134512C512C7134B23CD3
:102BF00071345134923CB23C902CD134F234D13403
:102C0000702CB12CF234D134D12CF134F234D134D3
:102C1000B02CD134F234D12C902CD134F234D134C4
:102C2000B12CF134D13C9034902CD134D134902C4F
:102C3000902CB12C90340F2CCF337154157D978D7F
:102C4000568DB895F895F895F895D895B895B895A6
:102C5000B88DB88D97857785567D1575104CAE3338
:102C6000EF336C1BEA024B0BAD0BEE130F14702409
:102C7000B12CB12C702CD134F23CF23CB134D134B3
:102C8000F23CF144D13CF144F14CD144D14CB0443C
:102C9000ED2B2A138C23AC23E9026B138F341145DF
:102CA000D1446F44EE3B8D438D4B8932C621A62122
:102CB000C629A529852985318529031904192521C6
:102CC00045292421032143290229475232B573C5DE
:102CD00015DEF3DD91D530CD30C571CD8EB48DAC20
:102CE000C67AE77ACB938EAC51C5B3CD15D615D63F
:102CF00056DE97E698EEB8EED9F6F9F61AF71AF717
:102D00001BF73BFF5BFF5BFF5BFF7CFF7BFF7BFFFA
:102D10007CFF9CFF9CFF9CF79CFF9CFF9CFF9CF70B
:102D20007BF77BF75BF75BF75BF73AF73AF73AF736
:102D30003AF71AEFF9EEF9EEF8EEF8EED8EED8EE33
:102D4000D8EEF9EEF9EEF9EEFAEE1AEF3BF77CF772
:102D50009CFF9DFF9DFF7CF77CF75CF73BF71AEF2C
:102D6000F9EEF9EEF9EEF9EEF9EEF9EE19EF19EFE9
:102D700019EF1AEF1AEF3AF73BF73BF75BF75BF700
:102D80005BF75BF75BF77CFF5BF75BF75BF75BF78A
:102D90005BFF7BFF7BFF7BFF5BF75BF75BFF5BFF13
:102DA0005BFF3AF73BF73BFF3BFF3AF71AF71AF79F
:102DB000F9EED9EED8EE97E677DE76DE35D6F4D5A5
:102DC000D2CD71C5CA93277B2CA4AEB451C592D580
:102DD00031C551CD31CD72D5D3DDF4D5B4BDED7350
:102DE000EA3A8C3BAD33AD23AE23EF2BEF230F2C10
:102DF0003034102CF0231024EF23AE1BCF1BCE1B3E
:102E00008E1B4D1B8E2B304C925C92649364936CA2
:102E1000F474568555853585758D9695758D558DCA
:102E20001585147DD374515CF04BAF3B6E236D134D
:102E3000AE13EE130F1C3024302410243024512CF8
:102E4000712C512C712C92349234512C512C7134A0
:102E50007134712C913492347134712C71349234F8
:102E60009234712C712C9234723451347134923406
:102E700071345134923CB23C902CD134F23CD13478
:102E80009024B12CF234D134D134F134F234D12C39
:102E9000B02CD134F234D12C902CD134F234F13422
:102EA000B12CD134D13C9034902CD134D134902CED
:102EB0007024B02C902CEF2BEF3B925C567D978DBD
:102EC000768DB795D895F895F895F895D895B895E5
:102ED000988D978577857785777D3575314CAE33BD
:102EE000EF336C1BEA022B03AD0BEE130F147024AF
:102EF000D12CB134702CB134F23CD23CB134D13449
:102F0000123DF13CD03CF144F14CB044B0448F440C
:102F10008C2BC9126B23AC2BC90A0A0B2E2CF14443
:102F2000B044EE33AD3B8C43EA3A4832C6298521A2
:102F30008529C631A6316529852924212521242109
:102F400004214421242123212329A0186B7B15D699
:102F500015DEF4DDD3DD91D571CD91CD30C5CEB484
:102F60004883E77ACB934DA410BD92C5D3CDF4CD61
:102F700035DE76E697E6B8EED9F619F71AF73AF79E
:102F80003BFF3BFF5CFF5CFF5BFF7CFF7CFF7CFF4C
:102F90009CFF9CFF9CFF7CF79CFF9CFF9CFF7CFFA1
:102FA0007BF77BF75BF75BF73AF73AF73AF71AF7F5
:102FB0001AF719EFF9EED8E6D8EED8EED8EED8EE3B
:102FC000D8EED8E6F9EEF9EE1AEF3BEF5BF77CF7B7
:102FD0009CFFBDFF9DF77CF77CF77BF75BF71AEF53
:102FE000F9EEF9EEF9EEF9EED9EED9EEF9EEF9EEE9
:102FF0001AEF1AEF1AEF3AF73AF73BF75BF75BF77E
:103000005BF75BF77CF77CFF7BF77BF77BF77BF766
:103010007BFF7BFF7BFF7BFF5BF75BF75BF75BF780
:103020005BFF3BF73BF73BF73AF71AF71AF71AF74C
:10303000F9EED9EEB8EE97E676DE76DE35D6F4D543
:10304000B2CD10BDAA8B698BAEACEFB451C592CD99
:1030500051CD92D572D593DDD4DD15D68F8CE94252
:103060004B3B2E44CD33CD2BAE2350340F2CEE23CF
:10307000502C302CEF231024EF23CE1BCF1BCF1B63
:10308000AE1B6D1B8D2B304C925C92647364936C01
:10309000F47C768555853485758D9595558D358D62
:1030A0003585147DD474515CF04BAE336E238D1393
:1030B000AE13CE13EF133024302410241024512CDF
:1030C0007134512C512C71347134512C512C713478
:1030D0007134712C913492349234712C712C92345D
:1030E0009234712C712C92349234712C713492344C
:1030F00071345134923CB23C902CB134F23CD13416
:103100009024B12CF234F134B12CD134F134D12CDF
:10311000B02CF1341235D134902CD134F234D13476
:10312000B12CD134D13C9034702CD12CD134902C92
:103130009024B12C90340F2C3044F364B78D199E39
:10314000B895B795B78DD88DF895D895B895B895A9
:10315000978D77857785777D777D3575314CAE3363
:10316000EF336C1BEA022B038D0BCD0BEE0B2F1CE8
:10317000912CB12C4F24D134D23CD13CB134D13C30
:103180003245113DF13C1145114DB044B04CB04CAD
:10319000CD330A1B8C2B8C2BC90A0A0BED2B4E341A
:1031A0002E348C2B6C3B2B434832E729C629C63181
:1031B000A629A629A6296521652144212421452186
:1031C000252124214429032102214008A4390D8C02
:1031D00072BD93CDF4DDD3D5B2D591CDB2D530C586
:1031E000AA93A6728A8B2CA4CFB451C5B3CDF4CDCB
:1031F00035DE76E697E6D8EEF8EE19F73AF73AFFBD
:103200003BFF3BFF5BFF5BFF5BFF7BFF7CFF7CFFCC
:103210007CFF9CFF7CFF7CFF9CFF9CFF9CFF7BF75F
:103220007BF77BF75BF75BF73AF71AEF19EF19EFCC
:1032300019EFF9EED8E6B7E6B7E6B7E6B7E6D8E6AF
:10324000D8E6D8E6F9EE1AEF3BF75BF77CF79CF788
:103250009CF7BDFFBDF79CF77BF77BF75BF71AEF99
:10326000F9EEF9EEF9EEF9EED9EED9EED9E6F9EE8E
:103270001AEFF9EEF9EE1AEF1AEF3AF73BF75BF7B0
:103280005BF75BF75BF77CF75BF75BF77BF77BF74D
:103290007BFF5BF75BF75BF75BF75BF75BF75BFF6E
:1032A0005BFF3BF73BF71AF71AF71AF71AF7F9EE35
:1032B000D9EED8EEB8E677DE56DE56DE14D6F4D573
:1032C000B3CDF0BC8A8BAA8BCFB410BD31BD92CDEB
:1032D00092CDB3D5D3DD15E6D4D532AD6B5B2A43A1
:1032E0002E4C2F3C0E34CE2BCE2B7034502C2F2452
:1032F000502C302410241024EF1BCE1BCF1BCF1BCF
:10330000AE1B6D1B8D2B304CB26492647364936C56
:10331000F57C768555853485758D758D758D3585EE
:103320003585147DD474515CCF438E336E23AE1B30
:10333000CE13CE13CF13101C302410243024712C44
:10334000712C512C512C712C712C512C512C9234EC
:103350009234712C712C92349234713471349234D1
:103360009234712C712C71349234512C713492340A
:1033700071347134923CB23C902CB134F234D1347B
:103380009024B12CF234F134B02CD134F134D12C5E
:10339000B02CD134F234D134B02CD134F234D12C1D
:1033A000B02CD134D13C9034702CD12CD134B02CF1
:1033B000902CB12C90340F2C5144146DD88D39A61B
:1033C000D89DD895D895F895F895D895D895B8956D
:1033D000B88D97857785767D567D156D114C8E332A
:1033E000CF336D23EA024B038D0BCE0BEE0B2F1C5C
:1033F000912C912C4F24B134D13CD13CB13CD13CE7
:103400003245313DF13CF144D044B04CF154326589
:10341000B054AC33AC338C33C9126C23CD2B8B231B
:10342000AC338C334B3B8932E72985298629C73158
:10343000A63186298529652144214521452145213B
:10344000252145214421C218232123214008C120E0
:103450006F9CB4CDD3CDF4D571C591CDF2D550C507
:103460006DACE77A898B2C9CAEAC50BDB2CDF3CD60
:1034700034D676DE97E6D8EED8EEF9F61AF73AF7B4
:103480003BF73BFF3BFF5BFF5BFF7BFF7CFF7CFF72
:103490007CFF7CFF7CFF7CFF7CFF7CFF7BFF5BF77E
:1034A0005BF75BF73BF73AF71AEF1AEFF9EEF9EE35
:1034B000F9EED8EEB8E677DE76DE76DE97E6B7E6AA
:1034C000B8E6D8E6F9EE3AEF5BF75BF77CF79CF7E6
:1034D0009CF7BDFF9DF77CF77CF77BF75BF73AF72E
:1034E000F9EEF9EED9EED9EEB9E6B8E6B9E6B9E605
:1034F000D9EEF9EEF9EE1AEF1AEF3AF73BF75BF770
:103500005BF75BF75BF75BF77BF77BF77BF77CFFA2
:103510007CFF7BF77BF77BF77BFF7BFF7BFF5BF71A
:103520005BFF5BF73BF73BF71AF71AF71AF7F9EE71
:10353000D9EED8EEB8E676DE56DE55D6F4CDD4CD4B
:1035400093CDD0B48A8BCB93F0B430BD71C5F3D595
:10355000D3D5D3D514DE35DED5C5ED730A432E544D
:103560006F440E342F34AD230F2C5034502C502C7C
:103570005024302410241024EF1BCF1BCF13CE1B5C
:10358000AE1B4D1B8E2B314CB36493649364B36CB0
:10359000F57C568555853585758D758D758D35858B
:1035A0003585147DD474515CD04BAE336E23AE1B85
:1035B000CF1BEE13EF1B3024302430243024712C29
:1035C0007134712C512C71347134512C712C923412
:1035D0007134712C712C9134923491349234B23410
:1035E0009234712C712C9234712C512C712C923498
:1035F000713471349234B23C902CD134123DF13498
:10360000902CD12CF234F134B12CD134F234D12CB1
:10361000902CD12CF234D12CB12CD134F234D12CC9
:10362000B02CD134D13C9034702CD12CD134902C8E
:103630007024902C702C0F2C7144356DD895F99D09
:10364000B895F89D199E1896199EF89DD895B8952D
:10365000B88D97857685567D3675D46CF0438E335C
:10366000CF336D23EA024C0B8D0BCE13EF13501C9E
:10367000B12CB12C50249134D244D13CB034D13C43
:10368000323D113DF034F03C114DF154115DF57DAA
:10369000368ED15CAC332A230A1B8C2B8C2B4B230C
:1036A000CC3B8C3BEA32272AC629A631A63186318B
:1036B0004529652986294521242145216629252179
:1036C000041965292421A210A1102321A118400862
:1036D00064398C83B4CDD3CD92CDB2CDF3D5B2D5F0
:1036E000EFBC4883898B0B9C8DAC30BD92C5F3CD6C
:1036F00034D655DE96E6B7EED8EEF9EE1AF73AF77D
:103700003BFF3BFF5BFF5BFF7BFF7CFF7CFF7CFFA6
:103710007CFF7CFF7CFF7CFF7BFF7BFF5BF75BF725
:103720003BF73AF71AF71AEF1AEFF9EEF9EEF9EE5E
:10373000F9EED8E697E677DE56DE76DE97E697E690
:10374000B8E6D8E6F9EE1AEF3AF75BF75BF77CF7E5
:103750009CFFBDFF9CFF7CF79CF79CF77BF73AF73B
:103760001AEFF9EED9EEB8E6B8E698E698E698E6EC
:10377000B8E6D9EED9EEF9EE3AF73AF73BF75BF750
:103780005BF75BF75BF75BF77BF77BF77BF77CFF20
:103790007CFF7BF77BF77BFF7BFF7BFF7BFF5BF790
:1037A0005BF73BF73BF73BF73AF71AF71AF7F9F6EF
:1037B000D9EED8EE97E676DE55D655D6F4D5B3CD0C
:1037C00052BD8FA48A832D9C30BD71C5B2CD14D655
:1037D00014D614D656DE15CED19C0A4B4B3B4F4C1B
:1037E0002E3C0E2C0F34CE2330345034502C502C21
:1037F00030240F1C10241024EF1BCF1BAE13AE136C
:103800008E1B4D136D23314CB364B364B46CB46C34
:10381000157D568555855585558D758D758D3485E8
:103820003585147DF474725C3154CF3B8E238E1B2E
:10383000CE13CE13EF1B3024302410243024512C0F
:10384000712C512C712C71349234712C512C713497
:10385000712C512C712C92349234913492349234D4
:103860009234712C712C92347134512C712C91340E
:10387000713471349234B23C902CD134123DF13415
:10388000902CD1341235F134B12CD134F234D134FE
:10389000902CD12CF234D12CB12CF134F234D12C27
:1038A000B02CD134D13C9034902CD12CD1349024F4
:1038B0006F24902C702C0F2C5144346DB78DD895FB
:1038C0009795F895F895F895199EF89DD895B8951F
:1038D000978D97857785567D1575B464F0438E3343
:1038E000CE336D1BEA026C0BAD13CE13EE13501CDE
:1038F000B12CB12C50249134D244B13CB034D134E9
:10390000323D113DF034F144D044F14CD154F25CDD
:1039100090540A23C91A2A230A1B6B2B4B238C337E
:10392000CD432A3B482AE629C631A631A631863145
:1039300065294521452165216529442145214521E8
:1039400025212521E318E318E210A110A110C218C7
:10395000022902296B7B52BDD3CDD3D5D2CD14DE43
:1039600071C5488348830B9C6DA40FB571C5D3CD39
:1039700014D634D696DEB7E6D8EEF9EE1AF73AF753
:103980003BFF3BFF5BFF5BFF5BFF5BFF7BFF7BFF67
:103990005BFF5BFF5BFF5BFF5BF75BF73BF73BF7B7
:1039A0001AF71AF7FAEEF9EEFAEEF9EED9EED9EEC9
:1039B000D8EEB8E677DE56DE77DE97E6B8EEB8EEFC
:1039C000B8E6D8EEF9EE1AEF1AF75BF75BF77CFF73
:1039D0009DFF9DFF9CFF7CF79CF79CF77BF75BF7B7
:1039E0003AF7F9EED9EEB8E698E6B8E698DE57DE93
:1039F00077DE98E6D9EEF9EE3AF73AF73AF73AF782
:103A00003BF73BF75BF75BF77BF77BF77BF77BF7E6
:103A10007BF77BF77BF77BF77BFF7BFF7BFF5BF71E
:103A20003BF73BF73BF73AF73AF71AF71AF7F9EE95
:103A3000F9EED8EE97E676DE55D634D6F4CDB3C59A
:103A400011B54D9CCB8BCFACB2CDD3CDF3CD14D62D
:103A500014D635D656D673AD6C5B0B3BAD430E44D6
:103A60004F3C5034EE2BEF2B503450342F2C2F245E
:103A7000EF1BEF1B10241024EF1BCF1BAE13AE1354
:103A80008E134D136D23514CB364B364B46CB46C9A
:103A9000F57C568555855585548D558D558D1485E8
:103AA0003585147DF47472643154EF3B8E238D1B85
:103AB000AE13CE13EF1B101C302410241024502CF6
:103AC000512C512C512C712C9234512C512C71347D
:103AD000712C512C712C92349234712C712C9234A3
:103AE0009134712C712C92349234512C712C71348C
:103AF000713471349234B23C9024B12CF234D1340C
:103B0000902CD12CF234D134902CD134F234D134E5
:103B1000902CD12CF234F134B02CD134F234D13495
:103B2000902CD12CB134702C902CD134D134902CD9
:103B30007024B12C90340F2C103CD3645685B7956B
:103B40009795D895D895D895F895F895D89597954F
:103B5000978D97857785767DF56CB464F0438E33C9
:103B6000CF336D1BEA026C0BAE13CE13CE0B0F14CA
:103B7000912CB12C702CB134D23CD13CB134D13425
:103B8000323D323D113D3245F144D04CD154904C40
:103B90004B2B4702A8120A1B091B2A232B2B8C3BF9
:103BA0008C43A932E629C629C631A5316529652984
:103BB00086316529452145218629862945214521CA
:103BC0004521E41804190319E2108108A210032109
:103BD000E220A1188018875AAFA4F3CD92C592C5F0
:103BE00051C5AA8B287BEA934C9CEFB450BDB2CD53
:103BF000F3D534D676DEB7E6D8EED8EEF9F61AF776
:103C00003AF73BFF3BF73BF75BFF5BFF5BFF5BFF7D
:103C10005BF75BF75BF75BF73BF73BF73AF71AF7B6
:103C20001AEF1AEFFAEEF9EEF9EED9EED9EED8EE78
:103C3000B8E697E677DE56DEB8EEF9EE19F7F9EE5C
:103C4000D8EED9EEFAEE1AF73AF75BF77CFF9CFF55
:103C50009DFF9DFF9CFF7CF77CF77CF77CF75BF773
:103C60003AF71AEFF9EED8E6B8E6B8E698DE56D697
:103C700036D677DED8EE19F73AF73AF73AF73AF749
:103C80003AF73AF75BF77BF77CFF7BF77BF77BF73D
:103C90007BF77BF77BF77BF75BF77BFF7BFF7BFF9C
:103CA0005BF73BF73AF71AF71AF71AF71AF7F9EE34
:103CB000D9EED8EE97E676DE55D614D6D3CD92C59A
:103CC000F0B44D9CEB9350BDF3D534DE54DE75DE7D
:103CD00055D635CED4B50E74A9326C3B2F4C4F441B
:103CE000703C703CEF2BEE2B5034502C0F24CE1B2D
:103CF000CE13CE1BEF1B1024EF1BCE1BAE13AE1347
:103D00008E134D136D23514CB364B364B46CD46CF7
:103D1000F574357D35855585758D758D758D148555
:103D20005585147DF474515CD04BAF3B6E238D1BD5
:103D3000AE13EE13EF1B101C302410241024502C53
:103D4000512C512C512C512C712C512C512C713443
:103D50007134712C712C92349234712C712C9134F9
:103D6000712C712C712C712C9234512C712C91343A
:103D7000713471349234B23C9024B12CF134D12C92
:103D80009024B12CF234F134B02CD1341235D1342A
:103D9000B02CD1341235D134B12CF134F234D12CD1
:103DA000B02CD12CB1349034902CD134D134902C0F
:103DB0009024B12C90340F2C103CB35C567D978D21
:103DC0009795F89DD895F895D895D895B895B895C4
:103DD000988D978D9785767DF56CB464104CAF3BCC
:103DE000AE334C1BEB0A2B038D0BAD0BAE0B0F143C
:103DF000912CB12C702C9034D23CD13CB034D134C5
:103E0000323D123DF13CF13CD144D14CD154904C67
:103E10004B23880AE9122A1BC9122A236C3B2A3B2E
:103E2000A932272AE629E631A63185316529652997
:103E30006529652966296629862945214521452167
:103E40002521C3100419C310A210C210C210C21041
:103E500023212429C1188018E4492D9492C593C5C3
:103E600031BDCB8BC76ACB8B2C9CCEAC50C591C5DA
:103E7000F3D534D675DE97E6D8EED8EEF9EE1AF71C
:103E80001AF73AF73BF71AF73BF73AF73AF73AF7E8
:103E90003AF73AF73BF73BF73AF71AF71AF7FAEE21
:103EA0001AF71AF71AF7F9EEF9EEF9EEB8E6B8E6EE
:103EB000B8E697E697E677E6F9EE5AFF1AF7F9EED5
:103EC000D9EED9EEF9EEFAEE3AF73BF75CF77CFF64
:103ED000BDFFBDFF9DFF5CF77CF77BF75BF77BF7D2
:103EE0005BF71AEFF9EEF9E6D9E61AEFF9EE97DE8D
:103EF00036CE56D6D8E6D8E6F9EE1AF73AF73AF7BC
:103F00003AF73AF73BF73BF75BF75BF77BF75BF783
:103F10005BF75BF75BF75BF77BFF5BF75BF75BF7E9
:103F20005BF75BF73AF73AF71AF71AF71AF719EF50
:103F3000D9EEB8E677E656DE35D614D6D3CD92C59F
:103F400010B5EB936DA491CDD3D534DE34DE75DEA0
:103F500076D635BE4E74E9326C3B2F442F3C9144EB
:103F600071445034EE230F2C7134702CEE1BAD13C2
:103F7000AD13AE13EF231024EF1BCE1BAE13AE1305
:103F80006E132C136D233044B35C9364B46CD474FF
:103F9000F57C357D358555855585558D558D5585F2
:103FA0003585147DF474315CD04BCF3B8E2B8D1B4B
:103FB000AE13CE13EF1B3024302410241024512CC8
:103FC000512C302C302C512C512C512C712C713403
:103FD000713471349134923492347134712C92343E
:103FE0009234712C712C9234712C712C712C91346F
:103FF000913471349234D23C902CD12CF234D1349F
:10400000B02CD134123DD134B12CD1341235D1344D
:10401000B02CD134F234D134B02CD134F234D12C90
:10402000B02CD134D13C90347024B12CB134702CEC
:104030009024B02C702CEF2B303CB35C567D978DC8
:10404000B895F99DF895F895F895D895B895D895BF
:10405000D895D88DB88D777D1575D46C114CAE334D
:10406000AE334C1BEA022B038D0BCE13CE130F1C69
:10407000912CB12C702CB134D23CD134B02CD13431
:10408000323D123DD13CD13CD144904490447044E7
:104090006B23C91209132A1BE91A2A2B6C3BEA3A33
:1040A000472A0732273AC631852985298529652976
:1040B00045216529862966294521652166294521ED
:1040C0002519E418E418C310C208E310E318A2107D
:1040D000A21003210321C118C120C541E96AAC83A4
:1040E000CC8BC86A8662CB8BEB93CEAC70C571C5A6
:1040F000B2CDF3D555DEB7E6D7EED8EED8EEF9EE71
:104100001AF71AF71AF71AF73AF73AF73AF73AF7A7
:104110003AF73AF73AF73AF71AF71AF71AF7FAEEC0
:10412000FAEEFAEEF9EEF9EED9EED9EEB8E698E647
:1041300097E656DE97E6B8E63AF75AF719F7F9EE3A
:10414000D9EED9EEFAEE3AF71AEF3BF77CF79CFF7F
:104150009DFFBDFF9DFF9CFF5CF77BF77CF77BF726
:104160003AF71AEF19EF19EF1AEF5AF75AF7D8E69C
:1041700036D635D697DEB7E6D8E6F9EE3AF75AF7EF
:104180005BF75BF73BF73AEF3BF75BF75BF75BF708
:104190005BF77BF75BF75BF75BF75BF75BF75BF76F
:1041A0005BF73AF73AF71AF71AF719F7F9EEF8EE5C
:1041B000D8EEB7E676DE55DE14D614CED3CD92C552
:1041C000CFB40C9410B534DE34DE34DE35DE56DE8A
:1041D00015C6F18C6B43E92A4F449144503CB144DD
:1041E00071442F34EE232F2C9134702CEE138D0B51
:1041F0008D0BAE130F2410240F24CE1BAE13AE1361
:104200008E134D138D2B514C925C92649364B46C5D
:10421000F574157D3585348534855485348534852C
:104220003585147DF474515CD04BAF3B6E238D13F8
:10423000AE13CE13CF130F1C302410241024512C96
:10424000512C512C302C512C712C712C712C71341F
:104250007134712C712C923492347134712C9234EB
:104260009234712C712C91349234712C712C7134E4
:10427000713471349234B23C902CB12CF134D12C85
:10428000902CD134F234B12CB12CD1341235D1343C
:10429000B02CD134F23CD134B02CD134F234D12C06
:1042A000B02CD134D13C9134702CB12CB134902C41
:1042B000902CB02C702C0F2C3044B364557D978D0E
:1042C000B795F89DD895F895F895B895B895D8957F
:1042D000F995D88DB88D767D3675156D314C8E3348
:1042E000AE334C1BEA022B038D0BCE13CE130F14EF
:1042F0007024702C702C9034F23CD134B034D13412
:10430000323D123DD13CD13CF14C904470444F447D
:104310006B23C912E912E91AE91AE92A2B3BCA3AB6
:104320002732E731073AE631642185298529652955
:1043300045218629A7314521452186296629252140
:10434000E4180419E418E310C310A208031145216E
:104350000419C210E21823212329A1188018E22889
:1043600043318341465A6983EB936DA4EFB430BD6A
:10437000B2CDF3D534D676E697E6B7E6D8EED8EEEA
:10438000F9EEF9EE1AF71AF71AF73AF73AF73AF799
:104390003AF71AF71AF71AF71AF7F9EEF9EEF9EEF3
:1043A000F9EEF9EEF9EED9EED9EED8EEB8E697E6E9
:1043B00077DE36D697E6F8EE1AF719EF3AF73AF7BE
:1043C00019EF19EFF9EE1AEF1AEF3AEF5BF77CF7F6
:1043D0009CFFBDFF9CFF7CF75CF75BF75BF75BF72F
:1043E0003AF71AEF19EF19EF3AEF5AF75AF7F9E6D9
:1043F00056D615CE56D697DEB8E6F9EE1AF75AF726
:104400005BF75BF75BF73AF73AF73AF75BF75BF77F
:104410005BF75BF75BFF5BF75BF75BF75BF75BF704
:104420003AF73AF71AF71AEF1AF7F9EEF9EED8EE6B
:10443000B8E697E676DE35D614CEF3CDB3C592C591
:10444000AFAC2D9C71C535DE55E614DE56DE36CE9A
:10445000329D2A43E92A2E44703450345034913C22
:10446000913C0F2CEF23502C702C7024EE138D03F5
:104470006D03AE0BEF1B0F24EF1BAE13AE13AE1389
:104480006D134D136D231044925C725C5264936CF7
:10449000D474157D3485348534853485148514852C
:1044A000147DF374D474515CAF43AF3B6E236D1332
:1044B000AE13CE13CF130F1C10240F241024512C35
:1044C000712C512C512C512C7134712C512C512C9C
:1044D000512C512C712C92349234712C71349234B1
:1044E0009234712C512C71349234712C712C7134A2
:1044F000713471349134B23C902CB12CF134D12C04
:10450000902CD12CF134B12C902CD134F234D13404
:10451000B02CD134F23CF134B02CD134F134B12C84
:10452000B02CD134D1349034902CD134D134902C5F
:10453000902CB02C70340F2C5044D364567D978D42
:104540009795D895B78DD78DD895B895B895D895B6
:10455000D895B88D9785567D567D3575314C6E331F
:10456000AE336C1BEA022B0BAD13CE13CE130F141C
:104570007024702C702CB134F23CF134B034D1344E
:10458000123DF23CD13CD144F144B04490444F3C04
:104590004A1BC912C912C91AA81AC92AA932893ACA
:1045A000683AE739A631A6318529852985298629E2
:1045B000A629C7318629252145218629662904197E
:1045C000C4180419C310E318031103192419452151
:1045D0000419C21003192421E218C218E220A118FC
:1045E0004010C12026526A83AA8B6DA40FBD0FBD57
:1045F00091C5F3D514D635D696E697E6D7EED8EE24
:10460000D8EED9EEF9EE19F719EF19EFF9F6F9F638
:10461000F9F6F9EEF9EEF9EEF9EEF9EEF9EEF9EE5A
:10462000F9EEF9EEF9EED9EED9EEB8EEB8E677DEAE
:1046300077DE36D697E6F9EE19F7F9EE3AF719EF85
:10464000F9EEF9E6D9EE19EF1AEF1AEF3AEF5BEF50
:104650007BF77CF77BF75BF75BF71AF71AEF1AEF3C
:104660001AF719EFF9EEF9EE19EF3AEF3AEF19EF01
:1046700097DE35CE56D676DEB8E6D9EEF9EE1AF7E5
:104680003AF73AF73AF73AF73AF73AF73AF73AF7A2
:104690003AF73AF75BF75BF73AF73AF73AF73AF750
:1046A0003AF71AF71AEF1AEF19EFF9EED8EED8E643
:1046B000B7E697E656DE35D614CED3C593C572BDA0
:1046C0008EA48EA4B3C5F4CD55D615CED5C5D19440
:1046D000CD63EA326B2B903C90345024702CB13C6B
:1046E000B13C0F2C2F2C502C5024501CEE0B8D0362
:1046F0006D03AE0BEF1BEF1BCF1BAE138E138E1390
:104700006D132C134D23F043725C315C315C5264A9
:10471000B374157D3485348534853485348534858A
:10472000F47CD374B36C515CAF43AF3B6E238D13F9
:10473000AE13CE13CF13101C1024EF1B0F24502CDC
:10474000512C512C512C512C7134512C512C512C59
:10475000512C512C712C92349234712C713492342E
:104760009234512C512C712C7134512C512C7134A8
:10477000713471349134B23CB02CD1341235D1340F
:10478000902CD12C1235D134902CD134F234D13438
:10479000B12CD134F23CF234B02CD134F134B12C00
:1047A000B02CD134D1349034902CD134D134902CDD
:1047B0009024902C70340F2C5144F4647685B79576
:1047C000B795B895B78DB78DD895D895B895B89554
:1047D000B895B88D9785567D567D3675314C6D33BD
:1047E000AE334C1BCA024C0BAD13CE13CE130F1CB1
:1047F000902C902C702CB134F23CD13CB134B134BB
:10480000F244D13CB13CD13CD144B04490442E3C24
:104810002A23C91AE91AC91A671AA932A93A683AA1
:10482000283AE73985296521C629A6298529A62997
:10483000C731A631452145216521A62966290419DC
:10484000E4180419A210C210031965212519E410F7
:10485000C310C31003190319C310C3180321032184
:10486000C1180229054A4A7BCB932C9CEEB40FBD9C
:1048700091CDD2D5F3D555DE76DE96E6B7EED8EEFD
:10488000D8EED8EEF9EEF9EEF9EEF9EEF9EED8EE53
:10489000D8EED8EED9EED9EED9EEF9EED9EED9EEC2
:1048A000D9EEF9EEF9EED9EED9EED8E6B8E677E62C
:1048B00077E636D697E6F9F6F9EEF8EE39F7F8EE40
:1048C000B8E6B8E6B8E6D8E6D8E6F9EE1AEF3AEF79
:1048D0003AEF3AEF3AEF3BF73AF7F9EED9EED9EE85
:1048E000D9EED8EED8EED8E619EF3AEF3AEF3AEF34
:1048F00097DE15CE36D677DE98E6B8EEF9EEF9EE0D
:10490000F9EE1AF71AF71AF7F9EE1AF73AF71AF753
:104910001AF71AF73AF73AF73AF73AF73AF73AF74F
:104920001AF71AF71AF71AF7F9EEF9EED8EED8E6F1
:10493000B7E696DE56DE35D614CED3C5B3C531B54F
:104940006E9CCFA4F4BDF4B5B4AD329D707C6C53B5
:104950000B3B8C3B0E3C2E2C702C5024702C913435
:1049600091340F2C302C502C3024501CEF138D031D
:104970008D03CE0BEF1B0F1CCF1BAE13AE13AE136C
:104980008E134C136D231044725C515C325C726464
:10499000D4743585558534853485558D558D55852B
:1049A000147DD374B36C515CF04BCF3B8E238D13CD
:1049B000AE13AE13AE13EF1B1024EF1B0F243024E5
:1049C000512C512C512C512C7134512C512C712CB7
:1049D000712C512C712C9234923471347134923484
:1049E0009234512C512C512C7134512C512C713446
:1049F0007134512C7134B23CB02CD134123DF134AD
:104A0000902CD12C1235F134902CF134F234D13475
:104A1000B134D134F23CF134B02CF134F234B12C55
:104A2000B02CD134D13C9134902CD134B134702C91
:104A30007024902C70340F2C5144146D9785D895A8
:104A4000B895D895D895D88DD895D895B895B89566
:104A5000B895D88DB78D3675567D3575104C6D2B44
:104A6000AE334C1BCA024B0B8D0BAD0BCE130F1C80
:104A7000912C902C702C9034D134B1349034B13CC2
:104A8000F244F144D13CD144F144B0446F440E3C73
:104A90000A23A91AA9228822882A8832893A683AE0
:104AA000E731A63185296521C629A6298529A629A8
:104AB000A63145212421652965218629452104192E
:104AC000E418E418C310E310041944190419041974
:104AD0000419E318C318E3180419E310C310C2182B
:104AE000A210C118A4412973EB93EB93ADB40FBD91
:104AF00070C591CDD3CD34DE35DE76DEB7E6B7E6D0
:104B0000B8E6B8EED8EED8EED8EED8EED8EED8EEBD
:104B1000D8EED8EEB8EEB8E6D8EED8EED8EED8E6B5
:104B2000D8E6D8EED8EED8EED8E6D8EED8EE98E6AD
:104B300077E636D697E6D8EED8EEF8EE19F7D8EE47
:104B400097E677DE76DE97E697E6B8E6D8EEF9EEFA
:104B5000F9EEF9EE1AEF1AEFF9EEF9EED8EEB8EE3B
:104B600097E697E6B8E6D8EE19EF3AEF3AF71AEF7C
:104B700077DEF5CD15D657DE77DE98E6D8EEF9EE7E
:104B8000F9EEF9EED9EED9EED9EEF9EE1AF71AF7F9
:104B90001AF71AF71AF71AF71AF71AF71AF71AF78D
:104BA0001AF71AF71AF719EFF9EED8EEB8E6B7E6E2
:104BB00097E676DE35D614CEF4C5D3BDB3BD11ADC0
:104BC0004D8CCF94729D328DB0740E5C8D4B4C3BEE
:104BD0004C2BEE334F347034502C5024502C502C2E
:104BE000502C0F2450345134502C3024EF0B6D03D3
:104BF0006D03CE0BEF1B0F24CF1BAE13AE13AE1302
:104C00008E134C136D231044925C72645264936C47
:104C1000F4743585558534853485758D768D758D1F
:104C20003585F374D474725C104CCF3B8E236D13B6
:104C3000AE13CE13CE13EF1B1024EF1B0F24302422
:104C4000512C512C512C512C7134512C512C712C34
:104C5000712C712C712C92349234713471349234E1
:104C60009234512C512C512C7134712C712C713483
:104C70007134512C71349234B02CD12CF234D134A3
:104C8000902CD12CF234D134B02CF134F23CD1340C
:104C9000B134D134F134F134B02CF134F234B12CDC
:104CA000B02CF134D23C9134902CD134B134702CEE
:104CB0009024B12C70340F2C51443575B78DF89574
:104CC000B895B895D895F895D895D8959795B895FD
:104CD000B895D88D97853575567D156DF04B6D2B34
:104CE000AE2B4C1BCA024B0B8D13CE13CE132F1CB5
:104CF000912C902C702CB034B134B0349034B03C42
:104D00001245F244D144F144F144B0444F3C0E3CCE
:104D10000A23881A88226822A93268322732273A61
:104D2000A63185298529A629A6298629A629A6315D
:104D30004529242145218521652186294521C31046
:104D4000C318E41804192421241924190419E41897
:104D5000E4180419E318E318E410E410C310C310B6
:104D6000C218E2208439E86A8A8BEB93EEBCEEBC71
:104D7000EEB470C5D3D5F3D514D655DE96E697E6D6
:104D800097E6B7E6B8E6B8E6B8E6D8E6D8EED8EEE5
:104D9000D8EEB8E6B8E697E6B8E6B8E6B8E6B7E61D
:104DA000B8E6B8E6D8EED8EED8E6D9EED8EED8E632
:104DB00097E656D656DE77DE97EEB7EE77E676E6DE
:104DC00036E615D615D635DE56DE56DE77E697E69C
:104DD000D8EED9EEB8EEB8E698EE97E676E656DE6F
:104DE00015DE35DE76DE97E6F9EEF9EEF9EEF9EE50
:104DF00077DE16CE36D697E677DE98E6D8EED9EE91
:104E0000D9EED8EED9EED9EED9EED9EED9EED9EE6B
:104E1000D9EEF9EEF9EEF9F6F9F6F9F6F9F619F731
:104E200019F7F9F6F9EEF9EED8EEB8E6B7E697E637
:104E300076DE55D615D614CEF4C5D3BD93BDF0A4F9
:104E40000C7C4E7C6E6C4E5C0E44EE3BAE33AE2B57
:104E5000CE33303C5034503470347134702C502C7C
:104E6000302C0F243034513451343024CF136D039F
:104E70004C03AE0BCE13EF23CE1BAE13AE13AE130B
:104E80008E134C136D230F44725C525C5264736436
:104E9000D474157D348514853485558D758D558D67
:104EA0003585147DF474515CF04BCF3B8E238D130C
:104EB000AE13CE13CF13EF1B102410241024502C4C
:104EC000512C512C512C712C712C512C512C512CBA
:104ED000712C512C712C923492347134713472349F
:104EE0007234512C512C712C9234712C71347134D8
:104EF0007134512C7134B23C902CB12CF134D12C42
:104F0000902CD134F234D12CB02CF234F23CD13488
:104F1000B134D134F134F134B12CF134F234B12C58
:104F2000902CD134D13C9034702CD134B1349024B5
:104F3000902CD13490340F2C914C7675F895F99DC6
:104F4000B895B895F895F895D895D895B895B89539
:104F5000B895B88D9785367D3675F46CF0434D2B3A
:104F6000AE2B4C1BEA024B0B8D13CE13EE132F1CF2
:104F70007024702C702CB134D13CB0347034B03CFF
:104F80001245F244D13CF144B03C6F3C4E3C0E3CE7
:104F90000A23681A882AA9328832883AE631852994
:104FA0008529A6298529C629A6298629A631A631BB
:104FB0002521242165296521442186294521C31005
:104FC000C310C310242124214521041924212421A4
:104FD000E418E318E318E318E410E410C310A21077
:104FE000A210C1188439E86AEB93898B8DAC0FBD90
:104FF0000FBD50C591CDF3D5F3D535DE56DE76E63F
:1050000076E697E6B7E6B7E697E6B7E6B7E6D7EE11
:10501000B7E6B7E697E677DE97E697E697E697E690
:1050200097E6B8E6D8EED9EED8EEF9EED8EED8EE9F
:10503000B8E676DE35D6F4D515DE15DEF4DD35DEE0
:1050400015E6B3D592CDB3D5F4DD15DE35DE56E6E3
:1050500077E676E676E676E656E635DEF4DDD3D517
:10506000B3D5D4D515DE56DE97E697E677E677DE3C
:1050700057DE36D677DE98E698E6B8E6B8EEB8EEB4
:10508000B8E6B8E6D8EED9EED9EED8EEB8E6B8E68E
:10509000B8E6D8EED9EED9EEF9EED9EED8EED8EEE4
:1050A000D8EED8EED8E6B8E6B7E6B7E697E676DE0D
:1050B00056D635D614CE14CEF4C5D3BDB4BDD094D7
:1050C000AB63CC53CC430D3C0E34CE2BAE23CF2B55
:1050D000303450342F2C703450347134502C502CC8
:1050E000302C2F2C302C513471343024CF134D03FD
:1050F0004C038E0BAE13EF1BCF1BAE1BCE1BAE1B98
:105100008E1B4D136D231044925C72647264936C19
:10511000D4743585558D55855585758D558D558539
:105120003585147DF474315CD043CF3BAE2B8E1BA0
:10513000AE13AE13CE13101C102410243024512CA7
:10514000512C512C512C712C7134512C512C512C2F
:10515000712C512C712C923492347134513471343D
:1051600072345134712C71349234712C512C71344D
:105170007134512C7134B23C902CB02CF134D134B8
:10518000B12CF1341235D12CB02CF134D234B12CF5
:10519000B12CD234D234D134B02CF134F234B12C1D
:1051A000902CD134F134B034902CD134D12C9024C3
:1051B0009024B12C90340F2C914C967DF895F99D4C
:1051C000D89DD895F895F895D895D895B895B8956F
:1051D000D895D88D9785567D3575F46CCF436E3351
:1051E000CE334C1BEA0A2B0B8D13AD0BCD130E1CCB
:1051F0007024902C702C702CB134B0349034B13CAD
:10520000F144D13CB03CD13CB03C6F3C2E3C0E3C18
:105210000A2B681AA932A932883A473AC629852941
:10522000A629A631A6298629C729A629A731662934
:105230002521452125214521242186298629C310A0
:10524000C3100419041945212421242124210419FF
:1052500004210421C318E318E418E310C310A210BA
:10526000A210A21823316762EC93CB930BA4CEB4A7
:10527000EEBC30C591CDB2D5D3D514DE34DE55E6C3
:1052800056E676E697E697E697E697E697E697E698
:1052900097E6B7E697E696E677E697E677E677DE6F
:1052A00098E6D9EEF9EEF9EEF9EED9EEF8EEF8EE71
:1052B000B7E656DED4CD72C592CDB3DD31CD0FC584
:1052C000EFC450CD0FC530C592D5B3DDD3DDD3D5F6
:1052D000F4DD15DE35DE35DED3D572CD51CD51C5C9
:1052E00092CDB3D5D3D5F4DD15DE35DE36DE36DE30
:1052F00015D656D697E6B8E697E698E6B8EEB8E63D
:10530000B8E6B8E6B8E6B8E698EE97E697E6B7E608
:1053100097E697E6B8E6D8E6D8EED8EED8EED8EE1F
:10532000B8EEB8E6B7E697E696E676DE76DE77D6AE
:1053300056D615CEF3CDD3C5B3C5B4C593B5B08499
:10534000EC53CC430E3C503C0F348E23CF2B3134E6
:105350005034302C50345034702C502C3024302C9D
:10536000302C502C502C502C91345024CE134C0304
:105370004D038E0BCF1BEF1BAE1BAE1BAE1BAE1334
:105380008D134C138D233044B3649264B26CD36C90
:10539000357D5585558D558D558D3585358D1485C6
:1053A0003585147DF474515CD04BCF3B8E2B6D1B37
:1053B0008E13AE13AE13EF1B10240F1C10245024B9
:1053C000712C712C712C712C712C512C512C712C35
:1053D000712C512C512C71349234512C712C9234EB
:1053E00092347134512C712C512C512C512C71341C
:1053F000712C512C712CB234902CB02CF134D1344E
:10540000B02CD134F234B12C902CD134D134B12C15
:10541000B12CD234D134B12C902CD134F134B12C04
:10542000902CD134F134B034902CB134D12C902460
:105430009024B02C902C0F2C924C967DF895199EB0
:10544000F99DF99D199EF895D895B895B895B89598
:10545000D895B88D9785567D1575F46CF0438E33CD
:10546000CE334C1BEA0A4B0B6C0B8C0BAD0B0E14A2
:105470007024902C702C902CB1349034702C90347B
:10548000F13CD13C903490348F3C6F3C6F442E44BF
:105490002A336822A932A93A47320632C52985291A
:1054A00085298629A6298629C729E7318629452104
:1054B0004521452145214521241986298629E310C6
:1054C000E418241924192521242104190421242154
:1054D0000421E318E318E318E310E410A208A21073
:1054E000C218A11823298862AFAC30BDAEB4CEBCBF
:1054F000CEBC0FBD71CD91CDB2D5F3D514DE34DE67
:1055000035DE56E676E676E676DE77DE96E696E6F3
:1055100096E696E696E676E676DE76DE76DE77DE6A
:1055200097E6D8EEF9EEF9EED9EEF8EEF8EEF8EEF1
:10553000B7E656DEB3CD10BDF0C4CFBCEBABA99B34
:105540006893C99B0AAC8CB40FCD0FCD31CD71D50A
:1055500092D592CD71CD71CD71CD30CDF0C4CFBC8F
:10556000CFBCCFBCCFBC10C5B2D5D3D5D4D5D4CD4C
:10557000D4CD56DE97E6B8E697E6B8EEB8EEB8E6D4
:1055800098E697E697E677E677E677E697E697E692
:1055900097E697E697E697E697E697E697E697E623
:1055A00097E697E696E696E676DE76DE56D657D608
:1055B00036CE15C6D3C5B3C592C593BD73AD6F7452
:1055C000CD43ED330F340F34AF2BAF2B102C713490
:1055D000913470345034502C702C502C502C302C72
:1055E000502C5134512C712C91345024AE134C0357
:1055F0004C038E13CF1BEF1BCF1BAE1BAE13AE1392
:105600008D134C136D233044D364B36CB26CD374DC
:10561000147D55855585558D558D3585358D14856C
:105620003585147DF474525CF04BAF3B6E236D1BDB
:105630008E13AE13AE13EF1B0F240F1C0F1C302460
:10564000512C512C512C712C712C512C512C712C12
:10565000512C512C512C7134712C302C512C713413
:105660007134712C512C7134712C512C512C712CA2
:10567000512C512C712C9234902CB02CF134D1340B
:10568000902CB12CF134D12C902CD12CD134B12CC4
:10569000D12CF234F234D12C902CD134F134B02C02
:1056A000902CD134F134B034902CB034B1349024F7
:1056B0009024B02C90340F34B254B785F89519A6C5
:1056C00019A6F99D199EF895D895B795B895B895EE
:1056D000D895B88D9785567D3675146D104CAE33C0
:1056E000CF334C1BEA0A4C0B6C0B8D0BAD0B0E141D
:1056F0007024902C702C902CB13490346F2C9034FA
:10570000F13CD13C9034903CB0448F44904C4F4C91
:105710002B336822A93288322732C629C629C631DE
:1057200085298529A629A629C729E73165212521AB
:1057300045212521252125192521652965290419BA
:1057400024214521242124212421E318E3182521A3
:105750000421C3180421E318E418E318C310C2108D
:10576000A218811884394E9C35DE35DEEFBCAEB40C
:10577000CEB4EFBC50C591CD91CDD2D513DE14DEA1
:1057800014DE35DE56DE76DE56DE76DE76DE76DE5C
:1057900076DE76DE76DE76DE76DE76DE76DE97E640
:1057A000B7E6D8EED8EEF9EED8EEF9EEF9F6D8EE87
:1057B000B7EE56E693CDCFBC2DB4CBA3699B279310
:1057C00006930693279388A32BB48DBC0FCD0FCDE2
:1057D000EFC40FC530CD0FCD10CDAEBC2CB4699B3E
:1057E000E78AE78249930CA4AFBC10BD51C551C5EF
:1057F000B3CD35DEB7E6B7E6B7E6B8E6B8E697E686
:1058000097E677E676DE76E656E676E676E696E69E
:1058100096E696E676E676DE76DE76DE76E676E680
:1058200076E676DE76DE76DE55DE35DE36D656D6A2
:1058300036CEF4C5D3C5D3C592C5B3BD52A50D644C
:10584000AD43EE332F34EF2BCF2B0F2C502C703475
:105850009134703450347134502C502C502C502CC6
:1058600051345134512C712C91345024AE134C03CB
:105870004C038E13CF1BEF23CF23AF1BAE1B8E1316
:105880008D134C138D233044D364D36CD374D374F1
:10589000147D357D3585558D558D558D358D14850A
:1058A0003585147DF47C7264F04BCF3B6E236D1B09
:1058B000AE13CE13CF1BEF1B10240F241024302463
:1058C000512C512C512C712C712C512C512C712C90
:1058D000512C512C512C7134712C3024512C712CA1
:1058E0007134512C512C71347134512C302C512C79
:1058F000512C512C512C9234902CB12CF234F13487
:10590000902CB12CF234D134902CB12CD12CB12C60
:10591000B12CF234F234D134B02CF134F134B12C56
:10592000902CD134F134B02C6F2CB034B02C7024C6
:105930007024B02C90342F34B254B785F89D19A63A
:10594000F9A5D89DF895F895D895B895B895D895B6
:10595000D995B88D97857785567D1575314CAE33C1
:10596000CE332C1BEA026C0B8D13AD0BCD0B0E1C32
:10597000902C70244F24902CB02CB02C902CB03450
:10598000D13CD03CB03CD044B0446F446F4C2E4C22
:105990002A33882A893247320732E629E631E7314D
:1059A000A631A631C731C731C731862165214521CE
:1059B00045212519E41025192421652165210419A3
:1059C00024214521242124212421E318C318242142
:1059D0000421E31804210419E418E418C318A218D8
:1059E000A118C1206B7B77DE97E6F4DD31C5AFB43B
:1059F000CEB40FBD50C591CD91CDB2CDF3D5F3D579
:105A000014DE34DE55DE56DE56DE76DE76DE76DEFB
:105A100056DE56DE76DE76DE76DE76DE76DE97E6FD
:105A2000D7EED8EED8EED8EED8EEF9EEF8EED8EE06
:105A3000B8EE77EED4D511C54DB4CAA389A368A337
:105A400068A3279B479B479B689BEAAB8DBCAEC472
:105A50008DBCAEC4CEC4CEC44DBCCAA32893A6820E
:105A60008682A682C7822893EBA34DACCFBC51C5DA
:105A7000B3CD56DEB7E697E6B7E6B7E697E677E644
:105A800077DE77DE76E656DE35DE55DE76E675E6DF
:105A900076E676E676E676DE56DE56DE55DE55DED0
:105AA00056DE56DE55DE55DE35D614D615D615CE65
:105AB00015CED4C5B3C5D2C592BDB3B5F194AC5320
:105AC000AD3BCE2BEF2BEF230F2C302C702C702CFA
:105AD000702C50345134913450245024702C712C3B
:105AE0005134502C502C712C712C3024AE134C039B
:105AF0004C038E13CF1B1024EF23CF1BAE1BAE1B0A
:105B00008D134C138D235144D364D36CD374D3744D
:105B10001475347D3585358D768D558D358D14858F
:105B20001585147DF4747264F04BCF3B6E2B6D1BA6
:105B3000AE1BAE13CF1B1024102410241024502CA5
:105B4000512C512C512C712C712C512C512C712C0D
:105B5000512C512C512C71349134512C712C913485
:105B60007134512C512C7134712C512C302C512CFE
:105B7000512C302C512C9234902CD134123DF134D4
:105B8000902CB134F234D134902CD12CD134B12CAE
:105B9000B12CD1341235D12CB02CF134F234B12CDB
:105BA000B02CD134F134B02C6F2CB034B02C702424
:105BB0007024902C90342F34D35CB785D895F99D00
:105BC000F9A5F89DF99DF895D895D895D89DD99DBA
:105BD000F99DD895B88D9785767D15755154AE335E
:105BE000CE332B1BCA024C0BAD13CE13EE132F1C5E
:105BF000902C70242F24702C902C902C902CB0344E
:105C0000D13CB03C903CD0446F442E440E44CD4334
:105C10000A3389326832072AE629E631E731C6318C
:105C2000C739C731C731C731C72945216521662129
:105C300025210419E4182419241965216521241942
:105C400024212421242124210421E31804190419E6
:105C50000419E418E4182521E418E418C218A2185D
:105C6000C120274AF5CD19F756E6F5DD72CDCFB440
:105C7000AEB4CFB40FBD71CD91CD91CDB2D5F3D52A
:105C800013DE14DE34DE55DE55DE55DE56DE56DE1E
:105C900056DE56DE56DE56DE75DE76DE96E6B7E674
:105CA000D8EEF8EEF8EED8EED8EED8EEF8EED8EE64
:105CB000B8EE97E636DE93CD10C56DB40BB4EAAB03
:105CC000CAB3A9ABC9ABA9A3689B689BEAA34CB4B0
:105CD0006DB42CB40BB40BB489A3489B289B289BB0
:105CE000699B699B499B899BEBA34DACCFBC72CD53
:105CF000D4D555DE97E696E6B7E6B7E697E676DEC4
:105D000076DE56DE35DE35DE14D614DE34DE34DEE5
:105D100034DE55DE55DE35DE35DE35D635DE35DEB4
:105D200015D615D615D615D6F4D5F4CDD4CDD4CDFB
:105D3000D4C5B3C5B2C5D2C5B2BDB2B5B0846C4B83
:105D4000CE3BAE23CF231024302C2F2C702C902C44
:105D50007034502C512C502C50245024712C713400
:105D60007134502C512C512C712C5024CE134D03D6
:105D70004C038E0BCF1B1024EF23CF1BAE1BAE1B8F
:105D80008D134C136D233044D364D36CD374D3740C
:105D90001475347D35853585758D558D358D3485F6
:105DA0001485147DF4747264F04BCF3B6E236D1B2D
:105DB000AE1BAE13CE1B0F2410240F24102430244E
:105DC000512C512C512C512C712C512C512C712CAB
:105DD000712C512C512C712C9234712C712C9234C9
:105DE0009234712C502C712C712C512C512C512C23
:105DF000512C3024512C9134902CB134123DF1347B
:105E0000902CB134F134D12CD12CD134F234B12CCA
:105E1000902CF2341235D12CB02CF134F134B12C59
:105E2000B02CD134F134B034902CB034B134902C47
:105E30007024902C702C2F34F35C967D978DD89D18
:105E400019A619A6199EF895F895D89DD89DD99DA3
:105E5000F99DD895B88DB785767D15755154AE3BB3
:105E6000EF3B4C1BCA024C0BAD13EE13EE132F1C71
:105E7000912C70242F24702C902C902C902CB034CA
:105E8000D13C903C6F346F3C6F444F4C2E4CAD4B2B
:105E90000B3B89322832E629C629E731E731A631A2
:105EA000C739C731A731A729862165214521452159
:105EB000041904192521E4102419652165294521B7
:105EC0004421242144212421E318E3182421041926
:105ED00004190419E4184521C418A318C218C118DC
:105EE000C120909C1AF7B8EE97E677E6B4D532C594
:105EF00031C5AFB4EFBC50CD91CD91CD91CDD2D5C0
:105F0000F3D513DE14DE14DE34DE35DE35DE35DEA9
:105F100035DE35DE35DE55DE55DE75DE76E696E6B7
:105F2000B7E6D8EED8EEB7E6B8E6D8E6F8E6F8EE8B
:105F3000D8E6B8E677DEF5D572CD10C5CEC46DBC17
:105F40004CBC2BB42BB40BB4EAABA99B899BCA9B6A
:105F5000CAA3AAA369A3499B69A389A3CAABCAAB75
:105F6000CAABCAA3EBAB4CB48EBCCFBC31C5B3D566
:105F7000F4D555DE76E697E697E697E697DE76DE89
:105F800056DE35D615D6F4D5F3D5F3D5F3D5F3D5FE
:105F900014DE14DE14DE14DE14D614D614DEF4D5AA
:105FA000F4D5F4CDF4CDF4CDF4CDD3CDB4C5B4C592
:105FB00093C593C592C5D2C5D3BD72AD2E742B3B8C
:105FC000AE2BCE1BEF23712C502C4F2C902CB034C9
:105FD0009034502C312C30245024702C712C91345E
:105FE00071345134512C512C712C5024CF134D034A
:105FF0004C038D13CF1B1024EF23CF1BAE1BAE1B06
:106000008D132C0B4D1B1044B364D36CD374D37419
:10601000F474347D1585358555855585358D3485E4
:106020001485347DF47472641154CF436D236D1B59
:10603000AE1BCF1BCF1BEF231024EF2310243024E3
:10604000512C302C302C512C712C512C512C712C6A
:10605000712C512C512C712C9134712C712C923447
:106060009134512C3024712C712C512C512C712CC9
:10607000512C3024512C9134902CB134F23CD13439
:10608000902CB134F134B12CD134D134F234D12C40
:10609000B12CF2341235D12CB024F134F134B02CBF
:1060A000902CD134F134B02C702CB134D134902CEC
:1060B0009024902C70342F34F35C967D978DD89D6E
:1060C00019A619A6199EF895D895D895D89DD89D4A
:1060D000D995D895B88DB885777D156D5154AE3B5F
:1060E000EF3B4C1BCA024B0B8D13CD13CD132E1C53
:1060F000902C70242F24902CB134B134902C9034F7
:10610000D13CB03C6F346F3C904C6F540E4C6C43A0
:106110000B43893A0732C629C629E731C731A63170
:10612000A631A731A731A629652165214521252161
:106130000419E4180419C31024196521862965215E
:106140004521242145292421E318E31804190419C1
:106150000419241925212421C3186110A218E22052
:10616000064A77DEF9EEB8E6B8EE97E616D656E6BA
:1061700056E6D3D551CD50CD91D591CD91CDB2D557
:10618000D3DDF3DDF3DD14DE14DE14DE34DE35DEC4
:1061900035DE35DE35DE35DE55DE55DE76E696E675
:1061A00097E697E697E697E6B7E6B8E6F8E6F8E604
:1061B000D8E6D8E697DE36D6D3D572CD51CDEFC42A
:1061C000AEBC8DBCAEBC8DBC6DB42CACCA9B8993EF
:1061D0006993699B699B699BCAABEBAB2CB42CB4EC
:1061E0004CB46DBC6DBCCEBC10CD31CD92CDD3D5F1
:1061F00015D635DE76E696E696DE96DE76DE76DE39
:1062000056DE35D614D6F3D5D3D5B2CDB3D5F3D526
:10621000F3D5F3D5F3D5F3D5F3D5F4D5D3D5D3D57D
:10622000D3CDD3CDD3CDD4CDD3CDB3C593C593C525
:1062300093C593C5B2C5B3C5D3BDF094AC5B0A2B6F
:106240006D23EF1B3124712C502C7034903490341A
:106250007034502C30245024712C502C712C9134DB
:10626000913471347134713491345024CE134D0310
:106270002C038E13CF1BF023F023AF1B8E1BAE1B02
:106280008E1B4C136D233044B364D36CB374B3745E
:10629000F474157D158515853585558535853485C9
:1062A0001485347D147D93643154CF436E2B6D1B64
:1062B000AE1BCF1BCF1BEF231024EF23F023302C7A
:1062C000512C512C512C512C712C512C512C512CC6
:1062D000512C502C502C712C9134512C712C923407
:1062E000712C512C3024712C712C512C512C712C6F
:1062F000512C502C512C9234B02CD134F23CD1344E
:10630000902CB134F134D12CB12CD12CF134B12CEE
:10631000B02CF2341235D12CB024F12CF134B02C45
:10632000902CD12CD134902C702CB134D134902CB1
:106330009024902C70342F34F35CB785B795F99D79
:1063400019A6F99DF99DD895B895D895B89DB89599
:10635000D895D895B88DB78D7785F46C31548E3338
:10636000CF3B2C1BC9022B0B6C0BAD0BAD0BEE13F3
:1063700070244F242F1C902CD134B134902C9034A5
:10638000D03CB03C6F3C8F446F4C2E4C8C43EA3A6F
:10639000A94269420732C731A631A631A6318631FA
:1063A00066298631A7318629662165216521252147
:1063B00004190419C310C31024198629A6296521BC
:1063C00045212421652924210421041904192421AB
:1063D000241925214521A3100421A218A118233135
:1063E00090A43AF7F9EEF9EEF9F698E698E6F9FE98
:1063F000B8F6B7F6B3DD30CD92D592D592D5B2D5F9
:10640000F3DDF3DDF3DD13DE34DE34DE34DE35DEE2
:1064100035DE35DE35DE15DE55DE35DE55E676E673
:1064200076E676E656DE77DE97DEB8E6F8E6F8E65C
:10643000D9E6F9EED8E657DEF4D5B3D592CD51CDF5
:1064400031C530C50FC50FC5CEBC8DB42CA4EBA390
:10645000CAA3CAA3CBA30BAC2CB46DBCAEBCAEBC60
:10646000CEC40FC510C551CD72CD92CDB3D5F4D5E4
:1064700035DE56DE77E677DE76DE76DE97DE76DEB2
:1064800056DE35D6F4D5D3CDB3CDB2CDB2D5F3D516
:10649000F3D5D3D5B3D5D3D5B3CDB3CDB3CDB3CD5C
:1064A000B3CDB3CDB3C5B3C5B3C5B3C593C572C57D
:1064B00072C593C5B3C5B3BD92B5AF846B4B2B2BDF
:1064C0008D233024912C3024302470347034502C9F
:1064D0007034502C10245024712C7024712C913461
:1064E000913471347134713471345024AE134C03CF
:1064F0002C038E13CF231024F023AE1B8E138E1B80
:106500008E1B4D136D233044D36CD374B374B36CB2
:10651000F474157D15851485348535853485348569
:10652000147D147DF47C93641154CF436E2B6D1B4A
:10653000AE1BAE1BAE1BEF230F24EF23F023302C3A
:10654000512C512C512C512C512C512C512C512C63
:10655000512C3024502C712C9234712C712C91348C
:10656000712C512C3024712C712C512C512C512C0C
:10657000512C502C512C9234902CD134F23CD134EB
:10658000902CD134F23CD134902CD12CD134B02C7D
:106590009024F1341235D12CB024F12CF134B02CEC
:1065A000902CD134D134902C702CB134D134902C27
:1065B0007024902C70343034F35CD785F99D19A683
:1065C000F99DF99DF89DF895D895D89DB89DB89DF1
:1065D000D895D895B88D9785767D156D72546D33A5
:1065E000EF3B6C1BA9022B0B6C0BAD0BAD0BEE1331
:1065F0004F244F242F24902CD23CB134702C903453
:10660000F13CB03C4E3CB04C4E4CAC3B0A3BCA3A21
:1066100089420732A631C739C731862986316629B2
:106620006629C731A73165216521652145212419D6
:10663000E418C310C310C3102419A629862986297B
:1066400065214421242124212421E3180419242133
:10665000041925214521A2102429E32081184B7B10
:10666000B8E6D8EE19F71AF71AF7B8E6D9EE3AFFF6
:10667000F9FEF9FE14E631CD72D572D592D592D5D8
:10668000B3DDD3D5F3DD13DE34DE34DE34DE35DEC8
:1066900034DE34DE34DE35DE35DE35DE35DE76E61C
:1066A00076E656E656DE77E697E6D8EEF9EEF9E6B8
:1066B000F9EEF9EEB9E677E636DEF4D5D4D5B3CD0A
:1066C000B2CD71C571C571C530C5EFBC8DB46DB4A7
:1066D0006DB44CB46DB4AEBCCEBCEFC430C551CDBE
:1066E00071CD71CD72CD92CDB3CDD4D515D635D671
:1066F00036DE77DE77DE97DE97DE77DE76DE56D61D
:1067000055DE35D614D6D3D5B2CD92CD92CD92CD1D
:10671000B2D5D3D5D3D5B2CDD3CDB2CD92CD92CD46
:1067200092CD92C593C593C593C593C572C572C5E5
:1067300093C5B3C592BDD3BD52A52E746C438C33A3
:10674000CE230F24512430243024502C7134703443
:10675000502C502C3024712C912C712C502C9134B5
:1067600092347134512C712C712C5024AE134C0383
:106770002C036D0BCF1BEF23EF23AE1B6D138E1B72
:106780008E1B4D136D23514CD364B36CB36CB36C3F
:10679000F474157D1585158534853585358D1485FD
:1067A000147D347DF47492643154CF436D236D1B9A
:1067B000AE1BAE1BAE1BEF23102410241024302C74
:1067C000512C512C512C512C512C512C512C512CE1
:1067D000512C512C512C712C9134712C712C9134E1
:1067E000712C512C3024712C712C512C512C512C8A
:1067F000512C512C712C9234B02CD134F23CD13428
:10680000902CD134F23CD134B02CD134F134B12CB1
:10681000B02CF1341235D12CB12CF22CF234B12C35
:10682000902CD134D134902C9034B134D134902C7C
:106830007024902C70343034F35CD78D199E19A6D7
:10684000D89DD89DF89D199EF895D89DB89DB89D66
:10685000B895B895B88D978577851575725C8E3328
:10686000103C6C1BA9024B0B6C0BAD0B8C0BEE138D
:106870004F2450242F24702CB13490344F2C6F347B
:10688000B03C6F3C2E3C4E440E44AC432B43A93AE3
:10689000283AA6318631A639C731A631A731A631AB
:1068A0008631A73186294521451945192521E41846
:1068B000C310A310C310C3104521C62986298629F9
:1068C00065214421041904192421452104190419BE
:1068D000041924214529C318C320A1188541D5CD09
:1068E0003AF719F75AFFF9EEF9EEB9E61AF73BFF56
:1068F0001AFF19FF35EE30CD11CD92DD92DD72D544
:1069000092D5D3DDD3DDD3D513DE34DE34DE34DEF1
:1069100034DE34DE34DE34DE34DE35DE35DE35DEE4
:1069200035DE76E697E697E697E6D8EEF9EE19EFCC
:106930001AEF19EFD9EE98E657DE36D635D6F4CDF4
:1069400014CED3CDD3CDD3D571C510C5CEBCAEBC7E
:10695000AEBCAEBCAEBCEEBC30C571C592CDD3D51D
:10696000D3D5D3D5D3CDD4CDF4CD15D636D656DEAA
:1069700057DE77DE98DE98DE97DE77DE76DE56D657
:1069800035D635D615D6F4D5B2CDB2CD92CD71CDA2
:1069900092CDB2CDB3D5D3CDB2CDB2CD92CD72CD55
:1069A00072C572C592C593C592BD93C593C572C594
:1069B00093C5B3C5D3BDB3B51295EE638C3BAD2B78
:1069C000AE230F24502C5024512C502C5034502CDA
:1069D000502C502C302C712C912C712C502C712C53
:1069E00092347134512C512C712C5024AE134C0321
:1069F0002C036D0BAE1BEF23CF23AE1B8E138E1B10
:106A00006D134C134D23314CB364B36C936CB36C66
:106A1000F474357D3585158534855585558D3485DA
:106A2000147D347DF47492643154CF436E2B6D1B0E
:106A3000AE1BAE1BAE1BEF23102410241024302CF1
:106A4000512C302C312C512C512C512C512C512C9F
:106A5000712C512C512C712C712C712C712C913466
:106A6000712C512C3024712C712C512C512C512C07
:106A7000512C512C712C9234B02CD134F23CD134A5
:106A8000902CD134123DD134B12CD134F234D12CEC
:106A9000B02CF1341235D12CB12CF22CF134B02CB5
:106AA000902CD134D1349034702CB134D134902C1A
:106AB0007024902C70343034D35CB785199EF99DC6
:106AC000D89DD89DF99D199EF89DF89DB89DB89DBB
:106AD000B895B895B88D9785978535757254AE334E
:106AE000303C6C1BA9024B0B8D13AD0B8D0B0E14A0
:106AF000502470242F24702C903470342F2C4F2C61
:106B00006F3C4F3C2E3C2E44CD434B43CA3A683A2F
:106B1000E731E739C739A631A731A631A731A63108
:106B20008631863165214521241924190419E31879
:106B3000A310A210C31004198629C731862966291B
:106B400065214521041904192421652925210421E1
:106B5000E31824214529C2180329C220EE8B19F716
:106B60003AFF39F77BFF3AF7D9E6D9E63AF73AF731
:106B70003AFF3AFF97F631CDD0CC72DD52DD72DDAF
:106B800092DDB3DDD3D5F4DD14DE34DE55DE54DE24
:106B900034DE34DE34DE34DE35DE35DE35DE35DE61
:106BA00055DE76E676DE76DEB7E6D8E6F8E6F9E696
:106BB000F9E6F9E6F8E6B8E698E657DE56D636D6B0
:106BC00055CE14CE14CEF4CDB2CD31C5EFBCCFBC72
:106BD000CFBCCFBCEFBC10BD51C592CDD3CDF4D549
:106BE000F4D5F4CDD4CDF5CD36D636D656D677DE1F
:106BF00077DE98DE98DE98DE97DE77DE76DE56D694
:106C000015D615D615D6D3D5B3D5B3D5B2D592CD25
:106C100072CD92CD93CD92CDB2CD92C572C572C5D3
:106C200052C572C572C592C572BD93C593C572C572
:106C300093C5B3C5D4BD93A5B17CAD4B8D33CD2BDE
:106C4000AD2BEE2B302C502C512C502C302C302CCA
:106C500050243024302C7134912C712C502C712CF8
:106C600091347134512C512C712C5024AE134C039F
:106C70002C036D0BAE1BEF1BEF23CF1B8E1B8E1B4C
:106C80006D134C134D23314CB364B36C936CB36CE4
:106C9000F474357D3585158535855585558D348557
:106CA000147D147DD47472641154CF438E2B8E1BCB
:106CB000AE1BAE13AE1BEF231024EF231024302C99
:106CC000512C302C312C512C512C512C302C512C3E
:106CD000712C512C502C712C712C712C712C713405
:106CE0007134302C3024712C512C502C3024512CE8
:106CF000512C512C712C9234B02CD134F23CD13423
:106D0000902CD134123DF134B12CD134F134B12C6A
:106D1000B02CD12CF134B0249024D12CF134B02CEF
:106D2000902CD134D1349034702CB134D134B02C77
:106D3000902C902C702C303492545575D895F89D29
:106D4000F89DF99DF89DF895F895D89DB89DB89D4A
:106D5000B895D895D895B78D9785557572548E335B
:106D60000F3C6C1BA9022B0B8D13AD0BAD0B0E1C36
:106D70007024702C2F24702C70344F2C2F2C4F34F7
:106D80004F344E3C0E44ED436B43EA3A68320732CF
:106D9000E7310842E8418631A631A63186296629C5
:106DA0006629652945216521241924190419E31050
:106DB000A310A310E31824218629A63166294521B2
:106DC0004521452104190419452145212421242167
:106DD0000421242103212429C220475298E6F9F6F0
:106DE0005AFF39FF3AFF3AF7B8E6D9E63BF71AF708
:106DF0003AFF3AFF97F631D56EC451DD31DD31D51A
:106E000072D592DDB3D5F4DD34DE54DE55DE75E6A1
:106E100055DE54DE34DE35DE35DE14D614D615D616
:106E200035DE55DE76DE76DE96E697DEB7DED7E631
:106E3000D8E6F8E6F8E6F9EEB8E698E677DE77D633
:106E400076D656D655D635D614D6B3CD51CD31C516
:106E500031C510C531C571C592CDD3CDF4D514D689
:106E600015D615D615D636D656DE56D657DE77DE6B
:106E700077DE98DE98DE98DE97DE77DE77DE76DEE8
:106E800035D615D6F4D5D3D5B3CDB2CDB2D5B2CD96
:106E9000B2CDB2CD92CD92C592CD92C572C572C51A
:106EA00052C551C572C572BD93C572BD92C592C51A
:106EB000B3C592BDD4BD539D5064AD3BCE33EE2BD4
:106EC000AD23CE2B0F2C502C502C5024502C502C5A
:106ED000702C30240F2C502C712C712C502C512CD8
:106EE00071347134512C712C712C712CCF134D03D2
:106EF0002C036D0BCF1BEF23EF23CF23AE1B8E1B79
:106F00006D134C134D231044B364B36CB36C936C8A
:106F1000F474357D3585358535855585558D3485B4
:106F2000147DF47CD47472641154CF3B8E2B8E1B71
:106F3000AE1BAE13AE1BCF1BEF23EF1BEF23302C8A
:106F4000512C302C312C512C512C512C302C512CBB
:106F5000712C512C502C712C7134712C712C71347A
:106F60007134512C3024712C512C30243024512C6C
:106F7000512C512C712C9234902CD12CF23CD134C8
:106F8000902CD134123DD134902CD134F134B12C29
:106F90009024D12CF134B02C9024D12CD134B12CAC
:106FA000B02CD134D1349034702CB134D134902CF5
:106FB0009024902C702C0F2C714C146DB895D89D8A
:106FC000F89DF99DF89DD895D895D89DB89DB89D08
:106FD000D895D895D895B78D9785767572546E33B8
:106FE000EF3B6C23CA022B0B8D13AD0BAD0B0E14B4
:106FF0007024702C4F24902C90344F2C2F2C2F3435
:107000002E3C0E3CCD438C430A3BA93A683A073AE2
:10701000C731C739C7398631A631A62965296529FF
:10702000652945296521652124190411E310C31040
:10703000A310C310E418242166298629452145217F
:10704000452125190419251966294521A310042174
:1070500024210321E32064310229F1AC9BFF19F7BD
:107060005AFF39FF3AF7F9EE98DEF9E67BF75BFF56
:107070007BFF19FF97F611D50CBCF0DC10DDF0CCCE
:1070800011CD92D5B3D5D3D534DE34DE55DE75E6D9
:1070900075E635DE34DE55E635DE14D6F4D514DE7D
:1070A00035DE55E655DE55DE76DE76DE97E6D7E64A
:1070B000D7E6D7E6B7E6B7E6B8EE98EE98E677DE1D
:1070C00077DE56DE76DE76E656DE15DED4DDD3D507
:1070D000B3D572CD92CDB3CDF3D514DE14DE35DE4B
:1070E00035DE35D635D676DE76DE76DE76DE77DED2
:1070F00077DE77DE77DE97DE77DE56D656D676DE1B
:1071000035D6F4CDD3CDB3CD92CD92CD92CDB3D5EE
:10711000D3D5B3CD92CDB2CDB3CD92C593C572C503
:1071200072C572C572C572BD93C592BD93C5B3CD0C
:10713000B3C593BDD4B5328DEF53AE33EF33EE2BE1
:107140008D23CE2B0F34302C502C5024712C712CCD
:10715000712C502C0F24502C712C712C512C712C13
:1071600071347134512C712C712C712CCF134D034F
:107170002C036D0BCF1B1024EF23CF1B8E1B8E1304
:107180006D134C134D231044B364B36CB36CB36CE8
:10719000F474357D568535853585558D558D358508
:1071A0001485157DD47492641154AF3B6E2B8E1BE5
:1071B000AE1BAE13AE1BCF1BEF23EF1BEF1B302418
:1071C000512C502C312C712C712C512C3024512CE1
:1071D000512C512C512C512C71345134512C71346F
:1071E0007134512C302C512C712C502C502C512C92
:1071F000512C3024512C91349024B12CF234D134C0
:10720000902CD134123DD134902CD12CD134B12CCE
:10721000B02CF1341235D12C9024D12CF134B12C76
:10722000B02CF134F134B0349034B134B134702432
:107230006F24702C502C0F2C714C146DD895D89D48
:10724000D89DD89DF89DF895D895D89DB89DB89DA6
:10725000D99DD895D89597859785767D72548E332C
:10726000EF336C23CA022B0B8C0BAD138D0BEE137B
:107270004F24702C4F249134B1344F240E242F34DA
:107280004F3C0E448C3B0A3BC93A683A283A073ACD
:10729000C731A631A731A629C631C631A6318631FC
:1072A00066294529652124190411E310C310C31070
:1072B000C310C3180419452166298629662965214A
:1072C000452125190419662125212519A3104529D1
:1072D000E32003210321E2200A6B98E65AFFF9F626
:1072E0005AFF5AFF1AF7B8E6B8DE1AEF7BF77BFFB2
:1072F0007BFF19FF97F631D5ABB36ECCF0DCCFD462
:1073000010CD51D5B3D5F4DD35DE35DE56DE96E64B
:1073100076E655DE55E655E635DE35E6F4DDB3CDE9
:1073200093D5D3DD14DE14DEF4DD35DE76E6B7EE7C
:10733000D7F6F8F6F8F6F8F6D8F6B8F6B8F677EE27
:1073400076E656E676E676E676E656E655E635E6FF
:10735000F4DDD4DDF4DD35E635E655E655E655E6F3
:1073600056E656DE56DE76E677DE76DE76DE76DECC
:1073700077DE56DE56DE76DE56D615CE15CE15CE27
:1073800015D6D3CD93C5B2CD92CD71C571CDB2CD49
:10739000D3D5D3CDB3CDD3CDB3CDB3CD93CD93C5CD
:1073A00072CD72C572C572C593C593C5B3CD93C571
:1073B000B3C5B3BD94A5B17CAE43AE2BEF2BCE23AA
:1073C0008D23CE2B0F34302C502C702C91349134D3
:1073D000712C502C1024302C712C712C512C7134A8
:1073E00071347134512C512C712C712CCF134C03EE
:1073F0002C036D0BEF1B10241024CF1B8E138E1348
:107400006D134C134D1BF0439264936CB36CD374A7
:107410001475357D358535853585358D358D3585C5
:107420001585357DF474B3641154AF3B6E236D1B29
:107430008E13AE13CF1BEF1B1024EF1BEF1B30245A
:10744000512C502C312C512C712C512C3024512C7E
:10745000512C512C512C712C71347134512C7134AC
:107460007134512C302C512C712C512C502C512C0E
:10747000512C3024512C712C7024B02CF134D13487
:10748000902CD134123DD134902CD12CF134B12C2C
:10749000B02CF1341235D12C9024D12CD134B12C14
:1074A000B02CD134D134B0349034B134B02C6F24FA
:1074B0006F24702C502C0F34924C356DF895F89D3C
:1074C000D89DD89DF99D199ED895D89DB89DB89DF9
:1074D000D99DD895B88D7785767D767572548E3323
:1074E000CE334C1BC9022B0B6C0BAD13AD0BEE1343
:1074F0005024702C2F249034B1344F240E244F3458
:107500004F44ED432B3BC93A683A273AE639C6392E
:10751000C631A631C731C731C631C631A631A63111
:107520006529452165210319E310E310C310C31039
:10753000C310E4182521652986298629862966290C
:107540004521251925198729E410E418041965290E
:10755000C21803212329843973B539F75AFF19F763
:107560007BFF7BFFF9EE98DED8E65AEF7BF77BFFD7
:107570005BFFF9FE97F631D549ABEBBBF0DCF0D4FD
:10758000CFCCF0C472CDF4DD35DE55DE76E696E67E
:1075900076E676E656E655E635E635E6B3D5CFBC73
:1075A0004EAC8EB4F0C411CD72D5B3DD15EE35EE10
:1075B00015EE15EE15F635F656F655F635EE14E6DB
:1075C000F4E5D4DDF4E5F4DD35E635EE55EE55EEC3
:1075D00035EE35EE35EE55EE35EE55EE55EE55EE13
:1075E00076E676E676E676E676E656DE56DE76DE13
:1075F00056DE56DE35D635D635D615CED4C5B3C50E
:10760000D4CDB3C572C571C571C591CDB2CDD3D539
:10761000D3D5D3D5D3CDD3CDD3CDB3CDB3CD93C5E2
:1076200072CD72C572C592C593C593C593C592C5F7
:1076300092C593B512952F648D3BCE2BEF2BCE23A5
:10764000AE1BCE230F343034502C702CB134913417
:10765000712C502C30245024712C512C502C512C36
:1076600071345134512C512C512C5024CE134C03D5
:107670002C036D0BEF1B10241024CF1B6D138E13E6
:107680008D134C134D1B10449264936CB36CD474E3
:10769000F474157D157D358535853585358D3585B4
:1076A0001585357DF47493641154AF3B6E236E1BC6
:1076B0006D13AE13CF1BEF1B10240F1C101C3024B6
:1076C000312C312C512C512C712C512C3024512C1B
:1076D000512C512C302C712C713471345134713443
:1076E0007134312C3024512C7134512C502C712C8C
:1076F000512C3024512C91347024B02CF134D134DD
:10770000902CD134123DD134902CD134F134B12CA1
:10771000B02CF1341235D12C9024D12CD12CB02C9A
:10772000902CD12CD134B02C702CB134B02C7024CE
:107730006F24902C702C0F2CB254146DF895D89D9A
:10774000F89DF89D199EF895F895D895B895B89D2F
:10775000D99DD895B88D7785567D56755254AE33E0
:10776000CF332C1BA9022B0B6C0BAD13AD0B0F1CD5
:10777000702C502C2F24702C90342F240E2C4F3C26
:107780004F448C3BCA328832483A073AC639A63150
:10779000A631A629A629E731C629C631A6318629F0
:1077A0004521442145210311A208C208C208A210A4
:1077B000C310041945218629862986296629452171
:1077C000251925192519A7290419E4182421442964
:1077D00003212329E2288C7BB8E67BFF9BFF7BFFFC
:1077E0007BFF3AFFD9EE98DED9E67BF79BFF9BFF44
:1077F0005BFFF9FE57F6F0CC09A3ABB310DDEFCC7D
:107800008EBC8FBC11C572CD15DE76E697E676E6A6
:1078100076E676E676E635DE14DE14DE72D56EB4F4
:107820006A9BE88AE88A08936AA3ECB38FCCD0D429
:10783000D0D4D0D4D0DCD0DCF0DCCFD4F0DCAFD4EA
:10784000D0D4CFD4F0D4EFCC10D551DDB2E5D3ED08
:10785000D4EDD3EDB3ED93E592E5B3E592E5B3E571
:10786000D3E5D4E5D4DDF4E535E635E635E635E6B1
:1078700035E615DEF4DDF4D5F4D5D4CD72C551BDB1
:1078800072BD51BD10B510B530BD92CDF3D5F3D555
:10789000F3D5F3D5F3D5D3CDD3CDB3CDB3C593C500
:1078A00072CD72CD92CD92C5B3C593C592C593C525
:1078B000B3BD73ADB084CE53AE3BEF2BEF2BEF23B4
:1078C000AE23CE230F2C5034502C7034B134B1344D
:1078D0009134712C30245024512C502C302C512CAC
:1078E00071347134512C502C512C502CCE132C034C
:1078F0000C036D0BEF1B30241024AF1B6D138E1384
:107900008E132C134D1B1044B364B36CB36CD4743E
:10791000F4741575157D56855585358D358D3585F0
:107920001585157DF4749264104CAF3B8E238E1B2D
:107930008E13AE13CF1BEF1B1024101C101C302411
:107940003124312C512C512C512C312C3024512CE0
:10795000712C512C302C512C7134713471347134A0
:107960007134302C3024512C712C512C502C712C12
:10797000512C502C512C92349024B12CF134D12C18
:10798000902CD12CF23CD134B134D134F134B12C1F
:10799000B02CF1341235B0249024B12CD12C902489
:1079A0009024B12CD134B02C702CB134B02C902454
:1079B0006F24902C702C302CB24C5575D895F89DB6
:1079C000D89DF89D199E1896F895D895B895B89DAC
:1079D000D89DD89DB88D7785367D157531548E33F9
:1079E000AE332C1BA9020B036C0BAD13AD0B0E1C9D
:1079F0006F2C702C2F2C2F2C70344F2C4F344F4465
:107A0000CD3B0A33A93A8942283AE739C739C63902
:107A1000A631A631C731C731A631A6318629452105
:107A2000242124210419E318A210C310A210A208D3
:107A3000C310452186296629652986296521662185
:107A40000411251946214629E4182521C3182429A3
:107A50002329A118A53957D67BFF7BFF9CFF5AF736
:107A60009CFF1AF7B8E698DEFAEE9CFF9CFF7BFFBE
:107A70005BFFF9FE16EE90C4478A8BB38FC4D0C467
:107A8000B3DDD4DD93D573D5B3D556E676E675DE92
:107A900096E696E675E654DE34DED3D531CD4DB4A8
:107AA000ABA3E892878A468A2582E479258AA79A39
:107AB000E9AA4ABB4ABB4AC36ACB6ACB6ACBABCB07
:107AC000CBCBECCB0CD40CD42DD42DCC4DCC8FDC2B
:107AD000F0E4F0E48FDC4ED42DD46ED46ED44DCCD3
:107AE0004ECC6ECC8FD4D0D411D511D531D552D542
:107AF00052D572D593DDB3DDB3D572CD10BD8EAC4A
:107B00002C9C0C9C6DA4EFB451C5B2CDF3D513D60B
:107B100014D614D6F3D5F3D5F3CDD3C5B3C572C5FA
:107B200093CD93CD72CDB3CDB2CDD3CD92BDD3BDD8
:107B3000F4B5128D0E648D43CF33EF2B8E1BAE2325
:107B4000CF23CF23EF2B502C502C502C712C912C69
:107B5000912C702450245024712C502C502C502CDB
:107B60007134512C312C512C7134512CAE134D0BDE
:107B70002C036D0B0F1C3024F02BCF238E1B6D13A9
:107B80006D132C134D1B103CD464F46CF46CD46C4A
:107B9000F474357D3685568536851585158535858C
:107BA0003585357DD47493641154CF3B8E2B6D1382
:107BB0008E13AE13AE13EF1B10241024EF1B1024F2
:107BC00010243024312C512C512C512C3124512C87
:107BD000712C512C512C712C71345134512C712C2D
:107BE0007134302C3024502C712C512C5024712C99
:107BF000712C3024512C9234902CD12CF134D12C76
:107C0000902CB12CF23CD134B12CD134F134B12CC4
:107C1000902CF1341235D12CB024D12CD12CB02C95
:107C20009024D12CD134902CB034D134D12C902448
:107C30006F1C9024702C0F2C924C5575D895D89DA4
:107C4000D89DD89DF89518961896D895B89DB89D4A
:107C5000D99DF99DD8959785567D35753154AF3BA3
:107C6000CF3B4C1BAA020B036C0BAD0BAC0BED1303
:107C70004F246F2C2E2C2F2C6F344F342F3CEE3B87
:107C80008C3B0B3BAA3A483AE739C639C739C73962
:107C9000C739A631C731C731A629A6318629452162
:107CA00024210419E318C310A210C310C310C31079
:107CB00004194521862966216521662166216621F0
:107CC000251946214621252104212429E3180321D1
:107CD00002210329D2A45BF77CFF9CFF7BFF9BFF63
:107CE0007BFF3AEF78DEB8E63BF77CFF9CFF9BFF1B
:107CF0001AF7D8F636EECDABA471099311CD55EE37
:107D0000B7F6D8FE77F6D4DD73D5F4DD35DE55DE73
:107D100096E696E675E634DED3D592CD30C58EBCB8
:107D20004EBC2DB40DBC0DBC8AB3E89A258AA38144
:107D3000A3818389C491E5A126B225AA46B246B2A1
:107D4000A8C229CB4ACB8BD3ABD38BCB6BCBACCBE1
:107D50000DD4ECD3ABCB4AC38BCB8BD38BCB6ACBC1
:107D60004AC34AC32ABB4ABB8BBB6BBB8BB3ACB306
:107D7000CCB3ECB3ECABECABCB9B8A932983C77A47
:107D8000087B8A8B4DA4CFB451BDB2CD13D634D667
:107D900034DE14D6F3D5F3D5F3CDD3C5D3CDB3CDDF
:107DA00052C593CD92CDB3D5B3CDB2C5B3BDD3B586
:107DB000739D90748D4BAD3B0F34EF238E1B8E1B48
:107DC000EF23CF23EF23102C502C502C702C912C10
:107DD000912C502450245024712C502C502C712C58
:107DE00071347134512C513451345134AE1B4D0B1C
:107DF0002C0B6D0BEF1B0F24D02BAF238E1B6E13A0
:107E00008D132C0B4D1B313CD464156DD46CB46CAC
:107E1000D474157D367D3685358515851585358572
:107E20003585357DD4749264114CAF3B8E234D1350
:107E30008E13AE13AE13EF1BEF1BEF1BEF1B1024C3
:107E400030243124512C712C712C512C3124512C83
:107E5000712C712C712C712C7134512C512C712C72
:107E60007134512C3024512C712C512C3024512C34
:107E7000712C3024512C9134902CB12CF134D12C14
:107E8000702CB134F23CD134B134D134F234B12C51
:107E9000902CF1341235D12C9024D12CF234B12C09
:107EA0009024F134F134902CB02CD134B12C6F24C7
:107EB0006F24902C702CEE2B7144346DB78DD89DAF
:107EC000B89DB895D895F895F895D895B89DB89D72
:107ED000D9A5F99DD8959785567D15753154AF3B39
:107EE000CF3B4C23CA020B036C0BAC0B8C0BED137A
:107EF0002F244F2C0E2C2F346F3C4F3C0E3C8D3BCF
:107F00002B3BCA3A693A0732A631A639C739C73975
:107F1000C739A631A631A731862986296529452189
:107F20000419E318C310A210A210A210C310E41881
:107F300045216621662166214521A629A6294519E4
:107F4000251966214521E41824214429E318232119
:107F500023290A6B7CFF5BF77CFFBDFF9BFF9CFF27
:107F60005BF7F9EE77DE1AEF7BFF7CFF9CFF7BFF70
:107F70001AF7F9FED5DDE982C88211CD18FF39FF65
:107F800018FFF8FED8FE15EE32D572D5F4DD35E6D1
:107F900055DE55E655E634DEF3D5B2D551CDF0C405
:107FA000F0C4F0CC10CD10D5F0CCAFCC0CBC29A3D4
:107FB000879A638163898491E5A1A4A18499239917
:107FC00064A1A5B1A5A9E6B148C247BA68BAC9BAC1
:107FD0000AC309C3A8B267AA26B226B206B2C5A9C7
:107FE000A5A1A5A185A1C5A1A599C591E591058AE0
:107FF0000582E579057A4672867208836A8BAB93AF
:10800000EC9B4DA4AEACEFB471C5D3CD14D614D651
:1080100014D614D6F3D5F3D5D3CDB3C5B3C592C515
:1080200092CD52C5B3D592CDD3CD92BDB3B5B3AD3C
:10803000328DCD536C3BEE3B3034EF23AE1BCE1B69
:108040001024EF231024302C502C502C70349134F9
:108050009134502C502C502C712C502C502C512CD5
:1080600071347134512C512C512C512CAE1B2C0BD2
:108070000C0B4D0BCF1BEF23F023CF238E138E134E
:108080008E132C0B2D1B1144D464F46CD46CB36C84
:10809000F474357D367D157D157D15851585358501
:1080A0003585357DF47492641154CF3B8E2B6D135E
:1080B0008E13AE13AE13CF1BEF1BEF1BEF1B102461
:1080C00030243024312C512C712C512C302430246C
:1080D000712C512C512C712C5134312C302C512CB1
:1080E0007134512C3024512C712C51243024512CBA
:1080F000512C30245124912C9024B12CF134D12CCA
:10810000902CB134F23CD134B12CD134F134B12CB7
:10811000902CF1341235D12C7024D12CF234B02CA7
:108120009024F134F134902C702CB034B02C6F24A6
:108130006F24B02C902CEE2B5044146D978DB89575
:10814000B7959795B78DD88DD88DB78D9895989D03
:10815000B89DD99DD8959785567D15755154CF3BBF
:10816000CE334C1BCA020B036C0BAC0B8C0BED1308
:108170002F242F2CEE232F3470442F44CD3B4B3330
:10818000CA326832283AE739A631A639C739C73921
:10819000C631A731A73186298629652945212421A1
:1081A0000419C310C310C310C310A210C31025219B
:1081B00086298629662166218629C729A6292519A7
:1081C0002519652124210419652923210321022170
:1081D000643158D67CF77CFF9CFF9CFFBCFF9BFF63
:1081E0005BF7D9E6D9E65BF7BDFF7CFFBCFF9CFFE0
:1081F0003AFF77E673CD90B415DE39FF5AFF19F7D1
:1082000039FFF8F697F656F611D5F1D472DDF4E59C
:1082100014DE14DE35E635E6F4DDB3D571CD31C5B7
:1082200051CD72CD72D571CD92D572D530D5AFCC3E
:108230002ECC6BBB4BC34BC36CCB4BCB0BCBA9C274
:108240008AC269C2E7B1C6A9A6A9C6A9C6A106A2E3
:1082500027AA27A2E699C599A5A1C5A927B227BA39
:1082600027BA28BA48BA68C2CAC2CAC2EAB2C9AAF8
:10827000C89AA892099B6B9B0DA48FB4D0BCD0BCAC
:10828000CFB4EFB431BD71C592CDD3CDF3D513D6F4
:10829000F3D5F3D5D3CDD3CDB3CDB3CD72C551BDC9
:1082A000B3CD92CD92CD92CD93CD72BD73B573A562
:1082B00090746B3B8C330F3C302CEF23CF1BEF1BA8
:1082C0003024CF1BEF233024512C502C71349134A7
:1082D00091345034502C502C712C712C502C512C2A
:1082E000712C512C512C512C512C512CAE1B2C0388
:1082F0000C034D0BCF1B0F24F023CF1BAE138E139B
:108300008D132C0B2D1B1044B364F46CD46CB36C24
:10831000F474357D357D157DF57C158515851585C0
:108320001585357DF4747264104CCF3B8E2B6D1B1C
:108330008E13AE13AF1BCF1B10240F240F24102459
:10834000502C3024312C512C512C31243024302409
:10835000512C512C512C512C5134512C312C513445
:108360007134512C3024512C512C50241024502481
:10837000512C3024512C712C7024B02CF134D13478
:10838000902CB134F23CB134902CD134D134B12C96
:10839000902CF1341235B0247024D12CF234902C6E
:1083A0007024D12CD134702C6F24B134B12C6F24B3
:1083B0007024B02C702CEE2B3044F46C9685B7955D
:1083C000B8959795978DD78DB78D978D779577952C
:1083D0009895B895B88D7785367D35757254CF3BB5
:1083E000AE334C1BCA022B038C0BAC0B8C0BCD1386
:1083F0002F242F2CEE2B2E344F44EE436C3B0A3BA4
:108400008932483A283AE7398531A639C739C63121
:10841000A631C731A73145296629452124210419F0
:10842000E418C310C310C310C310A310E4106521D7
:10843000A629862986298629A7296621452145213D
:108440006521241904196429242123212321801062
:10845000CD837CF75BF7BDFFBCFF9CFFBCFF7BF7C8
:108460001AEFD9E63AF77CFFBDFF9CFFBCFF7BFF0C
:108470005BFF57DEF5DDD8F69BFF9BFF7AFF7BFFA6
:108480005AFFB8EE97F657FE32E56FCCD0D492DDA6
:10849000D3DD14DE15E6F4DDF3D5B2CD92CD71C592
:1084A000B3D5D3D5F3D5F3CDD3CDD3CDF3D593DD9C
:1084B00011D5B0D44ED4EED330E471E451E471EC74
:1084C000D3FCD3FCD2F471EC91EC91EC71E450E468
:1084D00050DC2FDC2FDC70E470EC70ECB1FC91FC14
:1084E00070FC30F40FEC10EC0FECEFE3EED3EECBBE
:1084F0000EC42EC490C4F1CC31C572CD73CD52C51B
:1085000031C531C531C552C5B3CDD3D5F3D5F3D5BA
:10851000F3D5F3CDD3CDB3CD93CD72C592C572C58E
:1085200092C5F3D572C5B3CD52BD73BD53ADF194B1
:108530008C534B3B8C330E34EF2BAE23CE23CF2307
:10854000302CEF1B10243024502C502C71349134DB
:108550009134502C4F2C502C712C712C50245024C1
:10856000712C712C5024302451245024AE132C0330
:108570000C036D0BEF130F1CEF1BCF1B8E136D0B3A
:108580006D132C0B4D1B1044D464F46CD46CB36C81
:10859000F474357D357D157D147D158535851585FE
:1085A0001585157DD474725CD04BAF3B8E2B4D136B
:1085B0008E13AE13CF1BEF231024EF23EF231024D1
:1085C000302C302C3024512C512C502C3024502C59
:1085D000712C512C502C512C71345134512C71343C
:1085E0007134512C3024712C512C502410245024DF
:1085F000512C30245024712C7024B02CF234D134FE
:10860000902CB12CD134B134902CD134F134B12C24
:10861000902CD134F13490247024D12CD134902C6E
:108620007024B12CD12C702C702CB134D12C90240E
:108630007024902C702CEE2B3044146D978DB795D0
:10864000B89DB795B78DD88DD88D978D779577953F
:108650009795B895B88D767D357535755254AF3B85
:10866000AE332C1BCA022B038C0BCD0BAC0BCD13E2
:108670002E242F2CEE2B2F3CEE3B8C3B0B3BA932B8
:10868000693A68422842C6316531A531C631A63102
:108690008631A6316631252165294421242104191A
:1086A000E318C310A210C310C310C3100419862905
:1086B000C731A7298629A629A7296521251945217A
:1086C0006529041924216429E2182321C118643181
:1086D00057D69CFF1AEFDDFFBDFF9CFF9CFF5BF7A9
:1086E000F9EE1AEF7BFF9CFF7CFFBDFF9CFF7BFF39
:1086F0005BF7D9EEF9F65AFF9BFFBBFF9CFF9CFF8F
:108700005BFFD9F697F6B4ED11E5ECC34DCC31DD46
:1087100092DDD3DDD4DDD4DDD3D5B3D5B2CD92CDCA
:10872000D3D5F3D5F3CDF3CDD3CDD3CD34DE14E60D
:1087300093DD52DDD1DC70D450DC51DC10D451E437
:10874000B2ECF3F475FD54FD34FD75FD54FD34FDBC
:1087500033FDF2F4D2F413FD13FDD2FCD2FCB2FCD3
:1087600071F451F430EC10E4EFDBEFD30FCC4FCCCD
:1087700090CCF2D453D593D593D5B3CDB3CD93CD7F
:1087800093CD93CD93CDB3CDB3D5B3CDD3D5F3D5D1
:10879000F3D5D3CDD3CDB2C593CD72C592CD92C50D
:1087A00092CD71BDB3CD72C552BD73BD53ADEE6BED
:1087B0002B436C3BEE3B0F3CEF33AE23CF2BEF2B29
:1087C000302C102C3024512C502C712C712C7134E5
:1087D0007134502C302C502C712C712C502430249E
:1087E000712471245024302451243024CE134C039E
:1087F0002C036D0BCE130F1CEF1BCF1B8E136D0BB9
:108800006D132C134D231044F464146DD46CB36CAD
:10881000F474357D357D357D14853585558D358DE3
:1088200035853585F4747264D04BAF3B8E2B6D1B50
:10883000AE1BAE13AF1BEF231024EF23EF23102446
:10884000512C302C302C512C512C512C30243024D4
:10885000512C512C512C712C7134513451347134B0
:10886000712C302C3024712C712C51243024512443
:10887000512C30243024512C6F24B02CF234D134BC
:10888000702C902CD134B134902CD134F234B12CE2
:10889000902CD12CF134B02C7024D12CD134902CCC
:1088A0009024D12CD134902C702CB034B12C902445
:1088B0007024902C502CEF2B5044346DB78DD895EC
:1088C000D89DB895D895F895D895D89598959795B9
:1088D0009895B895B88D767D35753575514C8E3334
:1088E000AE2B2C13A9020B038C0BCD13AC0BCD1BA1
:1088F0000E2C2E34CD2BED3B8C3B2B3BA93268321A
:10890000483A2842E739853185318531A631A6318B
:1089100086296529462945296529452925210421D6
:10892000E318A210A208A310C310E4104521A62941
:10893000C731A729A629A6298621862145214521B7
:10894000452904214421231902196429A1184B73D4
:108950009CFF1AEF9CFFBCFFBCFF9CFF7CFF5BF7FA
:10896000F9EE5BF79CFFBDFFBDFF9CFF7BF77BF73C
:108970003AF7B8E63AF77BFFBCFFBCFF9CFF5BFF12
:108980003AF7B8EE16E673E590DC4ABBCBBBCFD422
:1089900030D571D592D5B3DD93D5B3D5B3D5B3D595
:1089A000F3D5D3D5F4D5F4D5F3D5D3D5F4DD15E689
:1089B00036F615F673E5D1DC70DC30DCEFD310DC75
:1089C00030DC50E492F471EC51ECB2F4B2F4B1F456
:1089D000B1F450EC0FE40FEC31F4F0EBF0EB11F4E8
:1089E00010ECF0E3CFDBAED330D470D4B1D4F2D4FA
:1089F00053DDB4DDF5DD15DE15D615D6F4D5F4D589
:108A0000D4D5D4D5B3D5B3D5B3CD92CDB3CDD3D5FD
:108A1000D3CDB2CD92CD72C572C572C592CD92C57D
:108A2000D3CD10B5D3CD52BD73BD32AD0E7C483A17
:108A30008932CA2A6C338D338E2B8D2BEF330F3452
:108A40001034102C1024302C512C512C512C712C02
:108A50007134502C502C302C502C512C302C302474
:108A6000502C512C50245024712C3024CE134C0304
:108A70002C036D0BAE13EF23EF23CE1B8E136D1360
:108A80008E134D134D233144146D146DD46CB36C9F
:108A9000D474157D357D35853485558D558D558D31
:108AA000558D5585147D93641054CF3BAE2B8E1B92
:108AB000AE1B8E13AE1BEF231024EF23EF231024E5
:108AC000512C512C302C512C512C502C3024302432
:108AD000512C502C502C712C71345134512C713438
:108AE000712C302C3024512C712C512C3024512CD1
:108AF000712C30243024512C6F24B02CF234D1341A
:108B0000702C902CD134D134902CD1341235D12CFE
:108B10009024D12CF134B12C9024D12CD134B12C0F
:108B2000B02CF134D134902C902CB034B02C6F2474
:108B30007024902C502CEF2B514C5575D895D8950E
:108B4000D89DD89DD895199EF995F895B895B89562
:108B5000B895B895B88D767D55753575314C8E3391
:108B6000AE334C1BA9020B036C0BAC0B8C13CD1B4F
:108B70000E2CEE2B8C2B8C334B3BC9326832483A8F
:108B8000283AC739C639A631C631A531A631A63132
:108B900065294521452986318629652945292421CC
:108BA000C3108208A310C310E31004196521A6297D
:108BB000C731A72986298621862186214521452975
:108BC0004629042165290319E3184429E22033AD1D
:108BD0009CFF7BF7BCFFDCFFBCFF9CFF7BF73AEF01
:108BE0001AEF7BFFBDFFBDFFBDFF9CFF9CFF5BF746
:108BF00019EFF9EE3AF77BFFBCFFBCFFBDFF9CFF0E
:108C00007CFFB9EE94D56FC46ED4E8AA28B34CCCDF
:108C1000EFCC30CD51D552D592DDB3DDD3DDF4DDCF
:108C200014DEF3D5D4D5F4D5D4D5D3D593D5B3DDCF
:108C300036F615EE15F6D4ED73EDF1E4B1DC91DC0A
:108C400050DC70E491EC50E430E470EC50E42FE43C
:108C500050EC2FE4EFE330EC30ECCFE3F0EB10EC32
:108C600010E410DC30DC50D4D2DC12DD53DD94DDB6
:108C7000F5E536E636DE35DE15D615D6F4D5F4D56F
:108C8000F4D5F4D5D3D5B3CDB3CD92CD92CDB2CD6D
:108C900092CD92C572C572C572C572C572CD92CDA4
:108CA000B2CD92C531BD92BD52B5F1A4E7390311E1
:108CB0006511A6090812691A891ACA228E33EF3B78
:108CC000EF33F033F02B5134512C512C502C512CCC
:108CD000712C512C502C302C302C512C302C302C11
:108CE000502C512C512C512C71341024AE1B2C0BB8
:108CF0002C0B4D138E1BEF2BCF238E1B6D136D137F
:108D00008E1B4D1B6D23514C146D146DD36CB36CC5
:108D1000F474157D157D35853585558D7695768D63
:108D2000758D758D147DB36C1054CF43AE338D2388
:108D3000AE1B6D138E13CF1B1024EF23EF231024D3
:108D4000512C302C302C512C512C502C3024502CA8
:108D5000512C512C502C512C5134512C512C512C24
:108D6000712C302C3024512C512C512C3024512C6E
:108D7000712C30245024712C6F24B02CF234D13457
:108D80007024902CD134D134902CB134F234B12CE5
:108D90009024B12CF134D12CB124F12CD134B12C4C
:108DA000B02CD12CD134902C702CB034B02C6F243A
:108DB0006F24902C702CEF2B514C757DF895F89DFD
:108DC000B895D89D199E399EF995F895D89DD99D4D
:108DD000F9A5F99DB88D7785567D3575314C8E3363
:108DE000EF336D1BA9020A036C0BAC138C13AD1B84
:108DF000ED2BAD2B6C2B4B330A3BC93A2732073294
:108E0000E739C6398531A631C631A631C629C63102
:108E1000A629652945214529242124212421041935
:108E2000E318C310C310E418251925198629E73162
:108E3000C731A729862945196521652145212521A5
:108E400045294629041924212421A2182752FAEE83
:108E50001AEFBCFFBCFFBCFFBCFF9CFF3AEFF9E67A
:108E60003BF77CFF9CFFBDFFBCFF7CFF9CFF3AF7FC
:108E7000D8E6F9E63AF79BFF9CFF9CFF9DFF9DFF1C
:108E80007CFF1AF7B4D5CCAB09A32592A6A2EBC3FD
:108E90008DC4EECCF0D410D552DD92DDD4E5F4E5EE
:108EA000F4DD14DE14DE14DE15E6D4DD93D5B3DD77
:108EB000F5E515EE56EE56EE35EE14EED4E593E5F7
:108EC00032E532E533EDF2ECD2ECD2ECB1EC90E4E9
:108ED00090E491E4D1ECD1EC91EC50E470E491E4B5
:108EE00090DCB0DC12DD53E594E5B4E5D5E515E69C
:108EF00035E635DE35DE35DE35D635D635D635D6F2
:108F000035DE14D6F4D5D3D5B3D592CD92CDB2CD2E
:108F100051C571C571C571C572C592CD72C592CD6D
:108F200051BD72C552BD52B573B5C95A44212419F9
:108F300044112409450986098609C61128128A1A8E
:108F40000C2BAE33103C313C102C102C302C512CFF
:108F5000512C502C502C302C502C502C302C302C90
:108F6000302C302C102C302C5134102CAE232C13E0
:108F70000C134D1BAF2BF033CF33AF2B8E234D1B78
:108F80006D1B2C1B0C1B514C146D3575F46CB36CA4
:108F9000F474157D157D35853485758D758D558DEC
:108FA000558D758D347DD36C1054AE3B6D2B4C1BA1
:108FB0008D1BAD1BAE1BCE1BEF23EF23EF23102425
:108FC000302C512C512C712C712C502C3024502CC5
:108FD000512C512C512C512C5134512C512C713479
:108FE000512C302C3024512C712C30243024512C15
:108FF000512C30243024712C7024B02CF134D13415
:10900000902CB12CD134B134902CB134F134B02C3B
:109010009024D12CF134B12C9024D12CD134902C2B
:109020009024D12CB12C902C902CB134B02C6F24E6
:109030007024902C702C0F2C714C767DF895189E16
:10904000D895F89DF99DF99DD895D895D89DF99D0D
:1090500019A6F99DB88D778536751575114C8E3327
:10906000EF334C1BCA020B0B4C0B8C138C1BAD2328
:10907000CD338C334B330A33C93A6832E629E631B3
:10908000E739C639A631A639A631A631A629A629BF
:10909000862965294529252124210421E318C310A7
:1090A000C310C310C310E310251965218629C731E9
:1090B000C731A62966212519241985210419041907
:1090C00045296629C3182421442900085094BDFF6E
:1090D0003AF7BCFFBCFFBCFFBCFF7BFF1AEFFAEE08
:1090E0005BF77CFF9CFFBDFFBDFF7BFF7BFF19EFA4
:1090F00077DEB8E65AF79BFF9CFF9DFF7DFF9DFF43
:109100007CFF5BFFB8F60DAC6269A279A69A48B302
:109110000BBC8DCC8ECCEFD411D572DDB2DDD3DD9E
:10912000F4DD34DE34DE14DEF4DDF4DDB4DDB3DD95
:10913000D4DD35E655E655E655E655E655EE35EE11
:10914000F5EDF5EDB5F594ED53ED53ED53ED33ED50
:1091500053ED73F574F574F512EDD1E4F1E412E515
:1091600032DD52DDB4E5F5ED15EE35E635E655E6D2
:1091700055E635DE35DE35D635D655D655D655DEEF
:1091800055DE34DEF4D5D3D5D3D592CD72CD71CDA5
:1091900051C571C571C572CD92CD51C572CD92CDFB
:1091A00010B531BD92BD73B5CC7B6429442104193F
:1091B0004519451946194511451145116611A61164
:1091C00008128A1A2D2BAF3310343134312C502C25
:1091D000512C712C502C502C502C7134512C51345A
:1091E00051343034102CEF2B1034EF338E2B2C1BDA
:1091F000CC1AEC1A2D234E2B8F338E338E2B6D23EE
:109200006D230C1B0C231044F464357535751475EF
:10921000F474F47C15853585548D758D758D758D3B
:10922000758D758D347DD3741054AE3B6D2B4C1BF6
:109230008D1BAD1BAE1BCE23EF23EF23EF2310249A
:10924000302C302C302C512C512C30243024302414
:10925000502C302C302C512C512C312C512C713461
:10926000512C302C3024512C712C3024302451249A
:10927000512430243024512C902CB02CF134D13492
:10928000902CD134F23CB134902CD134D134B12C67
:10929000902CD12CF134B02C9024D12CF234B12C60
:1092A0009024B12CD12C902C902CB134B13470245A
:1092B0007024902C70340F34714C767D1896F99D83
:1092C000B895B895D895F895D895F895F99DF99DE4
:1092D000F99DF99DD895B88D3575F46C104C8E3B81
:1092E000CF334C1BCA022B0B4B136C138C1BAD2BB7
:1092F0008D334B330A33C9326832C629A529E6318A
:10930000E739C639E739C639C631A631852965211D
:10931000452165214521042124210319A310A21010
:10932000C310C310C3100419452186298629A72913
:10933000A7318629652125194521452124190419BC
:1093400025214529821004210329074299DEBDFF0A
:109350005BF79CFFDDFFBCFF9BFF3AF7D9E61AEFF6
:109360007CF79CFFBCFF9CFF9CFF7BFF7BFFF9EE23
:1093700056DED8E67AF75BF79CFF9DFF9DFF9DFFC9
:109380007CF77CFF9CFF72CD257A6269258AC69A9C
:1093900069AB2CC44DCC6ECCF0D431D571D592D5FF
:1093A000F3D513D6F3D5F4D514DEF4DDD4DDD3D55F
:1093B000D4DD14DE35DE35DE56E656E676EE56EEC4
:1093C00036EE36EE16EEF5EDB4E5B4E5B4E5B4ED03
:1093D000B4EDB5F5B5F5B4F552E531DD52DD73E523
:1093E000B3E5D4E515EE35EE35E635E635E635DEA2
:1093F00035DE15DE15DE35D655D655D676D675DE74
:1094000055DE35D614D6F3D5D3D5B3D571CD51C5E8
:1094100051C551CD51C572CD92C572C531BD51C531
:1094200051BD52BDF1AC6F946431232165214521BA
:109430002519251926214621452145216619661938
:1094400045096601E811AB1AAF33303C513C313469
:109450007134512C30243024502C502C302C0F2CB3
:10946000302C10341034303CAF334D2BAB1A290A5A
:10947000E801E8090912291229128A1ACC222D2B97
:109480002D23EC1A2D2BF043D364F46C1475D36C9C
:10949000D37435853585358D558D758D7595759557
:1094A000758D5585147DB26C1054AE436D2B4C1BDD
:1094B0008D1BAD1BAE1BCF23EF23EF23EF23102417
:1094C000302C102C3024512C512C302430243024BA
:1094D000302C302C302C502C512C312C512C713400
:1094E000712C302C3024512C712C30243024512CF0
:1094F000512C30243024512C902CB12CF134D12C0F
:10950000B02CD134F23CB134B02CD134F134B12C84
:109510009024D12CF134B0249024F134F234B12CC5
:10952000B02CD12CD134B02C902CB134B134902447
:109530007024902C70340F34714C757DF88DF89533
:10954000B795B795D895D895D895F995D895D895D4
:10955000D995F995D895D88D367DF56C1154AE3BDB
:10956000AE332C1BAA0A2B134B136C1B6C238C2BB6
:109570006C332B33EA326832E6298521A529E6319E
:10958000C639C639C631E739C631A6316521441915
:10959000441945212421E4182421E318A210C31002
:1095A000C310A310E3104521A729C731A629A72975
:1095B000A62966298629662925192419E410E418A4
:1095C0006529E418E3202429A118B19C9CFF3AF7EF
:1095D0009CFFFDFFDCFF7BF77BFF19EFB9E61AEF7D
:1095E0007CFF9CFFBDFFBCFF9CFF5BF73AF7B8EE2A
:1095F00015D697E65AF75AF79CFF9DFFBDFF9DFFD2
:109600009CFF7CFF7BFFF9FEABA3C3712582869292
:1096100028A3EBBB0CC46DCCAECCEFCC30CD91D538
:10962000D2D5F3D514D614DE14DEF4D5F4DDF4DD92
:10963000F4DDD4D5F4D514DE35E635E635E635E689
:1096400015E636E636E615E615E6F4E5D4DD93DDF7
:1096500093DD52DD32D511D552DD51DD92DDB3E51A
:10966000F4E5F4E514E614E6F4DDF4DDF4D5F4D520
:1096700015D615D635DE35D656D676D676D675D6E7
:1096800055D614D614D6F3D5D3D5D3D592CD71CD26
:1096900071C551C530C531C530BD72C551BD11BD93
:1096A00031BD11B5B0A4274AE218642965294521C6
:1096B00004192521052125212521251925194619BA
:1096C000661966096609A70949122D2BF03B303C43
:1096D0003134102C102C3034513450343034303C70
:1096E000303CCF33EC1A490AE809C709A809C80970
:1096F000C811A811871187098711A809A70909129C
:109700008A1ACB222D33F04BD36CF46CF46CF46CCE
:109710001475147D14853585758D558D76959695C2
:10972000758D5585F47C926C305CCF438E334D1B28
:109730008D1B8D1BAE1BCF23EF23EF23EF231024B4
:10974000302C10241024512C512C3024102430247F
:10975000302C302C302C512C7134512C512C713434
:109760007134512C502C512C712C502C3024512CF4
:10977000512C3024502C712CB02CD12CF134D12C04
:10978000902CB12CF134D134B02CD134D134B02C54
:109790009024D12CF12CB0249024D12CF234B12C73
:1097A000B02CD12CD134902C702CB134B134902405
:1097B0006F24902C70340F3492545575B78DD89512
:1097C000B895D895D895D895D895F895D895B89551
:1097D000B895D895D88DB88D7685157531548E3B52
:1097E000AE332C1BA90A2B134B134C1B4C236C338D
:1097F0002B33EA3288322732A529073A4421E73948
:10980000E7396529C639C631A6298529452124218C
:1098100024214421242104210419C310C310C3109E
:10982000C310A3080419A729E831C731C731C731CC
:1098300086298629C731A7318629E41004196529AC
:109840000319410844298118895A3BF79CFF5BF7AB
:10985000DDFF9CFFDDFF5BF73AF7D9E6B8E63AF7A4
:109860007CFF9CFFBDFFBCFFBCFF5BFF1AFFD8EE77
:10987000F5D576DE39F77BF79CFF9CFFBDFFBDFF7A
:10988000BDFFBCFF3AF75AFF52CD05720572868ABA
:10989000E79269ABEBBB0CC46EC4AFCC10CD31D535
:1098A00071D5B3D5F4DDD3D5F4D5F4D514DE15DEFA
:1098B000F4DDD3D5B3D5D4DDF4DDF4DDF4DD14E689
:1098C00014E635E635E635E614E6F3DDD3DDD3DD23
:1098D000D3DDB2DD92DD91DD71DD92DD92DDB2DDB1
:1098E000D3E5D3E5D3DDD3DDB3D5B3D5D4D5F4D526
:1098F00015D615D636DE56DE56DE76DE76DE55DE3B
:1099000035D614D614D6F4D5F3D5D3D5B2CD92CD61
:1099100051C530BD31C510BD92CDF0B4D0B452BDEB
:1099200011B5F2AC885A43298531031965292419E8
:10993000252125210519051925192511251125117F
:1099400066196611661166098609E8098B226E336D
:109950001044514C314C1044F03BEF3B6E33EC2241
:109960006A1A080AC809C811A711A711A7118719EF
:10997000671967116711671947118711A811A7099E
:10998000C811E8118A22D053F474357D9264D36CE7
:10999000357DF4745585558D768D558D76959695D6
:1099A000768D5585147DB36C315CCF4BAE336D2312
:1099B0008D1B8E1BAE1BCF23EF23CF23CF23102471
:1099C000302C10243024512C512C302410243024DD
:1099D000302C302C302C512C712C512C512C7134BA
:1099E0007134512C502C512C512C30243024512CBA
:1099F000512C302C512C712C9024B12CF134D12CC1
:109A00007024B02CD134D134902CD12CD134B02C42
:109A10009024D12CF12CB0247024D12CD134B12C31
:109A2000B02CD12CD134902C702CB134B134902482
:109A30006F24702C70340F3492545575B78DB78DD8
:109A4000B78DD895D895D895D895D895B895B88D1F
:109A5000B895B88DB88D97857785367D31546E3B36
:109A60008E330B1BA90A0B134B1B6C234C2B2B2B7C
:109A7000EA3289322732E63107326529C631E631CA
:109A80008529E739C631A53185296521442144213D
:109A90002421242104210421E318C210C310E3105F
:109AA000C310C3104521C731C731C731C731A729FA
:109AB0008629A731C73186290519251925190419C1
:109AC000E318C210C218A53912AD7BFF9CFF7BF7CB
:109AD000DDFFBDFF5CFF7CFF1AF7B8E6D9E63BF778
:109AE0007CF79CFFBCFF9CF79CFF7BFF5AFF97EE27
:109AF000B4CD77E639F77BFFBCFFBDFF9DFFBDFF0F
:109B00009CFFDDFF7BFF5BFFD4D5E97A635983615E
:109B1000A78A69A3AAB32CC48EC46EC48FC410D5FF
:109B200051D592D5B3D5D3D5F4DD14DE15DE14DED0
:109B3000F4DDD4DDD4DDD4DDD3DDB3DDB3DDB3DDE1
:109B4000D3DDF4DDF4E5F3DDF3DDD2DDB2D5B1D55F
:109B500091D570D52FCD2FCD50D551D550D550D5CD
:109B600051D571D571D592D592D5B3CDB3D5F4D5A4
:109B700015D635D636DE56DE76DE76DE76DE76DE57
:109B800055DE34D614D614D614D6D3CDB2CD92C564
:109B900051BD30BD51C510BD51C510BD10B511B579
:109BA00053BD0B6B4431C22064292421452124215B
:109BB00025192519051946214519661966194619E9
:109BC000251125116611871166096609C811291A20
:109BD0006A228B22AB228A1A4A1A2912E811A70993
:109BE000A711A711871167116711671967196719FD
:109BF00067194719471947194711471187118711E5
:109C0000C819C811C8118B2A115CD474D36C936421
:109C1000F47475857685568D558D358D568D768D7A
:109C2000768D5585147DB374315CD04B8E334D1BCE
:109C30006D1B6E138E1BAE23CF23CF23CF23F023B8
:109C4000102C102C3024512C512C30241024302472
:109C5000302C30243024512C512C512C512C713467
:109C6000712C512C502C512C512C3024302C512C37
:109C7000512C302C512C712C6F24B02CD134D12C80
:109C80007024B02CF134D134B02CD134F134B12C57
:109C90009024D12CF134B0247024D12CD134B12CA7
:109CA000B02CF134D134902C702CB134B1347024F8
:109CB0006F24902C70340F349254757DD88DD895C4
:109CC000B78DB795D895F895D895D895B88DB8959E
:109CD000D895B88D978597859785567D31544D33A6
:109CE0006E33EB1A890A0B134B1B8C2B4B2B0A2B55
:109CF000A932472AE629C529E7392421E739C6319F
:109D00008529E739E7396529652144212421242162
:109D100024210421E318E318C310A210C310C310B8
:109D2000C3102519A729E731A629C731083A862982
:109D30006629C731A6314521252146216621C31058
:109D4000C2102321A1184A733AF7BBFF7BF75AF7D9
:109D50009CFF9DFF5CF7BDFF1AEF98E6F9EE5BF7FD
:109D60007CFFDDFFBCFF9BF79CFF7BFFF9F693CDEB
:109D7000F1BC56E619F75AF79CFFBDFF9CFF9CFF0C
:109D80009CFFBDFF9CFF9CFF9CFF1AFF15E60DACDE
:109D9000667A247228932CBC4DBC6DBC6EC4F0CC8A
:109DA00072DD92DD93DD14E6F4DD15DE35DE35DEA1
:109DB00015DEF4DDF4E5F4E5F4E5D3DDB3D592D5B5
:109DC00092D592D592D572D571D571D550D550D541
:109DD0002FD50FD5EED4EED4EED40FD5EECC0FCDDB
:109DE0002FD530D550CD71D592D5B2D5D3D514DE7F
:109DF00035DE35DE56DE76DE76DE76DE76DE76DE65
:109E000055DE34DE14D614D614D6F3CD92C571C502
:109E100051BD30BD51C510BD10BDCFB452BD12B53E
:109E20004C73E320E3204529E32065290419241914
:109E30002519651925194519461946194619251177
:109E4000251146194619461166114611460946095B
:109E50008711A711A7098709A7098711670946096B
:109E6000671167118719871967196719461946110C
:109E70004619671947192611461947198719A7194D
:109E8000671167098711A8194A2A8F4BF474F47473
:109E9000F47476857685357D568D568D568D568D26
:109EA000568D3585F47CB36C325CD04B8E334D1BB4
:109EB0006D1B6D136E1B8E1BCF23CF23EF23F0235F
:109EC000102C302C312C512C512C302410243124C6
:109ED000512C302C302C512C512C512C512C712CBC
:109EE000712C512C502C512C512C502C302C512C8D
:109EF000512C512C512C71344F1C9024D134D12C25
:109F00009024B12CF134D134902CD134D134B12CF3
:109F1000B02CF12C1235D12C7024D12CD134B12C91
:109F2000B02CD134F134B02C902CB134B02C70243E
:109F30007024902C70340F34B254767DF88DF895DF
:109F4000B795B895D895D895D895B895978DB88D7B
:109F5000B88D978D77857785B88D7785315C6E3331
:109F60008E330B1B890A0B1B4B238C334C33EA3289
:109F70008932072AA529A53165298529E639852948
:109F8000C631A629C631442124212421242124219B
:109F900024210419E318E318A310A210C310A3107E
:109FA000C3106621E831C7318629083A294286293B
:109FB0006629E73966292521252146212419C31060
:109FC000C21023216331D0A49BFF18EF39F77AF731
:109FD0007BF7BDFF5CF79DFFFAEE98DE1AF77CFF7A
:109FE000BCFFFDFFDDFF9CF7BCFF19F756E632C54D
:109FF000D0B435E6B7EE39FF7BFF7BFF7BFF7CFFFC
:10A000009CFF9CFF5BF79CFFBCFF9CFF5BFF9BFFE3
:10A0100039FFB3DD2CAC49930CACCFC4CFC4AFC473
:10A0200031D572DD72D5D3DDD4DDF4DD55E696EEA3
:10A0300076E615E6F4DDF4DDF4DDF4DDD3DDD3DD25
:10A04000B3D592D571D531CD51D550D530D50FD5A9
:10A05000EFD4CED4CED4CED4EED4EED4EED40FD52D
:10A0600050D550D550D591D5B2D5D3DD14DE34DEE0
:10A0700055DE55DE56DE76E676E676E676E656DEA2
:10A0800035DE35DE15D614D6F4D5F3D592C571BDBF
:10A0900072C531BD51BD10B510B530BD11B5AC8321
:10A0A000032940104529A7390421E4184521441902
:10A0B000241925192511251146194619451145114F
:10A0C0004619461946192511461186196611461179
:10A0D0008611871166116611671187198719671133
:10A0E00067196719471946194619671967194619F3
:10A0F0004619671967194619471947196719A819A1
:10A1000047116711E921A81967096A2A6E43F47497
:10A11000557D7585D7953585768D768D568D368DA1
:10A1200036853585F474B36C525CF043AF334D1B08
:10A130006E138E138E1BAE1BCF23EF23EF23F02362
:10A14000102C302C312C512C5134312C3024512CEA
:10A15000512C512C512C512C712C512C512C712CD7
:10A16000712C512C502C512C512C3024302C512C32
:10A17000512C302C312C51346F24902CF134D134AB
:10A18000902CB134D234B134912CD134F234B12C7E
:10A19000B02CF22C1235D12C9024D22CD12CB12CF5
:10A1A000902CD12CF134B02C902CB134D12C9024A3
:10A1B0007024902C70340F349254767DB785B78D0F
:10A1C000978DB795B895D895D895B88D978DB88D4A
:10A1D000B88D77855685567DB78D978531546E3B02
:10A1E000AE330B23A90AEA1A2B232B2BEA2AA93216
:10A1F000072AA629A5316531242128424421C631E8
:10A20000C631852985292421442165294521242118
:10A210000419E3180419C310A310A310C310A20853
:10A220000419C731E731E831E731E731E831662910
:10A23000A731E7392421652986292421C310C310B9
:10A24000E318C218264AD4C576E696E6F8F6F8F67C
:10A250001AF79CFF7BF77CF7D9E698DE5BF7BDFF2A
:10A260009CFFDDFFBCFF7BF77BF73AF7B7EE15DE0F
:10A2700015E635E635E6B7F6F9FE3AF75AFF7BFF05
:10A28000BCFFDDFFBDFF7CF79DFF9DFF7CFF9CFFBA
:10A290007BFF5AFF19FF35DEAFB42DA4D0BC72CDC1
:10A2A00010C572D5F4DDD4DDF4DD35E656E676EE84
:10A2B00076E656E615DE15DE14DE14DEF4DDF3DD9B
:10A2C000D3DDB3DD72D551D551D530D5EFCCCFCC60
:10A2D000CFCCCECCAECCAECCCECCEED40FD550D5F0
:10A2E00050D550D571D591D5D2DDF3DD34DE34DED5
:10A2F00055DE55DE75DE96E696E676DE76DE56DED1
:10A3000035DE15D615D614D6F4D5B3CD92CD51BDC4
:10A3100010BDF0B410BD30BD30BDF0B44E9CA441B2
:10A320008018E220032145292421252186290419AA
:10A3300025194519051145194519461945192511BC
:10A3400025112511251125114611461146114611D9
:10A3500046114611661146116619461967196719A3
:10A360006719461926192619461926192611261184
:10A37000461966196619461946196719671926118B
:10A380008819E9218811A711C819C819A711AF5355
:10A39000147D147DF47C3585558D558D768D568DC7
:10A3A0005585157D157DB36C725C1044AE2B2C1356
:10A3B0006D136D0B8D13AE1BCF1BCF1BEF23102422
:10A3C00010241024112C31345234112C1024512C0F
:10A3D000512C3024302C512C512C502C502C712CC1
:10A3E000712C30243024512C512C30243024302C2A
:10A3F000312C102C312C51347024B02CF134D13448
:10A40000702CB134D23CB1349134D234F23CB12C02
:10A41000902CF1341235B1249024F22CD12CB12C93
:10A42000B02CD12CD134902C902CB134D12C902C38
:10A430009024B02C70340F349254557DB785B78D6D
:10A44000978DD895D89DD895B895B78D978D978DC0
:10A4500097857785567D567D7785768531546E3321
:10A460008E330B1B890AEA1A2B2BEA2AC932682A77
:10A47000E629C63185312429A631A6316529C631A0
:10A48000A631A63144214421652165294521242195
:10A490000419E318E418A3108208A310C310E410F1
:10A4A0008621283A283A083A0832C73145218629B8
:10A4B000083AE739042165296529E310C310E41837
:10A4C00024218110064AD4C5B3CD34DE96EE56E67B
:10A4D000B7EE3AF77BF75AEFB9DED9E67CFFBCFF5F
:10A4E000BCFFDDFFBCFF7BF73AEF7BFF39F719FFBD
:10A4F000B7F6B3DDD3DDF4E576EEB8F619F73AF743
:10A500003AF75BF77CF79DFFBDFFBDFFBDFFBDFFC9
:10A51000BDFFDDFFBCFF7BFF3AFF36DEF1B48FAC41
:10A52000F1BC93CD93CDB3D5F4DD55E696EE96EE22
:10A5300076EE97EE97EE76E635DE14DEF4DDF4DDAA
:10A54000D3DD92D572D551CDF0CCF0CCAFC48EC452
:10A550008EC4AFC4AFCCAFCCAEC4CFC410CD30CD61
:10A5600051D571CD91D5B2D513DE34DE34DE55DE52
:10A5700055DE75DE76E696E6B6E676DE76DE56DE05
:10A5800035DE15DE15DEF4D5F4D5B3CD92C551BD5B
:10A5900010BDF0B4F0BCEFB4AFB40D9CCC8B223145
:10A5A00080184431A21824216629E4182521452168
:10A5B00025194621451925114619461946194519E7
:10A5C00046194619461946114611461946194611AB
:10A5D000461166196619661946194619461946192B
:10A5E0004619261926192619461946192611261123
:10A5F0004611461146194619461167196719671120
:10A60000A81967118711A711C819C8194609092285
:10A61000D374F89DD79DD79D1485768D15851585A6
:10A6200035851585D474F46C725C1044AE2B4C13D4
:10A630006C138D138D13CE1BEF1BCF1BCF1BEF1B8A
:10A64000F023102C312C31343134112C302C512C7E
:10A65000712C302C302C512C512C502C502C512C36
:10A66000712C30243024512C512C30243024302CA7
:10A67000312C302C312C51347024B02CD134B12CED
:10A680007024912CD234B134912CD134F234B12CC9
:10A690009024D12CF234B12C9024D12CD12C902C9C
:10A6A000902CD12CD134902C902CB134D12C9024DE
:10A6B000902C902C7034EF33925435759785B78D6C
:10A6C000B78DF895F99DB895B895B78D978D978505
:10A6D00077857785567D367D367D357D51548E3B29
:10A6E0008D33EA1A88120A230A2BC92AA932272A8B
:10A6F000C629A52944296531C7396529A631C6313E
:10A700006529442103194421652965214421242117
:10A710000419E318C3108208A308C310E41825190C
:10A72000C731293A283A283A283AC731452186299B
:10A7300028428629242104214421E318E318E4183F
:10A74000E318C2188431AFA451BD92CDF3D5B3D56F
:10A7500076E6D7EE39F7B7E698DE1AF77BFF9CFF6F
:10A76000BCFFDCFFBCFF9CFF7CF77BF73AF719F7D7
:10A77000B8F672CD10CD10CD72D5F4E576EEB8F600
:10A78000D8F619F75BFFBCFF9CF79CF7FEFFFDFFB7
:10A790009CFF9CFF9CFF9CFFBCFFDCFF1AF736D69A
:10A7A00073C532BD52BDD4CDF4D515DE76E6B7EE15
:10A7B000D8F6D8EED8EEB8EEB7EE77E656E656E61F
:10A7C00036E615DEF5DDF5DDD4DDB4DD93D552D505
:10A7D00032D531CD31CD31CD11CD32CD72D5B3D5CC
:10A7E000D4DDF4DD35DE55DE55DE75DE76DE96E64B
:10A7F00096E6B7E6B7E6B7E6D7EEB7E696E676DED4
:10A8000035DE15D6F4D5D4D5D3CD92C551BD31BDE5
:10A8100010BD10BDCFB46EA44DA40C9CEC93C449E4
:10A820004010E220032185314529E41825194521EE
:10A8300025192519251925194619461945194619A5
:10A840004619461946194619461946194619461118
:10A850004611461946194619461946112611461140
:10A8600026192619261946194619261926112611C0
:10A870004511461146116619671947196719A81934
:10A8800067114609A819A71187116609E819092255
:10A89000D79DFFE7FFDF9695D37C9695F484158DC1
:10A8A0001585F47C1475B3643154CF3B8E2B4C1B4F
:10A8B0008D1BAE138D13CE1BEF1BCF1BCF1BEF23B6
:10A8C0001024302C312C31345134312C312C513472
:10A8D0007134512C302C512C512C502C302C512CAB
:10A8E000712C302C3024512C512C3024102C302C35
:10A8F000312C102C312C51346F249024D12CB02CBD
:10A900007024B12CF23CB134902CD134D134B12C20
:10A910009024D12CF12CB1249024D12CD12C902C2A
:10A92000902CD12CD134B034702CB134B02C902474
:10A930009024902C5034EF2B725414759685D88D3A
:10A94000B78DD895D89DB895B895B88DB88D9785A1
:10A95000778577855685567D357D157551548D3BA8
:10A960008D33EA22881AEA2AEA32C9326832E629A5
:10A97000A52924210321C639C739A631C631C631DC
:10A98000442103192421652944214421242124211F
:10A990000419E318A31082088208C310E4104521AB
:10A9A000C731E731E731283A0832C73166218629B5
:10A9B000083A25210421E418A210E3182521E31800
:10A9C000C218E32080188B7B10B58EACB2CD71C558
:10A9D000F3D514D6D7EE55DE76E619F739FF3AFFF0
:10A9E0007BFF7BFF7BFFDDFFBDFF1AE7BDFF5BF752
:10A9F00019F735E68EBC6DBC8EBCF0CCB3E535F6F0
:10AA000097FED8FE19F719EFBCFFDCFFBCF79CF7E7
:10AA1000DDFFFEFFBDFFDDFF9CFFDDFFFDFFDDFF76
:10AA20003AF73AF73AF719F7B8E636DE15D676E68A
:10AA3000D8EE19F719F719F719F7F9F6D9F6D9F683
:10AA4000D9F6B9F6D9F6D9F6FAFEF9FEF9FEF9FE0D
:10AA5000F9FEF9FEF9FEF9FED9FEF9FEF9FE19FF3D
:10AA600019F719F719F739F7F8EEF8EED7EED7E638
:10AA7000D7EEF8EEF8F6F8F6D7EEB7E676DE55DE66
:10AA800015DEF4D5D4D5B3CD92C552C511BD10B5E0
:10AA9000CFACCFAC8EAC6DA48EAC0C9CAB8B834199
:10AAA000801860106531E318A31086294521C31072
:10AAB000251945190511461946194519251946192B
:10AAC000461946114611461966196619461946195E
:10AAD000461146194619461946194611461946198E
:10AAE0004619261926192619261126192611461146
:10AAF0004611461166196619871967198821471189
:10AB00008711A8196711A819A819C819660931640D
:10AB1000BFDFFFEFBFDFC7194D43768DF8A5158D59
:10AB2000568D35851575D36C725CF04B8E334D2385
:10AB30006D1B4D134D0BAE13CF1BEF1BEF1B0F24E3
:10AB40001024102C302C51345134312C102C513411
:10AB50005134312C302C512C512C502C502C512C48
:10AB6000712C302C3024512C512C10241024102CFA
:10AB7000102C102C102C312C701CB024D12CB12C8A
:10AB80007024B12CF23CD134B12CD234D234B12C5B
:10AB90009024D12CD22CB1249024D12CD12CB12CA6
:10ABA000B02CD134F134D134702C9034B02C902CA2
:10ABB000902CB13471340F349254146D9685D8951D
:10ABC000B795D895D895B895B895B895B88D978D0F
:10ABD000978577857785567D567D147510546D3B26
:10ABE0006C33EA2A8822C92AE93A883A0732C52909
:10ABF000642903214429A631A63185294421442111
:10AC00000319E318242124214521041904192421BE
:10AC10000419C31082086208A31025216621C731D8
:10AC2000283A283A493A6942E831251986292942C1
:10AC3000652904192521C318E31825210419E318EF
:10AC4000A210E3202331C1202D9C51C56DAC30C52D
:10AC5000B2D5F3D534DEB3CD34DEB7F6B7F6D8F6D9
:10AC60003AFF5AFF5BFFBCFFBDFF9DF77CF77CF707
:10AC700019F735E650CD6CBC6DBCAEC410D572DD95
:10AC8000F4ED76F6D7F6F8EE19EF5AEF9BF7BCFF26
:10AC90007CF77CF7DDFFBDFFDDFFDDFFDDFFDDFFC6
:10ACA000BDFFDDFFDCFFDCFF9CFF7BFF3AF7D9EE49
:10ACB00098E6B8E6D9EE1AF71AF71AF71BF71AF75B
:10ACC0001BF71BF73BFF3BFF3BFF3BFF3BFF3BFF04
:10ACD0003AFF1AFF1AFF1AFF3BFF3BFF3BFF5BFFE8
:10ACE0005BF75AF75AF75AF75AF75AF739F739F71D
:10ACF00019F719F719F7F8F6F8EE96E655DE35DE8E
:10AD000035DE35DED4D592CD51BD31BD10B5F0B4B0
:10AD10008EA46EA48EA4AEACAEAC4DA40C94E5494A
:10AD20006018C1182321442945210419E41845213C
:10AD300025190519251945194519451945194619A2
:10AD4000461945194619461966196619661966198C
:10AD5000461946192619261946194619461946193B
:10AD600046192619251125112511251946114611B7
:10AD700046196619671967196719881967196819D3
:10AD8000C8194609E9212609C8218711EC3AFCBEF9
:10AD9000FFE7FFE7F3840401B27CFCC6FFEF1DCFA1
:10ADA000358D3585157DB36C725CF04B4D2B0C23C6
:10ADB0006E236E1B8E1BAE13EF1BCF1BCF1BEF231F
:10ADC00010241024302C712C712C302C102C313488
:10ADD00051343134302C302C512C312C312C513415
:10ADE0007134302C1024302C312C1024F0231024FA
:10ADF000102C1024102C302C6F1C9024D12CB12C32
:10AE00007024B12CF234B134912CD134D234B12C21
:10AE1000912CD12CD22CB12C9124D22CD12CB12C10
:10AE2000B02CD134F134B134702CB134B134902C15
:10AE3000902CB13471341034925435759785D8956F
:10AE4000B895D895B895B895978DB88DB88D978DDC
:10AE5000978597857785567D7685357510546D3B3A
:10AE60002C33A9228822C93288322732E631A53113
:10AE700023214429C6398531C631A63165210319FC
:10AE8000241944214421442144210319041904199B
:10AE9000E318C310A210A310E4188629A729C7310C
:10AEA0000832293A6A42493AA6298629C731C73168
:10AEB00066290419A310C318C31004210419E31848
:10AEC000E3180421C220A1204339097B4DA430C5D9
:10AED00071CD71CD72CD71CD71D514E676EE96EE51
:10AEE000D8F619F73AF77BFF9CF79CF79DF79CF78C
:10AEF0003AF7B7EE91D56CB40BAC4CBCCECC50DD70
:10AF0000D2ED34EE96EEB6EEF8EE39EFF9EE5BF7F1
:10AF10009CFF7CF77CF77CEFBDF7DEFFBDFFDDFF1C
:10AF2000DDFFBDFFBCFFBDFFDDFFBCFF9CFF9CFF45
:10AF30007BFF5BF73AF73AF71BF73BF73BF73BF73B
:10AF40003BF73BF73BF73BF75BF73BF73BF73BF751
:10AF50003BF75BF75BF75BF75BF75BF75BF75BF781
:10AF60003BF73AF73AF73AF73AF75AF75AF75AFFF0
:10AF70003AFF39F7F9F6D8EE97E676E655DE35DE94
:10AF800014DED4D593CD52C531BD10B5CFB4CFACFE
:10AF90008EA48EA4AEACCFB48EAC0C9C2D9C05526E
:10AFA0006018C1202321242124212419E418041924
:10AFB00005192519251925192519251125194519A9
:10AFC000451925194619461946194619461966198B
:10AFD0004619461125112511461946192619251914
:10AFE0002511251125112511251946114611461146
:10AFF0004611461167196719671188196719881969
:10B00000A819A8196711C8198719A7199695FFE7F4
:10B01000FFEF7DD7C3002C4B79B6FFEFFFE7B79D5D
:10B020000822316CF57C968D525CD04BAF436E3369
:10B030004E2B4D1B8E23AE1BCF1BCE1BCF23F023DD
:10B04000302C302C502C512C512C3024102C3134DD
:10B0500051343134312C312C512C312C312C513490
:10B060007134312C1024302C312C10241024102455
:10B0700010241024102C302C4F1C9024D12CB124DF
:10B080007024B12CD134912C902CD134D134B12CEA
:10B09000B12CD22CF22CD12C9024D12CD12CB12C2F
:10B0A000B02CD12CD134902C902CB134B134902CC4
:10B0B0009024902C5034EF33925455759685B78D6B
:10B0C000B78DD895D895B895B895B78DB88D978D1B
:10B0D000978D77855685357D7685557D10548D43C2
:10B0E0002B338822882AA93A0632C631C631653107
:10B0F000032185310742A631A62965294421031978
:10B1000003194421242144212421E318E318E318DE
:10B11000C310A310A310E4188629E831C731E83121
:10B12000083A4942AA4A283A6521A629083A4521FF
:10B130006529E318A210A310E4180521E418E41807
:10B14000C3182529C32082180010AC9351C52CAC1C
:10B150004DAC71D572D510C5EFC450CDD3DDF4DD43
:10B1600014DE97EEF9EE3AF77BF77CF79CF79CF745
:10B170007BF7F8EE34DEEEBC2BAC0BAC2BBCAECCCC
:10B1800030DDB2E513E675E6D6EEB6E6D8EEF9F6B2
:10B19000F9EE3BF79CF79CF79CF7BDF7BDF7FEFF78
:10B1A000DDFFDDFFDDFFDDFFDDFFBDFFBDFFDDFFFF
:10B1B000BDFF7CFF7CFF9CFF5CFF5CFF5CFF5CFFD6
:10B1C0005CF75CF75BF75CF77CF75BF73BEF3BEF1B
:10B1D0005BF75BEF5BF75BF75BEF5BF77BF75BF7CF
:10B1E0005BF77BFF7BFF7BFF3AF73AFF1AFF19F70C
:10B1F000F9F619F719F7F8F6B7EE96E676E655E69A
:10B20000F4D5B3D592CD72C510BDAFAC8EAC8EACBB
:10B21000CFACCFB4CFB4AEAC6DA44D9C2D9C8762A7
:10B220004010E2204429242124210419E41824197F
:10B23000E410E4100411251905110511251125113B
:10B2400025112511251926192619261926194619F9
:10B2500046192519251925194619261925192511C3
:10B2600025112511251125114511461146114611AB
:10B270004611471167116711881967196711C921AC
:10B280002611C8218711C819A7194E4BDFE7FFEF18
:10B29000FFEFEB42A719759DFFEFFFEF7DD7082267
:10B2A0004609B3745ECF9FD7399E8F432D33CC228E
:10B2B000ED222D238F2BCF2BAE23AF23CF23EF2BCC
:10B2C000102C502C502C502450243024102C312C75
:10B2D00051343134312C312C512C312C312C512C16
:10B2E0007134312C1024102C512C30241024302493
:10B2F000302C3024102C30246F1CB024D12CB124DD
:10B300007024B12CF234B12C912CF234F234B12CE3
:10B31000B12CD234F22CD12C9024D12CD12CB12CA4
:10B32000B12CD134D134902C902CB134B134902C38
:10B330007024902C5034EF3392545575767D768579
:10B34000978DF895D895B895B895B78D978D978DB9
:10B3500097855685367D1575B78D557DF0538E438F
:10B360006C43A92AA832683AC529A5318531032939
:10B370002429A639C631A63165292421E3180319E9
:10B3800003194421652944212421C310E318C31063
:10B39000A2108208A2100419C731E731A729083A80
:10B3A000293A49428A42E73124194521C7314521CA
:10B3B0002421C310A210C310E518C418C410C41867
:10B3C000252104210529E328401833BDB7F66DACCB
:10B3D000EB9BEFC40FC510CDADBC6DB4EFC451CD28
:10B3E00092D535DE97E6D8EE3AF73BEF7CF77BF760
:10B3F0007BF719F7B6EED2D5EFBC2BACAAA30BB4F2
:10B40000AECC0FD591DD13DE54E675E6D7F6B7EE78
:10B4100097E6F9EE3AEF3BEF7CEF9CF77CF7BDFF48
:10B42000DDFFDDFFFEFFDDFFBDFFBDFF9DFF9DFFDB
:10B430009DFFBDFFBDFF9CFF9CFF9CFF7CFF9DFF10
:10B440009CFF7CF77CF79CFF9CF77CF75BF75BF736
:10B450007CF75BEF5BEF5BEF5BEF5AEF5AEF3AEF96
:10B460003AEF1AF71AF71AF7F9F61AFF3AFF3AFF06
:10B470003AFF19F7F9EEB8EE97E655DEF4D5D4D5D4
:10B48000B3CD93CD51C510BDCFB48EACAEACAEAC88
:10B49000CFB4CFB4EFB4CEB46DA44DA46EA4665AAD
:10B4A000A02002212421442924210419041905196A
:10B4B000E4100519E4100519251125192519251180
:10B4C000251125112519251925192519251946197B
:10B4D000461926192519261926192619251925115F
:10B4E0002511251125192519251125114611661932
:10B4F000671167116711471167116711A819A8191A
:10B500006711A819A8196609AB3A59AEFFE7FFEF12
:10B51000F384E300B2847EDFDFEFFFEFEF5B240113
:10B52000AF53BBBEFFE7FFE736858701C8090912A5
:10B530002A126B12CC1A4D238F2BAF2BCF2BAE239D
:10B54000CF23302C71347134502C302C302C312CD2
:10B550005134312C312C312C512C512C312C512C7B
:10B560007134312C10243024512C30243024512CAF
:10B57000512C302C30243024701CB124F22CB124F6
:10B580007024B12CF234B12C902CD134F234B12C83
:10B59000912CD12CD22CB12CB124D12CD12CB12C6A
:10B5A000902CD134D134902C902CB134B12C9024E7
:10B5B0009024902C50341034B25C767D767D968544
:10B5C000778DB795B895978D978D978D978D978D2A
:10B5D000B88D7785157D367DD88D768510546D4371
:10B5E0006D43AA32272A0632852985314429242928
:10B5F000A639A6316529A631652903190319242125
:10B600004521452145210419C310C310E318C31077
:10B61000C310C31004194521A729A729E831293AE5
:10B62000283A4942083286298629A629452125211A
:10B63000E318A210E318C318C418A310C310E41829
:10B640000419E418A310A318032933BDB7EE14E6B8
:10B65000CEBCEBA38EBCAEC44CB44CB44CB46DB4F5
:10B6600010C5D3D515DE77E6D8EE19EF3AF75AF7BD
:10B670005AFF39F7F8EEB6E614DE0FC50CB4ABABE3
:10B68000CBB34DC40FD571D5B1D5D2D534DE96EE3E
:10B69000B7EEB7E6F8E619E71AEF3AEF3AEF7BF7BD
:10B6A0007CF7BCFFBDFFBDFFDDFFDEFFDEFFDEFF81
:10B6B000BDFFBDFF9DFFBDFFBDFFBDFFBCFFBCFFCC
:10B6C000BCFFBCFFBCFFBDFFBDFF9CFF9CFF9CFF00
:10B6D0009CF77CF77CF77CF77BEF5BEF5BF75BF726
:10B6E0003AF71AF7F9EED8EEB8EED9F6F9F6F9F618
:10B6F000D8EED8EEB7E677E656DE35DE15DEF4D5C1
:10B70000B3D572C510BDAFB46EA4AEACCFB4AEAC01
:10B7100030BD0FBDAEB4AEB48EAC6DA4AFAC87621D
:10B720008018022144292421041904192419E41839
:10B73000E4100419051905112519251925192519CC
:10B7400025192519451945192619261926192619C5
:10B7500026192519251925114619261125112519EE
:10B760004519251125194619461946114619671913
:10B77000671167116711671167118819A819871177
:10B780006719C821A719C8211485DFE7FFEFFFEF6C
:10B7900045118A3ADBC6DFEFFFF7BAC6E300EB32AA
:10B7A000D795FFE7FFE73AAEA8118809E911E9113B
:10B7B000C911C809C8014A0ACC1A6E2B8F2BF03365
:10B7C000313CCF33EF33303C7144513C3034313471
:10B7D000312C312C512C312C712C302C512C512CE2
:10B7E0003024302C3024302C302C302410243024C1
:10B7F000512C30243024512C701CB124F22CB12453
:10B800007024B12CF234B12C7024D12CD134B02C52
:10B810009024B12CD12C9124B124D12CD12C902C5A
:10B82000902CD134D134902C702C9034B02C6F24C7
:10B830007024B02C70343034D35C967D9785978D0E
:10B84000768D978D9795778D778D978D7785978561
:10B85000B88DB88D5685F574567D557DF0532C3BCB
:10B860004C43AA3AC6218521852944294431863989
:10B87000C739A631452165292421E318031924215C
:10B8800024214521452124210419E318C310C310A4
:10B89000A210C3104521C7316621C7316942293A38
:10B8A000283A6942A6298621293AC7312521E41878
:10B8B000C310A310E418E418C4188208C3100419B4
:10B8C0000419C310A310C31824294F9C15D655E69C
:10B8D00071CDCEBC0BAC4CB48DBC2BAC2BAC4CB4F2
:10B8E000AEB430C5B3D515DE76E6B7EED8EEF8F6D1
:10B8F00018F718EFF8E6D8E696E6F3D530CD6DBC2C
:10B90000CBABAAAB2CB4CEC490D5B1D5D2D5F3DD98
:10B9100055E696E6B6E6D7DEF8EE19EF19EF5AF7D8
:10B920005BF79CFF9CFFBDFFBDFFDEFFDEFFDEFF80
:10B93000BEFF9DFF9DFFBDFFBDFFBDFFBDFFBDFF66
:10B94000BDFFBDFFBDFFBDFFBDFFBDFFBDFFBDFF17
:10B95000BDFF9DFF9DFF9DFFBCFFBCF79CFF9CFFB3
:10B960009CFF7BFF5BFF5BFF1AF7F9F6F9EEB8E689
:10B9700077E676DE56DE35D615D6D4CDD4D5F5DDD0
:10B98000B3CD31BDAFB46EA4AFAC8EACAFAC10BD17
:10B9900010BD0FBDCFBC8DAC8EAC6DA4AFAC8762BB
:10B9A0006018E220442924210419041905190419F6
:10B9B000E4100411041104110511051125112519B4
:10B9C000251125192519251925192519251925198F
:10B9D00025192519251925112619251105112511B6
:10B9E0002519251945194619461946114619671989
:10B9F00067196719881968198819A81987116711B3
:10BA00006711871986112D4B3DCFFFEFFFEF4D5387
:10BA100045117595DFE7FFEFDFEF282AE719D374AB
:10BA20009ECFFFE75ED72E4B4709E9192A22C9119D
:10BA3000A911C909C809A801E9092A0ACC1A4D2B7C
:10BA4000AF3B314C314CF043CF3BAE33CF331034AE
:10BA5000723C51341024512C512C302C712C712CEF
:10BA6000302C10241024512C502C30240F2410245E
:10BA70003024102430245024701CB124D12CB12443
:10BA8000701CB12CD134902C7024B12CD12CB02C42
:10BA90009024D12CD12CB124B124D12CD12C902C98
:10BAA0009024D134D134902C6F2C902CB02C6F2456
:10BAB0007024902C502C0F34B25C35759685978588
:10BAC0007685978DB895978D978D77855685978DC7
:10BAD000D895B88D5685F5749364B36C105C0C3BA7
:10BAE0002C4BAA4285216529853144296531C63907
:10BAF000A6316529452124210319E31803190421DE
:10BB0000242124212421E4180419C310C310C310D4
:10BB100082082521E731C731A729E8316A42083A6E
:10BB2000283A083A6521A629283A8629E418C3103C
:10BB3000C310E318E318C318A310C310C3102419CB
:10BB40000419C3102521C3180321AC8352BDEFB4DF
:10BB500030C530C56CB42BAC4CAC8DBC4CAC0BA41C
:10BB60004CACCFBC51C572CD14DE55E696EEB6EEA8
:10BB7000F7EEF8EEF9E6F8DEF8E6B6E634DE72D572
:10BB8000AFC40BACCAA30BACADBC2FCD70D571D577
:10BB9000D2D513DE54DEB6E6D7E6F8EEF8EE39F786
:10BBA0003AF77BFF7CFF9CFF9CFF9DFF9DFF9DFF65
:10BBB0009DFF9DFF9DFF9DFFBDFFBDFFBDFFBDFF25
:10BBC000BDFFBDFF9CFF9DFF9DFF9DFF9DFFBDFF36
:10BBD000BDFFBDFF9DFFBDFF9DFF9DFF9DFF9DFF25
:10BBE000BDFF9DFF9CFFBCFF9CFF9CFFBCFF9BFF1C
:10BBF0005AF719EFD8E677DE15D615D6B4CD32BD93
:10BC0000F1B4B0AC8FAC8FACD0B4CFB4EFB430BD26
:10BC100030BDAEACCEB4AEB48EAC8EACAFACA76221
:10BC20006018022124292421041904192519051951
:10BC30000419041905110411041105110511251128
:10BC40002511251125112511251125112511251144
:10BC5000251125112511251126192511051105116B
:10BC6000251125112619461946194619461967192D
:10BC7000871988198819881988196711A8198719C7
:10BC8000A71946094A32969DFFEFFFEF9ABE820040
:10BC9000AE639EDFFFEFFFEFB27CA20010649AB6A6
:10BCA000FFE7FFDF568D26010A2288118811C91986
:10BCB000C919E9110A12E911E909C809C8016A1A82
:10BCC0009264399E7AA6399ED3741054AF3B103CCF
:10BCD0003034302C302C3024512C3024302C302C6B
:10BCE000302C30241024512C512C1024EF1B102404
:10BCF00030241024302451244F14901CB12490245B
:10BD00006F1CB024D12C90246F24B12CD12CB02CDA
:10BD1000B024D12CD22CB12C9024D12CD12C902C0D
:10BD20009024D12CF134B02C702CB02CB12C902458
:10BD30007024902C502C0F347254F46C767D7685E0
:10BD40005685978DB895B895B78D978D77857785FA
:10BD5000B88DB88D367D1575525C7264115C0C43DC
:10BD6000CB4228322419642965318531A639E7414F
:10BD7000863145294521E318242104210421042189
:10BD800024212421E418A210C310E418C31082084F
:10BD9000E418C731083AA729083A49420832E8317D
:10BDA000493A86294521083A86290419C310C31047
:10BDB00004190419C310A310C310C310E31004190D
:10BDC00045210419C3106529E220EA62D0A48EA49B
:10BDD000EFB48DB4CEBC2BA40BA48DB40BAC0BA4D0
:10BDE0002CAC2CA4CFBC30C5B2D5F3DD34E675E65F
:10BDF000B6EED7E6D8E6D8DED7DEB7E676DE14DED6
:10BE0000B2D50FBD4CACCA9BCAA36CB4CEC40FCD87
:10BE100071D5B2D5F2D554DE75E6B6EED7EEF8EEB2
:10BE2000F9EE3AF75BF77BFF7CFF9CFFBDFFBDFFA0
:10BE3000BDFFBDFF9DFF9CFF9CF79CF79CF79CFFFF
:10BE40009CFF9CFF9CF79CF79CFF7CFF9DFF9DFF48
:10BE50009DFF9DFF9DFF9DFF9DFF9DFF9DFF9DFF02
:10BE6000BDFFBDFFBDFFDDFFDDFFBCFFBCFFBCFFB5
:10BE70009BFFBCFFBCFFBCFF7BFF3AF7F9F677E600
:10BE800053C590AC6FA44E9CAFAC10B5F0B4CFB41A
:10BE9000EFB40FBDEFB4AEB4AEACAFACAFAC875A3D
:10BEA000801803292421E318E4180419051904193A
:10BEB00004190419051905190411051105110511B5
:10BEC00025112511251125192511251125112511BA
:10BED00025112511251125112519261125112511A9
:10BEE00025112611261946114619461947196719B1
:10BEF000881988198819A8198719A719A819461126
:10BF0000E8218611F0639EDFDFE7FFF7C721082AEB
:10BF100038B69EDFFFF779B624098A32348DFFE701
:10BF2000FFE75ECF4A2A67092A22C919A919881191
:10BF3000A911C911A809E91109122A1A2A1A526469
:10BF40003DC7FFEFFFEFFFE7FFE759AE7264104C0C
:10BF500030441034102C302C512C512C302C302CDF
:10BF6000512C512C3024512C512C302410243024AD
:10BF7000502C30243024712C4F14701CB124902488
:10BF8000701CB12CD134B02C6F24B12CD12CB02C1E
:10BF9000B024D12CD12CB124701CB124D12CB12CC3
:10BFA0009024D12CD134902C702CB02CD12C9024F6
:10BFB0009024902C702C3034B25C14759785978542
:10BFC0007685978D978D978D778DB78DB88D567DAA
:10BFD000978DD895157DF574B36C357D8E4B4D4B93
:10BFE000493A2519862965296531C639E741E73976
:10BFF000863124212421E318242124212421042111
:10C0000004210421E418A310C3100419A310A208EA
:10C010008629083AC731C7314942083208324942B5
:10C02000C7292519E731A6292519E310E418E418D2
:10C03000E418E418A310C310C310C3102419452139
:10C040000411251986210419C21864312A6BD0AC59
:10C05000CFAC4CA4CEB4ADB42BA4EBA34CACCA9BD8
:10C06000A9932BA44CACCEBC2FC591D5D2D5F3DD72
:10C0700034DE76DEB7E6D8E6F8E6D7E6D7E6B6DE13
:10C0800055D6F3CD51C5ADB4CA9BAAA3CAAB2CBC3F
:10C09000CEC450CD90CD91CD34DE75E696E6D7EE88
:10C0A000D7EE19F71AF75AF77BF77CFF9CFFBDFF15
:10C0B000BDFFBDFF9CFF9CF79CF77CF77CF79CF7CE
:10C0C0009CFF7CF77CF79CFF9DFF9DFF9DFF9DFFE4
:10C0D0009DFF9DFF9DFFBDFFBEFFBDFFBDFFBDFFDF
:10C0E000BDFFBDF7DDF7DDF7BDF7DDF7DDFFDDFFF8
:10C0F000BCFFBCFF9CFF7CFF9CFF9CFF7CFF9CFF68
:10C100009CFFF9EEB4CD11B511B5F0B4D0ACCFAC05
:10C11000AEAC10BDAEB48EAC8EACCFB46EA4265215
:10C120006018E220242104190419E418E410E4182A
:10C130000419041904190419041904190511051125
:10C14000251125112519451925112511251125110F
:10C15000251125112511251125112511261146110D
:10C160002611261126112611461967196719671914
:10C17000A819A8198819A8198711A7196719871963
:10C18000A719EC42F8ADFFEFFFF7D384C300B27CF0
:10C190005DD7FFF7FFEF4932A611716C9EDFFFEF0D
:10C1A000DFE7326CC4000A22A8118811C919C91925
:10C1B000A911EA192A22E919E919E8190D3BD89DB4
:10C1C000DFE7FFEFDFEFFFF7FFF7FFF7FFE7D795B9
:10C1D000104C0F3CEF331034312C312C102C312CFF
:10C1E000512C10241024512C512C30241024302494
:10C1F0003024302430245024701C901CD12CB124C5
:10C200007024B12CF134B02C9024D12CF134B02C0A
:10C21000B024D12CD12CB024701CB124D12CB12C41
:10C220009024D12CD134902C702C902CB02C6F24D5
:10C230006F24902C702C3034B25C1575B78DB78D8F
:10C24000978D978D978D978D978DB78DB88D7785B5
:10C25000B88DD895157D157D357DD4748E536A3291
:10C260000419A629242165318531C639A639A5319D
:10C2700065290421E3180421E31824212421E3186B
:10C28000E318C318E318E318E318A310C3104521FB
:10C29000C731C731C731083A293A493A493AE731F3
:10C2A00086216521A6296621241904190419041977
:10C2B000E318C310A310E3182419041166216621A2
:10C2C00066194619E41045212421E21864310A6BED
:10C2D0002E94AFAC8EAC4CA46DACEBA3A9932CAC5C
:10C2E0000BA4688BCA9B2BA46CACEEBC71CDB2D5F1
:10C2F000F3D534DE56DEB7E6B7E6B7DED7E6B7DE0F
:10C3000075D655D6F3CD51C5AEBC0CACCAA3CBABDC
:10C310000BB48DBC2FCD91D5D2D534DE75E6B6E603
:10C32000B7E6F8EE19F73AF75BF77BF77CF77CF79F
:10C330009CFF9CFF9CF77BF77CF77CF77BF77BF7F8
:10C340007BF77BF77CF77CF79CFF9CFF9CFF9CFFB7
:10C350009CFF9DFFBDFFBDFFBDFFBDFFBDFFBDFF3E
:10C36000BDFFBDF7BDF7BDF7BDF7BDF7BDF7DDFFFD
:10C37000DDFFBDFFBDFFBDFFBDFF9DFFBDFF7CFF1E
:10C380007CFFBCFF9CFF1AF7F5CDF0ACD0AC10B52C
:10C3900071C5CFB44DA4F0BC6DACCFB46EA4054A4A
:10C3A0008018E220032104210419E418E410E418A1
:10C3B0000419041904190419251925192511051141
:10C3C000251125112519451925112511251125118D
:10C3D000251125112511251125112511261146118B
:10C3E0002611261126112611471967198719881950
:10C3F000A82188198819671966118711871966118C
:10C40000292A927CFFEFFFEF1CCF4511CB427ABE69
:10C41000DFE7FFEF148D66114C4B79AEFFE7FFEFBE
:10C4200039AE6711E919A919EA19EA198811C91170
:10C430000A1AC911EA19C919C819ED4276957ED7A9
:10C44000FFF7FFF7FFF7FFFFFFFFFFF7FFEFFFEF3C
:10C450009AAE3054CF3B303C5134102CF023312C69
:10C460005134F023F023312C512C302C1024102483
:10C4700030241024102450249024B124D12CB12431
:10C480009024D12CD134B02CB02CF134F134B02C18
:10C49000B024D12CD12CB024701CB124D12CB02CC0
:10C4A0009024D12CD12C902C6F2CB02CD12C9024FA
:10C4B0007024902C502C0F3472541475D78DB78D76
:10C4C000B895B78D978DB88DD895978D9785978DA1
:10C4D000B88D7785157D157D5585B3746D53C7214E
:10C4E0000419A7314529452986318531642944211C
:10C4F00044210319E3184521031924212421E318B9
:10C50000A310A310C310E418C41882082521E83131
:10C51000A731A731083A283A293A6942293A8621AF
:10C520004521A62966214521041904190419041975
:10C53000E318C310C318E418041966218721872162
:10C54000672146194619251924192421E320232996
:10C550000A6B6E9CAFAC4CA46DAC4CAC0BA42CA481
:10C560002CACCA9BC99BA99BCA9B4CACCFB430BD19
:10C5700092CDD3D514DE55DE76DE76DEB7DEB7DEBD
:10C58000B6DE96DE55DEF3D571CDEFC48DB40BACBF
:10C59000EAA3EAA38CB42FC591CDF3D554DE96E679
:10C5A00096E6F8EE19EF3AF75BF75BF77BF77BF768
:10C5B0007BF79CF79CF77BF77BF75BF75BF75BF709
:10C5C0005BF75BEF5BF75BF75BF77BF77BF77BF783
:10C5D0007CF79CF79CFF9CFFBCFFBCFFBCF7BCFF3B
:10C5E000BCFFBDFFBDFFBDFFBDFFBDFFBDFFBDFF6C
:10C5F000BDFFBDFFBDFF9DFFBEFFBEFF9DFF9DFFB9
:10C60000BEFFBDFF9CFFBCFF9CFF19F715D68FA492
:10C61000AFACF0B4CFB4AEAC6EACF0B46EA4C44169
:10C62000A12003210321041924210419E418041969
:10C63000051904190419051925192519251125119C
:10C64000251125192511251925112511251125112A
:10C650002511251125112511251125112611261128
:10C660002611461947194719671967198819881932
:10C6700088198819671947116711A719A719871908
:10C680008E5B3DD7DFE7FFEF2D534511D38CFFEFD6
:10C69000FFEFDFE7082A66191385FFE7FFEF9FDF4B
:10C6A0004E53A400E9218811A919C919C911EA1129
:10C6B000C911C911EA19EA21AC3A36959FDFFFF793
:10C6C000FFF7FFF7FFF7FFFFFFFFFFFFFFFFFFF79A
:10C6D000FFEF3DC7D36CF043723C312C102C51342A
:10C6E0005134102C302C312C312C302C102C1024A7
:10C6F000302430243024502C7024B124D12CB12C7F
:10C700009024D12CF134B02CB02CF134F134B02C75
:10C71000B024D12CD12CB124901CD124D12C902424
:10C720009024D12CD12C90246F24B02CF134B02C37
:10C73000B02CB02C502C0F3492543575F88DD89500
:10C74000D895978D568D978DD895B88D9785978D5F
:10C75000567DF574367D157DF47C92748A3AC7292E
:10C76000C7310421C739453185314429442123216A
:10C7700044212421E3184529452965292421E3186A
:10C78000C310A310A310C310E4102521A729C7319B
:10C79000C731C731083A293A49426942E73166212F
:10C7A0008621C7294521241904190419E418E4181D
:10C7B000C310C310E4180419451966198721A8216C
:10C7C0006719471987196619662145212421E32035
:10C7D0008439885A2D94AFAC6DA42C9C8EAC2CA4BB
:10C7E000CA9B4CAC0AACA99BA99BEA9B2CA46EAC3F
:10C7F000F0BC71C5B2D5D3D514DE55DE76DE96DE3B
:10C80000B6DE96DE55D655DE14DED3D551C5EFBC67
:10C81000ADB44CAC2BAC8DB430C5B2CD14DE75E6E6
:10C8200096E6D8EE18EF19EF39EF3AEF5AF75AF7C4
:10C830007BF77BF77BF75AF75BF75AF73AEF3AEF5C
:10C840003AEF3AEF3AEF3AEF3AEF5BEF5BEF5BF735
:10C850005BF77BF77BF77BF79BF79BF79BF79BF7E8
:10C86000BCF79CFFBCFFBDFFBDFF9CFF9DFFBDFF54
:10C87000BDFFBDFFDDFFDDFFBEFFBEFFBEFFBDFF95
:10C88000BDFFBDFF9CFF5BF79CFFBCFF3AF7B7E61F
:10C8900011B510B5AFACCFB4CFB410BD2D944339A2
:10C8A00081180321042104190419E418E418041957
:10C8B00005190419041925192519251925192511F2
:10C8C00025112511251125112511251125112511B8
:10C8D00025112511251125112511251126112511A7
:10C8E0002611461967196719882168198819671967
:10C8F00067196719871947118719A719A7198A3A5C
:10C90000D7A5DFEFFFF739AEC3006D5BFCCEFFEFBD
:10C91000FFEFB27CE4008E5BBBC6FFEFFFE7358D17
:10C920004609C919A819EA21C91988090A1A0A1257
:10C930000A120A1AE919ED42769D7EDFFFF7FFF72A
:10C94000DFF7FFFFFFFFFFFFFFFFDFFFFFFFFFF747
:10C95000BFEFFFEF7ECF1475F043313C31343134FB
:10C96000F02BF02B312C102C1024102C102C102418
:10C970003024302430245024501C9124B12CB12C6C
:10C980007024B12CF134B12C9024D12CF134B02C82
:10C99000B024D12CD12CD12C9024D124B12490249A
:10C9A0009024D12CD12C902C4F24B134D13490240C
:10C9B0009024902C502C0F2C92545575F88D18966D
:10C9C000B8959895778D578DB895D895B88D77850A
:10C9D000567D367D5685F57CF4848E5BC729C72944
:10C9E000C731A218A639853985316429032123214D
:10C9F000442124212421252145294529E318821099
:10CA0000C318E418C310E4104519A629C729A6299C
:10CA1000C729E831E83108326A42293AA629862135
:10CA2000C731862924190419E418E418E410C31046
:10CA3000C310E41805192519461987198721881983
:10CA40008719471146116719A7214619251965212C
:10CA50002321232947520D8CAFA4AEA48EAC6CAC1D
:10CA60000BA42BAC2BACEAA3CAA3CA9BCB9B0C9CFC
:10CA70004DA4AEAC0FBD30C592CDD4D534DE55DE5D
:10CA800096DE96DE76DE55DE55DE35D634D6F3CD2F
:10CA900071C5EEB48DB42BA4AEB451CDD3DD34DE6C
:10CAA00096E6D7EEF7EEF8EE18EF18EF18EF19EF5D
:10CAB00019EF19EF19EF19EF19EF19EF19EF1AEF35
:10CAC00019EF19EF19E719E71AEF1AEF3AEF5AEFD2
:10CAD0005AEF5AEF5BEF7BF77BF77BF77BF79BF720
:10CAE0009BF79CFF9CFF9CFF9CFF9CFF9CFF9CFF77
:10CAF000BCFFBCFFBCFFBDFFBDFF9DFF9DFF9DFFB9
:10CB00007DFF9DFFBDFFBDFF9CFF7BF7BCFFBCFF12
:10CB1000D8E611AD8FA431B5AFAC8FA4CC8B223148
:10CB2000A11803212421C3100419E418E4100419E6
:10CB30000519051905192519251925192519251965
:10CB40002511251125112511251125112511251135
:10CB500025112511251125114619461946112611B1
:10CB600026114719671987196719881967196719ED
:10CB7000471167196719671987118711C819727CDE
:10CB80005EDFDFEFFFEFAA3AE719969DFFF7FFF7A9
:10CB90003DD76511C719969DFFEFFFEF5ED7E819E6
:10CBA0004609C811EA19A911C911EA19EA110A1AA4
:10CBB000E9192A222D4B7695BFE7FFF7FFF7FFF71C
:10CBC000DFF7FFFFFFFFFFFFFFFFFFFFDFF7DFF7ED
:10CBD000DFF7FFF7FFF7DFE7768D1054F043103CE7
:10CBE000513C3134102C102C5134302C302C302C42
:10CBF0003024302430245124501C9124B12CB12CE9
:10CC00007024B12CF134B02C7024D12CD12CB02C48
:10CC1000B124D12CD12CD12C901CB124B12490243E
:10CC2000901CD12CD12C9024702C902C902C4F1C2B
:10CC30004F1C9024502C0F2C914C346DD785D88DDF
:10CC4000B89598959895578D988DD995B88D978565
:10CC5000567D77857785B474D37C2932A729A72997
:10CC6000041945296531A639643144292321442119
:10CC7000442144214529042125210421C318A3105E
:10CC8000041945210419E3104519C729A629C72904
:10CC9000493A283AC731493A6A42E8318621A629F9
:10CCA000A729452104190419E410E410C310C31086
:10CCB000E41804192521462167198719871987194E
:10CCC000871967196711671967198721661945213F
:10CCD000442103214329064A2D8CAFA46D9C4DA409
:10CCE000AEB44CACEAA3EAA3CA9BEB9BCB9BAA9342
:10CCF000CA932BA48DACADB4CFBC31C592CDD3CDEE
:10CD000034D655DE76DE76DE76DE76D655D634CE71
:10CD1000F3CD91C52FC58DB46DACEFBC71CDF3DDF6
:10CD200075E696E6B6E6D7EED7EED7E6B7E6B7E60F
:10CD3000B7E6B7E6B7E6D7E6F8EEF8EEF9EEF9EEC5
:10CD4000F9EEF9E6D9E6D9E6F9E619E71AE73AE79E
:10CD50003AE73AEF5AEF5AEF5AEF5AF77BF77BF779
:10CD60007BF77BF77BF77CFF7CFF9CFF9CFF9CFFA6
:10CD70009CFF9CFFBCFFBCFF9DFF9DFF9DFF9DFF97
:10CD80009DFFBDFFBDFFBDFFBCFFFDFFBCFF7BF7EF
:10CD9000BCFFB8E693BDD0A4D0ACB0AC4B7B0229AD
:10CDA000C218E3200321E3180419E4180419041934
:10CDB00005190519251925192519251925192519C3
:10CDC00025192519251125112511251125112511A3
:10CDD00025114611251125114611461146194619EE
:10CDE000461947196719871967196719671988213B
:10CDF000261187216719461166118711CC427ABE28
:10CE0000DFF7FFF772740401306C7DDFFFF7FFF787
:10CE10002D532409306C1CCFFFF7FFEF8F5B05010A
:10CE2000A811C911C911A911EA19E911A911E91922
:10CE3000A811EC3AB79DBFE7FFF7FFF7FFFFFFFF31
:10CE4000FFFFFFFFFFFFFFFFFFFFDFF7DFF7FFFF42
:10CE5000FFFFDFFFDFFFFFFFFFEF189EF053CF3B29
:10CE6000314410345134312C51341024EF23102C20
:10CE7000302C3024302451247024912CD12CB12C0E
:10CE80007024B12CF134B02C7024D12CF134B02C9E
:10CE9000B024D12CD12CB1246F1CB024B124902407
:10CEA0009024D12CD12C7024902CB134B02C4F2450
:10CEB0007024902C502C0F2C914C346DB785B78D6D
:10CEC000B895B895B895988D778DD9959785367D15
:10CED0005685978D157D73748E5B4519C73165290D
:10CEE000E3186529A6398531642944294429442950
:10CEF0002421452966292521C318C318C318E3181E
:10CF000024210419041945198629E731083A083AF9
:10CF1000283A0832083A4942083AA7298629A62918
:10CF2000862945210419E410C310C310C310C4108E
:10CF3000E418251946216621872167196719871981
:10CF4000671967196719671946116619662145211E
:10CF500045214421442103210642AC7B6E9C6EA4F2
:10CF60008DAC4CAC2BA40BA4EA9BCA9BEA9BEA9B1E
:10CF7000CA9BCA93CA9BEA9B2CA48DACEFB450BD4C
:10CF8000B2C5F3D534D655DE56DE56DE75D655D647
:10CF900054D634D6B2CD2FBD8EACAEAC10BDB2CD12
:10CFA00013DE34DE55E675E696E675E655DE55DEAB
:10CFB00035DE55DE76DE96E697E6B7E6B7E6D8E6E6
:10CFC000D8E6D8E6D8E6D8DED8E6F9E6F9E619E7F5
:10CFD00019E719EF3AEF5AEF5AEF5AEF7BF77BF761
:10CFE0007BF77BF77BF77BF77BF77BF77BF79CF790
:10CFF0009CF79CF79CFFBCFF9CFF9DFF9DFF9DFF46
:10D00000BDFFBDFFBDFFBDFFDDFFBCFFBCFFBCFF23
:10D01000BCFFDCFF3AF731B5D0AC8FA4A862C120C9
:10D02000C2182321E318E318041904190419041978
:10D030002519251925192519251925192519251900
:10D0400045194519251925112511251125112511D8
:10D05000461146112511251125114611461966194B
:10D0600067196719671967196719671967196719C0
:10D0700046118719661966118711292AD48C7EDF1B
:10D08000FFEFBBC604092C4B18AEFFEFFFEFF8AD66
:10D09000A2002C4359B6FFEFFFEFB7A50509A81969
:10D0A000A811EA19A911EA19E911C911C911E91957
:10D0B000ED4276957EDFFFF7FFF7FFF7FFFFFFFFFB
:10D0C000FFFFFFFFDFFFFFFFFFFFDFF7FFFFFFFFB8
:10D0D000FFFFDFFFDFFFFFFFFFF7FFEFF89D51547A
:10D0E000F03B3134102C512C71341024CF23102CF0
:10D0F000302C1024302430249024B12CD234B12C84
:10D100009024B12CF134B12C9024D12CF134B02CDA
:10D110009024D12CD12CB1244F14901CB124B024D4
:10D12000B024D12CB12C6F24702CB134D134902484
:10D130009024902C702C2F34B2545575B78DD78D08
:10D14000B895D895B895988DB88DD895567D1575A4
:10D15000367D7685B374AF53082A6621E8312421E1
:10D1600024214429A6396531032124216529652913
:10D17000452945294529E418A3108210E3182421E4
:10D18000E418C3100419E731E731E7314942293A7D
:10D19000A62908326A42293AA7298629A629A6295A
:10D1A00066212519E410C310A310A310C310C410E6
:10D1B0000519451946216621662146196619671920
:10D1C000471967196719461946194611461946192C
:10D1D0002419452145210321E218A5394B736F9C81
:10D1E0008EA44DA44CAC6CAC0BA4EA9BEA9B0BA4A4
:10D1F0000A9CCA9BC993C993CA9BEB9B4CA4ADAC38
:10D200000FBD71C5D3CD14DE35DE55DE76DE75DE9D
:10D2100075DE55DE13D6B2CD0FB5CEACEFB471C509
:10D22000D2D5D3D5F3DDF3DDF3DDD3D5B3D5B3D587
:10D23000B3D5D3D5F4D514D635DE55DE76DE96E6F5
:10D2400097E697DEB7DEB7DEB8DED8DED8E6F8E6DA
:10D25000F8E6F9E619E73AEF3AEF3AEF5AEF5AEF04
:10D260005AEF5AEF5BEF5BF75BF77BF77BF77BF7E8
:10D270007BF77BF77BF79CF79CF7BCFF9CFF9CF749
:10D28000BCFFBDFF9CF7BDFFBCFFBCFF9CFFDDFFEB
:10D290007BF7DCFFBCFFB8E6F1ACCD8B6752A11881
:10D2A000E21824210319E3100419041904190419BC
:10D2B000251925192519251925192519251925197E
:10D2C000461945192511051125112511251146115C
:10D2D00025112511251125112511461966196719E2
:10D2E0006719671967196719671967196719461167
:10D2F0008719671966198719A7192D4B9BC6DFEF88
:10D30000FFEFCB428611148D7EE7FFEFBFE7082ABF
:10D310006511F37C7ED7FFEF9FDF6B322609092270
:10D32000A819A8110A1AC911E911E911091ACC3A68
:10D3300036957EDFFFEFFFEFFFF7DEF7DEFFFFFF43
:10D34000FFFFDFFFDFFFDFFFDFFFFFFFFFFFFFFF6D
:10D35000DFFFDFFFDFFFDFFFDFF7FFF7FFE7399ECC
:10D36000104C313C102C10247134102CF023102C54
:10D37000102C102C102C30249024B12CD134B12C32
:10D380007024B02CF134B12C902CD12CF234B12C6F
:10D390009024B12CD22CB124701CB024D12C902418
:10D3A0009024D12CB12C7024702CB134B12C702469
:10D3B00070247024502C2F34B2543575B78DD78D0E
:10D3C000B88DB895B895778DD895B88D157D76853B
:10D3D000157D3585316C492A8621C629862904198F
:10D3E0004429A63924296531032165298531652120
:10D3F000452145210419A310C310A310E4180419F2
:10D40000E31004198629083A083A083A083AE7313D
:10D41000E731493A69420832A729862986218621BF
:10D420004521C3108308C310C310A310C310E41018
:10D430002519461966216621662146216621662145
:10D4400046194619661946194619461946192619E4
:10D4500046192519251925190421E3186431EA6AAA
:10D460002E948FA48EAC4CA44CA42BA4EA9BEA9BD4
:10D470002BA44BAC0AA4A993C993C993C993EA936B
:10D480004CA4CEB450C5B3D5F3D514D635DE55D69D
:10D4900055D634D613D6F2CD70BD0FB5EEB430BD2F
:10D4A00071C591CD91D591D551CD30CD30CD30C50F
:10D4B00051C571C591CDB2CDF3D514D634DE55DE4C
:10D4C00055DE75DE76DE76DE97DE97DEB7DEB7DE1A
:10D4D000D8DED8E6F8E6F9E6F9E619EF3AEF3AEFE2
:10D4E0003AEF3AEF5AEF5AEF5BEF5BEF5BF75BF720
:10D4F0005BF75BF75BF77BF77BF79CF77BF77BF7DB
:10D500009CF79CF77CF79CF7BCFFDDFF9CF7BCFF0A
:10D510009CFF9CFF9CFFBCFFF5CD8C7BC541E220AE
:10D520002321E3180419E310E410E4100419051989
:10D5300025192519251925192519251925192519FB
:10D540004619451925112511251125114611461198
:10D550002511251125112511461946196619671936
:10D56000671967196719671946116719671946110D
:10D5700087196619A7218719082A569DBFEFFFEF63
:10D58000D37CE300CF63BAC6BFEFFFF7EF63C200FF
:10D59000AE53BABEFFEFFFEFF484C400C921A8194F
:10D5A000A819C919C911E911C911091ACC3A369536
:10D5B0009FE7FFF7DFF7FFF7FFFFFEFFFFFFFFFF2C
:10D5C000FFFFDFFFDFFFDFFFFFFFFFFFFFFFFFFFCB
:10D5D000FFFFDFFFDFFFDFFFFFFFBFF7DFEFFFE74B
:10D5E000D36C514CCF2B1024512C302C102C102CE0
:10D5F000102C102C302C302C902CB12CD134B12C80
:10D600009024B12CF134B12C902CD12CF134B12CCC
:10D610009024B12CF22CB124B124D12CD12C902403
:10D620006F1CB02CB12C902C702C902CB02C702432
:10D630009024902C2F2C0F2CB2543575D78DF89543
:10D64000B895B895B895988D988D7685357D768501
:10D65000147D35850C436619E7318629E318442982
:10D660008631A63903216529852985316529041963
:10D6700004190419C318A310820804190419C3104B
:10D6800024198629A731E8394942283AE731E73198
:10D69000283A493A0832C729A729A7296621251916
:10D6A000E410A308A308C410C310C310C4100411CD
:10D6B00025194619461946196621662187216621D2
:10D6C0004619461946194619261946194619461982
:10D6D000661946192619251925214521C2184429FC
:10D6E000885AED8BAFA46DA44CA46CA46CAC2BA495
:10D6F0000AA40AA42BA46CAC2AA4EA9BA993A8931D
:10D70000CA930BA48DB410C551CD92CDD3CDF3CD1A
:10D7100014D613CEF3CDF2CD91C52FB5EEB4EEB441
:10D720000FBD2FC50FC50FC5EFC4CEC4CEBCCEBC38
:10D73000EFBC0FBD30C570C591CDB2CDD3D5F3D5FB
:10D7400014D634D655D655DE76DE96DE96DE96DED7
:10D75000B7DEB7DED8E6D8E6D8E6F9E619E719E786
:10D7600019E73AE73AEF5AEF3AEF3AEF5BEF5BEF40
:10D770005BEF5BEF5BEF5BF77BF77BF75BEF5AEF02
:10D780005BEF7BEF7BEF7CF7BCF77CF7BDFFBCFF6B
:10D79000BCFF9CF7DDFFBCFF5BF7909C0229E220F9
:10D7A0000321E318E418E310E410E4100419251928
:10D7B0002519251925192519251925192519251979
:10D7C0004619461925112511251125114619461905
:10D7D000461125114611461946194619661966194A
:10D7E0006719671967196719461967194611671983
:10D7F0002511661987196619F06BDCCEFFEFFCCE98
:10D80000E7198A32969DDFEFFFFF38B64509692A8E
:10D810007695FFE7FFEF9BBE461187118819A9197E
:10D82000C919A811E911E919E919EC3AF5843DD7AC
:10D83000FFF7FFF7FFF7FFFFFFFFFFFFFFFFFFFF10
:10D84000FFFFDFFFDFFFDFFFDFFFFFFFFFFFFFFF68
:10D85000FFFFFFFFFFFFDFFFBFFFFFFFFFFFFFF740
:10D860003DBF5154CF2B513410241024102CF02BD9
:10D87000F02B102C302C302C902CB12CD134D12CFE
:10D88000902CB134D134B12C902CD12CF134B02C5B
:10D890007024B12CF22CB1249024D12CD12C9024C2
:10D8A0006F24B02CD12C902C702C902CB12C902C5F
:10D8B000B02C912C502CEF2BB25C3575F88D19964D
:10D8C000D895B895B895D89556853685968D147D9A
:10D8D00035859274C721A72107324529E318853180
:10D8E000C63924296531853144212421442144212C
:10D8F0000419C31082108208A308241925192419B9
:10D900008629C731A731083A6942083AE831083A0E
:10D91000283AE731A6298621862186214621E4106E
:10D920008208A310C310A310A310C310E41004199D
:10D930002519451946194619662186218621662131
:10D9400046194619461946194619461946194619DF
:10D950002619461946110511251945212519E318DF
:10D960002429274A6B7B6E9CEFB46CA40B9C2BA4E0
:10D970002BA40AA44BA48CAC8CAC6BAC2AA4EA9B61
:10D98000C99BC99BEA9B4CACAEB430BD71C5B2CD4E
:10D99000F3CDF3CDF3CDF2CDB1C570BD0EB5CEB4A0
:10D9A000AEB4ADB48DB48DBC6CB44CB44CB46DB4E9
:10D9B0008DB4CDBCEEBC0FBD2FC550C591CDB1CD42
:10D9C000B2CDD3CDF3D514D635D655DE55DE76D6C9
:10D9D00076DE96DEB7DEB7E6B7E6B8DED8E6D8E69E
:10D9E000F8E6F9E619E739E719E73AE73AEF5AEFC7
:10D9F0005AEF5AEF5BEF5BEF5BF75AEF3AEF5AEFF4
:10DA00003AEF5AEF5BEF7BEF5BEF7CF7BCFF7CF705
:10DA10009CFFBCFF9CFF9CFFFDFF57D6A539A118BA
:10DA2000E3180419C310E310E410041905192519AB
:10DA300025192519251925192519251945194519B6
:10DA400026192619251125112611261146114619C8
:10DA500046194619461946194619461946196619AE
:10DA600066196619671967196619661946116619E4
:10DA70002511661986196A3AF8ADBFE7DFEF8E5BAC
:10DA80006509516CBEE7DFEFBFEF6A3A4509927452
:10DA90007ED7FFEFBFE7AB42C500E921A819881187
:10DAA000C919A811091A091A8B32D4845EDFFFFF45
:10DAB000DFF7FFFFDFF7FFFFFFFFFFFFFFFFFFFFC6
:10DAC000DFFFDFFFDFFFFFFFDFFFFFFFFFFFDFFF06
:10DAD000DFFFFFFFFFFFDFFFFFFFDFFFDFFFDFF7FE
:10DAE000FFE77685EF3B1034102C1024F023F02B49
:10DAF000F02BF02B102C302C7024902CD134D134FE
:10DB0000902CB134D134B02CB02CD12CD134902401
:10DB1000701CB12CF22CB1246F1CB024D12CB02C71
:10DB20009024B12CB12C702C702C902CB12C902402
:10DB30009024902C502C1034B25C3575F895199EB9
:10DB4000D895978DB78DD89536857685968DD47C6A
:10DB5000358D2D4B86210832C73144294429A639F9
:10DB60006531E3208531E7392421031965218629B0
:10DB70000419A310A31004194521C3086521083A0C
:10DB8000C731A731083A28424942083AE731E7311C
:10DB9000083AE7318621862186214519251904197D
:10DBA000A3088208A3108310A310C310E41805195A
:10DBB0002519451945194619461986216621451921
:10DBC000451946214619461925196621461926196F
:10DBD0006719461926116619261905196621E410D8
:10DBE000C310031984318C7B6E9C4DA44DA44CA4AE
:10DBF0002BA4EA9B0B9C4CAC8CAC8CAC8CB46CAC6A
:10DC00002BA4C99BA993EA9B0B9CAEB430BD71C5F4
:10DC1000B2CDD2CDD2CDD2CDB1CD91C52FBDCEB466
:10DC20008DAC4CAC0BAC2BAC0BAC0BAC2BAC6CB4D0
:10DC30008CB4ADB4CDBCEEBC0FBD2FC550C570C506
:10DC400091CDB1CDB2CDD3CDF3D513D614D614D654
:10DC500034D655D675DE96DE96DE96DE96DE96DEF8
:10DC6000B7DED7DED8DEF8DEF9E619E719E73AE7DE
:10DC70003AEF3AEF5AEF5AEF3AEF19EF1AEF3AEF5D
:10DC80003AEF3AEF5BEF5BEF7BF77CF77BF79CF7C4
:10DC90005BF7FDFF7BF79BFF7BF79CFF8C734008D6
:10DCA0002421E318C310C3100411051925192519DF
:10DCB0002519251925192519251925194619461932
:10DCC000261925192511251146112611261146114F
:10DCD000461946194619461946194619461946194C
:10DCE00046196619671967196619461166194611AA
:10DCF00087198619C82131741DD7FFEFB7A52409EC
:10DD00000C4379AEDFE7FFF7D38CA3008E53BAB68E
:10DD1000DFE7FFF77384C4088819A819A819C9197F
:10DD2000A811E919291A6A2AD4845DD7FFF7DFF709
:10DD3000DFF7FFFFDEFFFFFFFFFFFFFFFFFFFFFF3C
:10DD4000DFFFDFFFFFFFFFFFFFFFFFFFDFFFFFFF43
:10DD5000FFFFDFFFFFFFFFFFFFFFFFFFFFFFBFF73B
:10DD6000FFF77ED75154CF335134102CF023102CB1
:10DD7000F02BF02B102C102C4F249024D134D12CCC
:10DD8000902CB12CD134B12C902CD12CD134B02C7E
:10DD90007024D12CF22CD124901CB124B12C9024CD
:10DDA0009024D12CD134902C902CB134D12C6F24D0
:10DDB0004F1C7024502C303CD3643575D78DF895AA
:10DDC000B88D978DB8953685978D5685B374969591
:10DDD000F063C721293AE731452923216529853197
:10DDE00003296429C63924212421E3104419041984
:10DDF000A208C310E418C310C4104519E731283A2B
:10DE0000E831E831E839E839C731C731E83108325B
:10DE1000C729A629C729C7294519E410C310C3106B
:10DE2000C310A310C310A310C310E41005192519C3
:10DE300045194519451945114619461946194619F6
:10DE400045194619461945194519461966194619BD
:10DE50004619461966196619661905110511E41067
:10DE600004192521E3180221885A2E948FAC4DA461
:10DE70006DA42CA40B9CEB9B4BA4ADB4ADB48CB4A3
:10DE80008CAC4BAC2BA4EA9BCA934CA4CEB40FBD74
:10DE9000B2CDD2CDB2CDD2D5B2CD91CD2FC5EEBCC3
:10DEA000ADB46CAC4BAC2BAC2BAC4BAC6CB48CB4FD
:10DEB0008CB4ACB4ADBCCDBCEEBCEEBC0FC54FC594
:10DEC00050C550C550C591CDB2CDB2CDD2CDD3CD78
:10DED000F3CD14D634D634D655DE55D655DE76DE9F
:10DEE00096DE96DEB7DED7DED8DEF8DEF9E619E795
:10DEF00019E719E719EF19EF19EF19E7F9E619E72B
:10DF00001AEF1AEF3AEF3AEF3AEF5BF75BF75BF78E
:10DF10009CFF9BFF5BF79CFF1AEFDDFFD5C58010D0
:10DF2000E218C310E310E310041104112519251998
:10DF3000251925194619251945194519261926198E
:10DF40004619461946114611261146194619461119
:10DF50004619461946194619261146114611461901
:10DF600066196619661967198719461187194611C6
:10DF700066198719EC4239AEFFE77EDFE7210722F9
:10DF8000348DDEDFDFE71CCF6619082A358DFFE709
:10DF9000FFEF3ABE4619471967196811A811E91928
:10DFA000C811E8118B3272745EDFFFF7FFFFDFF7F5
:10DFB000DFFFFFFFFFFFDFFFFFFFFFFFFFFFFFFFB1
:10DFC000DFFFDFFFFFFFFFFFFFFFFFFFFFFFFFFFA1
:10DFD000FFFFFFFFFFFFFFFFFFFFFEFFFFFF9EF7BB
:10DFE000BFF7FFEFF8958E33313CF023102CF02370
:10DFF000F023102C1024102C6F249024D134B12C39
:10E00000902CB12CD134B02C902CD12CD134B02CFC
:10E010007024B12CF22CB124B024D12CD12C90241A
:10E020009024D12CD134902C702CB034B12C6F248E
:10E030007024902C502C3034B35C147596859785E1
:10E04000B78DB78D978D5685978D15851485927CE4
:10E05000693AE729E73165290319652985312429BA
:10E060004429C6398531E31844216521E310C308EA
:10E07000E410C729EC52AB4AC729A729C729E731C1
:10E08000083A293AC731C731A731C731E831E731FA
:10E09000C729C729C729A6290419C410A308A31092
:10E0A000C310C310C310C310C310E4100419251902
:10E0B0004519451945194511461946194619451975
:10E0C000451945194619451945194619661966191C
:10E0D00046194619461946192511451925110511E4
:10E0E000051105190419E318C2202752CD8B6EA41F
:10E0F0006EA46DA42C9C0B9C2BA46CACCEBCEEBC73
:10E10000CEBCCDB4ADB44CA40B9C2B9C6CA4CFB4B2
:10E11000B2D5F3DDD2D5D2D5B1D591CD50C50FC58D
:10E12000CEBCADB48CB48CB46CB46CB48CB48CB4C4
:10E130006CB48CB48CB4ACB4ADBCCDB4CDBC0EBDA1
:10E140000EBD0FBD0FBD2FBD50C570C591C591C58A
:10E15000B2CDB2CDD2CDD2CDF3CDF3CDF4CD34D638
:10E1600055D655D676D696DEB7DEB7DEB7DED7DE25
:10E17000D8DED8E6D8E6F8E6F9E6F9E6F9E6F9E613
:10E180001AEF1AEF1AEF3AEF3AEF3AEF5BF75BF755
:10E190009CFF5BF75AF79BFF9BFF1AEF3BEFA53104
:10E1A0008110E318C310E310041104112519251977
:10E1B00025192519251925194619461946194619EB
:10E1C0004619461946194619461946194619461957
:10E1D0004619461946194619461946194619461947
:10E1E0004619461946196619661966196619A7214E
:10E1F0004611082AF4849EDFFFEFCF5B6511106C97
:10E200003CCFFFEFFFE74D532511F06BFCCEFFF73E
:10E210005EDF6B3AC408882188214711E919A811EB
:10E22000091A4A2272743DD7FFF7FFFFDFFFFFFF95
:10E23000FFFFDFFFDEFFFFFFFFFFFFFFFFFFDFFF4F
:10E24000FFFFFFFFFFFFFFFFFFFFFFFFFFFFFFFFDE
:10E25000FFFFFFFFFFFFFFFFFFFFFEFFDFFFDFFF0F
:10E26000BFFFFFF73DC75154F033F02BF023F023ED
:10E270001024102C1024102C9024B12CD134B12C4B
:10E280009024B02CD134902C9024B02CD12CB02CD4
:10E290007024B124D22CB124901CD12CD12C902CE0
:10E2A0009024B12CD134902C702CB02CB02C6F2435
:10E2B0007024902C502C0F34B25CF46C367D768533
:10E2C000B78DB88D56855685978DF47C14852C4B6B
:10E2D0008621083265212421442965298531652953
:10E2E0008531653103212421452124190311E310CF
:10E2F0008621AF6BF8B5BBCE72848A42E831493AC9
:10E30000293A083AC731C731E831E731E831C73136
:10E310008629A729C729451925190519E410C4100C
:10E32000C410C310C310C410E41805192519251909
:10E3300046196619661946194611461146112511E6
:10E340002511451945192519451945194619461923
:10E35000451945192519251925114519051125199D
:10E360002519E5100519E418E320811884390A738A
:10E370002E948FA44EA44DA40B9C2B9CAEB42FC501
:10E380002FC50FC50EBDCEB48DAC6CA42B9C8DAC2F
:10E3900050C5D2DDD2DDD2D5B2D571CD30C50FC5D5
:10E3A000EEBCCDBCADB48CB48CB46CAC6BAC6BAC13
:10E3B0006BAC6BAC6CAC8CB48CB48CB48DB4CDBC8D
:10E3C000CDBCCEB4CEB4EEBCEEBC0FBD30BD50C59E
:10E3D00070C570C570C550C571C591C5B2C5D2CDE7
:10E3E000F3CD13CE14D634D655D655D676D696DE82
:10E3F00096DEB7DEB7DEB7DEB8E6B8E6D9E6F9EE08
:10E40000F9EE19EF1AEF1AEF3AEF3AEF5BF75BF715
:10E410007BF77BF77BF77BF79CFFF9E69CFF2B6391
:10E420004008C210C310E4100419E410051925199E
:10E430002519251925192519461946194619461968
:10E4400046194619461946114611461946194619E4
:10E4500046194619461946194619471946194619C3
:10E4600067194619461166198719661966118619C2
:10E470008619F0637AB6FFE759AE65110C4B59B6B1
:10E48000FFEFFFE7B69D6509CB427ABEDFEFDFEF16
:10E49000AF63C400A82126198821A9218711091A70
:10E4A0002922726C3DCFFFEFFFFFFFFFDFFFDFFF91
:10E4B000FFFFDFFFDFFFFFFFFFFFDFFFDFFFDFFF0C
:10E4C000FFFFFFFFFFFFFFFFFFFFFFFFFFFFFFFF5C
:10E4D000FFFFFFFFFFFFFFFFFFF7FEF7DEFFDFFF9E
:10E4E000BFFFBFF7FFE7567DAF331034F02BF023AB
:10E4F000102C102C102430249024B12CD134B12CA9
:10E500007024B02CD134B02C7024B02CD12CB12C70
:10E510007024B124D12C9124701CB124D12C902CC6
:10E52000902CB134B134702C702CB02CB02C6F24E2
:10E5300070247024302CEF33B35CF46C357D768519
:10E54000B78DB78D367D56855685F484927CC7216C
:10E550000832A6292421242185298529A531652968
:10E5600024290321042165292419C2086100E30834
:10E57000A7216E6396A5BBCE39BEF4940C53E83147
:10E58000293AC731A729E831083AE831C731862945
:10E5900086298621451905196621662146212519F6
:10E5A0000519C410C410E41005112519461946199F
:10E5B0004619661967196719461946194611461111
:10E5C00026114611461125194619451945194519AF
:10E5D00045194519251925194519451904112519F4
:10E5E0002519E5100519E418C3180421A2180229F9
:10E5F000885AED938FA46EA42C9C2C9C6DACEEBC21
:10E6000050CD50C52FBD4FBDEEB4ADAC2CA42CA445
:10E610006DB450CDB2D5B2DDB2DD71CD0FC5EEBC5B
:10E62000CEBCADB48CB46CAC4BAC4BAC2BA42BA41B
:10E630004BAC4BAC4BAC4BAC4BAC6BAC6CB48DB48F
:10E64000ADB4ADB4ADB4CDB4EEBCEEBC0FBD0FBD3A
:10E650000FBD0FBD0FBD2FBD2FBD2FBD50C591C527
:10E6600091C5B2CDD2CDD2CDF3CD13D634D655D6B9
:10E6700076DE96DE96DE96DE97DEB8E6D8E6F9E63A
:10E68000F9EEF9EE1AEF1AEF1AEF5BF75BF77BF78B
:10E690005AF7BCFF7BF75BF73AEF7BF7FAE6D19CC2
:10E6A0006008A210C310E41804190411E41025191D
:10E6B00025192519251946194619461946194619C5
:10E6C0004619461946114611461146114611461182
:10E6D0004619461946194619461946194619461942
:10E6E000671967196619671946118719A7196611FD
:10E6F0008A3A969D9EDF7ED7EB3A282AD3849EDF06
:10E70000FFF71CCFE7192822358DDFEFFFF7569D65
:10E71000C4004611E92967196719E921A8190922D6
:10E720003164FCC6FFF7FFF7DFF7DFFFFFFFBFFF36
:10E73000FFFFFFFFFFFFDFFFDFFFDFFFDFFFDFFF89
:10E74000FFFFFFFFFFFFFFFFFFFFFFFFFFFFFFFFD9
:10E75000FFFFFFFFFFFFFFFFFFFFFFFFDFFFBFFF29
:10E76000DFFFDFF7FFEF5AA6AF3B313C102C102C38
:10E77000102C102410243024701C9024D12CB12C87
:10E780007024B02CD134B1347024B12CF234D12C9B
:10E790009124D12CD22C9124701CB124D12C902CFA
:10E7A000902CB134B134702C702CB02CB02C6F1C68
:10E7B0006F1C7024302C1034B35CF46C367D97855C
:10E7C00077857785568536851585F484EC4A8621CC
:10E7D000E7314421242164296429852944292421FD
:10E7E000E3200421652924216100C30866216621F4
:10E7F0002511A7298A42AF6BF49455A58E63493A37
:10E8000008328621E731083AE831E731862186214E
:10E81000C7296621041145196621872166216621D1
:10E8200046192511E4100511051125194619461937
:10E8300046196719671967196719671967196719F9
:10E8400046194619461946194619461946194619D0
:10E850004619461925194519461946192511051154
:10E86000051105190411C410E418C310C318C21807
:10E87000C220064AAC8BAFA4AFAC2C9C2C9CAEB48F
:10E8800030C570CD70C570C52FBDEEB46DAC2CA475
:10E890000CA48EB410C571CD91CD50CDEFBCAEB4EB
:10E8A0008DB46CB44CAC2BAC2AA40AA40AA40AA460
:10E8B0000AA40AA40AA40AA40BA42BA44CAC6CB40A
:10E8C0008CB48CB48DB4ADB4CDBCCEBCCEBCCEB407
:10E8D000CEB4CEB4EEB4EEB4EEB4EEB40EBD2FBDF5
:10E8E0004FC550C570C591C591C5B2CDD3CD13D616
:10E8F00014D634D655D675D696DE97DEB8E6D8E669
:10E90000D9E6F9EE19EF1AEF1AEF5BF75BF77BF731
:10E910005AF79CFF7BF73AF71AEF5BF7B9DE37CE71
:10E920000321A110E318C31024190419E4102519B8
:10E930000519461946194619661946194619461900
:10E9400046194619461146114611461146114611FF
:10E9500046194619461946194619471947194719BC
:10E960006719671966198719661987196611C7210A
:10E970007274FCC6FFEF148524091064DBC6DFE760
:10E98000FFF76E5BE300716C1DCFFFEFFCCEA8219B
:10E990004609A719A8198821A82187190922AF5B60
:10E9A000DBC6FFEFFFF7FFFFFFFFFFFFFFFFFFFFEC
:10E9B000FFFFFFFFFFFFFFFFDFFFDFFFDFFFFFFFC7
:10E9C000FFFFFFFFFFFFFFFFFFFFFFFFDFFFFFFF77
:10E9D000FFFFFFFFFFFFFFFFFFFFFFFFDFFFBFFFA7
:10E9E000FFFFFFFFDFEF3DC7104C1044F033102C4A
:10E9F000102CF023102C302C70249024D12CB12C0E
:10EA00006F24902CD134B1349024B12CD134D12C3A
:10EA10009124D12CD22C9124901CD124D12C902C37
:10EA2000702CB134B134902C6F2CB02CB02C6F1CE6
:10EA30004F1C7024502C1034B35CF46C367D9785D9
:10EA40005685367D76853685568DF0636619E729BD
:10EA5000652103194429642985296429C2180321E1
:10EA6000452924212421A310E410AA4A9284759DEB
:10EA70002C538621C729E7296A42CB4A8A42CB52C6
:10EA8000C7298621293AE7310832A629A629C729AC
:10EA90006621251905192519661966216621872120
:10EAA0008721661926110511251146116719671965
:10EAB0006719671967196719881967196719671935
:10EAC000671967196719661966196619461946198B
:10EAD00046194619461946192511251125192519D2
:10EAE00004190419E410E410E410E4100419A2104D
:10EAF0008110C220A5418B83F0AC8EA44DA46DACD7
:10EB0000CEB450C5B1CD70C570C52FBDCEB48EB4D6
:10EB10002CA42CA44DA48DACAEB4AEB48EB44CAC2D
:10EB20002BA40BA4EAA3EAA3EAA3EA9BE99BE99B33
:10EB3000EA9BEA9BEA9BEA9BEA9B0AA42BA44BACC8
:10EB40004BAC4CAC6CAC6CAC8CB48CB48CB48CB4A6
:10EB50008CB48CB4ADB4ADB4ACB4ACB4CDB4CDB4B1
:10EB6000EEBCEEBC0EBD0FBD2FBD50BD71C591C535
:10EB7000B2C5F3CD34D655D676D696DEB7DEB8E636
:10EB8000D8E6F9E619EF1AEF5BF75BF75BF77BF76F
:10EB90009CFF7BF77BF75BF71AEFF9E6D9E6FAE61D
:10EBA000684A20002421A21004190419041125190F
:10EBB000051925194619461966194619461946199F
:10EBC0004619461946114611461946114611461175
:10EBD0004619261146114611471947194719471971
:10EBE00067196719661987196619661986196E53A8
:10EBF00039AEFFEFFCC6E7218A32F7A5DFE7FFEF6A
:10EC0000969D2411EB4259AEFFEFFFEFED4A8300D2
:10EC1000C819E9192609C921A819A7198E539BC635
:10EC2000DFEFFFF7FFF7FFFFFFFFFFFFFFFFFFFF34
:10EC3000FFFFFFFFFFFFFFFFDFFFDFFFFFFFFFFF24
:10EC4000FFFFFFFFFFFFFFFFFFFFFFFFDFFFDFFF14
:10EC5000FFFFFFFFFFFFFFFFFFFFDFFFDFFFFFFF04
:10EC6000DFFFFFF7FFF79ED7D36CCF3BF0331134B4
:10EC7000102C1024302C512C9024B024D12CB12CE9
:10EC80006F24902CD12CB02C902CB12CD12CB12CE9
:10EC90007024B124B12C9124B024D124D12C9024FF
:10ECA000702CB134D134902C702CB02CB12C6F1C42
:10ECB0004F1C7024502C1034D35CF46C567D777D3F
:10ECC0005685568556853585B47C4A326619A629FF
:10ECD0006521E2188529432164214421C2100319CA
:10ECE00045290421C31861088629AE6BBBCEFFF706
:10ECF00096A56D5B8A420832283A293A083A8A4238
:10ED0000AA4AAA4A6942283AE7318621C729A7298F
:10ED1000E410E410251905116619461967218721A9
:10ED2000A821A7218719461146114711671987198C
:10ED3000881968196819881967196719671967198F
:10ED400067196719671967196719661966196619C6
:10ED5000461946194619261925110511251925198F
:10ED60002419E410E4102419E410E4100419E31049
:10ED7000C218811880188441EC8BAFACAEAC6DAC7E
:10ED80008EB4CEBC50C550C571C530C5EFBC8EB475
:10ED90004DAC0C9CEB93EB93EB9B0B9C0B9CCB9B9C
:10EDA000AA9BAA9BA99BC99BCA9BC99BC99BC99BA0
:10EDB000CA9BCA9BCA9BCA9BEA9BEA9BEAA3EAA39B
:10EDC0000AA40BA40BA40BA42BAC2BAC4BAC4BACEC
:10EDD0006BAC6BAC6CAC6CAC8CAC6CAC6CAC8CAC35
:10EDE0008CAC8CAC8CB4ADB4CDB4EEB42FBD50BDF6
:10EDF00091C5D2C513CE55D675D676D696DEB7DE7A
:10EE0000D8E6F9E63AEF3AEF7BF77BF75BF77BF76B
:10EE1000BCFF5BF77BF77BF73AF7D9E6F9E6FAE652
:10EE2000B19420002421C310E418E410041904193B
:10EE3000051925194619461946194619461946193C
:10EE400046194619461946114619461946194619D2
:10EE50004619461946194619671967196719671936
:10EE60006719671966198719661166116A3256950E
:10EE70009ED7DFE7F0636511927C7DD7FFEFBEE799
:10EE8000C721082AF48C9EDFFFEFD384E5086711C1
:10EE9000A7196609A819E919A7116E4B5AB6DFEF31
:10EEA000FFF7FFFFBEF7FFFFFFFFFFFFFFFFFFFFC3
:10EEB000DFFFFFFFFFFFDFFFDFFFFFFFFFFFFFFFC2
:10EEC000FFFFFFFFFFFFFFFFFFFFFFFFFFFFFFFF52
:10EED000FFFFFFFFFFFFFFFFFFFFFFFFDFFFDFFF82
:10EEE000BFF7DFF7FFEFFFE7B78D8F3BD03B313444
:10EEF000102C102C302C312C70249024B12C902408
:10EF00006F24902CD134B02C902CB12CD12CB02C5F
:10EF10007024B124D124B124901CB124B12C7024CC
:10EF20007024B134B134702C902CB02CB12C6F1CE7
:10EF30004F1C7024302C1034D45CD46C567D567D1C
:10EF400076855685158515852D4B6611E829652131
:10EF500004194421442123212321E210E210242119
:10EF60002421C310A310C310C308AA423074559DB6
:10EF700038B679BE517CE7316A42283AE831083A1E
:10EF80008E6B2C5BE73108326521C729C72925190B
:10EF9000C408C408041126194619461967198719A7
:10EFA00087198719A819A81967196711671188198E
:10EFB000A8198819681988198819671967196719AC
:10EFC0006719671967198719671967196619661923
:10EFD000661966194619251926194619251925197C
:10EFE0000419041904190411E410E410C410C31026
:10EFF000C318A218A218C120054A6E9CAFAC4DA43C
:10F000006DAC4CA46DACEFB40FBD0FBDCFBC4DAC1F
:10F010002DA42CA40C9CEB93CB93CB93AA93AA93F3
:10F02000AA93AA9BCA9BAA9BCA9BCA9BAA9BCA9B40
:10F03000CA9BCA9BCA9BCA9BEA9BEA9BCA9BC99B69
:10F04000CA9BCA9BCA9BCA9BEA9BEAA30AA42BA49D
:10F050002BAC4BAC4BAC4BAC4BA44AA42AA44BAC52
:10F060004BAC4BAC4BAC8CACADB4EEBC0FBD50BD9F
:10F0700071C5B2C513CE54D655D676D696DEB7DE58
:10F08000D8E619EF3AEF5BF75BF79CF75BF77BF796
:10F090009CFF7BF75BF77BF73AEF19EF1AE7D9DEB6
:10F0A00098D6C21881080419E310E4100419051158
:10F0B00005192511461925194619461946194619E3
:10F0C00046196619671946196719461946196719C5
:10F0D00047194619461947196719671967196719B2
:10F0E00067196719671987194511292A3174FCC6F0
:10F0F000FFEF969565118E5BDBC69EDFFFEFD37C3D
:10F100006511AF63FCCEFFEF7ABE46116711C819D7
:10F110006609C819E8196711CB3AD7A5FFEFFFF7C1
:10F12000FFFFDFFFDFFFFFFFFFFFFFFFFFFFFFFF2F
:10F13000FFFFFFFFDFFFDFFFFFFFFFFFFFFFFFFF1F
:10F14000FFFFFFFFFFFFFFFFFFFFFFFFFFFFFFFFCF
:10F15000FFFFFFFFFFFFFFFFFFFFDFFFDFFF5DEFB1
:10F160007DEFBEEFDFE7FFEF5AAE6E3BD03B1034D2
:10F17000F033F02B102C1024701C9024B12CB12CE7
:10F180007024B02CD134B02C902CB12CD134B12CB3
:10F190007024B124D22CB124901C9124B12C702461
:10F1A0007024D12CD134902C6F2CB134B02C6F241E
:10F1B0004F244F240F2CEF33D35C156D3575567DDE
:10F1C000F474568515851064A7218619A629652132
:10F1D0004421A631032123210319E218E31824193D
:10F1E000E31024190832AB4AC7298621C7298A426D
:10F1F000D38CD7B5AE6B4842283A65294421E7390C
:10F20000AA4ACA4A083A6942A7294521E410C30814
:10F2100005110411E41025192511661966196719DD
:10F22000871967198819A81988118919A919A9199D
:10F23000A919A81988118811881988198819881995
:10F24000681987198719671967196719661946199F
:10F250004619461926192619461945190511051981
:10F2600025190519E4100419E410C310C310C310C4
:10F27000C210C218C218E2202329A8628FACCFB4F2
:10F280006DAC6DAC2CA44CA46DA44DA44CA40BA4EB
:10F29000EB9BEB9BEC9BEC9BEC9BCB9BAB938A930C
:10F2A0008A93AA93AA93AA93AA9BAA9BAA9BCA9B56
:10F2B000CA9BAA9BAA93AA9BCA9BAA9BAA9BAA9BEE
:10F2C000AA9BA99BC99BC99BC99BC99BE99BEA9B1C
:10F2D000EA9BEA9B0AA40AA40AA40AA40AA42AA4F0
:10F2E0002BA44BAC6CAC8CB4CDB40EBD4FC570C56B
:10F2F000B1CDB2CDD2CD13D635D655DE96DEB7E63A
:10F30000D8E619E73AEF7BEF7BF77BF77BF77BF7E4
:10F310005BF75BEF5BF79CF77BF77BF73AEFB8DEC9
:10F320005CEF684A20002421C3100419E410251959
:10F330000519251946192519461946194619461958
:10F340004619461946196619461946196719671963
:10F3500067196719471946196719671967196719EE
:10F360006719671987194611A7112D4B19AEFFEFC1
:10F37000DBC68A3A4932B6A5BFE7FFF79AB6E71966
:10F38000AA32B69DFFF7DFEF8B42E500C81987115F
:10F39000C919C8196711AB3A769DBEE7FFFFFFF7A1
:10F3A000FFFFFFFFDFFFFFFFFFFFFFFFFFFFFFFF8D
:10F3B000FFFFFFFFDFFFDFFFFFFFFFFFFFFFFFFF9D
:10F3C000FFFFFFFFFFFFFFFFFFFFFFFFFFFFFFFF4D
:10F3D000FFFFFFFFFFFFFFFFFFF7BFEF3DE71CE76A
:10F3E0003CE73DE77DDFFFEF3ECFB053B03BF0336E
:10F3F000F033F02B1024302470249024B12CB02C46
:10F400007024B02CD134902C7024B12CF134B12C58
:10F410009024B124F22CB124701CB124B12C902C76
:10F420009024B12CB134902C702CB02CB02C6F24C3
:10F430006F244F242F2CEF339254F46C35751475D0
:10F44000F474D3749274AA3A4519A62124190419A4
:10F4500065292429E31803210319E3180419041961
:10F460008621EF6B39B61CCFF8AD0C530832E7316B
:10F47000CB524C5B894A694A2842684A8529073A37
:10F48000073A073AAA4AAE6BCF6BE831620004191B
:10F49000E41004110511E41025112511461946192F
:10F4A00067198719671188118919A919A919A91943
:10F4B000A919A919A919A8118819A81988198819A9
:10F4C000681987196719671967196719461946195D
:10F4D0004619461946194619461945192511251187
:10F4E00025190511E4100419E418E410E418C310F8
:10F4F000A310C310C310C218232984398B83F0B41E
:10F50000AFB44DAC4DA42C9CEB93EB93CA93AA9350
:10F51000AA93AA93AB93AB93CB93CB93AB93AA93BE
:10F520008A938A938A938A938A938A938A93AA9BCB
:10F53000AA9BAA9BAA9BAA9BA993A993A993A993C7
:10F54000AA9BAA9BCA9BCA9BCA9BC99BC99BC99BD6
:10F55000C99BC99BC99BC99BE99B0AA40AA42BAC64
:10F560004BAC6BAC6CAC8CB4ADB4EEBC2FBD50C529
:10F5700091CDB2CDD3D534D634D655DEB7E6D8E664
:10F58000F9EE39EF5AEF7BEF7BF77BF77BF77BF7F1
:10F590007BF77BF77BF79CFF5AEF9BF75BEF78D607
:10F5A0003BEFB19C00000319E418E4100411251985
:10F5B0002519051125192519451945114619461909
:10F5C0004619461946194619461946196719671901
:10F5D0004719471946194619471947194711671915
:10F5E00047196719871966116A32F4843DD7FFEF0E
:10F5F000EF63A619F3847DD7DFEF7EDFCB3A650991
:10F60000716C7ED7FFF75384C50847118811C81164
:10F61000E91926094A3235959EEFFFFFDFF7FFF71C
:10F62000FFFFFFFFFFFFDFFFFFFFFFFFFFFFFFFF0A
:10F63000FFFFFFFFFFFFFFFFFFFFFFFFFFFFFFFFDA
:10F64000FFFFFFFFFFFFFFFFFFFFFFFFFFFFFFFFCA
:10F65000FFFFFFFFFFFFDEF79EE75CDF1CDF3CE7FD
:10F660003CE71CE75DDFBFE7BFE7B47C6F33D03317
:10F67000F033F02B10243024701C9024B12CB02CCB
:10F680007024B02CB12C70244F24902CD12CB12498
:10F69000701CB124F22CD124701CB124D12C902CDC
:10F6A0009024B12CB12C7024902CD12CB02C90240F
:10F6B0007024702C2F2CEF33514CD364D46CF47421
:10F6C000D37492748E5386194519A62924192421BE
:10F6D000A631032103210321E318C310E310E41032
:10F6E00086214D5B97A59FE7DFE7D7A592848A42E5
:10F6F000083A48424842694A8D6B71842C5BE7396D
:10F70000073A07326942518475A5928C293AC30899
:10F7100004110411E4100511251925116619671942
:10F720008719882187198819881988198819A819AB
:10F73000A819A819A819A819A819A8198819881901
:10F7400087198719671967196719671946194619BB
:10F75000461946194619461925192519251125193D
:10F7600025190511E4100419E418E410E318C31076
:10F77000C310C318C310E31803292331E5514A838A
:10F780008FB4AFB44DA44DA4EC9BEB93CA93AA9352
:10F79000AA938A938A938B938A93AA93AA93AA9300
:10F7A0008A938A8B6A8B6A8B6A8B698B6A938A933A
:10F7B0008A938A938A938A938993AA93AA9BAA9BF2
:10F7C000AA93AA9BCA9BAA9BAA9BC99BC99BC99B9C
:10F7D000C99BA993A993A99BC99BE99B0AA44BAC7C
:10F7E0004CAC6CAC8CB48CB4ADB4EEBC2FBD50C57D
:10F7F00090C591CDB2CDD3CD34D655DE97E6D8E6BF
:10F80000F8EE19EF5AEF7BEF7BF77BF77BF77BF78F
:10F810009BF79BF77BF79CF75BF75BF73AEFB8DE5C
:10F820001AEFB9DE8110C2182421E3100519041162
:10F83000251905190519251945194519451146199F
:10F840004619461946194611461946196719671986
:10F85000461946194619461967196719671987190C
:10F86000471167198719C719CF63DBC6FFE7F8A5EA
:10F87000082A6D539ABEFFEFFFF7317465092C43D8
:10F880009AB6FFEF5AC62621261967198811E91979
:10F89000A811E921D4847EDFFFF7FFF7DFF7FFFF30
:10F8A000FFFFFFFFFFFFDFFFFFFFFFFFFFFFFFFF88
:10F8B000FFFFFFFFFFFFFFFFFFFFFFFFFFFFFFFF58
:10F8C000FFFFFFFFFFFFFFFFFFFFFFFFFFFFFFFF48
:10F8D000FFFFDFFFBEF77DEF5DE75DE77EEF9EF7A1
:10F8E0005DEF9EF7DFEF9EDFFFF73AAE8F3BD03341
:10F8F000F033F02B102C30244F1C7024B12CB12C81
:10F900007024902CB02C6F244F1C9024D12C902468
:10F91000701CB124F22CD124901CB124B12C902461
:10F920009024D12CB12C4F24902CD134D12C902464
:10F930009024702C2F2CEF33514C92649264F3740A
:10F94000B374106428326519852145214421442966
:10F95000642903210321E318E310C310E4102419E0
:10F960006519A72929328E63569D9AC69AC68E6359
:10F97000483A283A073A4842AE6B54A50F7CC63144
:10F98000C731A62907322D5BF7B5FBD6F494293A87
:10F99000A30825114619051146194619661987212C
:10F9A00067194619881987198719871988198819B5
:10F9B000881988198819A819881188198819871928
:10F9C0008719871967196719471947194619461979
:10F9D0004619461926192519251125112511251114
:10F9E0002519051904110419E410C310C310C3101C
:10F9F000C310C318C310E318E22023314339E5597B
:10FA0000097BAB930DA40C9C0C9CEB9BCB9BCA93EA
:10FA1000AA9BAA93AB938A938A8B8A8BAA938A9385
:10FA20008A8B8A8B6A8B698B6A8B6A8B6A936A93DF
:10FA30006A936993699369938993AA93AA9BAA93FA
:10FA4000A993AA93AA938993AA93A993A993A993F3
:10FA5000A993A993A993C99BC99BC99BEAA32AA46B
:10FA60004BAC6CB48DB4ADBCCDBCEEBCEEBCEEBC4E
:10FA70002FBD50C591CDD3CD14D655DE96DEB7E659
:10FA8000D8E6F9E63AEF5AF77BF77BF77BF77BF797
:10FA90009BF79BF77BF77BF77BF75AEF3AEFD9DEC3
:10FAA000D9DE9CF7895240082421E3102521C41097
:10FAB00005192519251925194619461946194619F2
:10FAC00046194619461946114619671967196719E3
:10FAD00046194619461947196719671967196719A9
:10FAE0006611871987196B3A769DDFE79ED7EC423E
:10FAF000282A969D7DDFFFF718AE8619492A76954C
:10FB0000BFDFBFE7CC4AC510A8296719C8198711FC
:10FB1000092272743DD7FFF7FFF7FFFFFFF7FFFFE2
:10FB2000FFFFFFFFFFFFFFFFFFFFFFFFFFFFFFFFE5
:10FB3000FFFFFFFFFFFFFFFFFFFFFFFFFFFFFFFFD5
:10FB4000FFFFFFFFFFFFFFFFFFFFFFFFFFFFFFFFC5
:10FB5000DEF79EF77DEF7DE7BEEFDFF7FFFFFFFFEC
:10FB6000DFFFFFFFFFF79EE7DFEF5FD7114CD033DA
:10FB7000F033F02B102C10246F249024B12CB12CD6
:10FB80006F24902CB12C70247024B02CD12C902494
:10FB9000701CB124F22CD124901CB124B1249024E7
:10FBA0007024B02CB02C4F247024B12CB0246F1CC6
:10FBB0006F244F242F2CEF33304C3154D36CD3743B
:10FBC0007174EB42862185216529242165296429E8
:10FBD000232103210321C2100419E31025196621F2
:10FBE000862187216621C8290C53317C7284CB522F
:10FBF0004942083A85296521AA4ACE730B536942C6
:10FC00000C5BE7310411C729AE6B59BE3CD796A5F2
:10FC10006A42E40846196619251925110511461985
:10FC2000261926116719671967196719671967195E
:10FC3000671987198719871967116719671967196C
:10FC40006719671967196719461946194619461938
:10FC500046192619251925112511251105112511DA
:10FC60002519251904110411E410E310C310C31061
:10FC7000C310C310A310C218E22003314339A449B2
:10FC8000C459466AE87AE87A29834983498B698BA3
:10FC9000698B698B8A8B8A938A8B8A8B8A8B8A8BF6
:10FCA0008A8B8A8B6A8B6A8B6A936A936A938A932C
:10FCB0006A936A93698B698B699389938993899312
:10FCC000899389938A9369938993699369938993B3
:10FCD000899389938993AA9BC99BC99BCAA30AA4A8
:10FCE0002BAC6CB48DBCCDBCADB4ADB4ADB4ADB4C7
:10FCF000EEBC50C5B2CDF3D514D655D696E6D7E6B0
:10FD0000F8EE19EF3AEF5AEF7BF77BF77BF79BF7AB
:10FD10009BF77BF77BF75BF77BF73AEF19EFD9E6B9
:10FD2000B8DE9CF7F2A46110E318C3102521E4109B
:10FD30000519251925194519451945194619451952
:10FD40004619461946194611661966196619661943
:10FD500066196619661967194719461167198719CF
:10FD60008711A719E829116CFCCEFFEF9274C7190F
:10FD7000CF633DD7FFEF7DDFAB3A6611316C1CC717
:10FD8000FFEF937CE51088212619C929A819A81925
:10FD9000CF5BFCC6FFEFFFF7FFF7FFFFFFFFDFFFC3
:10FDA000FFFFFFFFFFFFFFFFDFFFDFFFFFFFFFFFA3
:10FDB000FFFFFFFFFFFFFFFFFFFFFFFFFFFFFFFF53
:10FDC000FFFFFFFFFFFFFFFFFFFFFFFFDFFFDFFF83
:10FDD000BEF7BEF7BEF7BEF7FFF7FFF7FFFFFFFF67
:10FDE000FFFFFFFFFFF7DFEF9FEFFFEFD464AF33BD
:10FDF000F033D02B112C102C70249024B12C902C8B
:10FE00006F24902CD12C902C9024B12CD12C9024A8
:10FE1000701CB124F12CB124701CB124D12C90247D
:10FE20004F1C9024B12C70246F24B02C90244F1CB4
:10FE30004F1C4F242F2C0F34EF43515C347DB27490
:10FE40008D53C729852165216429652964294429A1
:10FE500023210319E318C3100411241966198621FC
:10FE60008721C829E8318A42493A6A428A4A694266
:10FE7000483AEB52694A0319073A0832AA4AB28C47
:10FE8000F3942C5B8621A20886211074DBCE1CD74C
:10FE9000B7AD6A42830046192511E410051105111A
:10FEA0000511461946196619461946194619661963
:10FEB0006619671167116719671167116719671963
:10FEC0006719471146114611461946194611261160
:10FED00025192511251125112511251105110511AA
:10FEE000251925190411E410E410E410E410C310DE
:10FEF000C310C310A310A218032144312239634157
:10FF0000E559E55905624562866AA672C772077BA4
:10FF1000288328834983698B8A8B8A8B8A8B698B98
:10FF20006A8B8A8B8A8B8A8B8A938A938A938A9329
:10FF30008A938A936A936A93699389936993698B85
:10FF4000698B699369936993698B698B498B698B19
:10FF5000698B698B89938993A99BA99BCA9BEAA307
:10FF60002BAC4CAC8CB4ADBCADB4CDB4CDBCEEBC04
:10FF700030C591CDD2D5F3D534D655DE96E6D7E649
:10FF8000F8EE19EF3AEF5AEF7BF79BF79BF79BF7E9
:10FF90009BF79BF77BF75BF77BF75AF719EFF9E6CF
:10FFA000D9DE7CF798D66529A210C310041904196C
:10FFB000051905190519451945194519461946190F
:10FFC00046194619661946116619661966196619A1
:10FFD0006619661966196619871967198719A719A5
:10FFE0008711A719CC42B7A5DFE759B6492A8A324B
:10FFF00039AEBFE7FFEF727C65110C43D7A5FFEF69
:020000040803EF
:100000001DCF8721051188218721A8212609AF5BF3
:100010007AB6FFEFDFF7FFFFDFF7DFFFFFFFFFFF3E
:10002000DFFFDFFFFFFFFFFFFFFFFFFFFFFFFFFF20
:10003000FFFFFFFFFFFFFFFFFFFFFFFFFFFFFFFFD0
:10004000FFFFFFFFFFFFDFFFFFFFDFFFBEF7BEF792
:10005000BEF7DFFFFFFFFFFFFFFFFFFFFFFFFFFF19
:10006000FFFFFFFFDFF7FFF7BFF7FFEF9785AF3326
:10007000103CCF2BF02B11347024902CB12C902CF1
:100080006F24902CD134B02C7024B02CB12C90243F
:10009000701CB124D124B024901CB124B12470244C
:1000A000701C9024B12C70246F24B02C90244F1C11
:1000B0006F246F2C2F2CEF33EF4B9264347D506CF8
:1000C0004832852185214421442985312429032171
:1000D000E318C310A310E3100411862186218621A2
:1000E000E829293A093A4A42093A083A293A69423A
:1000F0000C5B349D54A5894A0832283AE731307C9C
:1001000096A596A5517C6521A308C72993843DD760
:100110007EDF769DC729C4084619261125110511D1
:100120002511461925112619461946194619461151
:1001300046114611461146114611471167196719B4
:100140004719461126114619461946192611261136
:1001500025112511251945192511251105110511FF
:1001600025190519E410E410E410C410E410C310BC
:10017000C310C310A310C3180321233143396341B3
:10018000A451E5592662466A666A866AA672E77ACB
:10019000077B07832883698B898B698B698B698BC4
:1001A000698B898B8A8B898B698B6A938A938A93F3
:1001B0008A938A938A938A938A938A936993699399
:1001C000698B498B498B698B498B498B698B698B0F
:1001D000698B498B698B6993899BA99BCA9BEAA30D
:1001E0000BAC2CAC6CB48DB4EEC40EC52FC54FC592
:1001F00070CDB2CDF3D513D634DE55DE96DEB7E63C
:10020000D8E619EF3AEF7BF77BF79BF79BF79BF765
:100210009CF79CF77CF77BF75AEF9BF75AEFF9E6D0
:10022000D9DE3BEF5BEF89524008E418C310051993
:1002300004110519051925192519451945194519D7
:100240004619461946194619661966196619661936
:100250006619661966196619871987196719871942
:100260008711292A7274FCCE7EDF4D530822D37C7D
:100270005DD7FFEF18B6A619082214855ED7FFEFE9
:100280002E532611C821471188216719AC427ABE26
:10029000FFEFFFF7FFF7FFFFFFFFDFFFFFFFFFFFAE
:1002A000DFFFFFFFFFFFDFFFDFFFFFFFFFFFFFFFBE
:1002B000FFFFFFFFFFFFFFFFFFFFFFFFFFFFFFFF4E
:1002C000FFFFFFFFFFFFDFFFDFFFDFFFBEF7BEF730
:1002D000DFFFFFFFFFFFFFFFDFFFFFFFFFFFFFFF6E
:1002E000FFFFFFFFFFFFFFFFDFFFFFF79AAEAF3B10
:1002F000103CF033D02B113470249024B12C902C6E
:100300007024B02CD12C902C4F249024B12C90240C
:10031000701CD124F12CB124901CB124B124702480
:100320007024B12CB12C70246F24B02C90246F2435
:100330006F24702C2F34CE331054926C147D8D5357
:100340008619852164294429643144290321C2186E
:10035000C310E310E4104519451966196619C72939
:10036000E831293A493A4A42293A4942E831C73103
:100370008A4AF394B6AD2C5BE731E731C72969426D
:10038000107C9ACE1CD71495662182008721159582
:100390007EDF9EE73595A721050946192511251110
:1003A00025112511461946194619461946194619A7
:1003B0004611461126114611261146116719671973
:1003C0004719261126114619661946194611261194
:1003D0002511251125192619251125192511051174
:1003E00005190511E4100411E410C410E410C31041
:1003F000C310C310A310A210E220032943396441A3
:10040000A449C45905622562456A666AA672C77A1C
:10041000E77A077B2883488B698B698B698B688BAC
:10042000698B698B898B698B498B698B698B699324
:100430008A938A938A936993699369936993699379
:10044000698B498B498B498B498B498B698B6993A4
:10045000698B498B498B698B8993899BCA9BEAA3DA
:100460000BAC2CAC6CB4ADB4CDBC2FC570CD91CD64
:10047000D2D5D2D5D3D5F3D514D634D676DEB7E6D9
:10048000F8EE39EF5AF77BF79BF79BF79BF79BF753
:100490009CFF9CFF9CF77BF77BF77AF75AEF5AEFAC
:1004A000F9E6B9DE9CF7AD7320002421C3100419CE
:1004B000C410051925192519251945194519251996
:1004C0002519451146194611461966196619661906
:1004D00046194619461966196619A7196719871921
:1004E000A7190C4318AEFFEF5595E8296E53DBC6EC
:1004F000FFEF9EDF0C4BC7218E5B9ABEFFF7369550
:100500002611A7198711661146116B3AF8ADFFEF56
:10051000FFF7FFF7FFFFFFFFBEF7BEF7FFFFFFFF8D
:10052000FFFFFFFFFFFFFFFFDFFFFFFFFFFFFFFFFB
:10053000FFFFFFFFFFFFFFFFFFFFFFFFFFFFFFFFCB
:10054000FFFFFFFFDFFFDFFFDFFFDFFFFFFFFFFF3B
:10055000FFFFDFFFFFFFFFFFFFFFFFFFFFFFFFFFCB
:10056000FFFFFFFFFFFFFFFFDFFFFFF73DC7CF3BB1
:10057000F03B1034D02B11344F247024B12CB02C0C
:100580007024902CB12C902470249024B12CB02491
:100590009024D124D124B024901C90249024702441
:1005A0007024B12CB12C4F244F24902C902C6F240C
:1005B0006F2C4F2C0F34CE3B1054926C306C282A89
:1005C0006519A5294421652965314429E318C2101C
:1005D000E418041925198621661987218721E8293D
:1005E000293A293A293A4A42093A083AC731452173
:1005F0004521CA4A0B53CA4ACF6B2C5BA729241941
:10060000493AB38C3DDF5DDF14956621A3008B4230
:100610001595DFEFBFEFF48C6619050946114611F9
:10062000E408461146194519461926194611461976
:100630002611461146112611261126114619461972
:10064000261126112611461146194611251146116B
:100650002511251125192519251925110511051112
:1006600004110411E410E410E410E410C310C310EA
:10067000C310C310A310A310C21802292331433999
:10068000A449C5590562466A456A656A866AA672C2
:10069000C672E67A077B278348834883688B698B19
:1006A000898B698B698B698B698B698B698B698B8A
:1006B00069936993699369936993698B698B69936A
:1006C0006993498B298B498B298B498B498B298BC2
:1006D000298B298B298B288B488B6993AA9BEAA3AA
:1006E0000BA44CAC8DB4ADBCEEBC0EC550CD91CDC1
:1006F00091CD91CDB2CDF3D555DE96E6B7E6F8EEC5
:1007000019EF5AF75BF77BF79BF79BF79CFF9CFF72
:100710009CF79CF79CF77BF77BF75AF75AEF3AEF79
:10072000F9E6D9DE5BEF33AD20002421A3100519D3
:10073000E410E41805112519251925192519251185
:1007400025194519461946112511461966194619E4
:1007500066196619661946118719461186116611C0
:100760004A32D4847ED71CCF8A3ACB42D7A5BFE782
:10077000FFEFF48C0509EC4AF8ADDFE7BBC6C829EA
:100780002609A719A7118711092A769D9EE7FFFF61
:10079000DFEFFFFFFFFFDFFFFFFFFFFFFFFFFFFFB9
:1007A000FFFFFFFFFFFFFFFFDFFFDFFFFFFFFFFF99
:1007B000FFFFFFFFFFFFFFFFFFFFFFFFFFFFFFFF49
:1007C000FFFFDFFFDFFFDFFFDFFFDFFFDFFFDFFF19
:1007D000FFFFFFFFFFFFFFFFFFFFFFFFFFFFFFFF29
:1007E000FFFFFFFFFFFFDFFFBFFFFFF7BFD7F04BAC
:1007F000D03BF033F03311347024902CB12CB02C5A
:100800006F24902CD134B02C902CB02CB12C90248F
:100810009024D124D12C901C701C902491247024FD
:100820009024B12CB12C50244F24902C902C4F2488
:100830002F240E2CEE33CE3BEF53EF5BCB42C72180
:1008400065194419852985316429E320E318E318E3
:1008500005196621461987218721E8290832493A76
:10086000293A293A093A093AE831662965212419D1
:1008700085210732083A0C5396A575A5F0734519E2
:10088000C308C72914957DDF5DDF14954619A300C1
:10089000AB42F8ADFFF7BFE7D48C671925112511DE
:1008A000251105114619251126194611461925113C
:1008B0004619261146112611261126112611461910
:1008C00046194619461946194619261125112511AA
:1008D0002511251125112511251925112511051180
:1008E00004110411E410E410E410E410C310C31068
:1008F000C310C310A310A210A218E2282331433959
:10090000A449C451055A256225624562856AA66AD2
:10091000C672E67A0783278348834883688B688B8F
:10092000688B688B688B688B698B698B698B688B2C
:10093000488B488B688B69936993698B698B699342
:100940006993698B498B698B498B498B298B298BDF
:10095000298B08830883E782288B688B8993CA9B3D
:100960000BA44CAC8DB4CEBC0EC50EBD2FBD4FC577
:1009700070C5B1CD14D675E6B6E6F7EE18EF19EFEF
:100980003AF75AF77BF77BF79BF79BF79CFF9CFFA7
:100990009CF79CF79CF77BF75AF75AF75AF73AEF10
:1009A000F9E6B8DE3BEF37CE8110E318C310E41848
:1009B000E410E410051925192519251925192519FB
:1009C0002519451946112511661946194619661942
:1009D0006619461946196619461187198719861925
:1009E0008F5B9ABEDFE7B37C492AB27C3DD7FFEF2D
:1009F000DBC64932C721D3849FDFBFE70D534619B9
:100A000087118711C819E8197274BFE7FFF7FFF75C
:100A1000DFF7BEF7FFFFFFFFFFFFFFFFFFFFFFFF57
:100A2000FFFFFFFFFFFFFFFFDFFFDFFFFFFFFFFF16
:100A3000FFFFFFFFFFFFFFFFFFFFFFFFFFFFFFFFC6
:100A4000FFFFDFFFDFFFDFFFFFFFFFFFFFFFFFFF16
:100A5000FFFFFFFFFFFFFFFFFFFFFFFFFFFFFFFFA6
:100A6000FFFFFFFFFFFFFFFFBFFFDFF7DFDF515C8F
:100A7000D033F033F033F02B7024902CB12C902C29
:100A80006F24902CD134B12CB12CB12CB12C9024EA
:100A9000701CB124D12CB024701CB124B12C902432
:100AA0007024B12CB12C7024502C9134902C4F24F4
:100AB0002F2C0E2CAD338D3B30644D53C721451187
:100AC000652144216529C6394429E318E318252105
:100AD0004621662146196619C821082A29324A3A50
:100AE0006A42093A093AE831A7294521A629862907
:100AF000493A4942C729283A3074BAC6FCD63074FC
:100B00000411C308E831F38C9EE7BFE793842519ED
:100B10000411EC4A7AC6FFEF9FE7B3842511251133
:100B20008721251125114511251146194611461910
:100B300005112611261146192619261926192619D6
:100B4000461946194619461946112511251926191F
:100B5000251125112511051125192511251105111D
:100B6000051104110411E410E410E410E310C310A3
:100B7000C310C310C310A210A218E2282331643995
:100B8000A449C451E459256225624562656AA66A92
:100B9000C672E67AE77A07832783488B688B688B6F
:100BA000488B688B688B688B899388936993688B73
:100BB000488B488B688B69936993698B698B698BC8
:100BC0006993699369938A936A936993498B498B73
:100BD000498B298B0883E78228832883488BCA9B0B
:100BE0000BA44CAC6CAC8CB48CB4ADB4EEBC50C5A6
:100BF000B1CD13D675E6D6EEF7EE18F739F739F71B
:100C00005AF77BF77BF79BFF9CFF9CFFBCFFBCFF69
:100C10009CF79CFF9CFF7BF77BF75AF75AF719EF7D
:100C2000F9E6B8DEF9E6FAE644298210E318C310C3
:100C30000419E4100519051925192519251925196F
:100C400025194519461125114619461946194619FF
:100C50004619461946194619871966116611CB427D
:100C60003595FFEF7AB608228E53FBC6DFEFBFE75C
:100C7000CF636611AF5BFCC6FFEF32742611A8216B
:100C8000C8194609A71110643DD7FFF7FFFFBFF74A
:100C9000FFFFFFFFFFFFDFFFFFFFFFFFFFFFFFFF84
:100CA000FFFFFFFFFFFFFFFFFFFFFFFFFFFFFFFF54
:100CB000FFFFFFFFFFFFFFFFFFFFFFFFFFFFDFFF64
:100CC000DFFFDFFFFFFFFFFFFFFFFFFFFFFFFFFF74
:100CD000FFFFFFFFFFFFFFFFFFFFFFFFFFFFFFFF24
:100CE000FFFFFFFFFFFFFFFFDFFFBFEFDFE7B36C9B
:100CF000CF33D02B1034D02B6F249024B12C902CD8
:100D00006F24902CD134B02CB12CB12CB12C902468
:100D10006F1CB124F12CB024701CB124B12C7024B0
:100D20007024B12CB12C7024702C90344F2C2E24B4
:100D30002E2C0E34AD338D3BCF5B8A3A8619451984
:100D400085218529A631C6392421E318E3184521D8
:100D5000662125196719A721E8290932AB4A8A4279
:100D600008324942083AE8314521E418A729E83118
:100D7000283A0832C729E7310832B38C7DDFFCD628
:100D800092842511A300E831F4947EE77EE79284F3
:100D9000041166190C53BBC6FFEF9FDF727C05116F
:100DA000251166194611661946190509261187216C
:100DB000E50826116719261126192619261926195C
:100DC0004619461946194611461125112619461984
:100DD0002519251125192511251125110511051193
:100DE0000511041104110411E410E410E310C31000
:100DF000C310C310C3108210A218E220233164393B
:100E0000A441C551055A0462256245626562866A3D
:100E1000A672C672E67AE7820783488348834883CE
:100E2000488B688B688B688B688B88938893688BFA
:100E3000688B688B6993899369936993698B498BF4
:100E4000698B89938A938A938A938A936A938A9304
:100E50008A938A936993498B288B2883288BAA9B32
:100E6000EBA30BA40BA40BA42BA46CACEEBC91CDF8
:100E700013D675DEB6EED7EEF8EE39F739F75AF736
:100E80007BF77BF79BFF9CFFBCFF9CFFBCFFBCFF7D
:100E90009CFF9CFF9CFF7BF79BF77BF75AEF3AEF99
:100EA0001AEFD9DED9DE3BE7074261080419C31007
:100EB0000419E410251905192519251925192519CD
:100EC00025194519261925112511461946194611C6
:100ED000461946196619461166118619E821727479
:100EE0003DD73DD74D4B6932B69DBFDFFFEF3595FE
:100EF000A721AB3A18AEFFEFF8ADC82946198719FC
:100F00008711A7116E531CCFFFF77EE7FFFFFFFF8E
:100F1000FFFFFFFFDFFFFFFFFFFFFFFFFFFFFFFF01
:100F2000FFFFFFFFFFFFFFFFFFFFFFFFFFFFFFFFD1
:100F3000FFFFFFFFFFFFFFFFFFFFFFFFFFFFDFFFE1
:100F4000DFFFFFFFFFFFFFFFFFFFFFFFFFFFFFFFD1
:100F5000FFFFFFFFFFFFFFFFFFFFFFFFFFFFFFFFA1
:100F6000FFFFFFFFFFFFFFFFDFFFBFEFDFE7F474CF
:100F7000AF33CF2B1034F02B4F247024B12C902C96
:100F80004F24902CB12C902C902CB12CD12C90244F
:100F90006F1CB024D12CB0246F1CB024B124701C61
:100FA0005024B12CB12C70244F2C70344F2C0E24B3
:100FB0000E2CED2BAD338D430C43E731652185219C
:100FC000A6298529C6392421852945290419051909
:100FD00025194619A821E9296A3A6A428B428A4AA8
:100FE000493A08324942452165216521E831293ACB
:100FF000C7298621C729C7292519251972847EDFAB
:101000009EE792842411E408E8293595FFF77EDFF6
:10101000CF6BC40866194D53BBC6FFF7FFEF3174A1
:1010200046192511C400671946112611261105110C
:10103000872126190511261926192519251925197B
:10104000261946192619251926192519261925198B
:101050002519251925192519051105110511251120
:101060000511041104110411E410E410E410C3107C
:10107000E310E310C310A310A218C22003296431A7
:101080008441C551055A0462256225624562866A1B
:10109000A66AC672C67AC67AE77A07832883488B1F
:1010A000488B698B6893688B688B68936893688BAF
:1010B000688B688B68936893699389938993688B2D
:1010C000488B699389938993899389938A938993A8
:1010D000AA93AA9BAA9BAA9B6993488B488B699366
:1010E00089938993A99BCA9B2BA46CACCEB470C581
:1010F000F3D575E6D7EE18EF39F759F75AF75AF7DF
:101100007BFF7BFF9CF79CFF9CFF9CFFBCFFBCFF11
:101110009CFF9CFF9CFF7BF79BF77BF75AEF5AF7EE
:101120003AEFD9E6F9E65BEF895240082421E4184A
:10113000E410E418051905190519051925192519CB
:101140002619261926192519461925114619661931
:101150006619461946196619461186196E537AB6EC
:10116000DFE7D384493272743CCFFFEFDBC64932EC
:10117000C721B37CBFDF1DCF6A3A4611A819A71952
:1011800087110D4B18AEDFEFFFF7FFF7FFFFFFFFF3
:10119000FFFFDFFFFFFFFFFFFFFFFFFFFFFFFFFF7F
:1011A000FFFFFFFFFFFFFFFFFFFFFFFFFFFFFFFF4F
:1011B000FFFFFFFFFFFFFFFFFFFFFFFFFFFFFFFF3F
:1011C000FFFFFFFFFFFFFFFFFFFFFFFFFFFFFFFF2F
:1011D000FFFFFFFFFFFFFFFFFFFFFFFFFFFFFFFF1F
:1011E000FFFFFFFFFFFFFFFFDFFFBFEFBFE7157D43
:1011F000AF33CF2B102C112C4F249024B12C902CDA
:101200004F24902CD12CB02C902CB12CD12C90248C
:101210006F1CB024D12CB0246F1CB01CB124701CE6
:101220007024B12CB12C4F240F24703470340E2450
:10123000CD23CD2BAD3B8D434932C6296521852970
:101240002842073A8529242103196108A208A30826
:10125000A3088719C92988214A3AAB4A8A42A72993
:101260004942AA4A452104196521083A293A083217
:10127000A62986298621041125192519A6219284DB
:101280009EE77EE73495451925116A3A769DFFF76A
:10129000BFE7527C25110411CF6BFBCEFFEF9EDF21
:1012A0008E634511C72125112611051146194619CE
:1012B000461905112619051125192519251925196C
:1012C0002519251925192519251925112511251146
:1012D00005112511251925110511051105112511D6
:1012E00025110411041104110411E410E410E41098
:1012F000E310E310C310C310C318C21803216431F4
:101300008541C551055A0462046225624562866AB8
:10131000A66AA772A67AC67AE77A07832783488BDC
:10132000688B698B6993688B688B68936893688B0B
:10133000688B689368936893688B899389936993A2
:10134000688B698B6993899389938993899389932E
:10135000AA93AA9BAA9BCA9BAA9B6993498B498B78
:10136000488B488B69938993CA9B2BA4ADB450C515
:1013700013D696E6D8EE19F759F77AF77AFF7BF786
:101380007BFF9BFF9CFF9CFF9CFF9CFFBCFF9CFF87
:101390009CF79CFF9CFF7BF77BF77BF75AEF5AF794
:1013A0001AEFD9DE1AE75BEFA95240080419E418D6
:1013B000E410E41805190519051905192519251949
:1013C0004619461926192619461125114619461996
:1013D000461925114611461946118A3A7695BFDFFE
:1013E00079B68A3A4D537ABEFFEFFFE78E5B8619D6
:1013F0006E531CCFDFE7F06366198611A7196611DB
:101400006A32979DDFEFFFFFFFF7FFFFFFF7FFFF58
:10141000FFFFFFFFFFFFFFFFFFFFFFFFFFFFFFFFDC
:10142000FFFFFFFFFFFFFFFFFFFFFFFFFFFFFFFFCC
:10143000FFFFFFFFFFFFFFFFFFFFFFFFFFFFFFFFBC
:10144000FFFFFFFFFFFFFFFFFFFFFFFFFFFFFFFFAC
:10145000FFFFFFFFFFFFFFFFFFFFFFFFFFFFFFFF9C
:10146000FFFFFFFFFFFFFFFFDFF7DFF7BFE7568557
:10147000AF33F02B102C312C4F249024D12CB02CD6
:101480004F249024D12CB02C9024B12CD12C90241A
:10149000701CB124D12CB024901CB0249024701C5A
:1014A0007024B02C902C4F242F2470347034EE23F1
:1014B000CD23EE33AD3BEA32C62186296529652965
:1014C000E739E6396429694A6D6BF39C55A5359D6A
:1014D00093840D534A3A8B424A3A0832E831AB4A78
:1014E000A729A629E310A629C7314942493A283A33
:1014F000C731862946194519041124198621A729BF
:10150000B384FFF7BFEFD38C6619C308AB4218B69C
:10151000DFEF7EDF527C66194519CF6B5DDFFFF789
:101520005DDF2D53E4086619261146192611461968
:101530000511051105112519251125112511251153
:1015400025112511251125192519251125112511DB
:10155000051125112519251105110511051125194B
:1015600025110411E41004110411E410E410E41036
:10157000C310C310C310C310C318A218E3206531F1
:10158000A541C549055A2562256225622562666224
:10159000866A8672A672A672C77AE77A078328835C
:1015A000488B488B688B6993889368936893688BA2
:1015B0006893899389936893688B689389938893D8
:1015C000688B688B89938993A9938993899389936D
:1015D000A993AA9BAA9BAA9BCA9B8A9B699369937E
:1015E00049934893488B488B688BCA9B8DAC71CDCF
:1015F00034DE96EEF8F619F759F77AF77AF77BF7B3
:101600009BFF9CFF9CFF9CFF9CFF9CFFBCFF9CFFE3
:101610009CF79CF79CFF7BF77BF77BEF5AEF5AEF29
:1016200019E7B8DEF9E65BEF895240080419E418BF
:10163000041904192519251925190519251926191B
:101640004619461926192619251146114611251144
:101650002511461146196619293272743DD75DD796
:101660006D536932969D9EDFFFEF969D8619EC4281
:10167000F8A5FFEFD8A566114611C8196609092219
:10168000158D9FE7FFFFDFFFFFFFDEF7FFFFFFFF87
:10169000DFFFFFFFFFFFFFFFFFFFFFFFFFFFFFFF7A
:1016A000FFFFFFFFFFFFFFFFFFFFFFFFFFFFFFFF4A
:1016B000FFFFFFFFFFFFFFFFFFFFFFFFFFFFFFFF3A
:1016C000FFFFFFFFFFFFFFFFFFFFFFFFFFFFFFFF2A
:1016D000FFFFFFFFFFFFFFFFFFFFFFFFFFFFFFFF1A
:1016E000FFFFFFFFFFFFFFF7DFF7DFEFDFEFD8952B
:1016F000D03B1034102C312C4F249024D12CB02C02
:101700006F249024B12C902C9024B12CB12C9024D7
:10171000701CD12CF12CB024B024B024B024701C47
:101720006F24902490244F244F246F2C4F2CCD23D2
:10173000AD2B2F448D3B071AA629A6314529E73941
:10174000A53128420F7C79CE7DEFFFFFBFEFFFF779
:10175000DCCEB48432744E5B293A6A42493A8A42FA
:10176000C731C3108629E731283A283A0832C731F1
:10177000A72946190511051146194619451966216B
:10178000C729727C9EE7FFF7559D2511C308EC4AD7
:101790007ABEFFF79EDF317445192411CF6B7DDFD0
:1017A000FFF7DBCEAB42E408661987192611E5087E
:1017B0002619461905192519051125112511251177
:1017C0002511251125192519251925192619251938
:1017D0002511251926192511251105112511251960
:1017E00025110411E4100411E410E410E310E310D7
:1017F000C310A308A310C310A3108210E320653107
:10180000A541A549E5592562256A256225624562FB
:101810004662666A86728672A67AA67AE77A078335
:10182000288B488B688B89936893688B488B488B8F
:10183000689389938993689368936893688B688B9E
:10184000688B69938993A993A993A9938993A99381
:10185000A993AA9BAA9BAA9BCA9BCA9BAA9B899352
:101860004993488B488B488B8993EA9B8DAC71C513
:1018700014DE96E6D7EE19F739F75AF77AF77BF7C1
:101880007BFF9CFF9CFF9CFF9CFF9CFF9CFF9CFFA1
:101890009CF79CF77CF77BF79CF75AEF5BF73AEFE6
:1018A0003AEFD8DED9DE5BEFA952610804190419BA
:1018B0002519041145192519251925112519461928
:1018C00046194619261926194619251125114619B2
:1018D000461946196619C7218F639ABEDFE7B37CA4
:1018E0000822716C1CCFFFEF1CD729320822D37C51
:1018F0007ED7DFE7AB42461166118611E819516CBD
:101900001DD7FFF77EEFFFFFFFFFBEF7FFFFFFFFD3
:10191000FFFFFFFFFFFFDFFFFFFFFFFFFFFFFFFFF7
:10192000FFFFFFFFFFFFFFFFFFFFFFFFFFFFFFFFC7
:10193000FFFFFFFFFFFFFFFFFFFFFFFFFFFFFFFFB7
:10194000FFFFFFFFFFFFFFFFFFFFFFFFFFFFFFFFA7
:10195000FFFFFFFFFFFFFFFFFFFFFFFFFFFFFFFF97
:10196000FFFFDFFFFFF7FFF7DFF7DFEFFFEF39A63E
:10197000F0431034312C102C4F24702CB134B02C87
:101980006F24902CD12C902C6F24B024B12C902457
:101990006F1CD124F12CB024901C901C9024702436
:1019A0006F24902CB02C4F244F246F242E2C8C238A
:1019B000AD33CE430B33282A083A4529C639E739D7
:1019C000894AB2943CE7FFFFFFFFBEEFFFF7FFF746
:1019D0005ABEF9AD94844E5BD48CAB4A293A862921
:1019E00065214521083A283A493A49420832862178
:1019F00066192511E4084619261946198721461942
:101A00008621A721727CDFEFFFF755954619051156
:101A10000D53BBC6FFF79EE710742511C721307424
:101A20003DDFFFF718B6092A2511251125114619A2
:101A300005112619261905192519E4100511051196
:101A400004112511051925192519251946192519D6
:101A500025192519251925112511251125112511BE
:101A600005110511051105190411E410E410E41025
:101A7000E310C310C310C310C3108210C31844294D
:101A8000A541C549E5590562256225622562456281
:101A90004562656A8672A672A672A672C67AE782E7
:101AA0002783288B488B688B688B688B488B488B87
:101AB000488B6893889389936893899389938993D2
:101AC0006993699369938993899389938993899396
:101AD000A993A99BCA9BA99BCA9BCAA3CA9B899B82
:101AE00069934893288B0783488BAA936DAC71C583
:101AF00014DE76E6D7EE18F739F759F75AFF5AF79A
:101B00007BFF9BFF9BF79BFF9BF79BF79BF79BF74D
:101B10009CF77BF77BF77BF77BF77BF73AEF5AF77E
:101B20003AEFD8DED9E61AE7684A61082519241980
:101B300004112519251125192511251125194619D5
:101B400046194619461946192519251946194619DF
:101B50006619461145112D5319B6FFEFF8AD4932FC
:101B60006D53BAB6FFE7FFEFAF6B25198E5BFCC66E
:101B7000FFE7769586118611A71986116E53DBC68D
:101B8000FFF7FFFF9FF7FFFFFFFFFFFFFFFFFFFFD5
:101B9000FFFFFFFFFFFFFFFFFFFFFFFFFFFFFFFF55
:101BA000FFFFFFFFFFFFFFFFFFFFFFFFFFFFFFFF45
:101BB000FFFFFFFFFFFFFFFFFFFFFFFFFFFFFFFF35
:101BC000FFFFFFFFFFFFFFFFFFFFFFFFFFFFFFFF25
:101BD000FFFFFFFFFFFFFFFFFFFFFFFFFFFFFFFF15
:101BE000FFFFDFFFFFF7FFF7DFF7BFEFBFE75AAEFB
:101BF000CF3B103CD02B112C4F24702CB02C902CB0
:101C00006F24902CD12CB02C9024B024D12C902473
:101C10006F1CB124D12C901C701CB024B12C6F24EB
:101C20004F24902CB02C6F244E1C6F242E2CAD2BE7
:101C30008D3B4B3B682A072A86296529A631284215
:101C4000508C3CE7DEF7FFFFFFFFFFF7FFF73EDFBB
:101C50009FE77BBE2E53D8AD359DE8314D63283AC2
:101C6000C310493A8A42293A6A42283A0832862100
:101C70004611261146110511471987214619A7213A
:101C800046196619C821927C9EDFFFEF569D4619C2
:101C90006619F073FBD6FFF79EDFF06BE408661958
:101CA00092847EDFFFF7F8ADC7214611251966192A
:101CB0004619061106112619E41046190411E410FC
:101CC000251904112519251925192519251925194D
:101CD0002519251925112511251125112511251144
:101CE00025110511041104110411E410E410E4108D
:101CF000E310C310C310C310C310A310C3182329CB
:101D00008439C549E55925622562256245624562E7
:101D10006562666A86728672A67AA67AC67AE77A5B
:101D200007832883288B488B688B688B688B688B2C
:101D3000488B688B68936893899389938993899377
:101D40006993699369936993899389938993A99313
:101D5000A99BCA9BCA9BA99BAA9BCA9BCAA3AA9BD5
:101D6000A99B899B6993288B0783488B0CA430C55A
:101D7000F3D555E696EED7EEF8EE38F739F75AF781
:101D80007AFF7BFF7BF77BF77BF77BF77BF77BF7B4
:101D90007BF77BF77BF75BF75BF77BEF3AEF3AEF8D
:101DA00019EFB8DED9DEFADE684A61082519041198
:101DB0002519251945192511251125112619461909
:101DC0004619461946194619461946194619251144
:101DD000461966194A3276957EDFFCCE4E538A321A
:101DE000F79DFFDFFFEF559587216A3A97A57EDFC4
:101DF0005DD7AB3A861145094509EB4218AEDFEFD6
:101E0000FFF7FFFFFFFFDFFFFFFFFFFFFFFFFFFF0A
:101E1000FFFFFFFFFFFFFFFFFFFFFFFFFFFFFFFFD2
:101E2000FFFFFFFFFFFFFFFFFFFFFFFFFFFFFFFFC2
:101E3000FFFFFFFFFFFFFFFFFFFFFFFFFFFFFFFFB2
:101E4000FFFFFFFFFFFFFFFFFFFFFFFFFFFFFFFFA2
:101E5000FFFFFFFFFFFFFFFFFFFFFFFFFFFFFFFF92
:101E6000FFFFDFFFDFF7FFF7BFF7BFEFBFE77AAE98
:101E7000AF3BF033D02B112C4F246F24B02C902C7F
:101E80006F24902CD134B12C9024B12CD12C9024DF
:101E90006F1CB024D124901C6F14B124B12C4F249A
:101EA0004F2C9034B02C4E1C2E1C8F2C4F34ED3305
:101EB0004C33682AC621A62985296529A631CF7BFE
:101EC000BAD6BEF7FFFFDFF7FFFFDFF79FEF9FE711
:101ED0007FE72E5B19B619B6E8316A427284D7AD36
:101EE0006E63E731293A8A420832C72986214511B3
:101EF0006619261126116719471967196719C8212C
:101F00002611C8218719C821727CFFEFFFF7769D43
:101F10002511451110749EE7FFF75DDFF06B251169
:101F200086193595DFEFFFF7769D8619661925111D
:101F300046110511261925190511E4100411051182
:101F4000041104110411251905192519251925193C
:101F500025192519251125112511251125112511C1
:101F600005110411041104110411E410E410C4104B
:101F7000C310E310E310C310C310A310A210E3209A
:101F80008439C549E5590562256225624562656265
:101F90006562656A656A8672A672A672C67AE77A13
:101FA0000783078307832783488B688B88938893ED
:101FB00068936893689368938993899389938993C5
:101FC0008993899389938993899389938993AA9B08
:101FD000CA9BCA9BCA9BA99BAA9BCA9BCA9BCA9B1A
:101FE000CA9BCA9B899B488B2783288BEB9BEFBCA2
:101FF000D3D534DE75E6D7EED7EE18EF39F739F7DB
:102000005AF75AF75AF75BF77BF75BF75AF75BF724
:102010007BF77BF75BF75BF75BF75BEF3AEF3AEF4A
:10202000F9E6B8DEB8DED9DE073A810824190411D2
:10203000251925114519251125112511461946196E
:1020400046194619461946194619461946114619A0
:102050004619092A727C3DCFDFE75174082A148D96
:102060003DCFFFEFDBC62932861911741DCFFFEF7C
:10207000D48445114509A711492A358DDFE7FFF7BB
:10208000DFF7FFFFFFFFDFFFFFFFFFFFFFFFFFFFA8
:10209000FFFFFFFFFFFFFFFFFFFFFFFFFFFFFFFF50
:1020A000FFFFFFFFFFFFFFFFFFFFFFFFFFFFFFFF40
:1020B000FFFFFFFFFFFFFFFFFFFFFFFFFFFFFFFF30
:1020C000FFFFFFFFFFFFFFFFFFFFFFFFFFFFFFFF20
:1020D000FFFFFFFFFFFFFFFFFFFFFFFFFFFFFFFF10
:1020E000DFFFDFFFDFF7FFF7DFF7DFF7DFE7BBB685
:1020F000D03B1034D02B102C4F247024902C6F2404
:102100006F24902CB12CB02C7024B02CD12C9024A6
:102110007024B024D12C901C6F14B12490242F244F
:10212000502C90346F2CED1B2E1CB0340E2C8C2BAD
:10213000EA2A0722E62985296529C6392C6B79CE3A
:10214000FFFF9EF7FFFFDFF7FFFF3DDF1CD77EE7B6
:1021500011747384FDCEAC422A3AF49456A55ABE4B
:10216000F4946D5B6E63493A0511E408861987198A
:1021700046112509671167116719A82147196819C0
:10218000A921A81968198719C8215274BEDFFFEF69
:10219000349524118621727C7EDFFFF79EDF8E5BF3
:1021A0004511C7219284DFEFFFF7148D25096611D1
:1021B00025118721E4106619461925194519E408E7
:1021C000A308051125190511051905192511251152
:1021D000251925192511251125112511051105117F
:1021E0000511041104110411E410E410E410C310EB
:1021F000C310C310E310C310A310C318A210E21839
:102200006439E549E559055A26624562456A6562C1
:102210006562656A656A6572A672A672C67AE67AB2
:10222000E782078307832783488B688B889388938B
:102230006893689388938893899389938993899302
:10224000899389938993A99389938993A99BCA9B1D
:10225000CA9BCA9BCA9BCA9BCA9BAA9BAA9BAA9BB6
:10226000CA9BCAA3AA9B6993288B488BCA9BAEB40E
:1022700071CDF3D534DE96EED7EEF7EE18F719F7F9
:1022800039F73AF73AF75AF75BF75BF75AF75BF724
:102290005BF77BF75BF75BF75BF75BEF5AF73AEFC0
:1022A000F9E6D8DEB8DEB9D66529C21004192511C1
:1022B0000511251125192519251126194619461923
:1022C00046194619461946194619251166196619FF
:1022D000A7216E53BBBEFFEFB69DE829F0631CCF6C
:1022E000FFE79EDFAF5B6611CB4239AEFFEFDCC686
:1022F000293266192509C719F4847DDFFFEFFFF73E
:10230000FFFFFFFFBFFFFFFFFFFFFFFFFFFFFFFF1D
:10231000FFFFFFFFFFFFFFFFFFFFFFFFFFFFDFFFED
:10232000FFFFFFFFFFFFFFFFFFFFFFFFFFFFFFFFBD
:10233000FFFFFFFFFFFFFFFFFFFFFFFFFFFFFFFFAD
:10234000FFFFFFFFFFFFFFFFFFFFFFFFFFFFFFFF9D
:10235000FFFFFFFFFFFFFFFFFFFFFFFFDFFFDFFFCD
:10236000DFFFFFFFFFFFFFFFFFFFDFF7DFEFBBB682
:10237000F0431034F02BF0234F24902490246F244A
:102380006F24902CB02C902C4F24902CB12C9024A6
:102390009024B124B124901C701C901C70242F2414
:1023A0004F2C70344F2C0E246F2C90340E346C3321
:1023B000892AE62185292421A6312842F39C7DEF34
:1023C000BEF7FFFFDFFFBFF79EEFDCD69EE797A5C6
:1023D0006E639BC66E632932F58CB7A5FCD6B384B9
:1023E0002D5B769D559D19B6B3840932A300E5088F
:1023F000871987198819C821871926114711C921FA
:1024000048116811CA21A9216719C821F484FFEF76
:10241000DFE7928486196619B384DFE7FFF79AC66F
:10242000AB42E4088619B384BFE7FFEFF484C3002E
:102430006619451966190411051125190511461962
:102440006621051105112519051105112511251103
:1024500025112519251925112519251125112511B4
:102460000511041104110411E410E410E410C41067
:10247000C310C310C310A310A310C318A210C21816
:102480006439E649055A055A466A466A666A866AA2
:10249000866A666A667265728672A672C67AE67A1D
:1024A000E77A07830783278B488B688B6893689349
:1024B0006893689368936893689369938993899301
:1024C00089938993899B899BA99BA99BAA9BCA9B5A
:1024D000CA9BAA9BCA9BCAA3CA9BAA9BAA9BAA9B4C
:1024E000CAA3CAA3AA9B8993488B6993CA9B6DAC64
:1024F00010C592CDF3D534DE75E6B6E6D8EEF8EE2B
:1025000019EF19EF3AF75AF77BF75BF75AF75AF7D3
:102510005AF75AF75BF75BF75BF73AEF3AEF3AEFA8
:1025200019EFD8DEB9DE78D60321C3100419451996
:102530002511251125194619461946194619461916
:102540004619461946196619671926116619251183
:10255000CC42F8A5FFE71CC70C4BCB4259B6DFE7CE
:10256000FFEFF48C8619A719358D9ED7FFE74E5BD8
:10257000251187196611AF5B5DD7FFF7DFEFFFFF0E
:10258000FFFFFFFFDFFFFFFFFFFFFFFFFFFFFFFF7B
:10259000FFFFFFFFFFFFFFFFFFFFFFFFDFFFDFFF8B
:1025A000FFFFFFFFFFFFFFFFFFFFFFFFFFFFFFFF3B
:1025B000FFFFFFFFFFFFFFFFFFFFFFFFFFFFFFFF2B
:1025C000FFFFFFFFFFFFFFFFFFFFFFFFFFFFFFFF1B
:1025D000FFFFFFFFFFFFFFFFFFFFFFFFDFFFDFFF4B
:1025E000FFFFFFFFFFFFFFFFDFFFDFF7DFEF9AAE29
:1025F000F043CF2BF023F0234F1C902490246F2422
:102600006F24902CB02C902C4F24902CB12C902423
:102610009024B124B0249024701C902470242F2482
:102620002F2C4F2C70344F2C4F2C2F342F3C0B2B36
:102630000722852124214529C6392C63DADEDEF7FD
:102640009EEFDFF7FFFFFFFF9FEFFFF7569DAC4ABE
:10265000369DAF63C8298F63369D7EDF97A54E5B9D
:10266000317CD48C9BC67EDFFFEFBFE7769D092AC5
:10267000A4006711C821A819A821C921A92168119E
:10268000681189198919681188118819E921148D2F
:10269000FFEF7EDF8E5B0409082AB27C5DD7FFF76F
:1026A000FCCE0D53E4088619D384BFE7FFEFF06B2F
:1026B0004511251186194511461946192519051187
:1026C000051105110511E41005112511251925190C
:1026D000251125192511251125192511251125113A
:1026E00005110411E410E410E4100411E410E410E6
:1026F000E310E310C310C310A310C318A210C21834
:102700004431E649265A2562466A456A666AA66ADF
:10271000A6728672867286728672A672C67AE67A09
:10272000E67A07830783278B488B688B688B6893CF
:10273000689368936893689368938993899B899B4E
:10274000899B899B899BA99BA99BAA9BAA9BCAA39E
:10275000CAA3CAA3CAA3EAA3CA9BCA9BCAA3EBA3E0
:10276000EBA3EBA3AA9B89938993CA9B0BA42CACE4
:10277000CEB450C5B2D513DE14D655DE96E6D7EEEC
:10278000F8EE19EF19EF3AF75AF75BF75BF75AF7DC
:102790003AF73AEF3AEF3AEF5BEF3AEF3AEF3AEFC8
:1027A00019EFD8DED9DE16C6E318C310241925198F
:1027B0004619451946192519461946194619461943
:1027C0004619661966196619251167198719082AA5
:1027D000927C7ED79EDF106CE721558D9EDFFFEF48
:1027E00019B609320409F0633DCFDFDFB79DA72199
:1027F00066198719CB427ABEFFF7BEEFFFF7FFFFDE
:10280000FFFFDFFFDFFFFFFFFFFFFFFFFFFFFFFF18
:10281000FFFFFFFFFFFFFFFFFFFFFFFFFFFFFFFFC8
:10282000FFFFFFFFFFFFFFFFFFFFFFFFFFFFFFFFB8
:10283000FFFFFFFFFFFFFFFFFFFFFFFFFFFFFFFFA8
:10284000FFFFFFFFFFFFFFFFFFFFFFFFFFFFFFFF98
:10285000FFFFFFFFFFFFFFFFFFFFFFFFFFFFFFFF88
:10286000FFFFFFFFFFFFDFF7DFFFDFF7FFF77AAEC6
:10287000F03BCF2BF02310244F1C902490246F2486
:102880007024902C902C902C4F24902CB12C902CB8
:10289000902CB12CB0249024701C701C70242F2418
:1028A0002F244F2C70344F340E2CEE336C33471AD8
:1028B000851965216531074A0742508C3CE79EF730
:1028C000DFFFFFFFDFF73DE7FFFF9AC6AF6B359DE8
:1028D0009384A729EC52F0739BC6FCCE3174D06B65
:1028E000D06BF494DCCE9EE7FFEFDFEFFFF7DFE77E
:1028F000F58CC821C400E921A819A9198811470934
:10290000C919A9118911C91968112B2A8819E92136
:102910007695FFF75DD72C538200C72155959EE72A
:10292000FFF75DDF4D5305098619158DFFEFFFF7A2
:1029300031748200E30886192511C4080511251198
:1029400005112519051125112511251925192519F7
:1029500025112511251125112511251125112511C7
:10296000251105110411041104110411E410E410DF
:10297000E410C410C310C310C410C310A310A218D5
:102980002329C549475A6662466A666A8672A772F3
:10299000C772A67286728672A672A672C67AE67A26
:1029A000E67A078307832783478B478B688B689377
:1029B0006893889389938993899BA99BA99BA99BD9
:1029C000A99BA99BAA9BAA9BAA9BAA9BCA9BCAA399
:1029D000EBA3EBA3EBA3CAA3CA9BCAA3CAA3EBA313
:1029E0000BA4EAA3AA9B8993CA9B0BA40BA42BA4B8
:1029F0008DAC0FBD71CDD2D5F3D534DE76E6B7E61A
:102A0000D8EEF9EE19EF3AF75AF75AF75BF75AF79B
:102A10003AF73AF73AF73AF75BEF5AEF3AEF1AEF2D
:102A20001AEFD9E6D9E694B5E318E310251945194C
:102A300046194519461925194619461946194619C0
:102A400046194619461946194619661987198F5BA2
:102A5000BBBEFFE77695E72110643CCFDFE73DD7AB
:102A6000EC4AC408EC4AF8A5FFE71CCFCB42871913
:102A700045116A3A97A5DFEFFFF7DEF7FFFFFFFF8B
:102A8000FFFFFFFFFFFFFFFFFFFFFFFFFFFFFFFF56
:102A9000FFFFFFFFFFFFFFFFFFFFFFFFFFFFFFFF46
:102AA000FFFFFFFFFFFFFFFFFFFFFFFFFFFFFFFF36
:102AB000FFFFFFFFFFFFFFFFFFFFFFFFFFFFFFFF26
:102AC000FFFFFFFFFFFFFFFFFFFFFFFFFFFFFFFF16
:102AD000FFFFFFFFFFFFFFFFFFFFFFFFFFFFFFFF06
:102AE000FFFFFFFFFFFFFFFFFFFFDFF7DFEF39A66D
:102AF000CF3BF033F02331244E1C902490246F24DC
:102B00006F24902C902C902C702C9134B134902CFC
:102B1000902CB12CB12CB0244F1C4F1C70244F2C86
:102B20004F2C703470340E2CEE330E3CCA2AC6196A
:102B3000A5218529A639E641895234A55DE7FFFF25
:102B4000BFF7FFFF9EEF9FEF7EE7317C559D39BEBB
:102B50006A420D53D06BD48CFFF715951595B38C45
:102B6000F494DBCEBFEFFCD6DFEFFFF7BFEFFFEF54
:102B7000FFF7FCCE6F5B0609C9198811C9194B2AEA
:102B800088114709EA198911A9118911EA218811C7
:102B90002A2AB79DFFE7BEDF8E5BC300C721D38C17
:102BA000DFEFFFF73DDF2D53040925111495FFEFEB
:102BB000FFEF727CE408C300461966192519051158
:102BC000251905110511E4102511251925192519B7
:102BD0002511251125112511251125112511251145
:102BE000251125112519251905110411E410E410EA
:102BF000E410C410C310E410C410C310A310A2103A
:102C00000221C541675A876A676A8672A772C772CE
:102C1000C672A672A672A672A672A672A672C67AAC
:102C2000E77A0783078307832783478B688B68933B
:102C300088938993A993A993A99BA99B899BA99BF5
:102C4000A99BA99BCA9BCA9BCAA3CA9BCA9BCA9B96
:102C5000EBA30BA4EBA3CAA3CAA3CAA3CAA3CAA388
:102C6000EAA3CAA3A99B899BAA9B0BA40BA42CA48F
:102C7000AEB40FBD51C5B2D513DE55DE96E6B7E64C
:102C8000D8EEF8EE19F73AF75AF75AF77BF75BF7F1
:102C90005AF73AF73AF75AF75BEF5BEF3AEF1AEF6A
:102CA0003AEFF9E6F9E653ADC218E31824194619CC
:102CB0000511251125114619461946196619661977
:102CC000661966196619661966194611AB3A559563
:102CD000DFE71CCFEC420C4379AEBEDFBFE7106CE0
:102CE00005112932148D5DCFDFE7727486116611EC
:102CF0004932D484BFEFFFF7FFFFFFFFDFFFFFFF85
:102D0000DFFFFFFFFFFFFFFFFFFFFFFFFFFFFFFFF3
:102D1000FFFFFFFFFFFFFFFFFFFFFFFFFFFFFFFFC3
:102D2000FFFFFFFFFFFFFFFFFFFFFFFFFFFFFFFFB3
:102D3000FFFFFFFFFFFFFFFFFFFFFFFFFFFFFFFFA3
:102D4000FFFFFFFFFFFFFFFFFFFFFFFFFFFFFFFF93
:102D5000FFFFFFFFFFFFFFFFFFFFFFFFFFFFFFFF83
:102D6000FFFFFFFFFFFFFFFFDFFFBFF77EDFD8950D
:102D7000CF3B313CF02331244E146F1C90246F2440
:102D80006F24902C902C702C702C9134902C702CE3
:102D90007024902C90249024701C70247024702C2B
:102DA0004F246F2C6F340E2C0F3CCE43692A8519AB
:102DB000A629C639E7418531AA52F7BDBEF79EEF75
:102DC000FFFFBFEFBFEFFFF7D494B7AD9ACEAB4A8A
:102DD0000C537284928476A5D38C8F639384F8B558
:102DE0005DDF9EE71CD7FFF7FFF7DFEFFFF7FFF789
:102DF000FFF7DFEFFFF7737CA81968092A2288091B
:102E00006809EA1968096809CA11EA196811C91933
:102E100067114A327AB6FFEF9EDF4D530409C7218E
:102E2000F48CDFEFFFF79EE7CC4A4619A721148DFB
:102E3000FFEFFFEF93842519820066194619C30836
:102E40002619E410051105114619E5104619261931
:102E50000511051126190511251125112519251111
:102E60002511051125192519051105110419E4105D
:102E7000E410E410E410E410C410C410C310A21055
:102E8000C2188439675AA872A772C772E77AC77ADC
:102E9000C772E77AC77AC67AA67AC672C67AC67A3F
:102EA000E67AE77A078307832783488B488B689302
:102EB000689388938893899B889BA99BA99BA99BCE
:102EC000A99BA99BA99BA99BCA9BCA9BCAA3EBA32D
:102ED0000BAC0BACEBA3EBA3EAA3CAA3EAA3CAA374
:102EE000CAA3EAA3C99BA99BCAA32BAC2CAC6CAC0C
:102EF000AEB40FC571CDB2CD14DE75E696E6B7E679
:102F0000D8EEF8EE19F73AF75AF75AF75AF75AF790
:102F10003AF73AF73AF75BF75BEF5BEF5AF73AEFBE
:102F20003AEF1AE73BEFD29CC21024192519251954
:102F30004519251125194619461966196619871963
:102F400046196719671946114611C82131745DD7B2
:102F5000BFDFF0630822558DBED7FFE735952511F9
:102F600087213174FCCEFFEFF8ADA7196611E72178
:102F7000106C7EDFFFFF9EEFDFFFDEFFDEFFFFFF57
:102F8000FFFFFFFFFFFFFFFFFFFFFFFFFFFFFFFF51
:102F9000FFFFFFFFFFFFFFFFFFFFFFFFFFFFFFFF41
:102FA000FFFFFFFFFFFFFFFFFFFFFFFFFFFFFFFF31
:102FB000FFFFFFFFFFFFFFFFFFFFFFFFFFFFFFFF21
:102FC000FFFFFFFFFFFFFFFFFFFFFFFFFFFFFFFF11
:102FD000FFFFFFFFFFFFFFFFFFFFFFFFFFFFFFFF01
:102FE000FFFFFFFFFFF7FFFF7EEF1DDF3DD7768579
:102FF000F043313C102C31244E148F1C90246F244C
:103000006F24902C902C702C702C9134B134902C17
:103010007024902C902470244F1C7024902C2F240A
:103020002E246F2C4F340E34EE432B3B0722852188
:10303000A631A531C6394429CA5259C6BEF73DE763
:10304000BFF73DDFBFEF19BE1074BBCE317C2D5BE7
:10305000528497A5149593846E63728496ADDFEFC6
:103060009EEFFFFFDFF79EEFFFFFDFF7FFFF7EEF33
:10307000FFFFFFF77EE7FFF7B89DC91905010A2298
:103080000A1A8809EA19EA11CA1148018911C919ED
:10309000C91988194A327AB6FFEF9EDF4D532511C0
:1030A000A721D38CBFEFFFF7FFF7EC52A30046191F
:1030B000F48CFFEFFFF7359D66198200E40845198F
:1030C0002619051126192511051146190511051195
:1030D000261905110511261925112511251125116E
:1030E0002519251925192519251925190419041932
:1030F000E418E418E410E410C410E410E418A2107A
:10310000A2104431475AC972C872E87A0883087B12
:10311000E77AE77AE77AC77AC77AE77AE77AE77AE7
:10312000E77A078307830783278B488B688B88930D
:1031300088938993899BA99BA99BC99BC99BA99BA0
:10314000A99BC99BCA9BCA9BEA9BEA9BEAA3EBA3E8
:103150000BAC0BACEBA3EBA3EAA3EAA3EAA3EAA3B1
:10316000CAA3EAA3CAA3CA9B0BA46CAC4CAC8DB493
:10317000CEB42FC591CDD2D514DE75E696E6B7E66E
:10318000D8EEF9EE19F73AF75AF75AF75AF75AF70D
:103190005AF73AF73AF75AF75BF75BEF5AF73AEF15
:1031A0003AEF1AE71AE79194810824194519251175
:1031B0002511251946194619461987196619461108
:1031C0004611661946114611A7194E535AB6FFEF1C
:1031D000969D082AF0631CC7FFEF1CC749322511D2
:1031E0002D535AB6FFEF3DD7AB424511A7194D4BB2
:1031F0009ABEFFEFBFF79FF7DFFFDFFFDFFFFFFFA5
:10320000FFFFFFFFFFFFFFFFFFFFFFFFFFFFFFFFCE
:10321000FFFFFFFFFFFFFFFFFFFFFFFFFFFFFFFFBE
:10322000FFFFFFFFFFFFFFFFFFFFFFFFFFFFFFFFAE
:10323000FFFFFFFFFFFFFFFFFFFFFFFFFFFFFFFF9E
:10324000FFFFFFFFFFFFFFFFFFFFFFFFFFFFFFFF8E
:10325000FFFFFFFFFFFFFFFFFFFFFFFFDFFFDFFFBE
:10326000FFFFFFF7BFEF7EEF1DDFDCCE5DCF357DCB
:10327000AF3B313CD023512C2E146F1C90246F2473
:103280007024902C902C902C702C902CB134902C7D
:10329000702C902C90244F244F1C902470240E1CD2
:1032A0002E1C6F2C2E342E3C8D3B28228521862906
:1032B00086318531842923214C6379C67DE7BEEFB1
:1032C0009BCE5EE7BBCE1174FCD65184C729107427
:1032D00096A5F494D8B552846E635184F8BD3DDF51
:1032E000FFFF3DE7FFFFFFFFFFFFFFFFFFFFFFFFC8
:1032F000FFFFFFFFDFF79EE7FFEF3DCFED42E50069
:10330000C9110A1A6809CA11CA11C9110A1A880909
:10331000A811C919A8190D4BDCC6FFEFBFE7AF63B1
:10332000E40866191495BFEFFFF7FFF7D06BC408E8
:103330004619527C7EDFFFF75ABEE829C4082519DA
:10334000C408E408251105112511E51025112511E2
:1033500005112511461105112519251925112511CC
:1033600025192519251905192519051905190519ED
:103370000419E410E410C410A310E410E410C31006
:10338000A21003210652E972E97A097B4983498335
:10339000288308830883E77AE77AE77AE77AE77A87
:1033A000E77A0783078307832783488B488B8893B3
:1033B0008893A99BA99BA99BC99BC99BC99BC99B96
:1033C000C99BEA9BEAA3EAA3EBA3EBA30BA40BA480
:1033D0000BAC0BA4EBA3EBA3EAA3EAA3EAABEAA32F
:1033E000CAA3EAA3EAA3EAA34CAC8DB48DB4ADB4EE
:1033F000EEBC2FC5B1D513DE34DE75E696E6B7EE2A
:10340000F8EE19EF19F73AF75AF75AF75AF75AF749
:103410005AF75AF73AF75AF75BF75BEF5AF73AEF72
:103420003AEF1AE71AE7508C810844194519251913
:1034300025112511461925112511661966194619F8
:10344000661966194611A7194A32148D9ED71CC7F2
:103450000C4B8A3A9ABEBFDF7DD7306C0401492AF3
:10346000F4847EDFFFEF31744611C719AB3A9695AD
:10347000DFEFFFF79EEFFFFFFFFFDFFFDFFFFFFF45
:10348000FFFFFFFFFFFFFFFFFFFFFFFFFFFFFFFF4C
:10349000FFFFFFFFFFFFFFFFFFFFFFFFFFFFFFFF3C
:1034A000FFFFFFFFFFFFFFFFFFFFFFFFFFFFFFFF2C
:1034B000FFFFFFFFFFFFFFFFFFFFFFFFFFFFFFFF1C
:1034C000FFFFFFFFFFFFFFFFFFFFFFFFFFFFFFFF0C
:1034D000FFFFFFFFFFFFFFFFFFFFFFF7FFFFFFFF04
:1034E000BFF77EE73DE7FCD6FCD61DD77ECF14752F
:1034F000AF3BF033D023312C2E1C6F1C90246F2453
:103500007024B02CB12C902C702C902C902C702C02
:10351000902CB02C70242F1C502490244F242E1C4F
:103520004F2C6F344F3CEE43CA2AC621A629C73917
:1035300065314429442144212C639ACEBFEF1CD726
:10354000BBCEBBCED06BD8AD359D69428E63F394B4
:10355000D494B7AD56A53284159DD7B518BE39BEE3
:103560005DE7FFFFFFFFFFFFDEF7FFFFFFFFFFFF4E
:10357000DEF7DFFFFFFFFFFFDFEFFFEFBFDFD05B17
:1035800026096811EA19A911CA110A1AA811C91144
:103590000A1AA9112B22C919AC3ABBBEFFF73DD7B5
:1035A0008F5B8721461972849EE7DFEFFFF7F06B90
:1035B000A300E408727CFFEFFFF7DFEF8A42A3006D
:1035C000A721A7216619C40825118721C408A308CB
:1035D000461905112511051125192519251925113A
:1035E00025192511051905110519051104110411D5
:1035F000E410E410E410C410E410E410E410C3106C
:10360000A210E320C541C96AE97A097B69838A8BE4
:10361000698B698348830883E87A087B0883088379
:1036200008830783078307832783488B488B889306
:103630008893A99BA99BC99BA99BA99BC99BC99B33
:10364000EAA30AA40BA40BA40BA40BA40BA42BA405
:103650000BAC0BAC0BAC0BA4EBABEBABEAABCAA368
:10366000CAA3CAA3EAA30AA46CACADB4AEB4CEBCE0
:103670000FBD50C5B2D534DE54E675E696E6B7EE1A
:10368000F8EE18EF19EF39EF5AF75AF75AF75AF7D9
:103690005AF75AF75BF75BF75BF75AEF5AEF5AEFB7
:1036A0003AEF1AE73BEF2F84610844194519461990
:1036B0004619251125192619461946114611461194
:1036C000461166194611E82151743DCF9EDF1485DD
:1036D000E821358D9EDFFFEF559525096611316C88
:1036E0001CCFFFEF19AEA7214511082AD37CDFE7D5
:1036F000FFF7FFF7FFFFDFFFFFFFFFFFFFFFFFFF0A
:10370000FFFFFFFFFFFFFFFFFFFFFFFFFFFFFFFFC9
:10371000FFFFFFFFFFFFFFFFFFFFFFFFFFFFFFFFB9
:10372000FFFFFFFFFFFFFFFFFFFFFFFFFFFFFFFFA9
:10373000FFFFFFFFFFFFFFFFFFFFFFFFFFFFFFFF99
:10374000FFFFFFFFFFFFFFFFFFFFFFFFFFFFFFFF89
:10375000FFFFFFFFFFFFFFFFFFF7FFF7BFF79EF73A
:103760003DE7FCDE3DE71DDF3DDFBFE75ECFF46CEC
:10377000AF3BD033F02B112C4F1C9024902470249D
:103780006F24902C902C702C902CB02C902C90248A
:10379000902CB02C90242F1C501C70242F242F24EC
:1037A0004F2C6F3C4F446B33682AC621A6318631BB
:1037B0008531853123192319EF739ACE7EE7BBCE6D
:1037C0007BC6D48CF073559D0C536942B28C149512
:1037D000938C359D35A5D494D8ADBBCEDBCE9ACE97
:1037E000DBD63DE7DFF7FFFFFFFFDFFFFFFFFFFF58
:1037F000FFFFFFFFFFFFFFFFDFF77EE7FFF7FFEFB2
:10380000F58C881188110A22A911A911C911EA1988
:103810008809A911A911C9198811CC3A7BBEFFF7F3
:103820005ED74D53251186219284BEE7FFEFFFEF4F
:10383000528405114619AF635DD7FFF7FFF7CB4AF6
:10384000A3000411E41087212511E4082619A721FB
:10385000E408C4080509251125112519261925197B
:103860002519051105190519251925190519051910
:10387000E410E410E410E4100519E410E410E4107E
:10388000E310E3186439A9620A7B297B6A8BAA8B4F
:10389000CA93AA938A8B4983298328832883288300
:1038A000288B288B288B288B288B488B488B8893D8
:1038B0008893A99BA99BC99BC99BC99BCAA3EAA33F
:1038C0000AA40BA42BA40BA42BA42BA42BA42BACD9
:1038D0002BAC2BAC2BAC0BAC0BACEBABEAABEAA33D
:1038E000EAA3EAA3EAA30BA48DB4CEBCEEBC0FBD41
:1038F0002FC570C5D2D534DE54E675E696E6B7EE30
:10390000F8EE18EF19EF39EF5AF75AF75AF75AF756
:103910005BF75BF75BF75BF75BF75AEF5AF75AF722
:103920003AEF1AE73BEF2F8461004521251946192C
:10393000461926194619661966196619461146115F
:1039400066118619C8214D4B59AEBFDF59B6492AB9
:10395000306C1CCFDFE759B6282A45114D4BF8A52E
:10396000DFE77EDF4D5346118619F063BBC6FFEFDC
:10397000FFFFDFF7FFFFFFFFFFFFFFFFFFFFFFFF7F
:10398000FFFFFFFFFFFFFFFFFFFFFFFFFFFFFFFF47
:10399000FFFFFFFFFFFFFFFFFFFFFFFFFFFFFFFF37
:1039A000FFFFFFFFFFFFFFFFFFFFFFFFFFFFFFFF27
:1039B000FFFFFFFFFFFFFFFFFFFFFFFFFFFFFFFF17
:1039C000FFFFFFFFFFFFFFFFFFFFFFFFFFFFFFFF07
:1039D000FFFFFFFFDFFFDFF7DFEF9EEF5DEF3DEF64
:1039E0001DE73DE79FEF7EE77EE7DFE7FCB6925CF1
:1039F000CF3BF0331034112C4F1C9024B02C90246A
:103A00006F249024902C9024702CB12CD12C902CCD
:103A10009024902C902C7024502470242F1CEE1B8A
:103A20000E2C2E3C0E44C92AC519C629E739863109
:103A3000242944210319642151841CD75DE7DCCE7D
:103A40005ABE8F637284317CE7296D5BD38C928C74
:103A50007284F494D49477A57BC65EDF7FE77EE71B
:103A6000FCD6DBD69EEFBEF7DFFFFFFFDFFFDFFFF9
:103A7000FFFFFFFFFFFFFFFFFFFFFFFF9EEF9EE740
:103A8000FFF79BBE6B322709A911E911EA19C91189
:103A90000A1A4B22CA11CA112B2288116B32D9ADD6
:103AA000FFF77FDF2D5325112411B2849EE7FFF726
:103AB000FFF7AF6B04090409EF6B3DDFDFEFFFF7A2
:103AC000F06BA300461925112619A721C408E408A4
:103AD0000509461925110511251125112619261943
:103AE0002519251905192519251925190519051946
:103AF000E418E410E41805190511E4100411041188
:103B0000E310C2102329685A2A7B6A838A8BAB93FD
:103B1000EB93EB93CB93AA93698B498B498B498B9E
:103B2000698B498B488B488B288B488B488B6893D3
:103B30008893A99BA99BC99BC9A3EAA3EAA3EAA36B
:103B4000EAA30BA42BA42BA42BA42BA42BAC2BAC4F
:103B50004CAC4CAC2BAC2BAC0BAC0BAC0BACEAA315
:103B6000EAA3EAA3EAA32BA4CEBC0FBD0FBD2FBDD1
:103B700050C591C5D2D533DE54DE75E696E6B7EE74
:103B8000F8EE19EF39F73AF75AF75AF75BF75BF7A0
:103B90005BF75BF75BF75BF77BF77BF75BF75AF756
:103BA0003AEF1AEF3BEF2F844100652145192519A3
:103BB0000511251946192619251166196611661968
:103BC00086196611CB42B79DDFE71CCF0C4B6A32DA
:103BD00018AEFFE7DFE7F06B04094932148D9EDF72
:103BE000FFEFD48405094511CB4239B6FFEFFFF74B
:103BF000FFFFFFFFFFFFDFFFFFFFFFFFFFFFFFFFF5
:103C0000FFFFFFFFFFFFFFFFFFFFFFFFFFFFFFFFC4
:103C1000FFFFFFFFFFFFFFFFFFFFFFFFFFFFFFFFB4
:103C2000FFFFFFFFFFFFFFFFFFFFFFFFFFFFDFFFC4
:103C3000DFFFFFFFFFFFFFFFFFFFFFFFFFFFFFFFB4
:103C4000FFFFFFFFFFFFFFFFFFFFFFFFFFFFFFFF84
:103C5000DFFFBFF7BEF79EEFBEEF9EEF7EEF7EF772
:103C60009FF7BFF7BFF79FEF9FE79FD77A9EF0437D
:103C7000AF33313CD02B112C2E1C7024902C70248F
:103C80006F24902CB02CB02C6F24B02CD12C902C05
:103C90007024902490247024501C70242F24EE2330
:103CA000ED2BED332B2B271AA519A629A63145316B
:103CB0002429442103196521307C3DDF39BEBBCE68
:103CC0003174938493842D53EB4A7184B38CD38CD9
:103CD000928CD073738C159D7BC6DCCE5EDFBFEFFC
:103CE000DFF75EE75DE79EEFDFFFFFFFFFFFDFFF30
:103CF000FFFFDFFFBEF7FFFFDFFFDFFFFFFFFFFF7D
:103D0000BFEFFFEFDFE7F163A9112B222B22AA09F6
:103D1000EA11EA110B1A0B1A0B1A0B22C919AD3A48
:103D2000D9A5FFEFDFEF4D532411A621B284BEE7E2
:103D3000FFEFFFEF317404110411CF6BBFE7FFF702
:103D4000BFE7CF6BC408661966190511251125193F
:103D500046190511051125110511251125192619D9
:103D600025192519251925192519251905190519A3
:103D7000E418E410E410E410E410E410E410E408A3
:103D8000E310A210E220E6492A7B8B83AA8BAA8B40
:103D9000EB930C9CEB9BEB9BAB938A936A8B698BAD
:103DA0006993698B698B488B488B488B488B8993C7
:103DB0008893A99BA99BC99BC9A3EAA3EAA3EAA3E9
:103DC0000AA42BA42BAC2BAC2BAC4BAC4CAC4CAC0A
:103DD0004CAC4CAC2BAC2BAC2BAC0BAC0BACEAAB6B
:103DE0000BAC0AA4EAA34BACEEBC2FC52FC550C543
:103DF00071C5B1CDF3D534DE54DE75E696E6D7EE67
:103E0000F8EE19EF39F75AF75AF77AF77BF75BF7BD
:103E10005AF75AF75BF75BF77BF77BF75BF75BF7D4
:103E20003AEF3AEF5BEF2F844100862145192519BF
:103E3000051125112519051145116619661966190F
:103E40008619292A72745DD7BFDF72748619358D81
:103E50007EDFBFE755958619C719306CFCCEFFEFA2
:103E60005AB66A3A4509292A148DBFE7FFF7DFF7EA
:103E7000DFF7FFFFFFFFFFFFFFFFFFFFFFFFFFFF7A
:103E8000FFFFFFFFFFFFFFFFFFFFFFFFFFFFFFFF42
:103E9000FFFFFFFFFFFFFFFFFFFFFFFFFFFFFFFF32
:103EA000FFFFFFFFFFFFFFFFFFFFFFFFFFFFDFFF42
:103EB000DFFFFFFFFFFFFFFFFFFFFFFFFFFFFFFF32
:103EC000FFFFFFFFFFFFDFFFDFFFDFFFDFFFBFF7CA
:103ED000BFF7BFF7BFF7BFF7BEEFBFF7DFFFDFFFEB
:103EE000DFFFDFFF9FF79FEFDFE79ECFD785AE3382
:103EF000AF2B313CD023112C0E1C6F24902C70243E
:103F00007024902CB12CB12C6F24902CB02C902CC0
:103F10007024902470244F242F1C2F1C70242F2CCD
:103F20002F3CCD3B681AA511E629A63185316529BC
:103F3000442944292319852914959AC6FCCEB7AD86
:103F40001174B7A58F638A421074759D96A5D38CA2
:103F5000F0734E63D494B8B55AC69BC69BCEBFEFE0
:103F6000FFF79FEF7EEF7EEF5DEF9EF7FFFFFFFF16
:103F7000DFFFDFFFFFFFBEF7FFFFDFFFDFFFBEF763
:103F8000FFFFFFF7FFEFFFEF168D0A22A9112C228A
:103F90008909EB112B1A0B1AEA19EA194C22C919D3
:103FA000AC3AD8A5FFEFDFEF6E5BC3002411F38CB2
:103FB000FFEFFFF7FFF7CF6B0411E408CB4A7EE772
:103FC000FFF7FFF7727CE410A4086619092A0509B7
:103FD0008721C40825112511251125112511251921
:103FE0002519251925110519251905190519051969
:103FF0000519E418E410E410E410E410E408C30820
:104000000411C310C218A5410A738B83AB8BAA8B12
:10401000EB932C9C0B9C0C9CEC9BCB938A938A93EC
:104020008A938A936993698B488B688B688B889392
:104030008993A99BC99BC9A3EAA3EAA30AA40BA4D9
:104040002BA42BAC4CAC4CAC4CAC4CAC6CAC6CACBA
:104050004CAC2BAC2BAC0BAC2CB42BB42BAC0BACB6
:104060002BAC0BAC0AA46CAC0EBD50C52FC530BD3B
:1040700091C5B2CD13D634DE54DE75E6B6E6D7EE82
:1040800018EF19F739F73AF75AF77AF77BF75BF732
:104090005AF75AF75BF77BF75BF79BF75BF75BF732
:1040A0005BF73AEF5BEF2F84400065212519661915
:1040B00046194619261925114619861966194511FA
:1040C000A719CF6359B6DFE7969DC721316CFCC6AF
:1040D000FFE779B6493204092D4B59B6DFE77EDF99
:1040E000AF5B6611C719F0635DD7DFEFDFF7FFFF46
:1040F000FFFFFFFFFFFFFFFFFFFFFFFFFFFFFFFFD0
:10410000FFFFFFFFFFFFFFFFFFFFFFFFFFFFFFFFBF
:10411000FFFFFFFFFFFFFFFFFFFFFFFFFFFFFFFFAF
:10412000FFFFFFFFFFFFFFFFFFFFFFFFFFFFFFFF9F
:10413000FFFFFFFFFFFFFFFFFFFFFFFFFFFFFFFF8F
:10414000FFFFDFFFDFFFBFFFBFF7BFF7BFF7BFF71F
:10415000BFF7BFF7DFFFFFFFFFF7FFF7FFFFBFFF6F
:10416000DFFFDFFFBFF7DFF7DFE79FD755758E2B48
:10417000CF2B1034CF23F02B4F1C9024902490246D
:104180007024902CB02C902C702C902C902C70249F
:104190006F246F24702470244F1C2E1C0E1C0E24C0
:1041A000EE332B2B2722A621E731652944218529CF
:1041B000242144210321083A55A5FCD63DDF9384F0
:1041C00097A515958B426E5B969D9AC6D7AD317CAF
:1041D000F07BD494B8B51DDFBCD69AC6DCD63DE7DB
:1041E0001DDF7EE7FFFF7EEF5DEF9EF7DFFFFFFF46
:1041F000FFFFFFFFFFFFFFFFDEFFFFFFBEFFBEFF72
:10420000FFFFDFF7BEEFFFF7FFEF9BBECD3AA9112F
:104210004C22EA11CA09EB110B1A0B1AEA11EA191E
:104220008809ED429BBEFFEFFFEFF06B6611A61908
:10423000927CBEE7FFFFDFF7AF6B051146194932ED
:10424000BEE7BEEFFFF772846619A3008719040961
:10425000661945194611261126112511051125113A
:10426000461925112511051105110511051905110D
:104270000511E510E410E4100511E4100411041117
:104280000411E310E3200329685A6B83AC8BCB8BBA
:104290000C940C9C0C9C0C9C0CA4EC9BCB9BCB9B83
:1042A000AB93AA938A938993899389938993A993CA
:1042B000A993A993C99BC99BE99BEAA30AA42BA430
:1042C0002BAC4BAC4BAC4CAC6CAC6CAC6DB46CACC8
:1042D0004CAC4CAC4CAC4CAC4CB46CB44CB44CB4DE
:1042E0004CAC2BAC4BAC8CB40FBD50C570C570C57D
:1042F000B1CDD2CDF3D554DE75DE96E6B6E6D7EE77
:10430000F8EE19F739F73AF75AF75AF75BF75BF710
:104310005BF75BF75BF75BF77BF77BF77BF77BF78D
:104320005AF719E77CF7508C810845212519461961
:104330004619251146194511461966194511661188
:104340008A3AB79DFFE7BBBE6A326A3259B6FFE7C9
:104350005DCFAE5B04098A3A569D9FE7DFE7158D76
:10436000A7112501EB4259B6FFF7DFF7DFFFFFFF8B
:10437000FFFFFFFFFFFFFFFFFFFFFFFFFFFFFFFF4D
:10438000FFFFFFFFFFFFFFFFFFFFFFFFFFFFFFFF3D
:10439000FFFFFFFFFFFFFFFFFFFFFFFFFFFFFFFF2D
:1043A000FFFFFFFFFFFFFFFFFFFFFFFFFFFFFFFF1D
:1043B000FFFFFFFFFFFFFFFFFFFFFFFFFFFFFFFF0D
:1043C000FFFFFFFFDFFFDFFFBFF7BFF7DFFFDFFF0D
:1043D000FFFFFFFFFFFFFFFFFFFFFFFFFFFFDFFF0D
:1043E000DFFFFFFFDFFFDFF7BFE7DCBE925CAE2B36
:1043F000102CF023CF2B11344F1C902490249024A8
:104400007024B02CB12C902C702C902C702C4F243C
:104410004F247024902490244F1C4F24ED1BAC2378
:104420004B238922E721A629442945292321441920
:1044300044216421E318694AF49CDBCE359D15952F
:1044400097A52D53EC4A5595DBCEFCCE569DF073C7
:10445000F4947AC6FDDE9FEF5EE71DDF3DE75EE781
:104460003DE77EEFBFF7BFF75DEF5DEF7EEFDFFF6C
:10447000FFFFFFFFDFFFDFFFBEFFFFFFDEFFDEFF0F
:10448000FFFFFFFFDFF7FFF7FFF7FFF7BFDF9374D3
:10449000C911A9110B1AEA11CA090B1A4C1A0A1AE6
:1044A0002A22A8118C3A3AB6FFEFFFEF6E5345115E
:1044B0006619307C3DDFFFFFFFF7CF636619C30845
:1044C000E8299AC6BFEFFFF796A546190409C72148
:1044D0002511661905112511261105112511251122
:1044E000051125112511251125192519051905195C
:1044F00005190519E518E518E418E410E410E410AE
:10450000E310E310E318E320E6496B83CC8BEC93D4
:104510002C9C2C9C2C9C2C9C2DA42DA40CA40C9C81
:10452000EB9BEB9BCA9BCA9BA993A993A993C99B9D
:10453000C99BA993A99BC99BEAA30AA40AA42BAC73
:104540004BAC4BAC6CAC6CAC6CB46CB46DB46DB4CB
:104550006CB46CAC6CAC6CB46CB46CB46CB44CB48B
:104560004CAC2BAC4CACADB42FC570C591C591C54E
:10457000B2CDD3CD13D655DE75DE96E6B7E6D7EECF
:1045800018EF39F73AF73AF75AF75AF77BF77BF70C
:104590007BF75BF75BF77BF77BF77BF77BF77BF7CB
:1045A0005AF71AEF9CF79194A21065210419451946
:1045B000461925110511461925112511861949326B
:1045C000F4845DD75DD7CF63C719148D5DD7FFE73E
:1045D0005595651185115174FCCEFFF7BCBEAB3A01
:1045E0006509692A148DBEE7FFFFDFFFDFFFDFFFEC
:1045F000FFFFFFFFFFFFFFFFFFFFFFFFFFFFFFFFCB
:10460000FFFFFFFFFFFFFFFFFFFFFFFFFFFFFFFFBA
:10461000FFFFFFFFFFFFFFFFFFFFFFFFFFFFFFFFAA
:10462000FFFFFFFFFFFFFFFFFFFFFFFFFFFFFFFF9A
:10463000FFFFFFFFFFFFFFFFDFFFDFFFDFFFDFFF0A
:10464000DFFFDFFFDFFFDFFFDFFFDFFFFFFFFFFF3A
:10465000FFFFFFFFFFFFFFFFFFFFFFFFFFFFDFFF8A
:10466000DFFFFFFFBFF7BFEF7FE77BB6104CCF2B1D
:10467000302CCF23CF2311344F247024902C70245E
:104680007024902CB12C902C4F24702C702C4F2423
:104690004F247024702470240E1C2E240E24CD2B45
:1046A0002B2B6822A621442124294429442164215A
:1046B00044190319E318CA52D7B5B7ADF0735ABEFF
:1046C000F4944A3AF06BBBC6FCCEDBCEF38C359D3E
:1046D00039BE9BCEDFF79FEF9FEFBFEFFFF7DFF70E
:1046E000DFF7DFF79EEF9EEF9EF75DEF3DE77EEF92
:1046F000DFF7FFFFFFFFFFFFDFFFFFFFFFFFDEFF33
:10470000FFFFFFFFFFFFFFFFFFF7BFEFFFEFFFE739
:10471000D89D8C32C9110A1AEA11AA090B1AEB1991
:104720000B22EA19A8194E4BBCBEFFEFFFEF107425
:10473000C4082519317C5DDFFFEFFFEF927C66191D
:104740000509C82139B6BFE7FFF7DBCE45110409DB
:10475000A7210509671945112611461905112511CB
:104760004619251145192519251925192519051940
:1047700005190519E51005110519E4100411E410D7
:10478000E410E310E318C21844312B7BAC8BEC939C
:104790002C9C2C9C2C9C2DA42DA44DA44DA44DA44C
:1047A0002CA40CA40B9CEB9BEA9BCA9BCA9BC99BA9
:1047B000A99BA993C99BEA9B0AA40AA42BA44BAC6E
:1047C0004CAC6CAC6CB48CB46DB46DB46DB46DB4F5
:1047D0006DB46DB46DB46DB46DB48DB46CB44CB4D3
:1047E0004CAC4CAC6CACCEB450C591CD91CD91C518
:1047F000D2CDF3D514D655DE76DEB6E6D7E6D7EEC3
:1048000018EF39F73AF75AF75AF77BF77BF77BF748
:104810007BF77BF77BF77BF77BF77BF77BF77BF708
:104820005AF73AEF9CF712A5C210241925198621D0
:10483000461946194619861945114511292ACF638B
:10484000FCC6FFE7D3848619CF5B1CC7FFE79ABE7F
:10485000282A45096D5339B6BFEF9FE7D063450954
:10486000C71931645DD7FFF7FFFFDFFFDFFFDFFF11
:10487000FFFFFFFFFFFFFFFFFFFFFFFFFFFFFFFF48
:10488000FFFFFFFFFFFFFFFFFFFFFFFFFFFFFFFF38
:10489000FFFFFFFFFFFFFFFFFFFFFFFFFFFFFFFF28
:1048A000FFFFFFFFFFFFFFFFFFFFFFFFFFFFFFFF18
:1048B000FFFFFFFFDFFFDFFFDFFFDFFFDFFFDFFFC8
:1048C000DFFFDFFFFFFFFFFFFFFFFFFFFFFFFFFF38
:1048D000FFFFFFFFFFFFFFFFFFFFFFFFFFFFDFFF08
:1048E000DFF7DFFF9FEF7FEF3EDF19A6AF3BCF3350
:1048F0005134CF1BEF2330344F247024902C70247C
:104900004F24902C902C702C4F24702C9034502CD1
:104910004F24702C702C4F242F240E244F346C2BDA
:10492000891A072265218529652924216429852979
:104930000319C21003216D6B96AD107456A5559DD9
:104940002D5B2D53F8AD5EDFBBC61495B38CB7ADB0
:10495000BBCE7EEFBFF79FEFBFF7FFF7FFFFFFFF75
:10496000FFFFFFFFBFF7DFF7DFF79EF75DEF3DE7E4
:104970007DEFBFF7FFFFFFFFFFFFFFFFFFFFDFFF41
:10498000DEFFFFFFFFFFFFFFDFF7FFFFDFEFFFF7B8
:10499000FFEFDCC6B05BA911EA112B1AEA11EB1983
:1049A000CA19EA192B226709B05B1CC7FFEFDFEFBA
:1049B000F073662146198E5B5DD7FFEFFFF7B7A551
:1049C00005116719871955959EE7FFF7BBC646196C
:1049D00046114611051145114619051125114619B3
:1049E00005118719251925192519251905190519DD
:1049F00005190519E510051105190419041104110B
:104A000004110411E318C318E320C962CC8BEC93A2
:104A10002C9C2C9C4DA46DA44DA44EAC4EAC4DAC26
:104A20004DAC2DA42CA40CA40BA40BA4EBA3EA9BCB
:104A3000CA9BC99BEA9B0AA42AA42BA42BAC4BAC0F
:104A40006CAC6CB48DB48DB48DB48DB48DB48DB4A8
:104A50008DB48DB46DB46DB48DB48DB48DB46CB4AF
:104A60006CB44CAC8DB4EEBC50C591C5B1C5B1CDE4
:104A7000D2CDF3D514D655DE76DEB6E6D7EED8EE37
:104A800018EF39F73AF75AF77BFF7BFF7BF77BF795
:104A90007BF77BF77BF77BF77BF77BF77BF75BF7A6
:104AA0005AF73AEF7CF754B5A21065212519051184
:104AB000A721E408661946110509C7216E537AB685
:104AC000DFE77AB6082A8A3A18AEDFE71CCFCF6351
:104AD00004096932348D7DD7FFEF779DA7196509E9
:104AE000EC3A59AEFFEFDFEFDFFFDFFFDFFFDFFF65
:104AF000FFFFFFFFFFFFFFFFFFFFFFFFFFFFFFFFC6
:104B0000FFFFFFFFFFFFFFFFFFFFFFFFFFFFFFFFB5
:104B1000FFFFFFFFFFFFFFFFFFFFFFFFFFFFFFFFA5
:104B2000FFFFFFFFFFFFFFFFFFFFFFFFFFFFFFFF95
:104B3000FFFFDFFFDFFFDFFFDFFFFFFFFFFFFFFF05
:104B4000FFFFFFFFFFFFFFFFFFFFFFFFFFFFFFFF75
:104B5000FFFFFFFFFFFFFFFFFFFFFFFFFFFFFFFF65
:104B6000DFFFDFF77EEF5EE7FDCEB7958E3BF033DC
:104B7000302CEF23EF23102C4F247024902C702422
:104B80002F24702C90344F2C4F2490349134702C5F
:104B90004F24702C702C4F24CD1B0E2C4F3C6C33AB
:104BA000281A8519441965294529242124214421DD
:104BB0002321E3188531718CD394117CB38C9384B9
:104BC0000D5314953DD75EDF769D938476A57AC606
:104BD000FCDEBFEFBFF7BFF7DFF7FFFFDFFFFFFF31
:104BE000FFFFDFFFFFFFFFFFDFFFDFFFBEF77DEF10
:104BF0005DE77EEFBFF7FFFFFFFFDFFFFFFFFFFF78
:104C0000FFFFFFFFFFFFDFFFDFFFFFFFFFFFBEEF45
:104C1000FFF7FFF7BFE7D4842A22EA110B1ACA195B
:104C2000EB19EB19CA114B22C91111643ED7FFF7DA
:104C3000FFF73174461145110C4B79BEDFEFFFF7DA
:104C4000DCCEC82125112511D384DFE7FFEFDCCEB0
:104C5000461126112611A7210509461146190509F5
:104C60008719E4084619251125192519251925192B
:104C7000051905190519051905190519041904114E
:104C800004110411E410C318E320074AAC8B0C9400
:104C90002C9C4DA46EA46EAC6EAC6EAC6EAC6EACC7
:104CA0006EAC6DAC4DAC4CA42CA42CA42CA42BA4A9
:104CB0000BA40AA4EAA30AA42BAC2BAC4CAC4CACBE
:104CC0006CAC8CB48DB48DB4ADB4ADB4AEB4AEB484
:104CD0008EB48DB48DB48DB48DB48DB48DB48DB4CB
:104CE0006DB44CAC8DB40FBD70C591CDB1CDD2CDEE
:104CF000D2CDF3D534D655DE76DEB7E6D7EED8EE94
:104D0000F8EE19F73AF75AF77BFF7BF77BF75BF77B
:104D10007BF77BF77BF77BF77BF77BF77BF75BF723
:104D20005BF73AEF5BF7D6BDC31804194521251987
:104D30002511661966192511A721EC42B79DFFEFD1
:104D40005DD72D4B8619927C1CCFDFE7969D861987
:104D5000A719106C9ABEFFEFDCCE0D4B25096A2A0D
:104D600014855DD7FFF7DFF7DFFFDFFFFFFFFFFFF2
:104D7000FFFFFFFFFFFFFFFFFFFFFFFFFFFFFFFF43
:104D8000FFFFFFFFFFFFFFFFFFFFFFFFFFFFFFFF33
:104D9000FFFFFFFFFFFFFFFFFFFFFFFFFFFFFFFF23
:104DA000FFFFFFFFFFFFFFFFFFFFFFFFFFFFDFFF33
:104DB000DFFFDFFFDFFFDFFFDFFFFFFFFFFFFFFFA3
:104DC000FFFFFFFFFFFFFFFFFFFFFFFFFFFFFFFFF3
:104DD000FFFFFFFFFFFFFFFFDFFFDFFFDFFFDFFF63
:104DE000BFF7BFF77EE75EE7BCC615858F3BF033A4
:104DF000102C1024EF23102C2F244F24902C702CD7
:104E00002F24702C90344F2C4F2C90349134502CF4
:104E10002F244F2450244F2C0E244F34AD33CA2A54
:104E2000C6192419652986314429032124214421E6
:104E300024212421E739107C307CB28C9284CF6B02
:104E4000527CBBC63DDF7ABEB38CD38C7AC6FCD60F
:104E50005EE7DFF75EE79FEFBFF7DFFFDFFFFFFFF4
:104E6000FFFFFFFFFFFFFFFFFFFFFFFFDFFFBEF7BB
:104E70005DEF3DE77EEFDFF7FFFFFFFFFFFFFFFF87
:104E8000FFFFFFFFFFFFDEFFDEFFFFFFDFF7DFF7C4
:104E9000FFF7FFF7FFF7FFF719A6ED42C919EA1967
:104EA000CA190B1A0B126C1A4B22A8111164FDCEF1
:104EB000DFEFFFEF727CA7192509CB42F7ADBEEFFC
:104EC000FFF7FCCE082A05092509B79DFFEFDFEFA4
:104ED0003AB64611C40887192611251146196719D3
:104EE00005116619251125112519251925192519C9
:104EF00005190519051905190519041904190411CD
:104F000004110411E410C310C31864314B7B0D94D9
:104F10004DA46DA48EAC8EAC6EAC6EAC6EAC6EACB3
:104F20006EAC8EAC6EAC6DAC4CAC2CA42CAC2CAC82
:104F30002BA42BA42BA42BAC4CAC4CAC4CAC6CAC2D
:104F40006CB48DB48DB48DB4AEB4AEB4CEBCAEB4CE
:104F5000AEB48DB48DB48DB48DB48DB48DB48DB428
:104F60008DB46DACADB40FBD91CDB2CDD2CDF3CD7E
:104F7000F3CDF3D534DE55DE96DEB7E6D8EED8EEC7
:104F8000F8EE18EF39F75AF77BFF5AF75AF75AF746
:104F90005BF77BF77BF77BF77BF77BF77BF77BF7A1
:104FA0005BF73AF73BEF58D6E31825214521461920
:104FB0004611C821050986198A3A148D7ED79EDFCD
:104FC000727404098E5B9AB6FFE7BBBE0C4B2509D1
:104FD000EC4218AEFFE7BFE751740511C721CF5B64
:104FE000FBC6FFEFDFF7FFFFBFFFDFFFFFFFFFFFA6
:104FF000FFFFFFFFFFFFFFFFFFFFFFFFFFFFFFFFC1
:10500000FFFFFFFFFFFFFFFFFFFFFFFFFFFFFFFFB0
:10501000FFFFFFFFFFFFFFFFFFFFFFFFFFFFFFFFA0
:10502000FFFFFFFFFFFFFFFFFFFFFFFFDFFFDFFFD0
:10503000DFFFDFFFDFFFFFFFFFFFFFFFFFFFFFFFE0
:10504000FFFFFFFFFFFFFFFFFFFFFFFFFFFFFFFF70
:10505000FFFFFFFFFFFFFFFFDFFFBFFFBFFFBFF748
:105060009EEF9FEF5EE75EDF9BBE936C8F3BF0335E
:10507000302C3024EF23302C4F244F24702C502C14
:105080002F24702CB1344F2C502C702C702C4F24AA
:105090002F244F244F2C2F2C2E2C2E340A23281A49
:1050A000A621452186316531242903212321442964
:1050B00024214429E7396D6B317C317C6E636E634A
:1050C000D8AD3DDFFCCEF48C928476A5FCD63CDFD7
:1050D0005DE7BFF75EE7DFFFDFFFFFFFFFFFFFFFDB
:1050E000FFFFFFFFFFFFFFFFFFFFFFFFFFFFDFF7F8
:1050F0009EEF7EEF7EEF9EEFDFF7FFFFFFFFFFFFEC
:10510000DFFFFFFFDFFFDFFFFFFFDEFFFFFFFFFF30
:10511000FFFFFFFFDEF7FFF7FFF73DD7D063E92181
:105120002B224C1A6C1AEA092B1A0A1AA8114E4B98
:10513000BBBEFFF7FFF73595C7212511A621B6A500
:10514000FFF7FFF7DCCE2D538300292A9BBEBFE774
:10515000BFE75ABE87210511461167192611661946
:10516000461966192511251125112511251125111D
:105170000511051105110511051104110411031183
:105180000411E410E410E410C310E320A8620D94AD
:105190002D9C6EA48EA4AEAC8EAC8EAC8EAC8EACC0
:1051A0008EACAFB4AEB48EAC6DAC6DAC4CAC4CACA4
:1051B0002CAC4CAC4CAC6CB46CB46CB46DB46DB485
:1051C0008DB48DB4ADB4AEB4AEBCCEBCCEB4AEB4C2
:1051D000AEB4AEB4AEB4AEB4ADB4AEB4ADB4ADB4C2
:1051E000ADB48DB4CEB430C5B2CDB2CDF3CDF3CD28
:1051F000F3CD14D635DE55DE96E6D7E6F8EEF8EEBA
:1052000018EF19F739F75AF75AF75AF75AF75BF7C1
:105210007BF77BF77BF77BF77BF77BF77BF77BF7FE
:105220005BF73AF71BEFDAE66529041945216619A1
:1052300087210409A721082A51747DD7FFE7B69D6D
:10524000A719292A76959EDF7ED77274C30049324A
:1052500035953DD7DFE7D7A5E8294511AB3AB79D8E
:10526000DFE7FFEFFFFFDFFFDFFFFFFFFFFFFFFFD6
:10527000FFFFFFFFFFFFFFFFFFFFFFFFFFFFFFFF3E
:10528000FFFFFFFFFFFFFFFFFFFFFFFFFFFFFFFF2E
:10529000FFFFFFFFFFFFFFFFFFFFFFFFFFFFFFFF1E
:1052A000FFFFFFFFFFFFFFFFFFFFFFFFDFFFDFFF4E
:1052B000DFFFFFFFFFFFFFFFFFFFFFFFFFFFFFFF1E
:1052C000FFFFFFFFFFFFFFFFFFFFFFFFFFFFFFFFEE
:1052D000FFFFFFFFDFFFDFFFDFFFBFFFBFF7BFF70E
:1052E0009EEF9EEF5EE75EDF7BB652648F3BF0334E
:1052F000302C1024F02330244F246F24702C702C79
:105300002F24702CB1344F24702C702C702C4F240F
:105310004F244F24502C2F2CED2BAC33A922C6192F
:10532000652165296531442903214429232124214C
:105330008531A5312842CE7351846E630C53B38CF2
:10534000FCCE3DDF19B6317CB38C39BE3CDF7EE745
:105350007EEF9EEFDFFFBFF7DFFFFFFFFFFFDFFF07
:10536000FFFFFFFFDEF7FFFFFFFFFFFFFFFFFFFF76
:10537000FFFFDFF77EEF5DE77EEFBFF7FFFFFFFF89
:10538000FFFFFFFFDFFFDEFFFFFFDEFFDEFFDEFFD1
:10539000FFFFFFFFFFFFFFFFDEF7FFFFDFEF158DD2
:1053A0006B2AC9110B126D224C1A4C1AC911C81163
:1053B000EC3A18A6FFEFFFF759BE693AE408082A4D
:1053C000B6A5FFEFFFF75EDF6E53A3000822F8A536
:1053D000FFEFFFEF769D67194611461167192611F9
:1053E00046112511461125112511251125112511CB
:1053F000051105110511051105110411E410E31043
:105400000411041104110411C310C218064ACC8BF4
:105410002D9C6EA48EA4CFB4AEACAFB4AFB4AFB479
:10542000AFB4CFB4CFB4AEB4AEB48DB46DAC6DACDC
:105430006CAC6CAC6CB46CB46DB46DB48DB48DB438
:105440008DB4AEB4CEBCCEBCCEBCCEBCCEBCCEB485
:10545000AEB4AEB4CEB4CFBCAEBCCEBCAEB4AEB4C3
:10546000AEB4ADB4EEBC50C5B2CDB2CDD3CDF3CD5C
:1054700013D614D655DE75DE96E6D7EEF8EE18EFA5
:1054800019F739F739F73AF75AF75AF77BF77BF7F5
:105490007BF77BF77BF77BF77BF79BF77BF77BF75C
:1054A0005BF71AEF1BEF1BEFE739E318662145198D
:1054B00046196619C821CF63DBC6FFE7DBBE8A3217
:1054C00066119274FCC6FFE7B79DC721A719CF6389
:1054D0009BBEFFEFDBC62D4B2509E821727C5DD713
:1054E000FFF7DFF7DFFFFFFFFFFFFFFFFFFFFFFF1C
:1054F000FFFFFFFFFFFFFFFFFFFFFFFFFFFFFFFFBC
:10550000FFFFFFFFFFFFFFFFFFFFFFFFFFFFFFFFAB
:10551000FFFFFFFFFFFFFFFFFFFFFFFFFFFFFFFF9B
:10552000FFFFFFFFFFFFFFFFFFFFFFFFFFFFFFFF8B
:10553000FFFFFFFFFFFFFFFFFFFFFFFFFFFFFFFF7B
:10554000FFFFFFFFFFFFFFFFFFFFFFFFFFFFFFFF6B
:10555000FFFFDFFFDFFFDFFFDFFFBFFFBFF7BFF7AB
:105560009FEF9FEF5EDF5ED77BB6525CAF3BF033C1
:10557000103410241024EF234F246F24902C4F2C30
:105580002F24702C902C702C702C4F2C902C702C65
:105590002F246F2C4F2C0F2CAC236B2B892AC62168
:1055A0004521653186390421032124212421442108
:1055B000C639073A484ACF73CF734D63CF737AC663
:1055C0005EDF9BC6B38C9284D7ADDBCE7DE7DFF781
:1055D000BFF77EEFDFFFFFFFFFFFFFFFFFFFFFFFD4
:1055E000FFFFFFFFFFFFFFFFFFFFFFFFDFFFFFFFEB
:1055F000FFFFFFFFBFF79EEF3DE75DE7BFF7FFFF50
:10560000FFFFFFFFFFFFDEFFDFFFFFFFFFFFFFFFEB
:10561000DEFFDEF7DEFFFFFFFEFFFEFFFFF7FFEF1F
:105620005AAE6F4B0B1ACA110B1A2B126C1A4B1A6B
:105630006701AB32F8A5DFEFFFF7DBD60C4B461165
:10564000A7213595FFEFFFF7DFE7CF63C300861192
:10565000358DDFE7FFEF19AE46112511451187198A
:1056600046112511461105112611051105112611A6
:10567000051105110511251105110411041904194D
:1056800004110411051105110419E31864316B7B31
:105690004E9C6EA4AEACCFB4EFB4CFB4EFB4EFB4C5
:1056A000CFB4CFB4CFB4AEB4AEB4AEB4AEB4ADB488
:1056B0008DB48DB48DB4ADB4ADB48DB48DB4ADB482
:1056C000AEB4AEBCAEBCCEBCCFBCCFBCCFBCCFBCEE
:1056D000CFBCEFBCCFBCCFB4CEBCEFBCEFBCCEBC1C
:1056E000CEB4AEB4EFBC71C5B2CDD2CDD3CD14D64D
:1056F00014D634D655DE76DEB7E6D7EEF8EEF8EE01
:1057000019F739F73AF75AF75AF75AF77BF77BF751
:105710007BF77BF77BF79BF79BF77BF79BF77BF799
:105720003AF73BF7FAEE3BEFAA52A21045212511BA
:105730006619E8290C4B7AB6FFE77DD78E5BC3006C
:105740002D4B59B6FFE71CCFEC42C3002D53D8A513
:10575000BFE7DFE7B384451165112C4B7ABEFFF735
:10576000DFF7FFFFDFFFBFF7FFFFFFFFFFFFFFFFD9
:10577000FFFFFFFFFFFFFFFFFFFFFFFFFFFFFFFF39
:10578000FFFFFFFFFFFFFFFFFFFFFFFFFFFFFFFF29
:10579000FFFFFFFFFFFFFFFFFFFFFFFFFFFFFFFF19
:1057A000FFFFFFFFFFFFFFFFFFFFFFFFFFFFFFFF09
:1057B000FFFFFFFFFFFFFFFFFFFFFFFFFFFFFFFFF9
:1057C000FFFFFFFFFFFFFFFFFFFFFFFFFFFFFFFFE9
:1057D000FFFFFFFFDFFFDFFFDFFFDFFFBFF7DFF7C9
:1057E000DFF7BFEF7EDF5ED77BAEF053AF3BF0332A
:1057F000F02B102CF023CF234F1C6F24702C4F2C38
:105800002F24702C902C4F24702C9034502C4F242B
:105810004F24702C4F2C0E346B2B0A2B48228519E9
:10582000442165318531032123212321032164296A
:10583000E7392742484AAA52EC526D6376A5BBCE9F
:105840001DD776A5B38C569D5ABE3DDF9EEFBFEFA8
:10585000BFF79EEFFFFFFFFFFFFFFFFFFFFFFFFF11
:10586000FFFFFFFFFFFFFFFFFFFFFFFFFFFFFFFF48
:10587000FFFFFFFFFFFFDFF79EEF5DE75DEFBFF785
:10588000FFFFFFFFDFFFDFFFDFFFDFFFFFFFFFFFA8
:10589000FFFFFFFFDFFFDEFFBEFFFFFFFFF7DFEFD2
:1058A000FFEF5ECFF2630B222B1A4C1A0B128C22E5
:1058B000E91187096B32769D9EE7FFF79FDF6E5BEC
:1058C00026118719D38C5DDFFFF7FFEF8E5BC300D6
:1058D000E821358DFFEFFFEFD8AD66196619251168
:1058E000871946112511461126112611051105119A
:1058F00026190511051105110511041104110411D2
:1059000004110411041104110411C3102329C962E4
:105910004E9C8FA48EA4CFACEFB4EFB4F0BCF0BC1F
:10592000CFB4CFB4CFB4AEB4CEB4AEB4AEB4AEB4E4
:10593000AEBCCEBCCEBCCEBCAEBCAEB4AEBCAEBCBF
:10594000CEBCCEBCCFBCEFBCCFBCCFBCEFBCEFBCA1
:10595000EFBCEFBCEFBCCFBCEFBCEFBCEFBCEFBC0F
:10596000CEBCAEB4EFBC71C5D2CDD3CDF3CD14D681
:1059700034D635D655DE96E6B7E6D7EEF8EEF8EE35
:1059800019F739F73AF75AF75AF75AF77BF77BF7CF
:105990007BF77BF77BF79BF79BF75AEF7BF77BF760
:1059A0007BFF3BF7FAE63BEF2C63A2082519662143
:1059B0006619EC4AB7A59EDF9EDFD37C04016932ED
:1059C000148D5DD71CCF106C0409292AD4845ED7AE
:1059D000FFEFD8A5092A45116A32348D7EE7FFF71B
:1059E000BFF7FFFFFFFFDFF7FFFFFFFFFFFFFFFF37
:1059F000FFFFFFFFFFFFFFFFFFFFFFFFFFFFFFFFB7
:105A0000FFFFFFFFFFFFFFFFFFFFFFFFFFFFFFFFA6
:105A1000FFFFFFFFFFFFFFFFFFFFFFFFFFFFFFFF96
:105A2000FFFFFFFFFFFFFFFFFFFFFFFFFFFFFFFF86
:105A3000FFFFFFFFFFFFFFFFFFFFFFFFFFFFFFFF76
:105A4000FFFFFFFFFFFFFFFFFFFFFFFFFFFFFFFF66
:105A5000FFFFFFFFDFFFDFFFDFFFDFF7FFF7DFF70E
:105A6000BFEF9FE77EDF5ED75AA6D04BAF3BD03368
:105A7000F02BF02BEF23CF234F1C6F24702C2F24FF
:105A80002F24702C902C4F24702C702C90346F2C61
:105A90004F244E24903CCD2B2A2BA922072265218E
:105AA000652986314529E318232103192421C631AC
:105AB000284207422842AA526D63518459BE3DDFF5
:105AC0005ABE9384569D18B6DBCE7EE77EE77EE70E
:105AD0009EEFBFF7FFFFFFFFFFFFFFFFFFFFFFFF8F
:105AE000FFFFFFFFFFFFFFFFFFFFFFFFFFFFFFFFC6
:105AF000FFFFFFFFFFFFFFFFDFFF9EF75DEF5DEFA3
:105B0000BFF7FFFFFFFFFFFFDFFFFFFFFFFFFFFF0D
:105B1000FFFFFFFFFFFFFFFFFFFFFFFFBFF7DFF705
:105B2000FFF7DFEFDFEF168D8D32A9112B1A6C22F4
:105B30002B1A2B228911E921158D7EDFFFEFDFEF74
:105B4000527C4611C30031741CD7FFEFFFEFAF63E7
:105B5000E4086611148D9EDFFFEF5595A7212511EE
:105B600066194611251146192511461926192511C0
:105B70002619251905110511051104110411041127
:105B800005110511041104110411E310E320064A64
:105B90002E948FA48EA4CFACCFB4EFB40FBD0FBDA5
:105BA000EFB4EFB4EFB4EFB4CEB4CEB4AEB4CEB481
:105BB000CEBCEEBCEEBCEEBCCEBCCEBCCEBCCEBC35
:105BC000EEBCEFBCEFBCEFBCEFBCEFBCEFBCEFBC7E
:105BD000EFBC0FBDEFBCEFBC0FBD0FBD0FBDEFBCE9
:105BE000EFBCCEB40FBD91CDD3CDD3CDF3CD14D674
:105BF00034D655DE76DE96E6B7E6D7E6F8EEF8EE72
:105C000019EF39F73AF75AF75AF75AF77BF77BF754
:105C10007BF77BF77BF79BF79BF77BF77BF77BF7B4
:105C20005BF73AEF1AE75CEFCE7BA208251945191E
:105C30006A3A979D9EDFDFE7B69D24098619717445
:105C4000FBC6FFE7969D2509A719106CBBC6FFEFA1
:105C5000BBC62D532511A7191064FBCEFFF7FFFF1C
:105C6000DFFFDFFFFFFFFFFFFFFFFFFFDFFFFFFFA4
:105C7000FFFFFFFFFFFFFFFFFFFFFFFFFFFFFFFF34
:105C8000FFFFFFFFFFFFFFFFFFFFFFFFFFFFFFFF24
:105C9000FFFFFFFFFFFFFFFFFFFFFFFFFFFFFFFF14
:105CA000FFFFFFFFFFFFFFFFFFFFFFFFFFFFFFFF04
:105CB000FFFFFFFFFFFFFFFFFFFFFFFFFFFFFFFFF4
:105CC000FFFFFFFFFFFFFFFFFFFFFFFFFFFFFFFFE4
:105CD000FFFFFFFFFFFFDFFFFFFFDFF7DFF7BFEF94
:105CE0009FEF9FE75EDF7FD7199E8F3BAF33D033A7
:105CF000F033F02BCF23CF232E146F24702C2F2CB6
:105D00002F24702C902C6F2C702C4F2C90349034AE
:105D10002E242E2C4F346C2B0A2B6822C621642192
:105D2000652965312429E318031923218531C631FA
:105D30002842284228428E6B928496A5DBCEBBCEA9
:105D40001595938497A539BEDCD67EE75DE73DDFE8
:105D50007EEFBFF7DFFFFFFFFFFFFFFFFFFFFFFF4C
:105D6000FFFFFFFFFFFFFFFFFFFFFFFFFFFFFFFF43
:105D7000FFFFFFFFFFFFFFFFFFFFDFFF9EEF5DE77E
:105D80007EEFBFF7DFFFFFFFFFFFFFFFFFFFFFFF1C
:105D9000FFFFFFFFFFFFFFFFFFFFFFFFFFFFFFFF13
:105DA000BFF7DFF7FFF7FFEF5BB64F4BC9112B1AB9
:105DB0004C222C1A2C1AC911E919D47C5ED7FFF792
:105DC000FFF7159566190409CF63FBCEFFEFFFEFD0
:105DD000106C0409451134959EDFFFEF769D8619FE
:105DE000251166192511661905114611461946191E
:105DF000251125112511251905112411051125112C
:105E000025110511051104110411E418C31864319A
:105E10008C7B6F9C8FA4CFB4CFB4EFB40FBD0FBDFC
:105E2000EFB4EFB40FBDEFB4CFB4CEB4AEB4AEB4F4
:105E3000CEBCCEBCCEBCCEBCEEBCEEBCEEBCEEBC92
:105E4000EEBC0FC5EFBCEFBCEFBCEFBCEFBCEFBCD2
:105E50000FBD10BD0FBD0FBD0FBD0FBD0FBD0FBDE1
:105E6000EFBCCEB410BD92CDD3CDF3CDF3CD34D6AF
:105E700035D655DE76DE96E6B7E6D7E6F8EEF8EEEE
:105E800019EF39F73AF73AF75AF75AF75BF77BF712
:105E90007BF77BF77BF77BF79BF79CFF7BF77BF729
:105EA0001AEF7BF71AEF5CEFB1946100A621493A33
:105EB000148D5DD7BFE7D7A5661186192D4B38AE77
:105EC000DFE7BBBEAB3A45114D53D8A5DFE79FDFF7
:105ED000727C46114611EC4AD7A5DFE7DFF7FFFFDA
:105EE000FFFFDFFFDFFFFFFFFFFFFFFFFFFFFFFF02
:105EF000FFFFFFFFFFFFFFFFFFFFFFFFFFFFFFFFB2
:105F0000FFFFDFFFDFFFFFFFFFFFFFFFFFFFFFFFE1
:105F1000FFFFFFFFFFFFFFFFFFFFFFFFFFFFFFFF91
:105F2000FFFFFFFFFFFFFFFFFFFFFFFFFFFFFFFF81
:105F3000FFFFFFFFFFFFFFFFFFFFFFFFFFFFFFFF71
:105F4000FFFFFFFFFFFFFFFFFFFFFFFFFFFFFFFF61
:105F5000FFFFFFFFDFFFDFFFDFFFDFF7DFF79FEF71
:105F60009FEF9FE75EDFBFDFD88D8F33D033CF2B1E
:105F7000F033F02BCF2BF02B0E146F2490344F2CDA
:105F80002F24702C902C702C4F2C70342F2C4F2CD5
:105F90004F2C8F34AD236C2BCA2A2722A5214419FC
:105FA000442144290321032103216429C639A63150
:105FB0000842484A694AEF7BD38C9AC61CD7D7ADB2
:105FC0009384D48CD8AD9BC61CD77EE73CDF1CDF06
:105FD0005DE77EEF9EF7BFF7DFFFFFFFFFFFFFFFED
:105FE000FFFFFFFFFFFFFFFFFFFFFFFFFFFFFFFFC1
:105FF000FFFFFFFFFFFFFFFFFFFFFFFFBFF79EF762
:106000009EF77EEF9EF7FFFFFFFFFFFFFFFFFFFF03
:10601000FFFFFFFFFFFFFFFFFFFFDFFFDFFFFFFFD0
:10602000FFFFFFFFBFF7FFF7FFEF1DCF73742B22BA
:10603000EA198D220B128D222B1AEA195274FCCE0A
:10604000DFEFFFF75595082AC3000C4B3DD7FFEF54
:10605000DFEF927C45194511D384BFE7FFEF3595FB
:10606000C8296200661925112611251146196619DD
:10607000251105112619251925112511251125117F
:10608000251125112511241104190419C3180421FF
:10609000A95A2E94AFACCFB4EFB4EFBCEFB4EFB4C9
:1060A000EFB4EFB4F0BCF0BCEFB4CFB4CFB4CEB427
:1060B000CFBCEFBCCEBCCEBCEEBCEEBCEEBCCEBC0E
:1060C000EEBCEFBCEFBCEEBCEFBCEFBCEFBCEFBC7A
:1060D0000FBD0FBD0FBD0FBD0FBD2FBD0FBD0FBD40
:1060E000EFBCEFB410BDB2CDF3D5F3CD13D634D69B
:1060F00055D655DE76DE96E6B7E6D8EEF8EE18EF22
:1061000019EF39F73AF75AF75AF75AF75BF75BF78F
:106110007BF77BF77BF77BF79BF79BF75AF77BF7D0
:106120003AEF9BF71AE73BE7139D8108693AF38C36
:106130003DD7BEDF39B6493224094D4BD7A59ED78E
:106140007DD7316CC4006A3A35951DCFBFE7F8ADF5
:106150006B3A2511092A727C5DD7FFF7DFF7DFFF65
:10616000DFFFFFFFFFFFFFFFFFFFFFFFFFFFFFFF5F
:10617000FFFFFFFFFFFFFFFFFFFFFFFFFFFFFFFF2F
:10618000FFFFDFFFDFFFFFFFFFFFFFFFFFFFFFFF5F
:10619000FFFFFFFFFFFFFFFFFFFFFFFFFFFFFFFF0F
:1061A000FFFFFFFFFFFFFFFFFFFFFFFFFFFFFFFFFF
:1061B000FFFFFFFFFFFFFFFFFFFFFFFFFFFFFFFFEF
:1061C000FFFFFFFFFFFFFFFFFFFFFFFFFFFFFFFFDF
:1061D000FFFFDFFFDFFFDFFFDFF7FFF7DFF79EEFF8
:1061E0009FEF7FEF7EDFFFE7767DAF33D033CF2B9E
:1061F000F02BF02BD023F02B2E14902470342F2C66
:106200000F24502C902C902C4F2C70344F340D2494
:106210006F346F34AC2B8C33682AE62185216421DE
:1062200044292421E32003212321853107422842E8
:1062300028420742694ACF73D7ADFCD67AC6559D2E
:10624000938435955ABEDCCE3DDF5DDF1CDF1CDF5D
:106250005DE75DE77EEF9EF7BFF7DFFFDFFFFFFF44
:10626000FFFFFFFFFFFFFFFFFFFFFFFFFFFFFFFF3E
:10627000FFFFFFFFFFFFFFFFFFFFFFFFFFFFDFFF4E
:10628000DFF7BEF7BFF7BFF7FFFFFFFFFFFFDFFF3F
:10629000FFFFFFFFFFFFFFFFFFFFFFFFFFFFDFFF2E
:1062A000DFFFFFFFDFFFFFFFFFF7FFF79FDF368D09
:1062B0006C2AC9110B126C1A6C1A4C22C9194E5354
:1062C0007BBEDFE7FFEFD7A5A7194511AB4239B673
:1062D000FFEFFFEFD38445114511F48C7EDFDFEF34
:1062E000979DC829C408661946190511251946192C
:1062F00025192519261905112519251125112511ED
:10630000261125112411241904190419C318C318BE
:10631000E741CD8BB0ACAFACCFB4EFB4EFB4EFB4DA
:10632000EFB4F0BC10BD10BDF0BCEFB4CFBCCFB427
:10633000CFBCEFBCCFBCCFBCCEBCEEBCEEBCEEBC89
:10634000EEBCEFBC0FBD0FBD0FBD0FBDEFBCEFBC72
:106350000FBD0FBD2FC50FBD0FBD2FBD2FC50FBD6D
:106360000FBDEFBC30BDB2CDF3D513D614D634D6A5
:1063700055DE75DE96E6B7E6D7E6F8EE18EF18EFCD
:1063800039F739F73AF75AF75AF75AF75BF75BF7E5
:106390007BF77BF77BF77BF77BF77BF77BF77BF76D
:1063A0005AF75AEF1AE77BEF54A5852114951CCFB5
:1063B000DFE759B68A3A8200CB4214855DD7DFDF2A
:1063C00076954511A721116CDBC6FFEF1DCF6E5BE3
:1063D000E50887194E539BBEFFEFFFF7DFF7DFFF9E
:1063E000BFFFFFFFFFFFFFFFFFFFFFFFFFFFFFFFFD
:1063F000FFFFFFFFFFFFFFFFFFFFFFFFFFFFFFFFAD
:10640000DFFFDFFFDFFFFFFFFFFFFFFFFFFFFFFFFC
:10641000FFFFFFFFFFFFFFFFFFFFFFFFFFFFFFFF8C
:10642000FFFFFFFFFFFFFFFFFFFFFFFFFFFFFFFF7C
:10643000FFFFFFFFFFFFFFFFFFFFFFFFFFFFFFFF6C
:10644000FFFFFFFFFFFFFFFFFFFFFFFFFFFFFFFF5C
:10645000FFFFDFFFDFFFDFFFDFF7FFF7BFEF9EEF9D
:106460007FEF7EEF9FE7FFE7F46CAF33F02BCF2396
:10647000D02BF02BCF23F0234F1C902C70340F2CFB
:106480000E244F2C702C902C2F2C4F34B03C2E2CE3
:106490000E24ED23ED334B33272AC6298521852988
:1064A00085290321E31803214429C639694A694A29
:1064B000284AC7398A52728CFCD69AC6B7ADD38C9B
:1064C000B38CF8AD7AC6FCD65EDF5DDF1DDF3DDF45
:1064D0007EEF9EEF9EF7BFF7BFF7BFF7DFFFDFFF4F
:1064E000FFFFFFFFFFFFFFFFFFFFFFFFFFFFFFFFBC
:1064F000FFFFFFFFFFFFFFFFFFFFFFFFFFFFFFFFAC
:10650000DFFFFFFFDFF79EEFFFFFFFFFFFFFDFFF74
:10651000FFFFFFFFFFFFFFFFFEFFFFFFFFFFFFFF8C
:10652000DFFFFFFFFFFFDFF7FFF7FFF7FFEFFFE7FB
:10653000F99DAD320A12EA092B1A2B1A6C220A12A3
:10654000CC32F9A5DFE7FFF77ABE493282008A3AFA
:106550009ABEFFEFFFEFB3846619661931747EDFD0
:10656000DFEFB7A52932C40025112511251125110A
:106570002619461925190511251125112511261150
:10658000261105110411041904190419E418C3187B
:1065900045312B738FA4AFACAFB4EFB4EFB4EFB40D
:1065A00010BD10BD10BD10BD10BDF0BCF0BCEFBCE7
:1065B000EFBCEFBCEFBCEFBCEFBCEEBCEEBCEFBC85
:1065C000EFBCEFBCEFBC0FBD0FBD0FBD0FBD0FBDCE
:1065D0000FBD2FC50FBD0FBD0FBD30BD30C530C5C0
:1065E00030C50FBD30C5B2CD14D614D634D655DE65
:1065F00075DE76DE96E6B7E6D7EEF8EE18EF18F71A
:1066000039F739F73AF75AF75AF75AF75BF77BF742
:106610007BF77BF77BF77BF77BF77BF79BFF5AF7E3
:106620005AF73AEF1AE77BEF37BE507C3CD7BEE70C
:1066300059B68A3A04094932148D3CCF9EDF9ABE7E
:10664000493224096E5319AEBFDF9EDF727C2511DB
:106650004611CC42168DBFE7FFF7BFF7DFF7FFFF0C
:10666000FFFFFFFFDFFFFFFFFFFFFFFFFFFFFFFF5A
:10667000FFFFFFFFFFFFFFFFFFFFFFFFFFFFDFFF4A
:10668000DFFFDFFFDFFFFFFFFFFFFFFFFFFFFFFF7A
:10669000FFFFFFFFFFFFFFFFFFFFFFFFFFFFFFFF0A
:1066A000FFFFFFFFFFFFFFFFFFFFFFFFFFFFFFFFFA
:1066B000FFFFFFFFFFFFFFFFFFFFFFFFFFFFFFFFEA
:1066C000FFFFFFFFFFFFFFFFFFFFFFFFFFFFFFFFDA
:1066D000FFFFFFFFDFFFDFF7BFF7DFF79EEF9EEF64
:1066E0005EEF7FEFBFEF9FD75254CF33EF2BCF2317
:1066F000CF23F02BAF23F0234F1C902C70340F2CA2
:106700002F2C4F2C4F2C4F2C2F2C6F346F3C6F3471
:106710006B13AC23AD33C92A4832E629652185299C
:106720006529E318E31824218531484AAA52074213
:10673000E7390842CB5A96B59AC639B6359D728468
:1067400097A59BC61DD73DDF7EE75DE75DE77EEF42
:10675000BFF7FFFFFFFFDFFFDFFFDFFFDFFFDFFF31
:10676000DFFFDFFFDFFFDFFFDFFFFFFFFFFFFFFFD9
:10677000FFFFFFFFFFFFFFFFFFFFDFFFFFFFFFFF49
:10678000FFFFFFFFFFFFBFF79EEFDFF7FFFFFFFFFA
:10679000FFFFFFFFFFFFFFFFFFFFDEFFFFFFDEFF4B
:1067A000FFFFDFFFFFFFFFFFFFFFFFFFDFEFFFEF59
:1067B000FFEFBBB64F432A1A2B1AEA11EA096C1AEB
:1067C000C909AC32F8A5FFEFFFEFFBCEEC4AE408B5
:1067D0004932B7A5FFEFBFE7B7A5C7212511727CE6
:1067E0003DD7FFEFD8AD092A05114619461105110D
:1067F00046194619251125190511251105110511EF
:106800000511051104110411041104190419C31808
:106810000429A9624E9C8FACAFACEFB410BDF0BCA4
:1068200010BD10BDF0BCF0BC10BD10BD10BDF0BC63
:10683000F0BCF0BCF0BCEFBCEFBCEFBC0FBD0FBDBB
:106840000FBDEEBCEFBCEFBC0FBD0FC50FC50FC534
:106850000FBD2FC50FBD0FBD0FBD30C530C550C515
:1068600030C50FBD50C5D3CD14D614D634D655DEA1
:1068700075DE96E696E6D7E6D7EEF8EE18EF18F74F
:1068800039F739F73AF75AF75AF75AF75BF77BF7C0
:106890007BF77BF77BF77BF79BF77BF77BF75BF768
:1068A0007BF79BF71AE7FADEDAD638BE9EE7BAC660
:1068B000CB42C3002932B384FBC6DFE7FBC62C4BB7
:1068C000E408AB42F48C5DD7FFEFD7A5A7210509FB
:1068D000E829D0631DCFFFEFFFF7FFFFFFFFDFFFCA
:1068E000FFFFFFFFDFFFFFFFFFFFFFFFFFFFFFFFD8
:1068F000FFFFFFFFFFFFFFFFFFFFFFFFFFFFDFFFC8
:10690000DFFFDFFFFFFFDFFFFFFFFFFFFFFFFFFFF7
:10691000FFFFFFFFFFFFFFFFFFFFFFFFFFFFFFFF87
:10692000FFFFFFFFFFFFFFFFFFFFFFFFFFFFFFFF77
:10693000FFFFFFFFFFFFFFFFFFFFFFFFFFFFFFFF67
:10694000FFFFFFFFFFFFFFFFFFFFFFFFFFFFFFFF57
:10695000FFFFFFFFFFFFDFF7BFEF9EEF7EEF9EF72A
:106960005EEFBFF7FFF71DC71044EF33EF2BCF23C8
:10697000CF23F02BAF23CF234E1C6F247034503421
:106980004F2C4F2C4F242F246F34703C4F342E3417
:106990006B23AD332B2B892A4832A529642144214E
:1069A0002321E318E3186429E739694A894A4842F0
:1069B00028422842694A349DF7B5B7A5B384159596
:1069C00059BE7AC61DD75DDF5EE75DE75DE79EEFE6
:1069D000DFF7FFFFDFFFFFFFFFFFFFFFFFFFFFFF0F
:1069E000DFFFDFFFDFFFDFFFFFFFFFFFFFFFFFFF37
:1069F000FFFFFFFFFFFFFFFFFFFFFFFFFFFFFFFFA7
:106A0000FFFFFFFFDFFFDFFF9EF7BEF7DFF7FFFFB0
:106A1000FFFFFFFFFFFFFFFFFFFFFFFFFFFFFFFF86
:106A2000FFFFFFFFFFFFDEFFFFFFDEFFFFFFFFF7C0
:106A3000DFEFFFF71CCF7274E9190A122B12EB116A
:106A40004C1AC9114B2AF8A5FFEFFFF77EDFEB4A7E
:106A5000C30029321595DFEFFFF7D7AD293A25118D
:106A600011741DD7DFE719AE6A3AE4086619871971
:106A700046194611251105112519E51005110511B5
:106A800005110511251125110511E4100419E4184B
:106A9000C218E641EE8B8FA48FACF0BCF0B4F0BC12
:106AA00010BDF0BCF0B410BD10BD10BD10BD10BDC8
:106AB00010BD10BD10BD10C510BD0FBD0FBD10C560
:106AC00010BD0FBD10BD0FBD10BD10BD10BD10C558
:106AD00030C530C510C50FBD2FC550C550C550C5F8
:106AE00050C530BD51C5F3D514D634D655D675DE54
:106AF00076DE76DE96E6D7EED7EEF8EE18EF19F7EB
:106B000039F739F73AF75AF75AF77BF77BF77BF7FC
:106B10007BF77BF77BF77BF77BF79BF77BF77BF7C5
:106B20003AEF3AEF5BEFFADEDAD67CE738B6EB4ABB
:106B3000C3002932927CFCCE9EDF9ABE8E5B050993
:106B4000E8293174DBC6FFEF9ABEAB42050987190D
:106B50008B3AB7A5DFE7FFF7FFF7DFF7DFF7FFFFB8
:106B6000FFFFFFFFDFFFDFFFFFFFFFFFFFFFFFFF75
:106B7000FFFFFFFFFFFFFFFFFFFFFFFFFFFFDFFF45
:106B8000DFFFFFFFFFFFFFFFFFFFFFFFFFFFFFFF35
:106B9000FFFFFFFFFFFFFFFFFFFFFFFFFFFFFFFF05
:106BA000FFFFFFFFFFFFFFFFFFFFFFFFFFFFFFFFF5
:106BB000FFFFFFFFFFFFFFFFFFFFFFFFFFFFFFFFE5
:106BC000FFFFFFFFFFFFFFFFFFFFFFFFFFFFFFFFD5
:106BD000FFFFFFFFDFF7DFF79EEFBFF79EF77EF7C0
:106BE0009FFFDFFFFFEF59A6CF3BF033F02BCF2302
:106BF000D023F02BAF23F02B4E1C6F2470342F2C9E
:106C00000F244F2C902C6F2C703C4F3C4F3CAC2BE6
:106C10006C23AD330B2BCA32073265294421242162
:106C2000E318E31823216429073A694A6842273A9E
:106C30002842E731C7317184F8B535959384B7A5FB
:106C40007ABEFCCEFCD63DDF7EE77EE77EEFBFEF6F
:106C5000DFFFDFFFDFFFDFFFFFFFFFFFFFFFFFFFC4
:106C6000FFFFFFFFFFFFFFFFDFFFDFFFDFFFDFFFB4
:106C7000DFFFDFFFDFFFDFFFFFFFFFFFFFFFFFFFA4
:106C8000FFFFFFFFFFFFFFFFDFF79EF79EEFBFF75E
:106C9000FFFFFFFFFFFFFFFFFFFFFFFFFFFFFFFF04
:106CA000FFFFFFFFDFFFDEFFFFFFFFFFFFFFFFF73D
:106CB000FFF7FFF7FFEF9EDFF57C4B1A0A122B124E
:106CC0002B124C1AEA19C819D8A59EDFFFEFBEE7B0
:106CD0004D5B0411C72172843DD7FFF739BEAB422B
:106CE0000511CF631DCFFFEF5AB64A324611A721D7
:106CF00025112511451125110511051126192511FB
:106D00000511251125112511051104112519E41866
:106D1000C21843314B738FA4AFACCFB4F0B4F0BC06
:106D2000F0BC10BD11BDF0BC31BD31BD31BD31BDB8
:106D300010BD10BD10C510C510C510C510C530C59B
:106D400030C530C530C530C510BD10C510C530C503
:106D500030C530C530C52FC52FC550C550C550C52D
:106D600050C530BD71C5F3D534DE34D655DE75DE81
:106D700096E696E6B6E6D7EEF7EEF8EE18EF19F7D8
:106D800039F739F73AF75AF77AF77BF77BF77BF75A
:106D90007BF77BF77BF77BF77BF79BF77BF77BF743
:106DA0003AF75AF71AEF1AE7B9D678C60B538200AA
:106DB0002932727CDBC6DFE7FCC64D530509871913
:106DC0002D537ABEBFE73DD7CF6BE4086619083272
:106DD00031743DD7FFF7FFF7FFFFDFF7DFF7DFFF86
:106DE000FFFFFFFFDFFFFFFFFFFFFFFFFFFFFFFFD3
:106DF000FFFFFFFFFFFFFFFFFFFFFFFFFFFFDFFFC3
:106E0000FFFFFFFFFFFFFFFFFFFFFFFFFFFFFFFF92
:106E1000FFFFFFFFFFFFFFFFFFFFFFFFFFFFFFFF82
:106E2000FFFFFFFFFFFFFFFFFFFFFFFFFFFFFFFF72
:106E3000FFFFFFFFFFFFFFFFFFFFFFFFFFFFFFFF62
:106E4000FFFFFFFFFFFFFFFFFFFFFFFFFFFFFFFF52
:106E5000FFFFDFF7DFF7DFF7BFEF9EEF9FF7DFFF03
:106E6000DFFFFFFFFFEF9685AF33F033F02BF0230A
:106E7000F02BF02BAF23CF2B2E1C6F2C6F340E2C4E
:106E8000EE232F24702C6F2C4F34703C2F3C8C231E
:106E9000CD332B2B4C3BCA3AC6296421852944218A
:106EA000E21823216429A631073A48422742E739EC
:106EB000073AA6316529CE73359D517CD48CF8AD47
:106EC0009BC6FCD61DD75DDF5DE77EE79EEFBFF773
:106ED000BFF7DFFFFFFFDFFFDFFFFFFFFFFFFFFF6A
:106EE000FFFFFFFFFFFFFFFFFFFFFFFFFFFFDFFFD2
:106EF000DFFFDFFFDFFFDFFFDFFFDFFFFFFFFFFF62
:106F0000FFFFFFFFFFFFFFFFFFFFBFF79EEF7EEFDB
:106F1000BEF7FFFFFFFFFFFFFFFFFFFFFFFFFFFFCA
:106F2000FFFFFFFFFFFFFFFFFFFFFFFFFFFFFFFF71
:106F3000FFFFFFF7FFF7FFF7DFE7F99D2B2289013E
:106F40002B120A124B1A8811E82114957EDFFFF7E5
:106F5000BFEFAF6325116619106C3DD7FFEFDBC69D
:106F60006E5B04094D539BBEFFEF7AB60C4BC40019
:106F70008719251125112511261105112511051136
:106F800025114519051105110511051925190419B2
:106F9000E320E220885A6F9CAFACAFACF0B4F0B401
:106FA000F0B410BD11BD30BD51C551BD31BD30BDB6
:106FB00030BD31C531C510C510C530C530C530C56F
:106FC00030C530C530C530C530C530C530C530C519
:106FD00030C530C530C530C530C550C550C550C5A9
:106FE00050C530BD71C5F3D535DE35DE55DE96DED4
:106FF00096E6B6E6B7E6D7EEF8EEF8EE18F739F70C
:1070000039F739F75AF75AF77AF77BF77BF77BF7B7
:107010007BF77BF77BF77BF77BF77BF77BF77BF7E0
:107020005AF77BF7F9E63AE7FADE4B5BE3080832FA
:10703000727CFCCE9FE7BBC68E5B04096619EC4AE6
:10704000D8ADFFEF3DD7B3846619451145190C4BF8
:1070500059BEFFEFDFEFFFF7FFFFDFF7DFFFDFFFD7
:10706000FFFFFFFFFFFFFFFFFFFFFFFFFFFFFFFF30
:10707000FFFFFFFFFFFFFFFFFFFFFFFFFFFFFFFF20
:10708000FFFFFFFFFFFFFFFFFFFFFFFFFFFFFFFF10
:10709000FFFFFFFFFFFFFFFFFFFFFFFFFFFFFFFF00
:1070A000FFFFFFFFFFFFFFFFFFFFFFFFFFFFFFFFF0
:1070B000FFFFFFFFFFFFFFFFFFFFFFFFFFFFFFFFE0
:1070C000FFFFFFFFFFFFFFFFFFFFFFFFFFFFFFFFD0
:1070D000FFFFDFF7DFF7BFF7FFFFBFF7DFFFBFFF00
:1070E000DFFFDFF7DFDF9264CF331034F02BF023C4
:1070F000F023F023CF23CF232E1C4E244F2C0E2C15
:107100000E244F2C702C4F2C2E349044CD2BAD2BB5
:10711000AC332B2B8D436932A6298529A63144290E
:1071200003216429A531E739073A28422742073A63
:10713000073A852965294D63928C517C76A519B64D
:107140007ABE9BC6FCD63DDF3DDF5EE79FEFBFF713
:10715000BFF7DFFFFFFFFFFFDFFFDFFFFFFFFFFFE7
:10716000FFFFFFFFFFFFFFFFFFFFFFFFFFFFFFFF2F
:10717000FFFFFFFFFFFFFFFFDFFFDFFFDFFFDFFF9F
:10718000DFFFFFFFFFFFFFFFFFFFFFFFDFF77DEFE9
:107190007DEFBFF7FFFFFFFFFFFFFFFFFFFFFFFFD9
:1071A000FFFFFFFFFFFFFFFFFFFFFFFFFFFFFFFFEF
:1071B000FFFFFFFFFFFFDFF7FFF7FFEFF9A5C911A3
:1071C000EA092B122A1A091A6611C721D48C7EDF0C
:1071D000FFF7BFE7727C661904096E5B39B6FFEFF3
:1071E0007EDF517466190D4B19AEFFEF7ABEEC4A83
:1071F0000509661966190511251126112511251194
:107200002519041105112519251105190519041948
:107210000421E220A539ED8B8FA4AFACF0B4F0B41B
:1072200010BD10BD10BD51C551BD51C551C551BD99
:1072300031C551C531C531C530C530C530C530C582
:1072400030C530C530C530C530C530C530C530C596
:1072500030C530C530C530C530C530C530C530C586
:1072600031C530BD92C514D655DE55DE55DE96DEED
:10727000B6E6B6E6D7EEF7EEF8EE18EF18F739F700
:1072800039F739F75AF75AF77BF77BF77BF77BF734
:107290007BF77BF77BF77BF77BF77BF77BF77BF75E
:1072A0005AF75BF71AE71AE7FADE273AE729917CE3
:1072B000BAC69EDF1CCF306CC300A7212D53B7A5E3
:1072C0007EDF7EDFD7A5A72105118619E829B284C4
:1072D0005DDFFFF7DFF7FFF7FFFFFFFFDFFFFFFFD8
:1072E000FFFFFFFFFFFFFFFFFFFFFFFFFFFFFFFFAE
:1072F000FFFFFFFFFFFFFFFFFFFFFFFFFFFFFFFF9E
:10730000FFFFFFFFFFFFFFFFFFFFFFFFFFFFFFFF8D
:10731000FFFFFFFFFFFFFFFFFFFFFFFFFFFFFFFF7D
:10732000FFFFFFFFFFFFFFFFFFFFFFFFFFFFFFFF6D
:10733000FFFFFFFFFFFFFFFFFFFFFFFFFFFFFFFF5D
:10734000FFFFFFFFFFFFFFFFDFFFDFFFDFFFDFFFCD
:10735000DFFFDFFFDFF7DFF7BFF7DFFFFFFFBFF77D
:10736000DFF7FFF7DBB6F04BCF331034D023CF235A
:10737000CF23CF23CF23CF232E242F244F2C2F2CCA
:107380000E2C4F2C90346F342E342E34AC2BED3326
:107390004B2BCD430B3B072AA521852965292321AA
:1073A000242185298531E73928422842484227424D
:1073B000C63165218529CB52317CF494F8B57AC663
:1073C00039BE59C69AC61CD71DDF5DDF9FEFBFF7D8
:1073D000BFF7FFFFFFFFDFFFFFFFFFFFFFFFFFFF25
:1073E000FFFFFFFFFFFFFFFFFFFFFFFFFFFFFFFFAD
:1073F000FFFFFFFFFFFFFFFFFFFFFFFFFFFFFFFF9D
:10740000FFFFFFFFFFFFFFFFFFFFFFFFFFFFBEF7D5
:107410007EEF9EEFBFF7FFFFFFFFFFFFFFFFFFFFC6
:10742000FFFFFFFFFFFFFFFFFFFFFFFFFFFFFFFF6C
:10743000FFFFFFFFFFFFDFFFDFFFDFF7FFEF9895A5
:10744000A809EA112A1AE9110922A7198719F06B6C
:107450005EDFFFEFFFEFF48C45116511AB42969DA7
:10746000FFEF9EDF358D082A6A3AF8A5FFEF7ABE56
:10747000AB42051146114619251146192511461929
:107480004619E4102511261925190519051904199D
:107490000421032103292A6BB0A48FA4CFAC10B51B
:1074A00030BD51C551C530BD51C571C571C571C51E
:1074B00051C551C531C551C531C530C531C530C5BE
:1074C00030C530C530C530C530C530C530C530C514
:1074D00030C531CD31CD30C530C530C530C530C5F2
:1074E00030C531C592CD14D635DE55DE75DE96E653
:1074F000B7E6B7E6D7EEF7EEF8EE18EF19F739F77B
:1075000039F739F75AF75AF77BF77BF77BF77BF7B1
:107510007BF77BF77BF77BF77BF77BF77BF77BF7DB
:107520003AF73AF75BEFF9DE1ADFCE73EF73FBCE73
:107530007DDF5DD7106C0409A6190C4B769D9EDF8C
:10754000BFE739B68A3AE408661946116E5B79BE20
:10755000FFEFFFF7FFF7FFF7DFF7DFFFFFFFFFFFAB
:10756000FFFFFFFFFFFFFFFFFFFFFFFFFFFFFFFF2B
:10757000FFFFFFFFFFFFFFFFDFFFDFFFDFFFFFFF7B
:10758000FFFFFFFFFFFFFFFFFFFFFFFFFFFFFFFF0B
:10759000FFFFFFFFFFFFFFFFFFFFFFFFFFFFFFFFFB
:1075A000FFFFFFFFFFFFFFFFFFFFFFFFFFFFFFFFEB
:1075B000FFFFFFFFFFFFFFFFFFFFFFFFFFFFFFFFDB
:1075C000FFFFFFFFFFFFDFFFFFFFDFFFDFFFDFFF4B
:1075D000DFFFFFFFFFFFDFFFDFFFFFFFBFFFFFFF5B
:1075E000FFF7FFEF557DF043AF2BF02BF023F02397
:1075F000CF23CF23CF23CF236F2C4F2C4F344F34A7
:107600000E2C4F2C90346F340E34CD2BED33CD3304
:107610004B2BAD43A9320722652144210319E318FE
:1076200044298531A531073A684A2842273AC631AC
:1076300065296521C7398A4A107C55A518BE7AC6C6
:107640009AC659C67AC6BBCEBBCEFCD65DE79FEFC5
:10765000BFF7DFFFFFFFDFFFFFFFFFFFFFFFFFFFC2
:10766000FFFFFFFFFFFFFFFFFFFFFFFFFFFFFFFF2A
:10767000FFFFFFFFFFFFFFFFFFFFFFFFFFFFFFFF1A
:10768000DFFFDFFFFFFFFFFFDFFFDFFFFFFFFFFF8A
:10769000DFFF9EF79EF7DFF7FFFFFFFFFFFFFFFF14
:1076A000FFFFFFFFFFFFFFFFFFFFFFFFFFFFFFFFEA
:1076B000FFFFFFFFBFF7BEF7BEFFFFFFDFEFFFE7F4
:1076C000D57C8809091A091A6B2AC819871146112D
:1076D0004E531DCFFFF7DFEF55958619C300AA3A29
:1076E0005595BFDFFFE7969D2932092AD8A5BFE748
:1076F00039B6CC42E4082511261166192511251149
:1077000045192511261905110519051925190419F9
:10771000E4180421C218274A6F9C8EA4D0AC51BD36
:1077200010B551BD71C550BD51BD71C571C571C593
:1077300051C551C551C531C531C531C531C531C539
:1077400051C551C551C551C530C530C530C530C50D
:1077500030C531CD31CD31CD30C530C530C530C566
:1077600030C551C5B2CD14D655DE55DE76DE96E66F
:10777000B7E6D7E6D7EEF8EEF8EE18EF19F739F7D7
:1077800039F75AF75AF75AF77BF77BF77BF77BF70E
:107790007BF77BF77BF77BF77BF77BF77BF77BF759
:1077A0003AF73AEF5BF7F9DED9D694A558BEBEE7B3
:1077B0005DD7717C251125118E5BB6A57EDFFFEFAD
:1077C0009ABEEC4AA300251166192932B3849EE7BC
:1077D000FFF7DFF7DFF7FFFFDFFFDFFFFFFFFFFF51
:1077E000FFFFDFFFFFFFFFFFFFFFFFFFFFFFFFFFC9
:1077F000FFFFFFFFFFFFFFFFDFFFDFFFDFFFFFFFF9
:10780000FFFFFFFFFFFFFFFFFFFFFFFFFFFFFFFF88
:10781000FFFFFFFFFFFFFFFFFFFFFFFFFFFFFFFF78
:10782000FFFFFFFFFFFFFFFFFFFFFFFFFFFFFFFF68
:10783000FFFFFFFFFFFFFFFFFFFFFFFFFFFFFFFF58
:10784000FFFFFFFFFFFFFFFFFFFFDFFFDFFFDFFFA8
:10785000DFFFFFFFFFFFFFFFFFFFDFFFDFF7FFFFA0
:10786000FFEFFCBEF04BCF3BD033F02BF02BF023DF
:10787000CF23CF23CF23CF236F2C6F2C90344F34C3
:107880000E2C4F2C90344F34CD2BED2B0E3C6B2B0C
:10789000CD3B2B33892AE72964214421E3180321B6
:1078A00065298531E6392842694A2842E63164294A
:1078B000242185290742494AAE7375A559C67AC65F
:1078C000FCD69ACE7AC67AC69AC6BBCEFCDE5DE7F7
:1078D0009EEFDFF7DFFFFFFFFFFFFFFFFFFFFFFF71
:1078E000FFFFFFFFFFFFFFFFFFFFFFFFFFFFFFFFA8
:1078F000FFFFFFFFFFFFFFFFFFFFFFFFFFFFFFFF98
:10790000DFFFDFFFFFFFFFFFDFFFDFFFFFFFFFFF07
:10791000FFFFDFFFBFF7BFF7DFFFFFFFFFFFFFFF47
:10792000FFFFFFFFFFFFFFFFDFFFFFFFFFFFDFFFA7
:10793000FFFFFFFFBFFFDFFFFFFFDEFFBFEFFFEF38
:10794000DFE7B05B26012A2288092A222A2267095A
:1079500067112E4B39B6FFF7FFEF5595A72145115B
:10796000E829148DBFDFFFEFD7A56A3AC821359506
:10797000DFE77ABE0D4B2511261146114619461137
:10798000251125112511251905190519051905199F
:10799000E418E418E31865318C7B8F9CD0AC31B5CA
:1079A000F0B431B551BD71BD71BD71C571C571C541
:1079B00051C552C552C552C531C531C551C551C554
:1079C00051C551C551C551C551C531C531C531C567
:1079D00031C531C531C531CD30C530C530C530C5F3
:1079E00010C551C5B2CD14D655DE55DE96DEB6E6CD
:1079F000B7E6D7E6F8EEF8EE18EF18F739F739F7EB
:107A000039F75AF75AF75AF77BF77BF77BF77BF78B
:107A10007BF77BF77BF75BF77BF79BF77BF77BF7D6
:107A20003AF75AF73AEF19E7D9DEFAD6FFF75CD7FB
:107A3000717C04094519EC4AB7A5DFE7FFEF7ABE70
:107A40002D53040925114619A7218E5B7ABEFFF735
:107A5000BFEFFFFFFFFFFFFFDFFFFFFFFFFFFFFFA6
:107A6000FFFFFFFFFFFFFFFFFFFFFFFFFFFFFFFF26
:107A7000FFFFFFFFFFFFDFFFDFF7DFFFFFFFFFFF7E
:107A8000DFFFDFFFFFFFFFFFFFFFFFFFFFFFFFFF46
:107A9000FFFFFFFFFFFFFFFFFFFFFFFFFFFFFFFFF6
:107AA000FFFFFFFFFFFFFFFFFFFFFFFFFFFFFFFFE6
:107AB000FFFFFFFFFFFFFFFFFFFFFFFFFFFFFFFFD6
:107AC000FFFFFFFFFFFFFFFFDFFFDFFFDFFFFFFF26
:107AD000FFFFFFFFFFFFFFFFFFFFBFFFFFFFFFEF06
:107AE0005DCF357D6E338E2B1034F02BF02BF023D1
:107AF000AF23CF23CF23EF234F246F2CB03C703420
:107B00002E2C4F2C90344F2CAC23ED2BCD332B232C
:107B10000E4C4B3B0722E629852944292321642961
:107B200065296429E739684A684A2842C6314421F0
:107B30004529A631E739C7390C5B55A559C6BACED8
:107B4000FCD61CDFDBD6BBCEDBCEFCD6FCD63DE7BD
:107B50007EEFBFF7BFF7FFFFDFFFFFFFFFFFFFFF76
:107B6000FFFFFFFFFFFFFFFFFFFFFFFFFFFFFFFF25
:107B7000FFFFFFFFFFFFFFFFFFFFFFFFFFFFFFFF15
:107B8000FFFFFFFFFFFFFFFFFFFFFFFFFFFFDFFF25
:107B9000DFFFFFFFDFFFBFF7DFFFDFFFFFFFFFFFBD
:107BA000FFFFFFFFFFFFFFFFFFFFFFFFFFFFFFFFE5
:107BB000FFFFFFFFDFFFFFFFFFFFDEFFFFFFFFF71E
:107BC000FFF75ED78B3A4709C9114B1A89012A1A68
:107BD000E91905018B4239B6DFE7FFEFB7A5C721E9
:107BE000E408293293841CCFFFEF39B6AB42A721BA
:107BF000F48C9EDFDCC6116C87190509461146110D
:107C000045114619051125192619261905110519B9
:107C10000419C3100421E318CA62B09CB0A4F1ACEB
:107C200011B531B511B572BD72BD72BD72BD52BD17
:107C300052C572C552C552C552C552C572C572C52C
:107C400072C571C551C551C551C530C531C531C5A4
:107C500031C531CD31CD51CD30C530C530C530C540
:107C600030BD51C5B2CD14D655DE75DE96DEB6E612
:107C7000B7E6D7E6F8EEF8EE18EF18F739F739F768
:107C80005AF75AF75AF75AF77BF77BF77BF77BF7E8
:107C90007BF77BF77BF75BF77BF79BF77BF77BF754
:107CA0003AF75AF7F9E63AE7FADE5BE75CDFB284C7
:107CB00045110409CB42769D5DDFDFEFDBCE2D530E
:107CC000E40866196619461129323595FFEFFFF76A
:107CD000BFF7DEF7FFFFFFFFFFFFFFFFFFFFFFFF25
:107CE000FFFFFFFFFFFFFFFFFFFFFFFFFFFFFFFFA4
:107CF000FFFFFFFFFFFFDFF7BFF7DFFFDFFFDFF76C
:107D0000BFF7BFF7BFF7BFF7DFFFFFFFFFFFFFFFC3
:107D1000FFFFFFFFFFFFFFFFFFFFFFFFFFFFFFFF73
:107D2000FFFFFFFFFFFFFFFFFFFFFFFFFFFFFFFF63
:107D3000FFFFFFFFFFFFFFFFFFFFFFFFFFFFFFFF53
:107D4000FFFFFFFFFFFFFFFFFFFFFFFFFFFFFFFF43
:107D5000FFFFFFFFDFFFDFFFDFFFFFFFFFEF9ED72C
:107D6000968DF043AF33CF33F033CF2BD02BF02BA6
:107D7000CF23F02BCF23EF232E1C702CB0344F2CAD
:107D80000E2C6F348F340E2CCD23ED2B8C238C33A3
:107D9000EE43EA32C519A521652965290321442945
:107DA00085316529E73989528952C639852965297E
:107DB0006529E73908426529E739B28CF7BD9ACEC3
:107DC000DBD67DE75DE73DDF5DE73DDF3DE73DE796
:107DD0009EEF9EEF9EEFDFF7DFFFDFFFFFFFFFFF6E
:107DE000FFFFFFFFFFFFFFFFFFFFFFFFFFFFFFFFA3
:107DF000FFFFFFFFFFFFFFFFFFFFFFFFFFFFFFFF93
:107E0000FFFFFFFFFFFFFFFFFFFFFFFFDFFFDFFFC2
:107E1000DFFFDFFFFFFFFFFFBFF7BFF7DFFFFFFF62
:107E2000FFFFFFFFFFFFFFFFFFFFFFFFFFFFFFFF62
:107E3000FFFFFFFFFFFFFFFFDEFFFFFFDFF7FFFF9B
:107E4000BFF7FFF79BC646090A1ACA11CA092B12C7
:107E50004B1A670905098B42D8ADFFEFFFEFF8AD6C
:107E60008A3A0409C829727C1DCFFFEF7ABE0D4BF8
:107E7000661172743DCF5DD77695CC420509050930
:107E800066192519251925192619E5100511051159
:107E9000E410E418E418C310E7417094D1A4D2A40C
:107EA00033B532B532B552B572BD52B572BD72BD81
:107EB00072C572C572C572C572C572C552C551C54B
:107EC00051C551C551C530C530C530C530CD30CD97
:107ED00031CD31CD30CD30CD30C52FC530C530C5D9
:107EE00010BD51C5D2CD14D635DE75DE96DEB6E6B0
:107EF000D7E6D7E6F8EE18EF19F719F739F739F79B
:107F00005AF75AF75AF77BFF5BF77BF77BF77BF75C
:107F10007BF77BF77BF77BF79BF77BF77BF77AF7B2
:107F20003AF77BF73AEFB8D61ADFFAD67184241104
:107F3000E3088A3AF48C5DD7BFEF9BC62D53251119
:107F4000251166194611E8298F63DCCEDFF7DFF7CC
:107F5000FFFFDEF7FFFFBEF7DFFFDFFFDFFFFFFF03
:107F6000FFFFFFFFFFFFFFFFFFFFFFFFFFFFFFFF21
:107F7000FFFFDFFFDFF79EEF9EF7DFF7DFFF9FF7E3
:107F80009EF79FF77EF79FF7BFF7BFF7BFFFDFFFB3
:107F9000FFFFFFFFFFFFFFFFFFFFFFFFFFFFFFFFF1
:107FA000FFFFFFFFFFFFFFFFFFFFFFFFFFFFFFFFE1
:107FB000FFFFFFFFFFFFFFFFFFFFFFFFFFFFFFFFD1
:107FC000FFFFFFFFFFFFFFFFFFFFFFFFDFFFFFFFE1
:107FD000FFFFDFFFFFFFFFFFFFFFFFF73DD7968D9E
:107FE000104CCF33CF33F02BAF23D02BD02BCF2B54
:107FF000D02BCF2BCF23EF232F1C6F246F2C2E2CB5
:108000000E246F344F2CAC1BCD23CD2BCD2BCD3B71
:108010008D43A932C6218521A5318531E31803217D
:108020004429A63948428952073A64296529C6314C
:10803000E7390742C73965298629CF7396AD38BE1F
:10804000DBD67EE75DE77EE7BFEF9EEF7EEF3DE7A5
:108050007EE79EEF9EEFDFF7DFFFDFFFDFFFFFFF33
:10806000FFFFFFFFFFFFFFFFFFFFFFFFFFFFFFFF20
:10807000FFFFFFFFFFFFFFFFFFFFFFFFFFFFFFFF10
:10808000FFFFFFFFFFFFFFFFFFFFFFFFFFFFFFFF00
:10809000FFFFFFFFFFFFFFFFBFFFBFF7BFF7DFFFE0
:1080A000FFFFFFFFFFFFFFFFFFFFFFFFFFFFFFFFE0
:1080B000FFFFFFFFFFFFFFFFDEFFFFFFFFFFDFF719
:1080C000FFFFFFFFBFEF989D2709CA11CB090B12D5
:1080D000EA11C911C81946116A3AD8ADDFEFFFEFAE
:1080E0007ABE0D53E408A72111741CCFFFEFDBC645
:1080F0002D4B86118E53FCC6FFE7BBBE106CC82902
:10810000E408051146190511E510051105110511C1
:108110002619E4100519E4102421EF7B17C6F7C5D2
:1081200095BD33AD12AD33B532B552B573BD93BD08
:1081300073BD73BD73BD52C552C552C552C551C53D
:1081400051C551C531C531CD30C510C510C510C59B
:1081500010C530CD30CD30CD2FC52FC530C530C581
:1081600010BD50C5D3CD34D655D675DE96DEB7E6F4
:10817000D7E6D7E6F8EE18EF19F719F739F739F718
:108180005AF75AF75AF75BFF7BF77BF77BF77BF7DA
:108190007BF77BF77BF77BF79BF77BF75BF77BF74F
:1081A0005AF7F9E65AF71AE71ADF339D4419E3083C
:1081B000693AD3845DD7BFE7BBCE2D5BE40846198F
:1081C0006619251166198A3A97A59FE7FFF7DFF729
:1081D000FFFFDFFFFFFFDFFFFFFFDFFFDFFFFFFF2F
:1081E000FFFFFFFFFFFFFFFFFFFFFFFFFFFFFFFF9F
:1081F000FFFFFFFF9EEF7EEF9EF79FF7BFF79EF713
:108200007EF79EF77EEF9EF79EF79EF79EF7BFFFE5
:10821000DFFFDFFFFFFFFFFFFFFFFFFFFFFFFFFFAE
:10822000FFFFFFFFFFFFFFFFFFFFFFFFFFFFFFFF5E
:10823000FFFFFFFFFFFFFFFFFFFFFFFFFFFFFFFF4E
:10824000FFFFFFFFFFFFFFFFFFFFFFFFFFFFFFFF3E
:10825000FFFFFFFFFFFFFFFF7EE71CD7D79DCF4B40
:10826000CF3BEF33AE23AF23CF23D02BD02BCF2B5D
:10827000CF2BCF2BCF2BCF234F246F244F240E2473
:108280002E2C4F2C0D246B13ED23ED2BEE330E44CF
:108290008C438932E629A52985316529E3182421F3
:1082A00085310742484A494AA6314421A629073A5E
:1082B000E731073AA63124216529AA52D39496AD15
:1082C00079CE1CDF9EEFDFF7DFF7DFF7BFF79EEF1A
:1082D000BEF79EEF9EEFDFF7DFFFDFFFDFFFDFFF81
:1082E000FFFFFFFFFFFFDFFFFFFFFFFFFFFFFFFFBE
:1082F000FFFFFFFFFFFFFFFFFFFFFFFFFFFFFFFF8E
:10830000FFFFFFFFFFFFFFFFFFFFFFFFFFFFFFFF7D
:10831000FFFFFFFFFFFFFFFFDFFFBFF79FF7BFFF7D
:10832000FFFFFFFFFFFFFFFFFFFFFFFFFFFFFFFF5D
:10833000FFFFFFFFFFFFFFFFFFFFFFFFFFFFFFFF4D
:10834000FFFFDFF7DFF7FFF70F4B4809CB11CB0932
:108350000B1AA911E81986114611E929F58C9FE736
:10836000FFF7BBC64E5BA3008619CF6BDBC6FFEFE2
:108370005DD7F06386110C4318AEFFE79FDF769D53
:10838000AB420409C408251125194619C40825194A
:108390002519051105192519C3108A52F8BDBBD638
:1083A000BAD6BADE58CE17C694B553B533AD33B589
:1083B00053B573BD73BD53BD52BD52C552C551C5F2
:1083C00031C531C531C530C551CD30CD10CD10CD01
:1083D00010CD10CD10CD0FC50FC50FC530C530BDA8
:1083E00030BD70C5D3CD34D655DE75DE96E6B7E622
:1083F000D7E6D8EED8EEF9EE19F719F739F73AF7CC
:108400005AF75AF75AF75AF77BF77BF77BF77BF760
:108410007BF77BF77BF77BF77BF77BF75BF77BF7EC
:108420007BFFF9E65AF7D8DE3BE7129D8100483A18
:10843000B284FCCE9EE73DD74E5B04110411661951
:1084400045114611A72151743DD7DFF7DFF7DFF75C
:10845000FFFFDFFFFFFFFFFFFFFFFFFFFFFFFFFF4C
:10846000FFFFFFFFFFFFFFFFFFFFFFFFFFFFDFFF3C
:10847000FFFFDFF73DE77EEF9EEF7EEF9EF79EF773
:108480009EF79EF79EF79EF7BEF7BEF7BFF7BFFFBA
:10849000DFFFDFFFFFFFFFFFFFFFFFFFFFFFFFFF2C
:1084A000FFFFFFFFFFFFFFFFFFFFFFFFFFFFFFFFDC
:1084B000FFFFFFFFFFFFFFFFFFFFFFFFFFFFFFFFCC
:1084C000FFFFFFFFFFFFFFFFFFFFFFFFFFFFFFFFBC
:1084D000FFFFFFFF9FEF5EE7FCCE39AED36C6D333D
:1084E000CF33F02BCF23CF23CF2BF02BD02BCF2B81
:1084F000CF2BCF2BAF2BCF2B4F2490246F2C2E2C98
:108500004F2C2E2CCD1BAC1B2E2C0E34EE33CD3B22
:108510004B3B272A65218529652944210321853183
:10852000E739284A2842E739A6318529E739073A49
:108530008529C6316529031924218529CE7375AD96
:10854000B6B559C65DE7BFEFFFF7FFF7DFF7FFFFEF
:10855000FFFFDFF7BEF7DFF7DFFFDFFFDFFFFFFF24
:10856000FFFFFFFFFFFFFFFFFFFFFFFFFFFFFFFF1B
:10857000FFFFFFFFFFFFFFFFFFFFFFFFFFFFFFFF0B
:10858000FFFFFFFFFFFFFFFFFFFFFFFFFFFFFFFFFB
:10859000FFFFFFFFFFFFFFFFDFFFBFFF9FF7BFF7FB
:1085A000DFFFDFFFFFFFFFFFFFFFFFFFFFFFFFFF1B
:1085B000FFFFFFFFFFFFFFFFFFFFFFFFFFFFFFFFCB
:1085C000DFFFFFFFBFF7FFF7DDCECA214909AA1180
:1085D000EA11EA19C8112922671147190A32D48C05
:1085E0009FDFFFF7DCCE1074041145196E5B59B69E
:1085F000DFE77ED77274A7194932148D3DD7FFEF9C
:108600001CCF927C092AC408E408461105092519E3
:108610002511251905110519C4084621738C9BCE17
:10862000FCDE7EEF5DEF3CE7DADE99D637CEB5BDF6
:1086300053AD33AD53B553B573C572C552BD52C5B5
:1086400031C531C531C531C510C510C510C510C5FE
:1086500010C510C510CD10C5EFC40FBD0FBD0FBDA7
:1086600010BD71C5F3CD34D655DE76DE97E6B7E69C
:10867000D7E6D8EED8EEF9EE19F719F739F73AF749
:108680005AF75AF75AF75AF77BF77BF77BF77BF7DE
:108690007BF77BF77BF77BF75BF77BF77BF75AF78B
:1086A0005AF75AF71AEF97D63BE7D1942319717C02
:1086B0001CD7DFEFBFE78F63E40845196619461141
:1086C00025118619EC4AF8ADBFEFDFEFDFF7FFFFAA
:1086D000FFFFDFFFDFFFDFFFFFFFFFFFFFFFFFFF0A
:1086E000FFFFFFFFFFFFFFFFFFFFFFFFFFFFFFFF9A
:1086F000DFF79EEF3DE77EE77EEF7EEF9FF7BFF768
:10870000BFF7DFFFDFFFDFFFFFFFDFFFDFFFFFFF61
:10871000FFFFDFFFFFFFFFFFFFFFFFFFFFFFFFFF89
:10872000FFFFFFFFFFFFFFFFFFFFFFFFFFFFFFFF59
:10873000FFFFFFFFFFFFFFFFFFFFFFFFFFFFFFFF49
:10874000FFFFFFFFFFFFFFFFFFFFFFFFDFFFDFF781
:10875000BFF77EEFDCD67ABE7AB6D89D3154EF3BB8
:10876000EF2BCF23F02BCF23CF2BD02BCF2BCF2B07
:10877000CF2BCF2BAF23AF232F1C902C902C6F2C03
:108780002F2CCD23AC1B0E2C2E340E34EE33AD3BF0
:10879000EA32E62144218529442924214429A631AD
:1087A000284228420842C731A631C731073AC631AC
:1087B000C6318529242103190321C2184842139D7B
:1087C000149DB6AD79C67DE7FFFFFFFFDFF7FFF72A
:1087D000FFFFFFFFFFFFFFFFDFFFDFFFDFFFFFFF09
:1087E000FFFFFFFFFFFFFFFFFFFFFFFFFFFFFFFF99
:1087F000FFFFFFFFFFFFFFFFFFFFFFFFFFFFFFFF89
:10880000FFFFFFFFFFFFFFFFFFFFFFFFFFFFFFFF78
:10881000FFFFFFFFFFFFFFFFFFFFDFFFBFF7BEF719
:10882000BEF7BEF7DFFFFFFFFFFFFFFFFFFFFFFF0A
:10883000FFFFFFFFFFFFFFFFFFFFFFFFFFFFFFFF48
:10884000FFFFFFFFFFFFFFFFFFF798A5A5000B222B
:10885000A911CA11A8094B2AC91947114711C821E2
:10886000937C7FDFFFEF1DD7517C451925116E5B8F
:1088700039B6FFE7BEDF358DE721C721927C5DD792
:10888000DFE79FDF19AE6E5B6619050966194619A9
:108890006619251125192619251105110D5B19BE1B
:1088A0009BCEFCDE3DE75DE79EEF5DEF1CE7DADE89
:1088B00099D658CEF6C594BD33B532B532B532BD72
:1088C00073BD73C572C552C551C551C531C531C5DA
:1088D00010C510C510C510BD10C5F0BCEFBCF0BC74
:1088E00030BD92C5F3CD34D655DE96DEB7E6B7E699
:1088F000D7EED8EED8EEF8EE19F719F739F75AF7A0
:108900005AF75AF75AF75AF77BF75BF77BF77BF77B
:108910007BF77BF77BF77BF75BF77BF75AF75BF728
:108920003AF73AEF1AEF19E71AE7D5B56D63FBD6B8
:10893000DFEF9EE7527C05112619662105114611CD
:108940004511E821927C3DD7FFF7DFF7FFFFFFFFDE
:10895000DFFFDFFFFFFFFFFFFFFFFFFFFFFFFFFF67
:10896000FFFFFFFFFFFFFFFFFFFFFFFFFFFFFFFF17
:108970009EEF3DDF5EE77EE75DE79EEFDFF7DFFF1F
:10898000BFFFDFFFFFFFDFFFFFFFFFFFFFFFFFFF77
:10899000FFFFFFFFFFFFFFFFFFFFFFFFFFFFFFFFE7
:1089A000FFFFFFFFFFFFFFFFFFFFFFFFFFFFFFFFD7
:1089B000FFFFFFFFFFFFFFFFFFFFFFFFFFFFFFFFC7
:1089C000FFFFFFFFFFFFFFFFFFFFFFFFBFF77EEF90
:1089D0001DDFBBCE7BC65AB69BB6D895CF43AF330F
:1089E000CF2BEF23EF23CF23AF2BCF2BCF2BCF2BAF
:1089F000CF2BCF2BAF23AF230E147024902C4F2CF2
:108A0000ED23AC1BCD234F340E2C0E342F44AD433D
:108A1000892AC621A529A531E31823216529853195
:108A200007420742073AA631A6312842C6314521FE
:108A3000E7396529E3180319031981104421CE731E
:108A4000349D149D75AD79CE5DE7DFF7FFFFFFFF25
:108A5000FFFFFFFFFFFFDFFFFFFFFFFFFFFFFFFF46
:108A6000FFFFFFFFFFFFFFFFFFFFFFFFFFFFFFFF16
:108A7000FFFFFFFFFFFFFFFFFFFFFFFFFFFFFFFF06
:108A8000FFFFFFFFFFFFFFFFFFFFFFFFFFFFFFFFF6
:108A9000FFFFFFFFFFFFFFFFFFFFFFFFDFFFDFFF26
:108AA0009EF79EF7BFF7FFFFFFFFFFFFFFFFFFFFF0
:108AB000FFFFFFFFFFFFFFFFFFFFFFFFFFFFFFFFC6
:108AC000FFFFFFFFDEF7FFFFDFF7FFEF2E53681119
:108AD00088118911C911C911EA21A819C81967118A
:108AE000A819116CDCC6FFF77EDFF48C8619C30869
:108AF000AB42F8ADFFEFDFE7B69D6A3266192D5342
:108B000039B6FFEFFFEF5ED7769DCC424511C40822
:108B1000251125110511461946190509E829369D23
:108B20009BCEFDD63DDF3DDF1CDF3DE79EEF9EF790
:108B30007DEF3CEF1BE7FBE6DADE78D6D6C574B5F1
:108B400033B532B512B511B511BD31BD31BD31BD31
:108B500031BD11BD11BDF0BC31C510BDF0B4F0B4D4
:108B600031BDB2C5F4D535D655DE96E6B7E6B7E6E3
:108B7000D7EED8EEF8EEF8EE19F719F739F75AF7FD
:108B80005AF75AF75AF75AF75BF75BF77BF75BF739
:108B90007BF77BF77BF77BF77BF77BF75AF75AF787
:108BA0005AF719EF3AEF3AEFB8D678CE58C69DE7A4
:108BB0009EE7B38404112511461946112511661943
:108BC0006619EB4218B6FFF7DFF7BFF7FFFFFFFFAD
:108BD000BFFFDFFFFFFFDFFFFFFFFFFFFFFFFFFF25
:108BE000FFFFFFFFFFFFFFFFFFFFFFFFFFFFFFF79D
:108BF0005DE7FCDE7EE77EE77EEFBFF7FFFFFFFF6E
:108C0000DFFFDFFFFFFFDFFFDFFFDFFFDFFFFFFF34
:108C1000FFFFFFFFFFFFFFFFDFFFDFFFDFFFFFFFC4
:108C2000FFFFFFFFFFFFFFFFFFFFFFFFFFFFFFFF54
:108C3000FFFFFFFFFFFFFFFFFFFFFFFFFFFFFFFF44
:108C4000FFFFFFFFFFFFFFFFDFF7DFF75DE7FCD66A
:108C5000BBCE7AC6BCC6DCC6DCBE1575D03BAF2B1E
:108C6000CF231024F023CF23AF23CF2BAF2BAF2361
:108C7000CF2BCF23AF23AF230E1C2F24702C0E2419
:108C80006C13CD232E340E340E2C2F3C2F444C3B32
:108C90002722852165294429E3182421653186315D
:108CA000E739E739C731A631E739283A862945211E
:108CB000A63145210319E318C218A110C210484279
:108CC000F39CF39C149D75A538BE1CDFBEF7FFFF17
:108CD000FFFFDFF7FFFFFFFFFFFFFFFFFFFFFFFFCC
:108CE000FFFFFFFFFFFFFFFFFFFFFFFFFFFFFFFF94
:108CF000FFFFFFFFFFFFFFFFFFFFFFFFFFFFFFFF84
:108D0000FFFFFFFFFFFFFFFFFFFFFFFFFFFFFFFF73
:108D1000FFFFFFFFFFFFFFFFFFFFFFFFFFFFFFFF63
:108D2000BFF79EF79EF7BEF7FFFFFFFFFFFFFFFFB6
:108D3000FFFFFFFFFFFFFFFFFFFFFFFFDFFFFFFF63
:108D4000FFFFFFFFBEF7FFFFFFFFFFF73ED76711F3
:108D5000A911EA19A9118811C9112B2AC919A81931
:108D6000671125094E5339B6FFF79EDFB6A52832A5
:108D7000C308AB42969DFFE7FFEF38AE2C4B2511A1
:108D80006A32148DFCCEFFEFDFE7DBC6927C29321E
:108D9000C4082511051105110511E5084619AF6331
:108DA0003ABEFDD63EDF5EDF7EE75DE75DE75DE76D
:108DB0005DE75DEF7DEF7DEF9EF75DEF1BE7DADEB0
:108DC00078D617CED5C594BD12B512ADF1AC12B59B
:108DD00012B532B532B511B511BDF0BCF0B4F0B476
:108DE00031BD92C514D635D676DE97E6B7E6B7E63E
:108DF000D7EEF8EEF8EEF8EE19F739F73AF75AF73A
:108E00005AF75AF75AF75AF75BF75BF75BF75BF7D6
:108E10005BF77BF77BF77BF77BF79BF75BF75BF702
:108E20005AF75AF73AEFF9E6D9D6D9D6DEEF5CDF32
:108E3000B38C451966214619051146194611661964
:108E4000292A927C7EDFDFEFBFEFBFF7DFF7DFFF7E
:108E5000DFFFDFFFFFFFDFFFFFFFFFFFFFFFFFFF82
:108E6000FFFFFFFFFFFFFFFFFFFFFFFFFFFF9EEF83
:108E70001CDFFCD65DDF5EE7BFEFFFFFFFFFFFFFFC
:108E8000FFFFFFFFFFFFDFFFFFFFFFFFFFFFFFFF12
:108E9000FFFFDFFFDFFFDFFFDFFFDFFFFFFFFFFF82
:108EA000FFFFFFFFFFFFFFFFFFFFFFFFFFFFFFFFD2
:108EB000FFFFFFFFFFFFFFFFFFFFFFFFFFFFFFFFC2
:108EC000FFFFFFFFFFFFDFF7BEEF5DE7FBD6BBCE87
:108ED000DBCEDCCEFDD61DCF19A61154AF33D02B7F
:108EE000CF23F023F023AF23AF23CF2BAF23AE2329
:108EF000CF23CF23AF23AF230F1C0E1C4F2CCD1B32
:108F00002B0BED2BB03CCD23ED2B4F3CEE43AA2A8F
:108F1000C621652124212321242144296529863164
:108F2000C739C739A631C7392842A6314521C731CB
:108F30006529E3180419E318C218E3186108031936
:108F4000CF73149D54A5349D55A5D6AD79C65DE764
:108F5000BEF7DFF7FFFFDFF7FFFFFFFFFFFFFFFFBA
:108F6000DFFFDFFFFFFFFFFFFFFFFFFFFFFFFFFF51
:108F7000FFFFFFFFFFFFFFFFFFFFFFFFFFFFFFFF01
:108F8000FFFFFFFFFFFFFFFFFFFFFFFFFFFFFFFFF1
:108F9000FFFFFFFFFFFFFFFFFFFFFFFFFFFFFFFFE1
:108FA000FFFFBEF79EF77EEFDFFFFFFFFFFFFFFF34
:108FB000FFFFFFFFFFFFFFFFFFFFFFFFFFFFFFFFC1
:108FC000FFFFFFFFFFFFFFFFFFFFFFF7FFEFB47C97
:108FD000060989118911EA198811E919E919671136
:108FE000881967118719AB4218AEFFEFFFEFD7ADB5
:108FF000EC4A04114932F48CBEDFFFEFFCCE317431
:10900000871946114D53B7A59EDFFFEFBFE759B64D
:10901000CF636619C40866194611461105114A3A0C
:1090200097A5BCCE1DD73EDF3DDF3EDF7EE79EEF3E
:109030005DE73DE73CE73DE77EEF9EEF9EEF7EEF8D
:109040005DEF5CE73BE71BE7FAE678D6D6C574B57B
:1090500033AD12ADF2ACF2ACF1ACD1B4D1B4F1ACF1
:1090600011B593C514D655D676DE97E6B7E6D7E6A2
:10907000D7EEF8EEF8EE18F719EF39F73AF75AF796
:109080005AF75AF75AF75BF75BF75BF75AF75AF755
:109090005AF75BF77BF77BF77BF75BF75BF77BF7C1
:1090A0003AF79BFFD8E6F9E63BE7D9D69DEF349D2A
:1090B000041105114619E510C8292511661966190C
:1090C0000C4B59B6DFEFFFEFDFF7DFF7DFF7FFFFFE
:1090D000DFFFDFFFDFFFFFFFFFFFFFFFFFFFFFFF00
:1090E000FFFFFFFFFFFFFFFFFFFFFFFFFFFF5DE74A
:1090F000FCDEFCDE1CDF5DE7BFF7FFFFDFF7FFFFF5
:10910000FFFFFFFFFFFFFFFFFFFFFFFFFFFFFFFF6F
:10911000DFFFDFFFDFFFDFFFFFFFFFFFFFFFFFFFDF
:10912000FFFFFFFFFFFFFFFFFFFFFFFFFFFFFFFF4F
:10913000FFFFFFFFFFFFFFFFFFFFFFFFFFFFFFFF3F
:10914000FFFFFFFFDFF79EEF3CDFFBD6DBD6DBD672
:109150001DD75EDF1DCFFDC6157DD0438F2BAF2BF6
:10916000F023F023D0238E23AF2BCF2BCF2BCF2375
:10917000CF23EF23CF23AF230F1C2F24EE238C1BF1
:109180008C1B4F348F34ED23ED2B2F444C3B482A5E
:10919000A621442164294421242165298631C73927
:1091A000E739E739A631C739A6312421A631E73995
:1091B0004521E31804192421E318A210A210C210BB
:1091C000283A718C54A595AD75A5349D549D17B65C
:1091D00099C6FBD65DDFBEEFDFF7FFF7FFF7FFF7BE
:1091E000FFFFFFFFFFFFFFFFFFFFFFFFFFFFFFFF8F
:1091F000FFFFFFFFFFFFFFFFFFFFFFFFFFFFFFFF7F
:10920000FFFFFFFFFFFFFFFFFFFFFFFFFFFFFFFF6E
:10921000FFFFFFFFFFFFFFFFFFFFFFFFFFFFFFFF5E
:10922000FFFFFFFFBFF77EEF9EEFBFF7DFFFFFFF00
:10923000FFFFFFFFFFFFFFFFFFFFFFFFFFFFFFFF3E
:10924000FFFFFFFFFFFFDFFFFFFFFFFFFFF7BFE7AE
:10925000AC422609EA2147090A1AEA196809C9191C
:10926000881167114611C829AB42769DFFEFFFF7C1
:109270009BC68F632511C7213174BBC6FFEF9EDFEC
:10928000358DC721A300082A116C19AEBFE7FFEF87
:109290001DD7358DAB42E4088300A721661946111E
:1092A000D06319B69CC65EDF5FDF7FE77FE77EE7AE
:1092B0003EDF9EE75DDF7DE75EE75EE73DDF3DDFAA
:1092C0005DE77DE77DE75DE73DE75DE73CE71CE7C0
:1092D000DBDE9AD639CE38CEF7C5F7CDD6C594BDEC
:1092E00052B592BD14CE55D676DE96E6B7E6B7EE09
:1092F000D8EEF8EE18EF19F719EF39F75AF75AF7D1
:109300005AF75BF77BF77BF77BF75BF75AF75AF770
:109310005BF77BF77BF77BF77BF77BF77BF77BF7DD
:109320003AF77BF7F9E619E7B9D6B9D6B18C8521BA
:109330000419E41066190511251166196619E82942
:10934000B38C7EDFDFEFBFEFDFF7DFF7DFF7DFF7AD
:10935000DFFFDFFFDFFFDFFFFFFFFFFFFFFFFFFF9D
:10936000FFFFFFFFFFFFDFFFFFFFFFFFBFF71CDF78
:109370001CDF1CDF3DDF7EEFBFF7DFF7DFFFFFFF06
:10938000FFFFFFFFFFFFFFFFFFFFFFFFDFFFDFFF2D
:10939000DFFFDFFFDFFFDFFFFFFFFFFFFFFFFFFF5D
:1093A000FFFFFFFFFFFFFFFFFFFFFFFFFFFFFFFFCD
:1093B000FFFFFFFFFFFFFFFFFFFFFFFFFFFFFFFFBD
:1093C000FFFFDFF77EEF3DDF1CDFFCD61DDF3DDF5B
:1093D0003DDF3DD75ECFBBAE725CAF3BAF33CF2B33
:1093E000EF23EF23CF238E23AF23CF2BCF23CF2306
:1093F000CF23CF23AF23AF23CE13502CAD1B2B1382
:109400000E2C4F34ED234E2C0E340E44EA32072A34
:10941000A62924214421852944216529A631C7395B
:10942000C739C739C631C63965294529E739E7390A
:109430002421C310031904198208C210A210820843
:1094400044212C5B339D54A5B6AD95A5549D549DE8
:1094500095A5D7AD18B69AC6BACEFBD61CDF3CDFB1
:109460005DE77EE79EEFBFF7BEF7DFF7DFFFFFFFA9
:10947000FFFFFFFFFFFFFFFFFFFFFFFFFFFFFFFFFC
:10948000FFFFFFFFFFFFFFFFFFFFFFFFFFFFFFFFEC
:10949000FFFFFFFFFFFFFFFFFFFFFFFFFFFFFFFFDC
:1094A000FFFFFFFFDFFFBEF73CE77EEFDFFFFFFFC1
:1094B000DFFFDFFFFFFFFFFFFFFFFFFFFFFFFFFFFC
:1094C000FFFFFFFFFFFFFFFFFFFFFFFF5DE7FFF76E
:1094D000FDCE67190601EA19A91168090A1A89114E
:1094E000891188196719261187196A42F494BFE710
:1094F000FFF73DD7B384871925092D537ABEFFEFB7
:10950000BFE739AEEC4AC40025118B3A116CDCC6BA
:10951000DFE7BFE7FCC65174092A8300E40846115F
:109520008B42B484D9AD9BC61ED73EDF7FE79FE751
:109530003EDF7EE77EE77EE77EE77EE75DDF3DDFBD
:109540003DDF3DDF5DDF5DE75DE75DE73DE73DE793
:109550003DE71DE71CE73DE73DEF5DEF5CEFD9DE42
:10956000F5C593BD35CE76DE76DE96E6B7EEB7EE80
:10957000D8EEF8EE18EF39EF39F739F75AF75AF70E
:109580005BF75BF75BF75BF77BF75BF77BF77BF7EB
:109590007BF77BF77BF77BF77BF77BF77BF77BF73B
:1095A0003AF77BF7F9E6F9E6F9DE57C6A631C310BC
:1095B0008621E308461945114619461166192D53AF
:1095C00039BEDFEFDFF79EEFDFF7DFF7DFF7DFF71B
:1095D000DFFFDFFFFFFFDFFFFFFFFFFFFFFFFFFFFB
:1095E000FFFFFFFFFFFFDFFFDFFFFFFF9EF7DBDE79
:1095F000DBD61CDF5DE79EEFDFFFDFFFFFFFFFFF36
:10960000FFFFFFFFFFFFFFFFFFFFFFFFFFFFFFFF6A
:10961000FFFFFFFFFFFFFFFFFFFFFFFFFFFFFFFF5A
:10962000FFFFFFFFFFFFFFFFFFFFFFFFFFFFFFFF4A
:10963000FFFFFFFFFFFFFFFFFFFFFFFFFFFFFFFF3A
:10964000DFF79EEF5EE73DDF3DDF5DDF5EE77EE754
:109650007EE75ED75DCF1896104C8F33CF2BCF238C
:109660001024EF23EF2BCF2BAF2BCF2BCF23CF23E8
:10967000CF23AF23AF23AF230E1CCE1B8D13AD1B07
:109680000E2C2E2C2E2C0E340E3CCD43A932E72965
:10969000A63123210321852944298631C631A631EB
:1096A000C7390742E739852944218631E7396529D9
:1096B000E318C3100419E318A210C310C310C31099
:1096C000E310C631307C75A574A5F6B5B6ADB6AD60
:1096D000D7ADB6ADF8B5F7ADF8B538BE59C67AC650
:1096E000BACEDBD6FCDE1CDF3DE75DE77EEFBEF7E2
:1096F000BFF7DFF7DFFFFFFFFFFFFFFFFFFFFFFF0A
:10970000FFFFFFFFFFFFFFFFFFFFFFFFFFFFFFFF69
:10971000FFFFFFFFFFFFFFFFFFFFFFFFFFFFFFFF59
:10972000FFFFFFFFFFFFDFFF9EF75DEF5DEFBFF77E
:10973000FFFFFFFFFFFFFFFFFFFFFFFFFFFFFFFF39
:10974000FFFFFFFFFFFFFFFFFFFFFFFFDFF7FFFF51
:10975000BFEF5BBE67116711A919C91968090A1A19
:109760008811881147116719871946190832517CE9
:10977000FCCEFFEFFFEF979D292A2409CB42B7A526
:10978000DFEFDFEF3DD7727CA719C30086190C43CA
:10979000D7A59EDFFFEF9EDF59B6316C8719A30076
:1097A0008721F16BD48C3AB67BBEFDD63EDF7FE7D6
:1097B0005EE77EE77EE77EE79FEF7EE75EE73DDFE1
:1097C0003DDF3DDF3DDF5DDF3DDF3DE73DDF3DE789
:1097D0003DE73DE73DE75DEF1DE73DEF3CEFFAE696
:1097E000F5C572B514CE55D676DE97E6B7EEB7EE70
:1097F000D8EEF8EE18EF19EF39F759F75AF75AF78C
:109800005BF75BF75BF75BF77BF77BF77BF77BF748
:109810007BF77BF77BF77BF77BF77BF77BF75BF7D8
:109820003AF77BF719EFF9E6FAE678CE2421C31070
:10983000451904116619461946194511082AD48C90
:109840007EE7DFF7DFEFBFEFDFF7DFF7DFF7DFF709
:10985000DFFFDFFFFFFFDFFFFFFFFFFFFFFFFFFF78
:10986000FFFFFFFFFFFFDFFFDFFFFFFF5DEFDBDE3F
:10987000FCDE7EEFBFF7DFF7FFFFFFFFFFFFFFFF1D
:10988000FFFFFFFFFFFFFFFFFFFFFFFFFFFFFFFFE8
:10989000FFFFFFFFFFFFFFFFFFFFFFFFFFFFFFFFD8
:1098A000FFFFFFFFFFFFFFFFFFFFFFFFFFFFFFFFC8
:1098B000FFFFFFFFFFFFFFFFFFFFFFFFFFFFDFF7E0
:1098C0009EEF5EE75EE75EE77EE7BFEF5EE79FE75E
:1098D0009FE75DD7FCBE14758F3B8F33CF2BCF2313
:1098E000EF23EF23CF23CF2BAF2BCF2BAF23CF23D0
:1098F000CF23AF23AF23AF23EE1B8D13AD1BEE237E
:10990000EE230E2C2E34ED33ED3B8C43A932E629A9
:109910008529032103216529652985318631A631F1
:1099200028422842C73924214529A631C7310421BC
:10993000C210E3182421E318A210A210C210E318E9
:109940000319C210283AF394549DB5ADF7B517B674
:1099500018B618B679BE18B679C69AC69AC6BACEDF
:10996000DBD6FCD6FCDEFCDE1CDF1CDF3CE75DE763
:109970005DEF7EEF9EF7BEF7BEF7DFFFFFFFFFFF55
:10998000FFFFFFFFFFFFFFFFFFFFFFFFFFFFFFFFE7
:10999000FFFFFFFFFFFFFFFFFFFFFFFFFFFFFFFFD7
:1099A000FFFFFFFFFFFFFFFFFFFF7EEF3CE77DEFC5
:1099B000BEF7DFFFFFFFFFFFFFFFFFFFFFFFFFFF20
:1099C000FFFFFFFFFFFFFFFFFFFFFFFFFFFFFFF7AF
:1099D000FFF7FFEF169526096711C919E919A911B3
:1099E000EA19A91188194711471987210511A721DB
:1099F0006E5B59B6FFF7FFEF7ABE2D53E408082AD5
:109A0000D48C3DD7FFEFDFE7F8AD2D4BE400E40049
:109A1000E8218E5BD7A5BFE7DFE73DCFF8AD8E5BD2
:109A2000E508EC4A3695B8A5F9B59BC6FDD61DD715
:109A30005EE77EE75EE77EE77EE79EE77EE77EE71E
:109A40005EE75DDF5DE75DE75DE75DE75DDF3DDF2D
:109A50003DDF1CDFFCDE1CDF1DDFFCE6FBDEDADEAB
:109A6000D5C593BD55D676DE76DE97E6B7EEB7EE72
:109A7000D8EEF8EEF8EE19EF39F73AF75AF75AF749
:109A80005BF75BF75BF75BF77BF77BF77BF77BF7C6
:109A90007BF77BF77BF77BF75BF77BF75BF75AF797
:109AA0003AF75AF719EFF9E6D9DE58CEA529E310AF
:109AB0004519251925194511661966192D537ABEC0
:109AC000DFEF9EE7BFEFDFF7DFF7DFF7DFF7DFF767
:109AD000DFFFDFFFFFFFFFFFFFFFFFFFFFFFFFFFD6
:109AE000FFFFFFFFFFFFDFFFFFFFDFFF1CE71CE7BC
:109AF0007EEFDFF7FFFFFFFFFFFFFFFFFFFFFFFF2F
:109B0000FFFFFFFFFFFFFFFFFFFFFFFFFFFFFFFF65
:109B1000FFFFFFFFFFFFFFFFFFFFFFFFFFFFFFFF55
:109B2000FFFFFFFFFFFFFFFFFFFFFFFFFFFFFFFF45
:109B3000FFFFFFFFFFFFFFFFFFFFFFFFDFF7BFF7A5
:109B40009EEF7EEF7EE7BFEFBFEFBFEF7EE79FE7C1
:109B50007EE73DCF59A631546E338F33CF2BCF23C1
:109B6000EF23CF23CF23CF2BAF2BCF2BAF23CF236D
:109B7000CF23CF23AF23AF23AD1BAD1BEE230E248A
:109B8000EE230E2C0E34CD33EE4B4B43883AC629D0
:109B90002321E31844298531652985318529C73971
:109BA000694A073A652903214529A631A6310419D6
:109BB000E31804192421E318A210A210A21004191A
:109BC00044218108C2106C63549D74A517B617B662
:109BD00059BE9AC6BACEDBCEFCD61CDF1CDF3DDFF9
:109BE0005DE77EE75DE77EEF7EEF7EEF5DEF5DEFA9
:109BF0005DEF5DEF5DEF5DE77DEF7EEF9EF7BEF71A
:109C00009EF79EF7BEF7BFF7DFFFDFFFFFFFFFFF07
:109C1000FFFFFFFFFFFFFFFFFFFFFFFFFFFFFFFF54
:109C2000FFFFFFFFFFFFFFFFFFFFDFFF9EF75DE787
:109C30007DEFDFFFFFFFFFFFFFFFFFFFFFFFFFFFE6
:109C4000FFFFFFFFFFFFFFFFFFFFFFFFFFFFFFFF24
:109C5000FFF7DFF7DFEF527CC500E9210A1A880918
:109C6000A809EA19A9198819882167216719051116
:109C70008719CB4235959FE7FFF73DD75174041103
:109C80004511AF639ABEFFEFFFEF1CCF148D082A7A
:109C9000A3006619E8296E5B5AB67EDF9EDF1DCFF2
:109CA000F48C0D53158DD8AD3ABE5ABEFDD6DCCE20
:109CB0001DDF5DDF5DDF3DDF5EE75EE75EE75EE700
:109CC0005EE75DDF5DDF5EE75EDF5DDF3DDF3DDFE1
:109CD0003DDF1DDF1DDF3DDF1DDF1DDF1CDFDADEA9
:109CE000B5BD73B535D676DE76DE97E6B7E6B7EE68
:109CF000D8EEF8EEF9EE19EF39EF3AF75AF75AF7CE
:109D00005BF75BF75BF75BF77BF77BF77BF77BF743
:109D10007BF77BF77BF77BF75BF77BF75BF75AF714
:109D20003AF75AF719EFF9E6B9DE58CE6529A210CD
:109D300065212519051125116619092AB3847EE7C5
:109D4000BFEF9FEFBFF7DFF7DFF7DFF7DFF7DFF7F3
:109D5000DFFFDFFFFFFFFFFFFFFFFFFFFFFFFFFF53
:109D6000FFFFFFFFFFFFFFFFDFFF9EF73DE77EEFF7
:109D7000DFFFFFFFFFFFFFFFDFFFFFFFFFFFFFFF33
:109D8000FFFFFFFFFFFFFFFFFFFFFFFFFFFFFFFFE3
:109D9000FFFFFFFFFFFFFFFFFFFFFFFFFFFFFFFFD3
:109DA000FFFFFFFFFFFFFFFFFFFFFFFFFFFFFFFFC3
:109DB000FFFFFFFFFFFFFFFFDFFFBFF79EEF9EEFFD
:109DC0009FEF9FEFBFEFDFF7DFEFBFEF9FEF9EE764
:109DD0005ED7FCC6B78DAF434E33AF33CF2BCF2307
:109DE000CF23CF23AF23CF23AF2BCF2BAF23CF2333
:109DF000CF23AF23AF23AF238D13CD1B4F2C4F2C7D
:109E0000CD1B0F2C4F3CAD3BCD4BEA42683AA52908
:109E1000E2180321853185312421C739E739E73933
:109E20002842C63144292421862986314529E31850
:109E3000E31804210421C3188208E318E318031966
:109E40000319A21081088529507C74A5B6ADF7B519
:109E50009AC67AC6FBCE3DDF3DDF5DE77EE79EE733
:109E60009EEF9EEF9EEFBFF7BFF7BFF7BFF7BFF7BD
:109E7000BEF79EF79DEF7DEF3DE73CE71CE73CE733
:109E80003DE73DE75DE73DE77DEF7EEFBEF7BFF7DE
:109E9000DFF7DFFFDFFFDFFFFFFFFFFFFFFFFFFF5A
:109EA000FFFFFFFFFFFFFFFFDFFFFFFFDFFFBEF74B
:109EB000BFF7FFFFFFFFDFF7FFFFFFFFFFFFFFFF22
:109EC000FFFFFFFFFFFFFFFFFFFFDEFFDFFFFFFFE3
:109ED000FFFFDFF7FFFFBFEFB0630601C811A8095E
:109EE000E911EA196811CA29682148216719A821CE
:109EF00046112511E829D48C3DD7FFEFDFE7B7A540
:109F0000082A04118A3A55955EDFFFEFDFE77ABE33
:109F1000F06B4611A3004511292A316CDBC6DFE73F
:109F20007EDF3595737C19B65BBE9BC6DDCEBCCE9D
:109F30001DD73DDF3DDF5DDF5EE75EE73DE73DDFEF
:109F40003DDF3DDF3DDF5DDF3DDF5DDF3DDF3DDFF1
:109F50003DDF1DD71DD73DD71DDF1DDF1CDFDADE3E
:109F6000B5BDB4BD35D676DE96E6B7E6B7E6B7E65C
:109F7000D8EEF9EE19EF19EF39EF3AF75AF75AF729
:109F80005BF75BF75BF75BF77BF77BF77BF77BF7C1
:109F90007BF77BF75BF75BF77BF77BF75BF75AF7B2
:109FA0003AF73AF719EFF9E6D9DE78CEA631C310C1
:109FB000241925192511251166192D5318B6FFF7F7
:109FC0009FEFBFF7DFF7BFF7DFF7BFF7BFF7DFF7A9
:109FD000DFFFFFFFFFFFFFFFFFFFFFFFFFFFFFFFB1
:109FE000FFFFFFFFDFFFDFFFBFF79EF77EEFDFFF23
:109FF000FFFFFFFFDFF7FFFFFFFFFFFFFFFFFFFF99
:10A00000FFFFFFFFFFFFFFFFFFFFFFFFFFFFFFFF60
:10A01000FFFFFFFFFFFFFFFFFFFFFFFFFFFFFFFF50
:10A02000FFFFFFFFFFFFFFFFFFFFFFFFFFFFFFFF40
:10A03000FFFFFFFFDFF7BEF77EEF5DE73DDF3DDFB0
:10A040005DE77EE79FEFBFEFDFEFBFEFBFEF5EDFC4
:10A05000DCCEBBBE7685AF438E33D033CF2BEF2B18
:10A06000EF23CF23AF23AF238F23AF2BAF23CF23F8
:10A07000CF23AF23AF23AF238C132F24702C2F2497
:10A08000EE1B2F2C0F3CAD436C4B683AE631842914
:10A09000E2180321863165312421073A073AE7396E
:10A0A000C631853165294529A6316529E318A210F5
:10A0B000C318E3180419C2108208E418E318C21088
:10A0C000C210C210A1108108CA4A139D75A5D6AD51
:10A0D00059BE59BEFCD61DD75DDF7EE79EEFBFEFB0
:10A0E000BFEFBFEFBFF7DFF7BFF7DFFFDFFFFFFF18
:10A0F000FFFFFFFFDFFFDFFFBEF79EEF7DEF7DEF8E
:10A100007EEF9EEF7EEF7DEF5DEF7DEF7EEF9EF7C2
:10A11000BEF7BFF7DFFFDFFFFFFFFFFFFFFFFFFF20
:10A12000FFFFFFFFFFFFFFFFBFF7DFFFFFFFFFFFA7
:10A13000DFFFBEF7BFF7FFFFFFFFFFFFFFFFFFFFE0
:10A14000FFFFFFFFFFFFFFFFFFFFFFFFFFFFFFFF1F
:10A15000FFFFFFFF9FF7FFF75EDFAC3A46012A1AC9
:10A160004B1AA911EA214819281948196821261102
:10A170006719A72166194511AF63FCD6FFF7FFEFFA
:10A180007ABECB420409E8296E5BF8ADBFE7DFE792
:10A190007EDF7ABE4D530509050946116A3AB3843C
:10A1A0001DCF7EDF158DF58CF9ADBCCE9CC6DCCE07
:10A1B000FDD63DDF3DDF7EE77EE75EE73DDF3DDF4D
:10A1C0003DDF3DDF3DDF3DDF5DDF5EDF5EDF5EDF2C
:10A1D0003DDF1DD71DD71DD71ED71DD71CDF9AD633
:10A1E00094B5D4C535D676DE96E6B7E6B7EED7EEAB
:10A1F000D8EEF8EE19EF19EF39F73AF75AF75AF7A0
:10A200005BF75BF75BF75BF77BF77BF77BF77BF73E
:10A210007BF77BF75BF75BF77BF77BF75BF75AF72F
:10A220003AF719EF19EFF9E6D9E637CEC639E31850
:10A230002519251925194519082AD3843DDFBFEFB3
:10A240009EEFBFF7BFF7BFFFBFF7BFF7BFF7DFFF57
:10A25000FFFFFFFFFFFFFFFFFFFFFFFFFFFFFFFF0E
:10A26000FFFFFFFFDFFFDFF7BFF7BFF7DFFFFFFFF6
:10A27000FFFFFFFFDFFFFFFFFFFFFFFFFFFFFFFF0E
:10A28000FFFFFFFFFFFFFFFFFFFFFFFFFFFFFFFFDE
:10A29000FFFFFFFFFFFFFFFFFFFFFFFFFFFFFFFFCE
:10A2A000FFFFFFFFFFFFFFFFFFFFFFFFFFFFFFFFBE
:10A2B000DFF7BEF77DEF5DE73DE71CDFFCDEDCD6B8
:10A2C000DCDEFDDE3DE75EE79FEF9FE77FE7FCD644
:10A2D0009BC6DCC6968DAF438F33D033AF2BEF2BAD
:10A2E000CF23CF23AF23AF238F23AF2BAF23AF23B6
:10A2F000AF23AF238F238F23CD1B2F24902C2F1C14
:10A30000CD1B0E2C0F44AD434B53273AA4294321B8
:10A31000E2182321653145296529C639A631C63998
:10A32000863144294529852965294521E318A2104C
:10A33000C310C210E318C318C310E318C310A2104F
:10A34000C210A210A108A108E318AD6B54A595A5F1
:10A35000B7AD9AC6BBCEDCD63DDF5DDF7EE79EEFB4
:10A36000BFEFBFEFBFF7BFF7DFF7DFFFDFFFDFFFB5
:10A37000DFFFFFFFFFFFFFFFFFFFFFFFFFFFFFFF0D
:10A38000FFFFFFFFDFFFDFFFDFF7BFF7BEF7BEF71F
:10A39000BFF7DFF7DFFFDFFFFFFFFFFFDFFFFFFF9D
:10A3A000FFFFFFFFDFFFDFFFFFFFFFFFFFFFFFFFFD
:10A3B000FFFFFFFFFFFFDFFFFFFFFFFFFFFFFFFFCD
:10A3C000FFFFFFFFFFFFFFFFFFFFFFFFFFFFFFFF9D
:10A3D000FFFFFFFFBFFFFFFFFFF7BBBE0922260104
:10A3E000E911C911EA218A216921692168196711D6
:10A3F000871987196619451166190C53F8ADFFEFD7
:10A40000FFEF7EDF727C0409C3080832AF637ABEB7
:10A41000BFE75ED79EDFD8A5CC4225098300451152
:10A420008A3A56953AB6F48C97A59BC67BC61ED73A
:10A43000BCCEFDD65EE77EE77EE75EE73DDF3DDF33
:10A440003DDF3DDF3DDF3DDF3DDF3DDF1DDF1DD774
:10A450001DD71DD71DD73DDF1DD71DD71DDF99CEB9
:10A4600094B5F5C535D676DE96E6B7E6D7EED7EEE7
:10A47000F8EEF8EE19EF19EF3AF75AF75AF75BF7DB
:10A480005BF75BF75BF75BF77BF77BF77BF77BF7BC
:10A490007BF77BF75BF77BF77BF77BF75BF75AF78D
:10A4A0003AF719EF19EFF9E6B9DEB9DE073AA2106B
:10A4B00065210411251966190C4B39B6FFEF5EDFD3
:10A4C000BFEFBFF79FF7BFF7BFF7BFF7BFF7DFFFDC
:10A4D000FFFFFFFFFFFFFFFFFFFFFFFFFFFFFFFF8C
:10A4E000FFFFFFFFFFFFDFFFBFF7BFF7FFFFDFF754
:10A4F000FFFFFFFFFFFFFFFFFFFFFFFFFFFFFFFF6C
:10A50000FFFFFFFFFFFFFFFFFFFFFFFFFFFFFFFF5B
:10A51000FFFFFFFFFFFFFFFFFFFFFFFFFFFFFFFF4B
:10A52000FFFFFFFFFFFFFFFFFFFFFFFFDFFFBEF7A4
:10A530009EEF5DE73CE71CDF1CE71DE71DDFFCDE4F
:10A54000DCDEFCDEFDDE1DDF3DDF7EE75EE7DCCE30
:10A55000BBC63ECFD8956E3B8E33AF2B8E23EF2BF1
:10A56000CF23CF23CF23AF23AF23AF2BAF23AF23F3
:10A57000AF238E238F238F23CD1B0E1C4F242E1C25
:10A58000CD1BEE2BEE436C43C942063263212221E0
:10A590000321232144296529A63185316529E7391D
:10A5A000852924216529852965290419E318E318DB
:10A5B000C210C318E318E318E318A2108208E318C6
:10A5C000E318A210C210C2102000273A718475A5AA
:10A5D00075A559BE7AC6DBCE1CD73DDF7EE77EE788
:10A5E0009FEFBFEFBFF7DFF7DFFFDFF7DFFFFFFF13
:10A5F000FFFFFFFFFFFFFFFFFFFFFFFFFFFFFFFF6B
:10A60000FFFFFFFFFFFFFFFFFFFFFFFFFFFFFFFF5A
:10A61000FFFFFFFFFFFFFFFFFFFFFFFFFFFFFFFF4A
:10A62000FFFFFFFFFFFFFFFFFFFFFFFFFFFFFFFF3A
:10A63000FFFFFFFFFFFFDFFFDFFFFFFFFFFFFFFF6A
:10A64000DFFFFFFFFFFFDFFFFFFFFFFFFFFFFFFF5A
:10A65000FFFFFFFFFFFFFFFFFFF7DFEFD89D46097A
:10A66000A809EA196811AA218A2149196819A919A2
:10A67000881966118721A72166194619093235956F
:10A68000BFEFFFF7DFEF39B6CB42C300E40049323A
:10A69000727CFCC69EDFDFE71CCF158D4932C400FB
:10A6A000E408E829159597A5D8ADD8ADBCCEFDCE68
:10A6B000BCCEDCCE1DD73DDF5EE75EE77EE77EE702
:10A6C0005DDF3DDF1DDF3DDF3DDF1DDFFDD6FCD65D
:10A6D000FCD6FCD6FDD61DD7FDD63DD71CDF78CEE7
:10A6E00094B5F5C555D676DE96E6B7E6D7EED8EE44
:10A6F000F8EEF8EE19EF39EF39F75AF75AF77BF71A
:10A700005BF75BF75BF77BF77BF77BF77BF77BF719
:10A710007BF77BF77BF77BF75BF77BEF5BF75AF712
:10A720005AF7F9EE19EFD9E6B9DEB9D6E739C21012
:10A730004521E31046190932D38C5DD7BFEF7EE780
:10A74000BFF7BFF79FF7BFFFBFF7BFF7BFFFDFFF41
:10A75000FFFFFFFFFFFFFFFFFFFFFFFFFFFFFFFF09
:10A76000DFFFFFFFFFFF9EEF7DEFDFFFDFFFDFFF7C
:10A77000FFFFFFFFFFFFFFFFFFFFFFFFFFFFFFFFE9
:10A78000FFFFFFFFFFFFFFFFFFFFFFFFFFFFFFFFD9
:10A79000FFFFFFFFFFFFFFFFFFFFFFFFFFFFFFFFC9
:10A7A000FFFFFFFFFFFFFFFFDFFFBFF7BEF77EEFFB
:10A7B0005DE75DE75DE75DE77EEF5EEF5EE75EE745
:10A7C0005EEF3DE71DE71DE73DDF5EE7FDDE1DD7E0
:10A7D0003DD79FDFB78D8F3BAF33AF2BAF23AF2379
:10A7E000CF23EF2BCF2BCF2B8F23AF2BAF23AF2339
:10A7F000AF23AF23AF238F23EE23ED1B4F1C2E1C63
:10A80000CD1BCD2BCD436C4B683AE531432122194A
:10A810002319242145296529A63185316529E73980
:10A8200065294421652985294521E318E318C318C2
:10A83000A210E31804210419E418A2108108A21040
:10A84000A2108108C210C210A108A2106D63349D2D
:10A8500096ADD7ADF8B5FCD61CD73DDF3DDF7EE722
:10A860009FEF9FEFBFF7DFF7DFF7DFF7DFFFFFFFB8
:10A87000FFFFFFFFFFFFFFFFFFFFFFFFFFFFFFFFE8
:10A88000FFFFFFFFFFFFFFFFDFFFFFFFFFFFFFFFF8
:10A89000FFFFFFFFFFFFFFFFFFFFFFFFFFFFFFFFC8
:10A8A000FFFFFFFFFFFFFFFFDFFFFFFFFFFFFFFFD8
:10A8B000FFFFFFFFFFFFDFFFDFFFBFFFDFFFDFFF68
:10A8C000FFFFDFFFFFFFFFFFDFFFFFFFFFFFFFFFD8
:10A8D000FFFFFFFFDFFFBFFFFFFFFFF7FFEFF48486
:10A8E0000501C911CA19CA1969196919CA1947098B
:10A8F0006711A81967192511871966196619872123
:10A90000327C5EDFFFEFFFEF9EDF727C8619A300D3
:10A910002511AB42569D1DD7DFE79FDFDBC63174A3
:10A9200066198300092A979DB8A519B65ABE5BBE61
:10A930001DD7DCCEFCD6DCCE1DDF5DDF5EE75DDF44
:10A940003DDF3DDF3EDF3DDF3EDF3DDF3DDF3DDF25
:10A950001DDF1DD7FDD61DD71DD73DD71CDF38C63F
:10A9600094B515CE55D676DE96E6B6E6D7EEF7EE7A
:10A97000F8EEF8EE19EF39EF3AF73AF75AF75BF7D6
:10A980005BF75BF77BF77BF77BF77BF77BF77AF778
:10A990007BF77BF77BF77BF75BF77BEF5BF75AF790
:10A9A0005AF719EF19EFD9E678D699D60742A208D7
:10A9B000451925116619EC5259BEDFEF7EE79FEF6E
:10A9C000BFF79FF7DFFF9FF7BFF7BFF7BFFFDFFFBF
:10A9D000FFFFFFFFFFFFFFFFFFFFFFFFFFFFFFFF87
:10A9E000DFFFDFFFBFF75DEF7DEFDFFFFFFFDFFF83
:10A9F000FFFFFFFFFFFFFFFFFFFFFFFFFFFFFFFF67
:10AA0000FFFFFFFFFFFFFFFFFFFFFFFFFFFFFFFF56
:10AA1000FFFFFFFFFFFFFFFFFFFFFFFFFFFFFFFF46
:10AA2000FFFFFFFFDFFFBFF7BEF79EF77EEF7EEF72
:10AA30007EEF7EEF9EEF9EEFBFF7BFF7BFF79FF76A
:10AA40009FF77EEF7EEF7EEF3DE75DE71DDF3DDFA9
:10AA50005EDF7ED7978D8F3BAF33AF2BAF23AF2316
:10AA6000CF2BEF2BCF2BCF2BAF23CF2BAF23AF236E
:10AA7000AF23AF23AF238F23EE1B0E246F242E1C96
:10AA8000CD1BCD2BCD432B430732C6316421231977
:10AA90002319242145298631C63985316529E739AD
:10AAA00044216521852985292421E318C318C31071
:10AAB000A210E31804210421C318A2108210A210CE
:10AAC00082108108A210A210A21081080419B28C71
:10AAD00075A575A518BE59BEFCD63DD71CD75DDF40
:10AAE0007EE77EE79FEFBFEFBFF7BFF7DFFFDFFF38
:10AAF000FFFFFFFFFFFFFFFFFFFFFFFFFFFFFFFF66
:10AB0000FFFFFFFFFFFFFFFFFFFFFFFFFFFFFFFF55
:10AB1000FFFFFFFFFFFFFFFFFFFFFFFFFFFFFFFF45
:10AB2000DFFFDFFFFFFFFFFFDFFFDFFFFFFFFFFFB5
:10AB3000FFFFFFFFFFFFFFFFBFFF9EF7DFFFDFFF0E
:10AB4000FFFFDFF7DFFFFFFFFFFFDFFFDFFFFFFF9D
:10AB5000FFFFFFFFDFFFDFFFFFFFDFFFFFF7DFE7A5
:10AB60002D4325012A22A911A919AA196811A91191
:10AB700088114711672167214619671966196719F6
:10AB80004611CC4A19B6FFF7FFEFFFEF7ABEEC4A49
:10AB9000E40805112511AB4235955ED7DFE79EDF4E
:10ABA00039B6EC4AA300EC4AF9AD3AB6D9AD7BBE52
:10ABB000DCCEBCCEDCCEDCCEFCD61DD71DDF3DDF2F
:10ABC0005EDF5EE75EE75EDF3EE73EE73EE73EE7ED
:10ABD0003EDF1DDFFDDEFDD63DDF3DD71CDF17C6A6
:10ABE00074B515CE56DE76DE96E6B6E6D7E6D7EE37
:10ABF000F8EEF8EE18EF19EF39F73AF73AF75AF797
:10AC00005BF75BF77BF77BF77BF77BF75AF75AF736
:10AC10007BF77BF75BF75BF75BF77BF75BF73AEF6D
:10AC20003AF719EF1AEFF9E6B9DEB9DE4842A208A1
:10AC300045196519C729927C7EE79FE77EE79FEF5C
:10AC4000BFF7BFF7BFF7BFF7BFF7BFF7DFFFFFFFE4
:10AC5000FFFFFFFFFFFFFFFFFFFFFFFFFFFFFFFF04
:10AC6000FFFFDFF77EEF3DE79EEFDFFFFFFFFFFF18
:10AC7000FFFFFFFFFFFFFFFFFFFFFFFFFFFFFFFFE4
:10AC8000FFFFFFFFFFFFFFFFFFFFFFFFFFFFFFFFD4
:10AC9000FFFFFFFFFFFFFFFFFFFFFFFFFFFFFFFFC4
:10ACA000FFFFDFFFBEF79EF79EF79EF7BEF7BFF7E9
:10ACB000DFF7DFF7FFF7FFFFDFFFDFFFDFF7DFF78C
:10ACC000BFF7BFFF9FF77EEF5DE73DDF1DDF5EDF74
:10ACD000BFE79FD776858F3BD033CF2BAF23AF23F2
:10ACE000CF2BCF2BCF2BAF23AF23CF2BAF23AF2334
:10ACF000AF238F23AF238F23EE1B4F24902C2E24C2
:10AD0000AC1BEE33AD4BCA420732A53143210319C8
:10AD1000231944216529A639C73985314529C63902
:10AD200044218529A62985292421C310C310C318CD
:10AD3000C318E318E3180421A210A210A210C21035
:10AD400082108208A210C31082088208E318894A80
:10AD500075A5149D18BE18B6BBCEFCD61CD71DD742
:10AD60005EE77EE77EEF9FEF9FF7BFF7BFF7DFFF5E
:10AD7000DFFFFFFFFFFFFFFFFFFFFFFFFFFFFFFF03
:10AD8000FFFFFFFFFFFFFFFFFFFFFFFFFFFFFFFFD3
:10AD9000FFFFFFFFFFFFFFFFFFFFFFFFFFFFDFFFE3
:10ADA000DFFFDFFFDFFFDFFFDFFFDFFFFFFFFFFF73
:10ADB000FFFFFFFFFFFFFFFFDFFFBEF79EF7DFFF95
:10ADC000DFF7FFFFDFF7DFFFFFFFFFFFFFFFDFFF23
:10ADD000FFFFFFFFFFFFFFFFDFFFFFFF9EEFFFEF24
:10ADE0007ED74A2A2609EA19A911A911CA11A9115F
:10ADF0006811A921672147198721671967198719E0
:10AE000067196619C829D063DCCEDFEFFFEF5EDF7C
:10AE1000F48C6619C408040966194D53F8ADBFE7F0
:10AE2000FFEF7EDF35952932117419AE3AB63AB686
:10AE30007BBEDCCEBCCEBCCEBBCEBBC6DCCE3DD753
:10AE40005EE75EE75EDF5EDF1DDF3DDF3EDF3EE7A4
:10AE50003EDF1DDF1DDFFDDE3DDF3DDFFBDEF6BD3E
:10AE600094B536D656DE96DE96E6B6E6D7E6D7EE4B
:10AE7000F8EE18EF18EF39F73AF73AF75AF75BF7A9
:10AE80005BF75BF77BF77BF77BF75BF75AF75AF7D4
:10AE90007BF77BF75BF75BF75BF77BF75AF73AEFEC
:10AEA0003AF73AEF1AEFF9E6B9DE99D64842C20806
:10AEB00045196619AB4219B6BFE75EDF9EE79FEF03
:10AEC000BFEFBFF79FF7BFFFBFFFDFFFDFFFFFFF52
:10AED000FFFFFFFFFFFFFFFFFFFFFFFFFFFFFFFF82
:10AEE000FFFFBFF77EEF7EEFDFF7FFFFFFFFFFFF04
:10AEF000FFFFFFFFFFFFFFFFFFFFFFFFFFFFFFFF62
:10AF0000FFFFFFFFFFFFFFFFFFFFFFFFFFFFFFFF51
:10AF1000FFFFFFFFFFFFFFFFFFFFFFFFFFFFDFFF61
:10AF2000DFFFBFF7BEF79EF7BEF7BFF7DFFFFFFFFC
:10AF3000FFFFFFFFFFFFFFFFDFF7DFFFDFF7DFF7B9
:10AF4000DFFFDFFF9FF75EEF3DE73DDF3DE79FE778
:10AF5000DFEF9FD7157DAF3BCF2BCF2BAF23AF2399
:10AF6000CF2BCF2BAF238E23AF23CF2BAF23AF23FA
:10AF70008F238F238F238F230F242F246F242E249E
:10AF8000ED2BED3B6C436832E6314429E31803199D
:10AF90004421442165298631C63965294429A631D1
:10AFA00044218529852965292421C310A210E3188D
:10AFB000E318E318C3180421C318A210C210A2108A
:10AFC00062088210A310A3108210A210C310C21036
:10AFD000307C95A575A517B659BEBBC61DD7FCD646
:10AFE0003DDF7EE75EE79FEF9FEFBFF7BFF7BFF75D
:10AFF000DFF7DFFFFFFFFFFFFFFFFFFFFFFFFFFFA9
:10B00000FFFFFFFFFFFFFFFFFFFFFFFFFFFFFFFF50
:10B01000FFFFFFFFFFFFFFFFFFFFFFFFFFFFFFFF40
:10B02000FFFFFFFFFFFFFFFFDFFFFFFFFFFFFFFF50
:10B03000FFFFFFFFFFFFFFFFFFFFDFFF7EEF9EEF42
:10B04000BFF7FFFFDFFFBFF7DFFFFFFFFFFFDFFF00
:10B05000DFFFFFFFFFFFFFFFFFFFFFFFFFFFDFF748
:10B06000FFF7D8A526098811EA19C911A911881175
:10B07000A9196819471967196719471967198719AD
:10B0800087198719050905092932359D9FE7FFF7BB
:10B09000DFEF5DD71174E408A300451929329284CB
:10B0A000DBC6FFEFFFEFD8A5F16BF9AD5AB6979D60
:10B0B0003AB65ABE7BBEDCCEBBC69BC69BC6FCCE98
:10B0C0003DDF3DDF3DDF3DDF1DDF1DDF3DDF3EDFDF
:10B0D0003DDF1DDF1DDF1DD73DDF1CDFDBDEB5BD26
:10B0E00094BD36D656DE96E6B7E6B7E6D7EEF8EE6E
:10B0F000F8EE18EF19F739F75AF75AF77BF77BFF95
:10B100007BF77BF77BF77BF75BF75BF75AF77AF711
:10B110007BF77BF75BF75BF75BF77BF75BF75AEF48
:10B120003AEF3AF719EFF9E698D698D62842C310C5
:10B130006521C729727C5EDF9FE79FE79FE7BFEF2E
:10B14000BFF79FEFDFF7DFFFDFFFDFFFDFFFFFFF6F
:10B15000FFFFFFFFFFFFFFFFFFFFFFFFFFFFFFFFFF
:10B16000DFF7BFF79EEFBFF7DFFFFFFFFFFFFFFF38
:10B17000FFFFFFFFFFFFFFFFFFFFFFFFFFFFFFFFDF
:10B18000FFFFFFFFFFFFFFFFFFFFFFFFFFFFFFFFCF
:10B19000FFFFFFFFFFFFFFFFFFFFFFFFDFFFDFFFFF
:10B1A000BFF7BFF7BFFFDFFFFFFFFFFFFFFFDFFFBF
:10B1B000FFFFFFFFFFFFFFFFFFFFFFFFFFF7DFF7CF
:10B1C000DFFFDFF77EEF3DE7FCDE1DDF9EE7DFEF11
:10B1D000DFE77ECFB364AF33AF2BAF23AF23AF2313
:10B1E000CF2BCF2BAF2BAF23AF23CF2BAF238F236F
:10B1F000AF23AF23AF238F230F244F2C4F240D24D5
:10B20000ED330E442B43062AA52944294421652900
:10B210006421242144296531863144214421863129
:10B2200044216521652944212421E318E318E3180A
:10B23000E318C318A218E3180319A210A210A21051
:10B240008210A21082106208A310A21061084100AF
:10B25000E739139D75A5B6ADB7AD59BEFCD6DCCEAA
:10B260001DDF5EE71DDF7EE79FEFBFF7BFF7BFF78C
:10B27000BFF7DFFFFFFFFFFFDFFFDFFFFFFFFFFF86
:10B28000FFFFFFFFFFFFFFFFFFFFFFFFFFFFFFFFCE
:10B29000FFFFFFFFFFFFFFFFFFFFFFFFFFFFFFFFBE
:10B2A000FFFFFFFFFFFFFFFFFFFFFFFFFFFFFFFFAE
:10B2B000FFFFFFFFFFFFFFFFFFFFFFFFDFF77DEF58
:10B2C0009EEFBFF7FFFFFFFFBFFFBFFFDFFFFFFFE7
:10B2D000FFFFFFFFFFFFFFFFFFFF9DF7FFFFFFFFE8
:10B2E0005DE7BFEFB484C500A919A9118909EA195E
:10B2F0008811881168198821471967194711671142
:10B3000067118719871987194611A308EC4A5ABE95
:10B31000DFEFFFEFFFEF5ABE0C4BA30082000409E2
:10B32000AB4255957ABEFFF73DD7F48C3AB67BBE5B
:10B33000D9AD5BBE5BBEBCCEBBCEBBC69BC69BC6FF
:10B34000DCCE1DD73DDF3DDF3EDF3EDF3EDF3EDFB3
:10B350001DDF1DDF1DDF1DD71DDFFCDEBAD6B5BD2D
:10B36000B4BD36D676DE96E6B7E6B7E6D7E6F8EEB3
:10B37000F8EE18EF39F739F75AF75AF77BFF7BFFEA
:10B380007BF77BF77BF75BF75AF75BF77BF77BF78E
:10B390007BFF7BF75BF75BF77BF77BF75BF75AF796
:10B3A00039EF39F719EFF9E6B9DEFADE694AC20872
:10B3B0008621EC4A19B6DFE75EDF9FE7BFEFBFEFFC
:10B3C000DFF7DFF7DFF7DFFFDFFFDFFFFFFFFFFF65
:10B3D000FFFFFFFFFFFFFFFFFFFFFFFFFFFFFFFF7D
:10B3E000DFF7BEF7BFF7FFFFDFFFDFFFFFFFFFFF66
:10B3F000FFFFFFFFFFFFFFFFFFFFFFFFFFFFFFFF5D
:10B40000FFFFFFFFFFFFFFFFFFFFFFFFFFFFFFFF4C
:10B41000FFFFFFFFFFFFFFFFFFFFDFFFDFFFBFF7C4
:10B42000BFF7DFFFDFFFFFFFFFFFFFFFFFFFFFFFB4
:10B43000FFFFFFFFFFFFFFFFFFFFFFFFFFF7DFF74C
:10B44000BFF79EF75EEF3DE73DDF5DDF9FEFFFEF6C
:10B45000FFE7FDBE31546E2BAF23AF23AF23AF23E5
:10B46000AF2BCF2BAF2B8E23AF23AF2B8E238E236F
:10B47000AF23AF23AF23AF23EF23502C4F2CED236B
:10B48000ED33CD43EA3AC629A53165298529A63190
:10B490004421031924296531442924216529A63131
:10B4A0004421242124214421242104190419E318CE
:10B4B000C318A210A210E318E318A210A210A21041
:10B4C000A210A21082106208A310A310C310C21011
:10B4D00061088D6354A5B6AD96A518B69AC6BBCEC5
:10B4E0001DD73DDFFDD65EE77EEF9FEFBFF7BFF7CD
:10B4F000BFF7DFFFDFFFFFFFDFFFFFFFFFFFFFFF04
:10B50000FFFFFFFFFFFFFFFFFFFFFFFFFFFFFFFF4B
:10B51000FFFFFFFFFFFFDFFFFFFFFFFFFFFFFFFF5B
:10B52000FFFFFFFFFFFFFFFFFFFFFFFFFFFFFFFF2B
:10B53000FFFFFFFFFFFFFFFFDFFFFFFFFFFFBEF784
:10B540007EEF5DE7BFF7FFFFDFFF9FF79FF7FFFF8E
:10B55000FFFFDFF7DFF7FFFFDEF7FFFF9DF7FFFFDE
:10B56000FFFFFFFF9FEF6F5BE5002B2A8911680942
:10B57000A911C9198811671168118819681967110B
:10B58000671947196719461145118721C4084511E4
:10B59000F073FCD6FFF7FFF7FFF796A58A42241158
:10B5A000A30045114D5335953DD79BBEF9ADBCC6A3
:10B5B0005BBE3AB67BBE5ABE9BC69BC69BC67BC6CD
:10B5C0009BC6DCCE1DD73DDF5EDF5EDF5EDF3EDF8C
:10B5D0003DDF3DDF1DDF1DDF1CD7FCDE79CE95B5DD
:10B5E000B5C536D676DE97E6B7E6B7E6D7E6F8E62F
:10B5F000F8EE19EF19F739F75AF75AF75BF77BFFAF
:10B600007BF77BF77BF75BF75BF77BF77BF77BF7EA
:10B610007BFF7BF75BF75BF77BF77BEF5BF77AF7FB
:10B6200039F73AF7F9E6F9E6D9DEFADE694AA2080F
:10B63000E82992845DD77EDF3DDF5EDFDFEF9FEF9D
:10B64000DFF7FFFFBFF7FFFFFFFFFFFFFFFFFFFF7A
:10B65000FFFFFFFFFFFFFFFFFFFFFFFFFFFFDFFF1A
:10B66000BFF7BFF7FFFFFFFFDFF7DFF7FFFFFFFFCA
:10B67000FFFFFFFFFFFFFFFFFFFFFFFFFFFFFFFFDA
:10B68000FFFFFFFFFFFFFFFFFFFFFFFFFFFFFFFFCA
:10B69000FFFFFFFFFFFFDFFFDFFFDFFFDFFFDFFF5A
:10B6A000DFFFDFFFFFFFFFFFDFFFFFFFFFFFFFFF0A
:10B6B000FFFFFFFFFFFFFFFFFFF7FFF7DFF7BFEF22
:10B6C0009EEF7EEF7DEF5DE79EEFBFEFBFEFFFEFF9
:10B6D000DFE719A6D04B4E2BAF2BCF23AF238F2301
:10B6E000AF23AF2BAF238E23AF23AF238E238E2325
:10B6F000AF23AF23AF23AF23EE1B4F2C2F2CED2B0B
:10B70000ED3B6B3B6832E629C63144296529642943
:10B71000E318E31844296531042124218531A63139
:10B720006529031924194421E31803190319C318BF
:10B73000A210A210A210E318E318A210C210A210C7
:10B74000820882108310A3106208E318A2108208F6
:10B7500081088529D29495A596A518B659BE9ACE8A
:10B760001CDF3DDF1DDF5EE77EE79FEFBFF7BFF722
:10B77000BFF7DFFFDFFFDFFFDFFFFFFFFFFFFFFFA1
:10B78000FFFFFFFFFFFFFFFFFFFFFFFFFFFFFFFFC9
:10B79000FFFFFFFFFFFFFFFFFFFFFFFFFFFFFFFFB9
:10B7A000FFFFFFFFFFFFFFFFFFFFFFFFFFFFFFFFA9
:10B7B000FFFFFFFFFFFFDFFFDFFFFFFFFFFFFFFFD9
:10B7C0007EEF5DE75DE79FF7FFFFDFFF9FF7BFF7C6
:10B7D000BFF7DFF7FFF7FFF7DFF7FFFFDFFFBEF78A
:10B7E000FFFF9EF7FFF77FE78C3AC500CA19891162
:10B7F0008911A911A811A91988194711A819471168
:10B8000047116719671946114611872187210511CC
:10B81000C408E83115959FE7FFF7FFEFFFF7759D27
:10B82000E829620062000409AB427BBE9CBE7BBE7D
:10B830001ED7BCC67BBE7BBE5ABE7ABE9BC69BC60D
:10B840007BC69BC6DCCE3DD75EDF5EDF5EDF3EDFC4
:10B850003DDF3DDF3DDF3DDF1CD7FBDE58CE74B55D
:10B86000D5C536D676DE97E6B7E6B7E6D7E6F8EE84
:10B87000F8EE19EF19F739F75AF75AF75AF77BF735
:10B880007BF77BF77BF77BF77BF77BF77BF77BF728
:10B890007BFF7BF75BF77BF77BF77BF75AF75AF772
:10B8A0003AF73AF7F9E6F9E6D9DED9DE694AC31084
:10B8B000CB4A39B6FFEF1DD77EDF9FE7BFEFBFEF63
:10B8C000DFF7BFF7FFFFFFFFFFFFFFFFFFFFFFFFF8
:10B8D000FFFFFFFFFFFFFFFFFFFFDFFFDFFFFFFFB8
:10B8E000DFF7DFF7FFFFFFFFDFF7BFF7FFFFFFFF28
:10B8F000FFFFFFFFFFFFFFFFFFFFFFFFFFFFFFFF58
:10B90000FFFFFFFFFFFFFFFFFFFFFFFFFFFFFFFF47
:10B91000DFFFFFFFDFFFDFFFDFFFDFFFDFFFFFFFF7
:10B92000FFFFFFFFFFFFFFFFFFFFFFFFFFFFDFFF47
:10B93000FFFFFFFFFFFFFFFFFFF7FFF7DFF7BEEFA0
:10B940007DEF5DEF7EEFBEF7BFEFFFF7FFF7FFEF95
:10B950009FD7157D8F3B6E2BCF2BCF23AF238E230D
:10B960008F23AF2BAF2B8E238F23AF238E238E23DA
:10B970008F23AF23AF23AF230E1C6F2C4F2CED2B47
:10B980008C3BEA32272AE631652903210321E3189B
:10B99000C218242145294529242103216529A631DE
:10B9A00085294421442144212319E318C218C218CF
:10B9B000C218C210A210C210A210A210A210A2108F
:10B9C000A310A2108210A2106208C310A210810856
:10B9D000E3106100894A139DB6ADF7B5F7B579C696
:10B9E000DBCE1CDF5EDF3DDF5EE79EE79FEFBFF74C
:10B9F000BFF7BFF7BFF7DFFFFFFFDFFFDFFFFFFF8F
:10BA0000FFFFFFFFFFFFFFFFFFFFFFFFFFFFFFFF46
:10BA1000FFFFFFFFFFFFFFFFFFFFFFFFFFFFFFFF36
:10BA2000FFFFFFFFFFFFFFFFFFFFFFFFFFFFFFFF26
:10BA3000FFFFFFFFFFFFFFFFFFFFFFFFFFFFFFFF16
:10BA4000DFF7BFF73DE75DE79FEFDFF7DFFF9FEF32
:10BA50007EEFDFF7FFFF9EEFFFFFFFFFFFFFBEF769
:10BA6000BEF7DFFFDFF7FFF7BCC68719A919CA19B0
:10BA700027098911A9196811A9196711A81988112D
:10BA800067118719461125094619251126194619E6
:10BA90004619E5100511CB42F8ADBFE7FFEFFFEF08
:10BAA000FFEF969D082AA300E4006611979DFDCE46
:10BAB000DDCE1ED7DDCE7BC67BC67BC69BC67BC6D6
:10BAC0009BC67BC6BCCEFDD61DD71DD71DDF3EDF76
:10BAD0003DDF3DDF1DDF3DDFFCD6FBDE58CE74B51C
:10BAE000F5CD56D676DE96E6B7E6D7E6D7E6F8E6A3
:10BAF00019EF19EF19EF3AF75AF75AF73AF75BF7D8
:10BB00007BF77BF77BF77BFF7BF77BF75AF77AF7BF
:10BB10007BF77BF77BF77BF77BF75BF75AF75AF7F7
:10BB200019EF3AF7F9E6B8DE98D6DADE894A241931
:10BB300092841CD7BFE73DD79FE7BFEFBFEFBFEFB2
:10BB4000DFF7DFF7DFFFFFFFDFFFDFFFFFFFFFFFB5
:10BB5000DFFFFEFFFFFFFFFFFFFFFFFFFFFFDFF73E
:10BB6000FFFFDFFFDFFFFFFFDFFFDFFFDFFFDFFFA5
:10BB7000FFFFFFFFFFFFFFFFFFFFFFFFFFFFFFFFD5
:10BB8000FFFFFFFFFFFFFFFFFFFFFFFFFFFFFFFFC5
:10BB9000FFFFDFFFDFFFDFFFFFFFFFFFFFFFFFFF15
:10BBA000FFFFFFFFFFFFFFFFDFFFDFFFDFFFDFFF25
:10BBB000FFFFFFFFFFFFFFF7DFF7DFF7DEEFBEF767
:10BBC0009EF79EF7DFFFDFF7DFF7FFF7FFEFFFE7F7
:10BBD0007AAE315C8E3B8E2B8E23AF23AF23AE2308
:10BBE000AF23AF2BAF2B8E238E23AF2B8F23AF230F
:10BBF0008F23AF238F23AF234F246F2C0E2CEE33D4
:10BC00008D3BA932E629E6316531E220032103218B
:10BC1000E318852986314429242103216529A63189
:10BC200085294421442144212321E318C218C21844
:10BC3000C218C218A210C210A210A210A210A21004
:10BC4000A310A310821082108208A210C210031940
:10BC5000C210A1088100918C54A5B6AD96A5F7B588
:10BC600059C6BACE3DDF7EE75EE77EE79FEFBFEFC6
:10BC7000BFF7BFF7BFF7DFFFDFFFDFFFDFFFFFFF2C
:10BC8000FFFFFFFFFFFFFFFFFFFFFFFFFFFFFFFFC4
:10BC9000FFFFFFFFFFFFFFFFFFFFFFFFFFFFFFFFB4
:10BCA000FFFFFFFFFFFFFFFFFFFFFFFFFFFFFFFFA4
:10BCB000FFFFFFFFFFFFFFFFFFFFFFFFDFFFDFFFD4
:10BCC000FFFFFFFF9EEF1DE71CDFDFF7FFFFBFF762
:10BCD000DFF79FEF5EEFFFFFBFF7FFFFFFFFDFFF25
:10BCE000DFFFDFFFDFF7DFF7FFEF5695A40027093F
:10BCF000EA216811A91989196819A9214711881918
:10BD0000A8194709A819A8192611261126190511DD
:10BD1000261966190409050925112C53B6A5BFE794
:10BD2000FFEFFFEF9FDFD484A719A40026113695FB
:10BD30005FDF3ED71ED7FDCE9CC6DCCE9BC69BC622
:10BD40007BC67BC6BCCEDCCEDCCEFCD61DD73DDFB1
:10BD50003DDF3DDF3DDF3DDF1CDFFBDE58CE74B550
:10BD6000F6CD56DE76DE96E6B6E6D7EEF7EEF8EEE0
:10BD700019EF19EF39F75AF75AF75AF75AF75BF7ED
:10BD80007BF77BF75BF77BF77BF77BF77BF77BF743
:10BD90007BF77BF77BF77BF77BF77BF75AF75AF755
:10BDA0003AF75AF719EFD8DE98D6D9DE0B5BA629F9
:10BDB000D7AD9EE71CD77EDF7EE79FEFBFEFBFF7D3
:10BDC000DFF7DFF7DFFFFFFFDFFFDFFFFFFFFFFF33
:10BDD000DFFFFEFFFFFFFFFFFFFFFFFFDFF7DFF7E4
:10BDE000FFFFFFFFDFFFDFFFDFFFDFFFDFFFFFFF03
:10BDF000FFFFFFFFFFFFFFFFFFFFFFFFFFFFFFFF53
:10BE0000FFFFFFFFFFFFFFFFFFFFFFFFFFFFFFFF42
:10BE1000FFFFFFFFDFFFDFFFFFFFFFFFFFFFFFFF72
:10BE2000FFFFFFFFFFFFFFFFFFFFFFFFFFFFFFFF22
:10BE3000FFFFFFFFFFFFFFF7DFF7FFF7DFF7DFF79A
:10BE4000BEF7DFFFFFFFFFFFFFFFDFEFFFEFFFDFCB
:10BE5000B78D8E3B6E33D0338E23AF23AF238E232B
:10BE60008E23AE23AF23AF238F23AF2B8F23AF239C
:10BE70008F23AF23AF23AF230D1C90342F348C2B93
:10BE80002B3BA932E629A5296531E220E2180321DE
:10BE9000E318853185292421242123216529A53111
:10BEA00085296421442144212421E318C218C218A1
:10BEB000E218C218A210A21082108210A210A210C2
:10BEC000A310A21082108210A210A210A208810852
:10BED000C210A210A208852975A5B6ADD7B5B6AD1A
:10BEE0007AC679C6DBCE1CD73DDF5EE77EE79FEFE3
:10BEF000BFF79FF79FF7BFF7BFF7DFF7DFFFFFFF42
:10BF0000FFFFFFFFFFFFFFFFFFFFFFFFFFFFFFFF41
:10BF1000FFFFFFFFFFFFFFFFFFFFFFFFFFFFFFFF31
:10BF2000FFFFFFFFFFFFFFFFFFFFFFFFFFFFFFFF21
:10BF3000FFFFFFFFFFFFFFFFFFFFFFFFFFFFFFFF11
:10BF4000FFFFFFFFFFFF7EEFFCDEFCDE9EF7FFFF43
:10BF5000DFFFBFF79EEF7EEF9EF7BFF7DFFFFFFF2C
:10BF6000FFFFFFFFDFF7FFF7FFF7DFE7737C06094F
:10BF70004711C91968118919681989216819481167
:10BF800068116711471147116619261126114619C4
:10BF900026194619461146196619E408C3000C4BC8
:10BFA000D7A57EDFDFE7FFE79BBE116CE4086719CA
:10BFB00098A59FE73EDFDDCE3EDF9BC69BC6BCCE8D
:10BFC0005ABE9BC67BC67BC6DCCEFCCE1DD71DD71A
:10BFD0001DD73DD73DDF3DDF1CDFFCDE38C674B525
:10BFE00016CE36DE56DE96E6B6E6D7E6F7EE18EF64
:10BFF00019EF19EF19EF3AF75AF75AF75BF77BF792
:10C000007BF75BF75BF77BF77BF77BF77BF77BF7E0
:10C010007BF77BF77BF77BF77BF77BF75BF75AF7D1
:10C020005AF75AF73AEFD8DEB9DEFADEEB526D6313
:10C030003DDFFCCE7EDF7EDF7EE79FEFBFF7BFF701
:10C04000DFF7DFFFFFFFFFFFFFFFFFFFFFFFFFFF48
:10C05000FFFFFFFFFFFFFFFFFFFFFFFFDFF7FFFF18
:10C06000FFFFFFFFFFFFDFFFFFFFFFFFFFFFFFFF00
:10C07000FFFFFFFFFFFFFFFFFFFFFFFFFFFFFFFFD0
:10C08000FFFFFFFFFFFFFFFFFFFFFFFFFFFFFFFFC0
:10C09000FFFFFFFFFFFFFFFFFFFFFFFFFFFFFFFFB0
:10C0A000FFFFFFFFFFFFFFFFFFFFFFFFFFFFFFFFA0
:10C0B000FFFFFFFFDFFFFFF7FFF7FFF7FFFFDFFFE8
:10C0C000DFFFFFFFDFFFDFFFFFFFFFEFFFEF59A6FF
:10C0D000F04BAE3BCF3BAF2B8E23AF23CF23AE2312
:10C0E0008E23AF23AF238E238F23AF238F23AF2342
:10C0F0008F23AF23AF23AF230D1C4F2C0E348D3B6A
:10C100000B3B282A8521A52964290321E218E2187E
:10C11000C218442944214421242124216529853140
:10C1200085296529442124210321E318C218C21856
:10C13000E218C218A210A110A2108210A210A21020
:10C14000A210A21082108210A210A210C210A2107F
:10C15000C2108108A20881080C5B55A596A5F7B509
:10C16000F7B59AC659BE1CD7FCD63DDF5EE77EE721
:10C170009FEF9FEF9FF79FF7BFF7BFF7DFFFFFFF2F
:10C18000DFFFDFFFDFFFDFFFDFFFDFFFFFFFFFFF7F
:10C19000FFFFFFFFFFFFFFFFFFFFFFFFFFFFFFFFAF
:10C1A000FFFFFFFFFFFFFFFFFFFFFFFFFFFFFFFF9F
:10C1B000FFFFFFFFFFFFFFFFFFFFFFFFFFFFFFFF8F
:10C1C000FFFFFFFFFFFFDFFF9EEF1CE71DE75DEFB7
:10C1D000BFF7FFFFBFF7BFF79EEF7EEFBFF7FFFF91
:10C1E000FFFFDFFFDFFFFFFFDFF7DFEF9FDF3274CF
:10C1F0000609471189196811AA2168194819A92146
:10C200008821671967194611461126110511261153
:10C2100005114619461926196619461905112511E1
:10C2200046198F6339B63DD7DFE7FFEF769D293298
:10C23000C8219BC65EDF3EDFDCCEFDCE9BC6FDCEB9
:10C24000DCCE7BBE7BC6DCCEBCCEDCCEFCD6FCD648
:10C25000FCD61DD73DDF3DDF1CDFFBDED6BD54B570
:10C2600016CE36DE55DE96E6B6E6D7E6F8E6F8EE0A
:10C2700019EF19EF19EF3AF75AF75AF77BF75BF70F
:10C280007BF75BF75BF77BF77BF77BF77BF77BF75E
:10C290007BF77BF77BF77BF77BF77BF75BF75AF74F
:10C2A0005AF719EF3AEFD8E6FAE678CE0F7CD39436
:10C2B0005DDF5DDF9EE77EE77FE7BFEFBFF7DFF77C
:10C2C000DFFFFFFFFFFFFFFFFFFFFFFFFFFFFFFF9E
:10C2D000FFFFFFFFFFFFFFFFFFFFDFF7DFF7FFFFBE
:10C2E000FFFFFFFFFFFFFFFFFFFFFFFFFFFFFFFF5E
:10C2F000FFFFFFFFFFFFFFFFFFFFFFFFFFFFFFFF4E
:10C30000FFFFFFFFFFFFFFFFFFFFFFFFFFFFFFFF3D
:10C31000FFFFFFFFFFFFFFFFFFFFFFFFFFFFFFFF2D
:10C32000FFFFFFFFFFFFFFFFFFFFFFFFFFFFDFFF3D
:10C33000FFFFFFFFFFFFFFFFFFFFFFFFDFFFFFFF2D
:10C34000DFFFFFFFBFFFDFFFFFFFFFEFFCC6D36C88
:10C350006E3BAE33AF2BAF2B8E23AF23AF23AF2378
:10C36000AF23AF23AF238E236E1BAF236F1B8F230F
:10C370008F1BAF23AF23AF230E240E2CEE3BAD4318
:10C380000B43C6214419C63143212321E220C218A0
:10C39000E3202421031965214421442944298529C6
:10C3A000A529852964212321E318E218C218C2189F
:10C3B000C218C218A210A110A2108210A210A210BE
:10C3C000A210A21082088210A310A210C310A21003
:10C3D0008208E318C2104000E310B28CB6AD18B664
:10C3E00096AD59BE59BEBBCEDBCE1CD73DDF3DDF7F
:10C3F0005EE79FEF9FEF7EEF9FF7BFF7DFF7DFF777
:10C40000DFFFDFFFDFFFDFFFDFFFDFFFDFFFDFFF3C
:10C41000DFFFDFFFFFFFFFFFFFFFFFFFFFFFFFFF6C
:10C42000FFFFFFFFFFFFFFFFFFFFFFFFFFFFFFFF1C
:10C43000FFFFFFFFFFFFFFFFFFFFFFFFFFFFFFFF0C
:10C44000FFFFFFFFDFFFFFFFFFFFDFFF5DEF3DE7C8
:10C450009EF7DFFFBFF7FFFFBEF79EEF9FF7FFFFDF
:10C46000FFFFFFFFDFFFDFF7FFFFBFEFFFF71DD786
:10C47000B063EA2927098919891968196819A92156
:10C4800068196719681947192611471926114611A5
:10C490004619671947192619461905112611461913
:10C4A0004619C408C3008E5B59B69BC69FE79FE739
:10C4B000727C569D3ED7BFE71DD7FDCE3DD7FCCE43
:10C4C0009BC6BCC67BBE7BBE9BBEBCC6DCCEFCD6C0
:10C4D0001DD71DD71DD7FCD6FCD6BAD695B574B5D9
:10C4E00016CE56DE76E6B6E6B7E6D7EED8EEF8EE2E
:10C4F00019EF19EF39F73AF75AF75AF77BF75BF765
:10C500005BF77BF77BF77CFF7BFF7BF77BF75BF7CA
:10C510007BF77BF77BF77BF77BF77BF75AF75AF7CD
:10C520003AF7F8EE19EFD9E6B9DE78CE139D58BE8A
:10C530007DE77EE75EDF5EE79FEFBFF7BFF7DFF7E0
:10C54000DFFFFFFFDFFFDFFFDFFFDFFFFFFFFFFF9B
:10C55000DFFFDFFFDFFFDFFFDFF7BFF7BFF7DFF74B
:10C56000FFFFFFFFFFFFFFFFFFFFFFFFFFFFFFFFDB
:10C57000FFFFFFFFFFFFFFFFFFFFFFFFFFFFFFFFCB
:10C58000FFFFFFFFFFFFFFFFFFFFFFFFFFFFFFFFBB
:10C59000FFFFFFFFFFFFFFFFFFFFFFFFFFFFFFFFAB
:10C5A000FFFFFFFFFFFFFFFFFFFFFFFFFFFFFFFF9B
:10C5B000FFFFFFFFFFFFFFFFFFFFFFFFDFFFFFFFAB
:10C5C000DFFFDFFFDFF7FFF7FFEFBFDF357D2D3345
:10C5D0004D2BAE2BF033F02BAF23AF23AF23AF2384
:10C5E000CF23CF23AF238E1B8E1BAF238F1B8F1B1D
:10C5F0008F1BAF1BAE1BAF23ED230E2CEE438D4BD9
:10C60000CA3AE7318529C53123210321E320C2201D
:10C6100024292421E3186421442144294421852923
:10C62000A529852964292421E218E218C218C21814
:10C63000C218C210A210A210A210A210A210A21022
:10C64000A210A210821082108208C31082088208F1
:10C65000E3106108A208A2106100283AB6ADB6AD99
:10C66000D7AD96A5BBC67ABEDBCE1CD73DDF3DDF7E
:10C670005DE79EEF9FEF7EEF9EEFBFF7BFF7BFF73F
:10C68000DFF7DFFFDFFFDFFFDFFFDFFFDFFFDFFFC2
:10C69000DFFFDFFFDFFFFFFFFFFFFFFFFFFFFFFF0A
:10C6A000FFFFFFFFFFFFFFFFFFFFFFFFFFFFFFFF9A
:10C6B000FFFFFFFFFFFFFFFFFFFFFFFFFFFFFFFF8A
:10C6C000FFFFFFFFBFF7FFFFFFFFDFFFFFFFFFFFE2
:10C6D0009EF79EF7DFF7BEF7DFF7DFF7BFF79EEFB6
:10C6E000BFF7FFFFFFFFBEF7FFFFFFFFBFEFFFF743
:10C6F0001DCFD163EA2168114709A919C921471142
:10C700004711471927192619061126110611261156
:10C710002611261126116719671926112611671986
:10C72000261986216619C3082511AF6BF8ADFCCE1A
:10C73000FFEFBBC6BBC6BBC69FE7BFEF3DD71DCF54
:10C74000FDCEDCCE9BC67BBE7BBE9BC6BCCEFCCEEC
:10C750001DD71DD71DD71CD71CDFBAD695B594BDE4
:10C7600016D656DE76E696E6B7EED7EED8EEF8EEBB
:10C7700019EF39F73AF73AF75AF75BF75BF75BF7D8
:10C780007BF77BF77BF77CFF7BF77BF75BF75AF751
:10C790007BF77BF77BF77BF77BF75BEF5AF75AF773
:10C7A0003AEF19EF19E7F9E6B9DE78CED6B53CDFF6
:10C7B0005DE75DDF1DD77EE79FEFBFF7BFF7BFF7F0
:10C7C000DFFFDFFFDFFFDFFFDFFFDFFFFFFFFFFF39
:10C7D000FFFFFFFFFFFFFFFFDFFF7EEF7EEFDFF7D3
:10C7E000DFFFFFFFFFFFFFFFFFFFFFFFFFFFFFFF79
:10C7F000FFFFFFFFFFFFFFFFFFFFFFFFFFFFFFFF49
:10C80000FFFFFFFFFFFFFFFFFFFFFFFFFFFFFFFF38
:10C81000FFFFFFFFFFFFFFFFFFFFFFFFFFFFFFFF28
:10C82000FFFFFFFFFFFFFFFFFFFFFFFFFFFFFFFF18
:10C83000FFFFFFFFFFFFFFFFFFFFFFFFFFFFFFFF08
:10C84000FFFFFFFFFFF7FFEFFCC63585CF436D33DA
:10C850008E2BCF2BCF2BCF2BD02BCF23AF238E23C1
:10C86000AE23CF23AF238E23AF23AF238F1B8F2382
:10C870008F1BAF1B8E1BAE1BED230E34CE434C43E0
:10C88000893A0732A63185292319E218E320E320EB
:10C8900044290321031944212421442944298529B9
:10C8A000A529852964294421E218E218C218C2107A
:10C8B000A210A210A218A210A210A110A210A210E1
:10C8C000A210A21082108210C3108208A210C310FE
:10C8D0008208A210A210A210E3108208B28C17B630
:10C8E000D7AD75A538B679BEBAC61CD73DDF3DDFDA
:10C8F0005DDF7EE79EEF9EEF9FF7BFF7BFF7BFF7C5
:10C90000BFF7DFF7DFFFDFFFDFFFDFFFDFFFDFFF67
:10C91000DFFFDFFFDFFFFFFFFFFFFFFFFFFFFFFF87
:10C92000FFFFFFFFFFFFFFFFFFFFFFFFFFFFFFFF17
:10C93000FFFFFFFFFFFFFFFFFFFFFFFFFFFFFFFF07
:10C94000FFFFFFFFFFFFFFFFDFFFFFFFFFFFFFFF17
:10C95000FFFFBFF7DFF79EEFBFF7FFF7DFF77EEFD1
:10C960009FEFDFF7FFFFDFFFDFFFDEFFDFFFDFF718
:10C970009FE79BBE74740A228811A8114709881981
:10C9800088212711471947192719471947194719A6
:10C99000471968192711061106114619461925115C
:10C9A0000511051104110411041182008621F07390
:10C9B000B7AD3DD71DD73DD77FE73DDF5EDF5EDFFB
:10C9C0009BC69BC69CC69BC67BBE9BC6BCC6DCCE1C
:10C9D000FCCEFDD61DD73DDF1DDFBAD674B5D5BD63
:10C9E00016D656DE76E696E6B7EED8EEF8EEF8EE18
:10C9F00019EF39F73AF73AF75BF75BF75BF75BF755
:10CA00007BF77CFF7BF77BF77BF75BF77BF77BF7AD
:10CA10007BF77BF77BF77BF77BF75BEF5AF75AF7F0
:10CA20003AEF39EF19EFF9E6B9DEB9D659CE3CE75E
:10CA30001CDF3DDF7EE75EE77FE79FEF9FF7BFF7F5
:10CA4000DFFFFFFFDFFFDFFFFFFFFFFFFFFFFFFF56
:10CA5000FFFFFFFFFFFFFFFFBFF73DE73DE7BFF72A
:10CA6000DFFFDFFFFFFFDFFFFFFFFFFFFFFFFFFF36
:10CA7000FFFFFFFFFFFFFFFFFFFFFFFFFFFFFFFFC6
:10CA8000FFFFFFFFFFFFFFFFFFFFFFFFFFFFFFFFB6
:10CA9000FFFFFFFFFFFFFFFFFFFFFFFFFFFFFFFFA6
:10CAA000FFFFFFFFFFFFFFFFFFFFFFFFFFFFFFFF96
:10CAB000FFFFFFFFFFFFFFFFDFFFDFFFFFFFFFFFC6
:10CAC000FFFFDFEF9FE7BBBE35854D3B2D2B6E2B68
:10CAD0008E2BCF2BAF2BCF2BD023CF23AF238E1B6F
:10CAE000AE1BCF23AF23AF23AF23CF238F1BAF1BAF
:10CAF0008F1BAF1BAE1BAE1B0E2C2E3CEE4BEB4226
:10CB0000283A073AC63123192319C11003210329F2
:10CB10002429032124216529242164296429A529A4
:10CB2000A529642164214429E318E218C218A2103F
:10CB3000A110A210C218A218A210A110C210C210F7
:10CB4000A210A21082108210A210A210A210A31094
:10CB5000A210820882088208E3108208AA4AF7B568
:10CB600038BEF7B596A538B679BEDBCE1CD73DDF0B
:10CB70005DDF5DDF7EE79EEF9FF79FF79FF79EEFFC
:10CB8000BFF7DFF7DFFFDFFFDFFFDFFFDFFFFFFFC5
:10CB9000FFFFFFFFFFFFFFFFFFFFFFFFFFFFFFFFA5
:10CBA000FFFFFFFFFFFFFFFFFFFFFFFFFFFFFFFF95
:10CBB000FFFFFFFFFFFFFFFFFFFFFFFFFFFFFFFF85
:10CBC000FFFFDFFFFFFFDFFFDFFFFFFFDFFFFFFFF5
:10CBD000FFFFFFFFFFFF7EEF3DE7BFEFDFF7BFEF98
:10CBE000BFEF9EEFBFF7FFFFDEFFFFFFFFFFFFFF7F
:10CBF000FFF75ED71AAE16856C2A27094709470941
:10CC00006811A819061147194719471947196719D3
:10CC10004719882167192611261126192619461940
:10CC2000661945192519E410A208C308C308E410C1
:10CC300025192D5B1595DCCE9FE77FE79FE7BFE7C2
:10CC40009BC6BCC6BCC67BBE7BBE7BBEBCC6DCCEA8
:10CC5000DCCEDCCEFCD61CD71CDF9AD654ADD5C5B5
:10CC600015D656DE96E696E6B7EED8EEF8EEF8EE76
:10CC700019EF39F739F73AF75BF77BF75BF75BF7B3
:10CC80007CFF9CFF7BF75BF75BF75BF77BF77BF742
:10CC90007BF77BF77BF77BF77BF75BEF5AF73AEF96
:10CCA00019EF5AF7F9E6D8DED9DEB9D6BAD63CDFA5
:10CCB0003DDF5EE75EE77FE75EE77FEFBFF7DFF729
:10CCC000FFFFFFFFFFFFFFFFFFFFFFFFFFFFFFFF74
:10CCD000FFFFDFFFDFF7BFF75DE7BBD6DCDE7EEFF0
:10CCE000DFF7DFFFFFFFFFFFFFFFFFFFFFFFFFFF9C
:10CCF000FFFFFFFFFFFFFFFFFFFFFFFFFFFFFFFF44
:10CD0000FFFFFFFFFFFFFFFFFFFFFFFFFFFFFFFF33
:10CD1000FFFFFFFFFFFFFFFFFFFFFFFFFFFFFFFF23
:10CD2000FFFFFFFFFFFFFFFFFFFFFFFFFFFFFFFF13
:10CD3000FFFFFFFFFFFFFFFFFFFFFFFFDFFFBFF76B
:10CD4000BFEF1CD75AB6726C4D3B6E332D234D236B
:10CD50008E238E23AF2BCF2BAF23AF23AF23AF2355
:10CD6000AF23CF23AF23AE1BAF23CF238F1B8F1B4C
:10CD70008E1BAF1BAE1BAE1B2E2CED33CD4BCA4210
:10CD8000E631E639853103214319A1082429042914
:10CD90000429032144296429442964296429A529F3
:10CDA000E631842144214421E318E318E218C2103B
:10CDB000C210A210A110A210A110A210A210C210A5
:10CDC000C210A210A210A210A210A210A310A210B2
:10CDD000A21082088208A208A210C310452175A5DE
:10CDE00018B618B6B6A517AE38B69AC6DBCE1CD79D
:10CDF0003DDF5DDF3DE77EE77EEFBFEFBFF7BFF7CB
:10CE00009FEFBFF7DFF7DFFFDFFFDFFFDFFFDFFFB2
:10CE1000FFFFFFFFFFFFDFFFFFFFFFFFFFFFFFFF42
:10CE2000FFFFFFFFFFFFFFFFFFFFFFFFFFFFFFFF12
:10CE3000FFFFFFFFFFFFFFFFFFFFFFFFFFFFFFFF02
:10CE4000FFFFFFFFFFFFFFFFFFFFFFFFFFFFFFFFF2
:10CE5000FFFFDFFFDFFFDFFF9EEF7EE7BFEFDFF7C4
:10CE6000BFF79EEFBFF77EF7FFFFFFFFDEFFFFFF7D
:10CE7000FFFFDFEF3ED71AAE378D0E4388118911C1
:10CE80006811470988116711471168196721471907
:10CE90004719471967196719671966192511041188
:10CEA000E410041104190419C30824192519E4080D
:10CEB000251962006619CC4AD8ADDFEF7FE73ED76F
:10CEC000DFEFFDCEBCCE7BC65BBE7BC69CC69BC6E1
:10CED000DCCEDCCEFCD61DD7DCD679CE74B515CE33
:10CEE00035D676DE96E697E6B7EED8EEF8EEF8EEB3
:10CEF00019EF39F73AF73AF75BF75BF75BF75BF750
:10CF00007BF77BF77BF77BF77BF77BF77BF77BF791
:10CF10007BF77BF77BF77BF75BF75AEF5AEF5AF714
:10CF20003AEF39EFB8DEF9E61AE758CEBAD63CDF69
:10CF30003DDF5EE75EE75EE77EEF9FF7BFF7DFF777
:10CF4000FFFFFFFFFFFFFFFFFFFFDFFFDFFFDFFF51
:10CF5000DFFFDFFFBFF79FEF1DDF7ACEDCDE9FF73D
:10CF6000DFFFFFFFFFFFDFFFFFFFFFFFFFFFFFFF11
:10CF7000FFFFFFFFFFFFFFFFFFFFFFFFFFFFFFFFC1
:10CF8000FFFFFFFFFFFFFFFFFFFFFFFFFFFFFFFFB1
:10CF9000FFFFFFFFFFFFFFFFFFFFFFFFFFFFFFFFA1
:10CFA000FFFFFFFFFFFFFFFFFFFFFFFFDFFFFFFFB1
:10CFB000FFFFFFFFFFFFFFFFBFF7DFFF9EEF1CDF5D
:10CFC000FCD67ABE19A610540C2B8E2B8E234D1B2B
:10CFD0006E1B8E23AF23CF2B6E1BAF23AF23AF234C
:10CFE000AE23CF23AF23AE1BAF23CF23AF23AF1B83
:10CFF000AF1BAF1BAE1B8E1BED23ED33CD4BA93A00
:10D00000C631A531442923212319A1082429042943
:10D01000E320E32044296529652965296421A529A0
:10D020000632A52944212321E318E318E218C2108F
:10D03000C210C210A210A210A210A210A210C21000
:10D04000C210A210A2108210A210A210C310C3100E
:10D05000A310A210820882088208A2088208517CCC
:10D06000F7B5F7B559BEF7AD18AE38B69AC6FBCED0
:10D070001CD73DDF5DDF5EE77EEF9FEFBFF7BFF7B9
:10D080009FF7BFF7DFF7DFF7DFFFDFFFDFFFDFFF30
:10D09000DFFFDFFFFFFFFFFFFFFFFFFFFFFFFFFFE0
:10D0A000FFFFFFFFFFFFFFFFFFFFFFFFFFFFFFFF90
:10D0B000FFFFFFFFFFFFFFFFFFFFFFFFFFFFFFFF80
:10D0C000FFFFFFFFFFFFFFFFFFFFFFFFFFFFFFFF70
:10D0D000FFFFFFFFFFFFFFFFFFFF9FEF9FEFDFF768
:10D0E000DFF7BFF77EEFBEFFDEFFDEFFFFFFFFFFD4
:10D0F000DFF7FFEFDFEFBDC6FAAD999DB15BA91178
:10D100002701880968098811881147114719672183
:10D11000882167214619251105112511461946193F
:10D12000451925190411E4102519A308E4108621D6
:10D13000E410251146192100C82919BEDFEF5EDF72
:10D140003ED7DDCEBCCE9CC67CC65BBE5BBEBCCE35
:10D150009BC6FDD6FDD61DD7FCD659C674B536CEB6
:10D1600055D676DE96E697E6B7EED8EEF8EEF8EE10
:10D1700019EF39F73AF73AF75BF75BF75BF75BF7CD
:10D180007BF77BF77BF77BF77BF77BF77BF77BF70F
:10D190007BF77BF77BF77BF77BF77BF75AF75AEF49
:10D1A0005AF739EFD8E6F9E6FAE678CEBAD63CDF98
:10D1B0003DDF3DDF5EDF5EE77EEFBFF7DFF7DFFFDE
:10D1C000DFFFDFFFDFFFFFFFDFFFDFFFDFFFDFFF4F
:10D1D000DFFFDFFFDFF79FF71DDFBBD63DE7DFFF98
:10D1E000DFFFDFFFFFFFFFFFFFFFFFFFFFFFFFFF8F
:10D1F000FFFFFFFFFFFFFFFFFFFFFFFFFFFFFFFF3F
:10D20000FFFFFFFFFFFFFFFFFFFFFFFFFFFFFFFF2E
:10D21000FFFFFFFFFFFFFFFFFFFFFFFFFFFFFFFF1E
:10D22000FFFFFFFFFFFFFFFFFFFFFFFFFFFFFFFF0E
:10D23000FFFFFFFFDFF7BFF79EEF3DE7DBD67AC6C4
:10D240007ABE7ABEBBBE35752D2B6E2B8E236E1B20
:10D250006E1B8E1B6E238E236E1B8E1BAF238E23A5
:10D26000AE23CF23CF23AF23AF1BCF23AF1B8F1B07
:10D27000AF1BAF1BAF1BAE1BCC230E3CAD4B683AB4
:10D28000E631A531232943292319C108242924295A
:10D29000E320E320642985316429652964218529F7
:10D2A0000732A52944210319C218E318E218C21055
:10D2B000C210C21082108210A210A210A210A210DE
:10D2C000C210A210A21082108208A210A210C310D5
:10D2D000A3108210821082088208E31040008A4264
:10D2E000F7B517B638B658B618AEF7AD39B69AC610
:10D2F000DBCE1CD73DDF5EE75EE77EEF9FEFBFF73B
:10D30000BFEFBFEFBFF7BFF7DFF7DFFFDFFFDFFFE5
:10D31000DFFFDFFFDFFFFFFFFFFFFFFFFFFFFFFF7D
:10D32000FFFFFFFFFFFFFFFFFFFFFFFFFFFFFFFF0D
:10D33000FFFFFFFFFFFFFFFFFFFFFFFFFFFFFFFFFD
:10D34000FFFFFFFFFFFFFFFFFFFFFFFFFFFFFFFFED
:10D35000FFFFFFFFFFFFFFFFFFFFDFF7BFF7DFF775
:10D360009FEF9FEF9EF7BFF79EF7BEF7BEF7FFFF59
:10D37000FFFFFFF7FFF7BFEFBDCEFBB5BAA5957472
:10D38000CD32A809470167016709A8196719261155
:10D3900046194619251946192519451146194619E0
:10D3A0002519051104110411041125196621E41031
:10D3B00025194619051187218300E931D8AD5EDFB3
:10D3C0003EDF3EDFDDCE5BBE9CC61AB61AB6BCCED3
:10D3D0007BC6DCCEBCCE1DDFDCD618BE54AD36CE4F
:10D3E00055D655DE76E697E6B7EED8EEF8EEF8EECF
:10D3F00018EF39EF3AF73AF75AF75BF75BF75BF755
:10D400007BF77BF77BF77BF77BF77BF77BF77BF78C
:10D410007BF77BF77BF77BF77BF77BF75AEF3AEFEE
:10D420003AEFF9E6F9E6D9E6D9DE98D69AD61CDFC6
:10D430003DDF1DDF5EDF5EE77FEFBFF7BFF7DFF7A2
:10D44000DFFFDFF7DFFFDFFFDFFFDFFFFFFFFFFFB4
:10D45000FFFFFFFFDFFF9FF71DE7FCDE7EEFDFFF33
:10D46000DFFFBFFFFFFFFFFFFFFFFFFFFFFFFFFF2C
:10D47000FFFFFFFFFFFFFFFFFFFFFFFFFFFFFFFFBC
:10D48000FFFFFFFFFFFFFFFFFFFFFFFFFFFFFFFFAC
:10D49000FFFFFFFFFFFFFFFFFFFFFFFFFFFFFFFF9C
:10D4A000FFFFFFFFFFFFFFFFFFFFFFFFDFFFDFFFCC
:10D4B000DFF7BFEF7EE75DDFFBD6BAC69ACE9BC62D
:10D4C0009BC6BBC61DC776854D334D238E238E2349
:10D4D0008E1B8E1B8E1B6E1B6E1B8E238E238E1B34
:10D4E0008E1BAF23AF238E1B8F1BAF238E1B8E1B78
:10D4F0008E1B8F1BAF23AE1BCC23ED3B4B3B072A70
:10D50000E639C639032123210211E21044292429D6
:10D5100003210321A531A531242944298529A529E1
:10D520000732A5292421E318C218E218C210C2103C
:10D53000C210A21081108110A210A210A210A2107D
:10D54000C210C210A2108210820882088210A3109A
:10D55000A31082108210A210C310820882084521F5
:10D56000149D38BE18B69ABE59B618B6F8AD18B69E
:10D570007AC6DBCE1CD73DDF3DDF3EE77EEF9FEF77
:10D58000BFEF9FEF9FF7BFF7BFF7BFF7DFFFDFFFEB
:10D59000DFFFDFFFDFFFFFFFFFFFFFFFFFFFFFFFFB
:10D5A000FFFFFFFFFFFFFFFFFFFFFFFFFFFFFFFF8B
:10D5B000FFFFFFFFFFFFFFFFFFFFFFFFFFFFFFFF7B
:10D5C000FFFFFFFFFFFFFFFFFFFFFFFFFFFFFFFF6B
:10D5D000FFFFFFFFFFFFFFFFDFF7FFF7BFF79EEF44
:10D5E0007EEF7EEFFFFF9EF77EEFFFFFFFFFFFFF67
:10D5F000FFFFDFF7DFF7FFF75FE79DCE3BB61BAE20
:10D600003785704B0A1AC909670988114711261115
:10D61000671946212519451966194619251105115D
:10D620000511041105112519461925114619461928
:10D6300046196621A308251187218300AB421AB63B
:10D640009CC69CC63FD7BDCE5BBE7CBE7CBE3BBEEF
:10D650005BBEBCCEBCCEDCD6BBD6D7BD53AD36CEC2
:10D6600055D675DE76E697E6B7EED8EEF8EEF8EE2C
:10D6700018EF39EF3AF73AF75AF75AF75BF75BF7D3
:10D680007BF77BF77BF77BF77BF77BF77BF77BF70A
:10D690007BF77BF77BF77BF77BF77BF73AEF3AEF8C
:10D6A0003AEFF8E6F9E6D8DEB9DEB9D699CE1CDF56
:10D6B0003DDF3DDF5EE77EE7BFEFBFF7BFF7BFF7B8
:10D6C000DFFFDFFFDFFFDFFFFFFFFFFFFFFFFFFFEA
:10D6D000FFFFFFFFDFFF9EF75DE73DE79FF7FFFFDF
:10D6E000DFFFDFFFFFFFFFFFFFFFFFFFFFFFFFFF8A
:10D6F000FFFFFFFFFFFFFFFFFFFFFFFFFFFFFFFF3A
:10D70000FFFFFFFFFFFFFFFFFFFFFFFFFFFFFFFF29
:10D71000FFFFFFFFFFFFFFFFFFFFFFFFFFFFFFFF19
:10D72000FFFFFFFFFFFFFFFFDFFFDFFF9FF77EEF42
:10D730005DE73DDF1CDFFBD6DBCEBBC6BBCEDCCE60
:10D74000DCCEDCCE3DCFD895AF3B2D238E23AE2350
:10D750008E1B8E238E236E1B8E1B8E238E1B6E1BA9
:10D760006E1BAE23AE238E1B8E1BAF238E1B6E1B38
:10D770008E1B8E1BAF23AE1BCC23ED3BEA32C6299A
:10D78000073AC639C220E220021123196529032174
:10D7900044294429C639853124214429A529C6298B
:10D7A0002732C5292319E318C218C218C210C208AB
:10D7B000C210A21081108110A2108210A210A2101B
:10D7C000C210C210A210A210821082108210A310E8
:10D7D000C310A310A210A310A2106108C31061000F
:10D7E000CF7358BED7AD9AC69AC69AC618B6D7ADEB
:10D7F00019B67AC6BBCEFCD61DDF3DDF5EE77EE7FD
:10D800007FEF9FEF9FEFBFF7BFF7BFF7DFF7DFFFB8
:10D81000DFFFDFFFDFFFFFFFFFFFFFFFFFFFFFFF78
:10D82000FFFFFFFFFFFFFFFFFFFFFFFFFFFFFFFF08
:10D83000FFFFFFFFFFFFFFFFFFFFFFFFFFFFFFFFF8
:10D84000FFFFFFFFFFFFFFFFFFFFFFFFFFFFFFFFE8
:10D85000FFFFFFFFFFFFFFFFFFFFFFFFDFF79EF769
:10D860007EEF3DE77EEFBFF7DFF79EEFBFF7FFFFED
:10D87000FFFFDFF7FFFFFFFFDFF71EDF9CC65BB692
:10D88000FAA59895946CED32C91147096811A82141
:10D890004719261146194619461126112511251139
:10D8A00025110511051105112619461926196619A4
:10D8B00046192519461925110511A308E4104E5BD8
:10D8C000BCCEDDCEDDCEFECE7CBE9DC69DC63BB6BB
:10D8D0005BBE9CC6BCCEDCD69BCEB6B594B556D648
:10D8E00055DE75DE96E6B7EEB8EED8EEF8EE18EF38
:10D8F00018EF39EF3AF73AF75AF75BF75BF75BF750
:10D900007BF77BF77BF77BF77BF77BF77AF77AF789
:10D910007BF77BF75BF77BF77BF77BF75AEF3AEF09
:10D920003AEFF8E619EFD9E6D9DED9D679CE3CDF61
:10D930005DE73DDF5EE77EE7BFF7DFF7DFF7DFF7A5
:10D94000FFFFFFFFFFFFFFFFFFFFFFFFFFFFFFFFE7
:10D95000FFFFFFFFDFFF9EF79EF79EF7BFF7FFFF7A
:10D96000DFFFFFFFFFFFFFFFFFFFFFFFFFFFFFFFE7
:10D97000FFFFFFFFFFFFFFFFFFFFFFFFFFFFFFFFB7
:10D98000FFFFFFFFFFFFFFFFFFFFFFFFFFFFFFFFA7
:10D99000FFFFFFFFFFFFFFFFFFFFFFFFFFFFFFFF97
:10D9A000FFFFFFFFDFFFDFFF9FF79EF77EEF3DE703
:10D9B0001CDF1CDFFCD6FCCE1CCF1CCFFCCEDCCE8B
:10D9C000DCD6FDD65ED79BAE114C4D2B8E2BAE23F5
:10D9D0008E1B8E1B6E1B6E1B6E238E236E236E1B87
:10D9E0008E1BAE23AF238E1BAF23CF23AF1B8E1B0B
:10D9F0008E1B8E1BAF23AE23AC2BED3BC932E62929
:10DA00002742A539C220E220021184216529032181
:10DA100064298529C639642944296529A529E62967
:10DA20002732C6292319C218C218E218C210A10849
:10DA3000C210C210A210A21882108210A210A2104E
:10DA4000C210C210A210A21082108210A210C31025
:10DA5000C318C310A21082106108A210C2100000E7
:10DA6000AA4AF7B5D7AD58BEBAC61CCFBBC639B6A1
:10DA700039B639BE5AC6BCCEFDD61DDF1DDF3DDF2F
:10DA80005EE77EEF9FEFBFF79FF7BFF7DFF7DFFFA0
:10DA9000DFFFDFFFDFFFDFFFFFFFFFFFFFFFFFFF16
:10DAA000FFFFFFFFFFFFFFFFFFFFFFFFFFFFFFFF86
:10DAB000FFFFFFFFFFFFFFFFFFFFFFFFFFFFFFFF76
:10DAC000FFFFFFFFFFFFFFFFFFFFFFFFFFFFFFFF66
:10DAD000FFFFFFFFFFFFFFFFDFFFFFFFFFFFDFFF96
:10DAE0009EF75DE7BBD65EE7BFF79EEF9EEFDFF7E1
:10DAF000FFFFFFFFFFFFFFFFFFFFDFF71DD77BBE2D
:10DB00003AB63AAED99DF67C704B4B2A6811471154
:10DB100006112611471926114719461126112611FB
:10DB200026112611261126114619261147192511ED
:10DB30004619E41066190511A3086621E4082611A8
:10DB40003695DDCEBDC6DDC6FECE7CBE5CBEBDC696
:10DB50007CC67BBE9CC6DCCE7AC696B594B555D63F
:10DB600055DE75DE76E6B7EED8EED8EEF8EE18EFB5
:10DB700018EF39EF3AF73AF75BF75BF75BF75BF7CC
:10DB80005BF75BF75BF77BF77BF77BF75AF77AF787
:10DB90007BF77BF75BF75BF75BF77BF73AEF5AF7BF
:10DBA0003AEFF8E619EFD9E6D9DED9D699CE3CDFBF
:10DBB0003DDF3DDF3DDF5EE79EEFDFF7FFFFFFFF6D
:10DBC000FFFFDFFFDFFFFFFFFFFFFFFFFFFFFFFFA5
:10DBD000FFFFFFFFDFFF9EF7BFF7DFFFDFFFFFFF66
:10DBE000DFFFDFFFFFFFFFFFFFFFFFFFFFFFFFFF85
:10DBF000FFFFFFFFFFFFFFFFFFFFFFFFFFFFFFFF35
:10DC0000FFFFFFFFFFFFFFFFFFFFFFFFFFFFFFFF24
:10DC1000FFFFFFFFFFFFFFFFFFFFFFFFFFFFFFFF14
:10DC2000FFFFFFFFDFFFBEF77EEF7EEF5EEF5DE7FA
:10DC30003DDF3DDF3DDF3DDF3DD75DD71DDFFDD65D
:10DC40001DDF3EDF7FD7DCB651544D2BAE23AE2314
:10DC50008E1B8E1B6E1B6E1B6E238E236E236E1B04
:10DC60008E1BAE23AF238E1B8E23AF23AF1B8E1BC9
:10DC70008E1B8E23AF238E1BAC2BCD3BA932E731FD
:10DC8000273A6431A220E2200311E62985292421C4
:10DC90008529A529A631442965296529A529E629CB
:10DCA0002732A5290319C218C218C218C210A10828
:10DCB000C208C210A210A21882108210A210A210D4
:10DCC000C210C210A210A21082108210A210A210C4
:10DCD000C318C318A2106208A210C2108208A210B2
:10DCE0008629349538BED7AD9ABE1CD73DD7FCCE19
:10DCF0009BC65ABE3ABE7BC6BBCEDCD61DDF1DDF3F
:10DD00003DE75EE77EEF9FEF9FF7BFF7BFF7DFF7D7
:10DD1000BFFFDFFFDFFFDFFFFFFFFFFFFFFFFFFFB3
:10DD2000FFFFFFFFFFFFFFFFFFFFFFFFFFFFFFFF03
:10DD3000FFFFFFFFFFFFFFFFFFFFFFFFFFFFFFFFF3
:10DD4000FFFFFFFFFFFFFFFFFFFFFFFFFFFFFFFFE3
:10DD5000FFFFFFFFFFFFFFFFFFFFFFFFFFFFFFFFD3
:10DD6000DFFFBFF7FCDE9BCEDCD69FEFDFF79EE741
:10DD70009EEFDFFFDFFFDEFFDEF7FFFFDFF75DDF98
:10DD8000FCCE7BBED9A57895D6841364CE3ACA1949
:10DD9000481127112711471147194711271126113B
:10DDA00026112611471147196719471947194619AE
:10DDB00046192619E4100511C3084519E410A400FA
:10DDC0006B3A9CBEBDC6BDC6BDC69DC67CBEBDC6AB
:10DDD0007CBE9CC6BCC69BC639BE96ADB5BD55D6ED
:10DDE00055DE75DE76E6B7EED8EED8EEF8EE18EF33
:10DDF00018EF39EF3AF75AF75AF75AF75BF75BF72C
:10DE00005BF75BF77BF75BF77BF77AF75AF75AF725
:10DE10007BF77BF75BF75BF75BF75BF73AEF5AF75C
:10DE200019EFF8E6F9E6D8DED9DEB9D699CE3CDFAF
:10DE30001CDF1DDF3DDF5EE7BFEFDFF7FFFFFFFF0A
:10DE4000FFFFDFFFDFFFFFFFFFFFFFFFFFFFFFFF22
:10DE5000FFFFFFFFFFFFBEF79EF7DFFFDFFFFFFFC4
:10DE6000FFFFDFFFFFFFFFFFFFFFFFFFFFFFFFFFE2
:10DE7000FFFFFFFFFFFFFFFFFFFFFFFFFFFFFFFFB2
:10DE8000FFFFFFFFFFFFFFFFFFFFFFFFFFFFFFFFA2
:10DE9000FFFFFFFFFFFFFFFFFFFFFFFFFFFFFFFF92
:10DEA000FFFFFFFFDFFFBFF79EF79EF79EEF7EEFBE
:10DEB0007EE77EE77EE77EDF7EE75EE75EE73EDFCA
:10DEC0003EDF5EDF9FDFFCB651544D23AE238E1B39
:10DED000AE238E236E236E238E238E238E236D1B03
:10DEE0008E1BAE238E236E1B6E1BAF238E1B6E1BF1
:10DEF0008E1B8E1BAE238E1B6B238C3B482AC629A0
:10DF0000E6312321A118C21843192732852944215B
:10DF10008529C631A531442985298529C629E629BF
:10DF20002732A5210319E318C218C218A210A108AC
:10DF3000A210C210A21082108210A210A210C21051
:10DF4000C210A210A210A21082108210A210A21061
:10DF5000C318C318A31082108210E31841080419D3
:10DF60002419928438B6D7AD39BEFCCE7EDF7EE769
:10DF70001CD79BC63ABE5AC67AC6BBD6FDDE1DDF8D
:10DF80001DDF3DE77EE77EEFBFF7BFF7BFF7BFF7C7
:10DF9000BFF7BFFFDFFFDFFFFFFFFFFFFFFFFFFF59
:10DFA000FFFFFFFFFFFFFFFFFFFFFFFFFFFFFFFF81
:10DFB000FFFFFFFFFFFFFFFFFFFFFFFFFFFFFFFF71
:10DFC000FFFFFFFFFFFFFFFFFFFFFFFFFFFFFFFF61
:10DFD000FFFFFFFFFFFFFFFFFFFFDFFFFFFFFFFF71
:10DFE000FFFFBFF7DFF7BBD639BE7AC63DDF9FEF35
:10DFF000BEEFDFF7DFFFFEFFFEFFDEF7FFFFDFF71D
:10E000001DD7DDCE7CC61BAE7995F784346C514BA1
:10E010006D2AAA1949112809E600270927092709A5
:10E0200007092809481147112711471147112611DF
:10E03000471905110511C408E4080511C408251184
:10E040002611537CDEC6BDC67CBEBDC67CBE9CC64A
:10E050009CC67CC6BCC69CC618BE95B5D5C555D653
:10E0600075DE95DE76E6B7EED8EED8EEF8EE18EF70
:10E0700018EF39EF3AF75AF75AF75BF75BF77BF788
:10E080005BF75BF77BF75BF77BF75AF75AF75AF7C3
:10E090007BF77BF75BF75BF77BF77BF75AF75AF772
:10E0A00019EFF9EEF9E6F9E6D9DEB9D699CE1CDF1B
:10E0B000FCD61DDF3EDF9FEFDFF7FFF7FFFFDFFF3F
:10E0C000FFFFFFFFFFFFFFFFFFFFFFFFFFFFFFFF60
:10E0D000DFFFFFFFFFFFBEF79EF7DFFFDFFFFFFF62
:10E0E000FFFFFFFFFFFFFFFFFFFFFFFFFFFFFFFF40
:10E0F000FFFFFFFFFFFFFFFFFFFFFFFFFFFFFFFF30
:10E10000FFFFFFFFFFFFFFFFFFFFFFFFFFFFFFFF1F
:10E11000FFFFFFFFFFFFFFFFFFFFFFFFFFFFFFFF0F
:10E12000FFFFFFFFDFFFDFFFDFFFDFFFDFF7BFF7EF
:10E13000BEEF9FEFBEE79EE77EE75EE75EE75EEF3E
:10E140005EE79FE7BFDFDCB651544D23AE238E233D
:10E15000AE23AE236D238E238E238E238E238E2318
:10E160008E23AE23AF238E236E1BAF238E1B6E1B1D
:10E170008E238E23AF238E234B2B4B3B0722A629C6
:10E180008529E2180321E2184419893A652985296D
:10E190006529E639C53164218429E63127322732E1
:10E1A000062A85210319C318C218C218C210C2104A
:10E1B000C210C210A210A210A210A210A210A2108F
:10E1C000A210A210A210A210A210A210A210C2109F
:10E1D000C318C310A21082108210C2106108E3108D
:10E1E0006521CF7396A559BE18B65ABE5DDFBFEF45
:10E1F0007EE71DDFDCD6BBD67AC67AC6FCD61DDF2D
:10E200001DDF3DDF3DE75EE77EEF9FEFBFF79FF746
:10E21000BFF7DFFFFFFFDFFFDFFFDFFFFFFFFFFFD6
:10E22000DFFFFFFFFFFFFFFFFFFFFFFFFFFFFFFF1E
:10E23000FFFFFFFFFFFFFFFFFFFFFFFFFFFFFFFFEE
:10E24000FFFFFFFFFFFFFFFFFFFFFFFFFFFFFFFFDE
:10E25000FFFFFFFFFFFFFFFFFFFFFFFFFFFFFFFFCE
:10E26000FFFFFFFFDFF7DFF7DBD659BE39BEDBD696
:10E270005DE79EEFDFF7FFFFFFFFFFFFFFFFFFF709
:10E28000BFEF1ED71FD7DFCE5DB6DB9D187D56646E
:10E29000734BAF2A2D22CB118A11AA11AB118B110E
:10E2A0004A096A098A0989098909680948094709DF
:10E2B0002711061106112611C40025112611050982
:10E2C00026110B32789DBECE7CC69CC67CC65BBE3A
:10E2D0005BBE9CC6BCC67AC6D7BD95B516CE55D614
:10E2E00076DE76DEB7DEB7E6D7E6D7EEF7EE18EFE6
:10E2F00018EF19EF3AEF5AF75AF75BF75BF75BF74E
:10E300005BF77BF75BF75BF77BF77BF77BF77BF7DD
:10E310007BF77BF75BF75AF75BF75AF75AF75AF731
:10E3200039F7F9EE19EFF9E6FAE6B9D699CE3CDFFE
:10E330005DE75DDF5EE79EE7BFEFDFF7FFFFFFFF13
:10E34000FFFFFFFFFFFFFFFFFFFFFFFFFFFFFFFFDD
:10E35000FFFFDFFFBFFF9EF7BFF7DFFFDFFFFFFF1E
:10E36000FFFFFFFFFFFFDFFFFFFFFFFFFFFFFFFFDD
:10E37000FFFFFFFFFFFFFFFFFFFFFFFFFFFFFFFFAD
:10E38000FFFFFFFFFFFFFFFFFFFFFFFFFFFFFFFF9D
:10E39000FFFFFFFFFFFFFFFFFFFFFFFFFFFFFFFF8D
:10E3A000FFFFFFFFFFFFFFFFFFFFFFFFFFFFDFF7A5
:10E3B000DFF7DFEFDFEFDFEF9EEF7EEF7EF77FF738
:10E3C0009FF7BFEFBFDFDCB6314C4D238E236D23AB
:10E3D000AE238E23AE238E238E23AF238E238E2354
:10E3E0008E238E238E238E1B6E1B8E236E1B6E1B25
:10E3F0006E238E238F238F238C3B4B3BE721A52954
:10E400008529032123210319C521A94285298529AD
:10E4100085290632E631A429A5292732883A6732B0
:10E42000E62144190311E318C218C218C210C21021
:10E43000C210C210C210A210A210A210A210C218C4
:10E44000A210A210A210A210A2108210A210C2103C
:10E45000C318C318A210A2108110A210A210820823
:10E460008629EF73D49459BE19B619B6DBCE9FEF47
:10E47000DFF7DFF79EEF5DE7BBD69AC6BBCEFCD6D3
:10E480001DDF3DDF3DDF5EE77EE79EEFBFEFBFEFC5
:10E49000BFF7DFF7DFFFDFFFDFFFFFFFFFFFFFFF5C
:10E4A000DFFFFFFFFFFFFFFFFFFFFFFFFFFFFFFF9C
:10E4B000FFFFFFFFFFFFFFFFFFFFFFFFFFFFFFFF6C
:10E4C000FFFFFFFFFFFFFFFFFFFFFFFFFFFFFFFF5C
:10E4D000FFFFFFFFFFFFFFFFFFFFFFFFFFFFFFFF4C
:10E4E000FFFFFFFFFFF7FFF7FFF71CDF7AC69ACEAB
:10E4F0001CDF5EE77EEFBFF7FFFFFFFFFEFFFEF7CB
:10E50000FFFF9FEF1FD7BEC6BEC63DA65A85565C0D
:10E51000533BD02AB02A8F22AF2AF032123BB132BD
:10E520002E22ED19EC11CB09AB098A096909690999
:10E530006909480948094811E60006014609E5004D
:10E540002709E708715B5DBEDECE1AB63BB65BBE3F
:10E550003BB65BBE7BBE5AC6B6B595BD15CE15D6CD
:10E5600076DE96DEB7DED7DED7E6F7EEF7EE18EF0B
:10E5700018EF19EF3AEF5AF73AF75BF75BF75BF7EB
:10E580005BF77BF77BF77BF77BF77BF77BF77BF71B
:10E590007BF77BF75BF75AF77AF75AEF5BF75AF797
:10E5A00039F7F8EE19EFD9E6D9E6B9DE99D63CDFAE
:10E5B0005DE73DDF5EDF7EE7BFEFDFF7FFFFFFFFD9
:10E5C000FFFFFFFFFFFFFFFFFFFFFFFFFFFFFFFF5B
:10E5D000FFFFDFFFBFFFBEF7BFF7DFFFDFFFDFFF9C
:10E5E000FFFFFFFFFFFFFFFFFFFFFFFFFFFFFFFF3B
:10E5F000FFFFFFFFFFFFDFFFFFFFFFFFFFFFFFFF4B
:10E60000FFFFFFFFFFFFFFFFFFFFFFFFFFFFFFFF1A
:10E61000FFFFFFFFFFFFFFFFFFFFFFFFFFFFFFFF0A
:10E62000FFFFFFFFFFFFFFFFFFFFFFFFFFFFFFF702
:10E63000DFF7DFF7DFF7DFF7BEF79EF79FF7BFFFE4
:10E640009FF7BFEFDFDF5AA6F0436D2B8E2B6D23B4
:10E650008E238E23AE238E238E238E238F238E2311
:10E660008E238E238E236E1B4D1B8E1B6E1B6E1BEB
:10E670006E238E238F238F238C3B0B3BE62185213A
:10E6800064292321442903192732A942A62985296F
:10E69000A529E631E631C529C5294732A93A6832AC
:10E6A000A5212311E318E318E320C218A210A21039
:10E6B000C210C210C218A2188110A210C218C3182A
:10E6C000C218A210A210A210A2108210A210C21092
:10E6D000E318C318C310A2108108A210C310610070
:10E6E000A729107C7284F8AD39BE39BE39BEFCD67C
:10E6F000DFF7FFF7DFF7FFF79EEF1CDFFCD6FBD657
:10E70000FCD61CDF3DDF5DE75EE77EEF9FEF9FF706
:10E71000BFF7BFF7BFFFDFFFDFFFFFFFFFFFFFFF19
:10E72000DFFFDFFFFFFFFFFFFFFFFFFFFFFFFFFF39
:10E73000FFFFFFFFFFFFFFFFFFFFFFFFFFFFFFFFE9
:10E74000FFFFFFFFFFFFFFFFFFFFFFFFFFFFFFFFD9
:10E75000FFFFFFFFFFFFFFFFFFFFFFFFFFFFFFFFC9
:10E76000FFFFFFFFFFFFFFFFFFFFFFFFFFFFDFF7E1
:10E77000BFF77EEF7EEFBFF7DFFFFFFFFEFFFFFF7C
:10E78000FFF7DFF71EDF1795925B31430D120D1275
:10E790000E0AEE09EE112E12901A132B743B343B25
:10E7A000B12A50222F1AED11CC09AC098B09AB0903
:10E7B000AB098B098B098B098A098A098A096909BE
:10E7C00069090801AB19B77CDFC69DBE1BAE5CB6FC
:10E7D0003CB63BB67CC619BE55AD94BD16D614D614
:10E7E00076DE97DEB7DED8E6F8EEF7EEF8EE18EF55
:10E7F00019EF39EF3AF73AF73AF73AF75BF75BF781
:10E800005BF75BF77BF77BF77BF77BF77BF77BF7B8
:10E810005BF75BF75BF75BF75AF75AEF5BF75AF773
:10E8200039F7F8EE19EFD9E6D9DEB9DE99D63CE72B
:10E830005DE73DDF5DDF7EE7BFEFDFF7FFFFFFFF57
:10E84000FFFFFFFFDFFFFFFFFFFFFFFFFFFFFFFFF8
:10E85000DFFFDFFFBFF79EF7BFF7DFFFDFFFDFFF61
:10E86000FFFFFFFFFFFFFFFFFFFFFFFFFFFFFFFFB8
:10E87000FFFFFFFFFFFFFFFFFFFFFFFFFFFFFFFFA8
:10E88000FFFFFFFFFFFFFFFFFFFFFFFFFFFFFFFF98
:10E89000FFFFFFFFFFFFFFFFFFFFFFFFFFFFFFFF88
:10E8A000FFFFFFFFFFFFFFFFFFFFFFFFFFFFFFFF78
:10E8B000FFFFFFFFFFF7DFF7DFF7DFFFDFFFFFFF00
:10E8C0009FEFDFEF9FD796856E334D23AE2B6E23E0
:10E8D0008E238E23AE238E236E238E238E236E23D0
:10E8E0006E238E238E236E1B6E1B8E236E1B6E1B60
:10E8F0006E236E236E236E236C3BCA32C629852994
:10E900004421032144294421883AA93AC629C62929
:10E91000E629E631C529C529C5294732A93A683211
:10E92000A52124190319C318E320C218A210A210AC
:10E93000C210C218C218A2108110A210C218C318A7
:10E94000C218A210A210A210A210A210A210C218E7
:10E95000E318E318C318C2108208A210A2106208BC
:10E96000E731517CD38C359D5ABE9BC639BE59BE0A
:10E970003DDFDFEFFFF7FFF7FFF7DFF79EEF3DDF4C
:10E98000FCDE1CDF3DDF3DE75EE75EEF7EEF9EEFE6
:10E990009EF79EF7BFF7BFFFDFFFDFFFFFFFFFFF21
:10E9A000DFFFDFFFFFFFFFFFFFFFFFFFFFFFFFFFB7
:10E9B000FFFFFFFFFFFFFFFFFFFFFFFFFFFFFFFF67
:10E9C000FFFFFFFFFFFFFFFFFFFFFFFFFFFFFFFF57
:10E9D000FFFFFFFFFFFFFFFFFFFFFFFFFFFFFFFF47
:10E9E000FFFFFFFFFFFFFFFFFFFFFFFFFFFFFFF73F
:10E9F000FFFFFFFFBFF7BFF7BFF7FFFFFFFFFFFFFF
:10EA0000BEF7FFFF7FEF1274E70808016B01CD0925
:10EA1000CE010F0A4F129122F32A34335533F32AD1
:10EA2000511AEF11CE09AD09AD01AC01AC01AC0139
:10EA3000AD01AD01AE01CE09CD09CC09CC09EC1177
:10EA4000CC09CC116B01B03259855DA6FC9D3CAE62
:10EA50007DBEDBAD589DB494F39CD5C515D635D697
:10EA600076DE97DEB7DEF8E6F8EEF8EEF8EE18EFB1
:10EA700039F73AF75AF75AF75AF75BF75BF75BF74C
:10EA80005BF75BF75BF75BF75BF77BF77BF77BF796
:10EA90005BF75AF75AF75BF75AF75AEF5AF73AEF1C
:10EAA00039F7F8EEF9EED9E6D9E6B9DE99D63CDFCA
:10EAB0005DE73DDF5EDF7EE7BFEFDFF7DFFFDFFF14
:10EAC000DFFFDFFFDFFFFFFFFFFFFFFFFFFFFFFFB6
:10EAD000DFFFBFF79EF79EF7DFFFDFFFDFFFDFFF00
:10EAE000FFFFFFFFDFFFDFFFDFFFDFFFDFFFDFFFF6
:10EAF000FFFFFFFFFFFFFFFFFFFFFFFFFFFFFFFF26
:10EB0000FFFFFFFFDFFFDFFFFFFFFFFFFFFFFFFF55
:10EB1000FFFFFFFFFFFFFFFFFFFFFFFFFFFFFFFF05
:10EB2000FFFFFFFFFFFFFFFFFFFFFFFFFFFFFFFFF5
:10EB3000FFFFFFFFFFFFFFFFDFF7FFFFFFFFDFF735
:10EB4000BFEFDFE7BBB6315C2D2B6D23AF2B6E2300
:10EB50008E238E238E238E236E238E238E236E1B75
:10EB60006E1B8E238E236E1B6E1BAF238E236E1B9C
:10EB70006E236E1B6E236E1B6C3BA932E629852922
:10EB80004421032144218421C93AC93A072AE629AC
:10EB900006320632A529A529E629683AC9428832F3
:10EBA000A52144190319C218C320A218A210A2104B
:10EBB000C210C218A218A218A210A218C218C21815
:10EBC000A210A210A210A210A210A210A210C2188D
:10EBD000E318E318E318C318A210A2108208620811
:10EBE000083A928415951495F8B59BC69AC639BE15
:10EBF0007AC65DDFFFFFDFF7FFF7FFFFFFFFBFF71D
:10EC00007EEF7EEF5EEF5DE77EEF7EEF7EEF9EEFC5
:10EC10009EF77EF79EF7BFF7DFFFDFFFDFFFDFFF27
:10EC2000DFFFDFFFDFFFFFFFFFFFFFFFFFFFFFFF54
:10EC3000FFFFFFFFFFFFFFFFFFFFFFFFFFFFFFFFE4
:10EC4000FFFFFFFFFFFFFFFFFFFFFFFFFFFFFFFFD4
:10EC5000FFFFFFFFFFFFFFFFFFFFFFFFFFFFFFFFC4
:10EC6000FFFFFFFFFFFFFFFFDFF7FFFFFFFFFFFFDC
:10EC7000FFFFFFFFFFFFDFFFFFFFDFF7FFFFFFFFEC
:10EC8000DFFFBFF7FFFF9FE7F26B69110D12501A0C
:10EC9000711A921AB222132B963BD743D6431333E1
:10ECA000501ACE098D018D018D01AD01CD01CD012F
:10ECB000CE01CE01CF01EF010F0A0E020E0A2E1275
:10ECC0002E12EE09EE09EE118F22934B5664B774A3
:10ECD000D784B263CA292942F29C15CE15D655DED7
:10ECE00076DE97E6B7E6D8E6D8EEF7EEF8EE18F758
:10ECF00019F73AF75AF75AF75AF75BF75BF75BF7EA
:10ED00005BF75BF75BF75BF75BF77BF77BF77BF713
:10ED10005BF75AF75AF75BF75AF75AEF3AEF3AEFC1
:10ED200019EFF8EEF9EED9E6D9E6B9DE99D63CDF6F
:10ED30005DE73EDF5EE77EE7BFEFDFF7DFFFDFFF88
:10ED4000FFFFFFFFFFFFFFFFFFFFFFFFFFFFFFFFD3
:10ED5000DFFFDFFFBFF7BFF7DFFFDFFFBFFFBFFF53
:10ED6000DFFFDFFFDFFFFFFFFFFFFFFFFFFFFFFF13
:10ED7000FFFFFFFFDFFFFFFFFFFFFFFFFFFFFFFFC3
:10ED8000FFFFFFFFFFFFFFFFFFFFFFFFFFFFFFFF93
:10ED9000FFFFFFFFFFFFFFFFFFFFFFFFFFFFFFFF83
:10EDA000FFFFFFFFFFFFFFFFFFFFFFFFDFFFFFFF93
:10EDB000FFFFFFFFFFFFFFFFDFFFFFF7DFF7DFEFE3
:10EDC000BFEF1DC7F47C2D332D236D238E2B6E23B7
:10EDD0008E238E238E238E236E238E236E236E1B13
:10EDE0006E238E238E236E1B6E1B8E236E1B6E1B5B
:10EDF0006E236E238E236E236C43882AC6298529B1
:10EE0000442123212421A5210A43E93A472A072A3C
:10EE1000062A2732A529A521062AC9420A4B88328B
:10EE2000A52123190319C218C218A218A210C210D2
:10EE3000E210C210A2188210A210A218C218C218A2
:10EE4000A210A210A210A210A2108210A210C21032
:10EE5000E318E318E318C318A210A2108208620096
:10EE6000493AD38C1595769D97A539B69AC67AC638
:10EE700039BE7AC65DE7FFF7FFFFFFFFDFF7FFFF51
:10EE8000FFFFDFF7BFF79EEF9EF79EF79EF79EF717
:10EE90009EF79EF79FF7BFF7BFFFDFFFDFFFDFFFA4
:10EEA000DFFFDFFFDFFFFFFFFFFFFFFFFFFFFFFFD2
:10EEB000FFFFFFFFFFFFFFFFFFFFFFFFFFFFFFFF62
:10EEC000FFFFFFFFFFFFFFFFFFFFFFFFFFFFFFFF52
:10EED000FFFFFFFFFFFFFFFFFFFFFFFFFFFFFFFF42
:10EEE000FFFFFFFFFFFFFFFFFFFFDFF7FFFFFFFF5A
:10EEF000DFFFFFFFFFFFDFFFDFF7BFF7FFFFBFFF12
:10EF0000FFFFFFFFDEF7FFF7DDCE2F434A01EE11D3
:10EF10003012100A3012D322963B184CF74B132BA9
:10EF20003012CE09AE018D01AD01CE01EE010E020F
:10EF3000EE01CE01CF01F0010F022F0A0E0A0E0AD8
:10EF40000E0AEE09EF11EE116C018C01AC09ED19FE
:10EF5000EC214919A5084A4A53AD36D614D655DED8
:10EF600076DE97E6B7E6D7E6D7EED7EEF8EE18F7F7
:10EF700019F739F73AF75AF73AF73AF75BF75BF7C9
:10EF80005BF75BF77BF77BF77BF77BF77BF75BF751
:10EF90005BF75AF75AF75BF75AF75AEF3AEF39EF40
:10EFA00018EFD8E6F9EED9E6D9E6B9DE99D63CDF16
:10EFB0005DE75EE77EE79EE7BFEFDFF7DFFFDFFF9E
:10EFC000FFFFFFFFFFFFFFFFFFFFFFFFFFFFFFFF51
:10EFD000DFFFBFFFBFFFBFFFBFF7DFFFFFFFFFFF89
:10EFE000FFFFDFFFDFFFFFFFFFFFFFFFFFFFFFFF71
:10EFF000FFFFFFFFFFFFFFFFFFFFFFFFFFFFFFFF21
:10F00000FFFFFFFFFFFFFFFFFFFFFFFFFFFFFFFF10
:10F01000FFFFFFFFFFFFFFFFFFFFFFFFFFFFFFFF00
:10F02000FFFFFFFFFFFFFFFFFFFFDFFFDFFFFFFF30
:10F03000FFFFDFFFDFFFDFFFFFFFDFF7DFF7BFE7E8
:10F04000FCC6568D6E430C234D2B6E238E236E23F0
:10F050008E238E236E236E236E236E236E236E23E8
:10F060008E23AF238E236E1B6E1B8E236E1B6E1B97
:10F070006E238E238E238E234B43472A85216421C2
:10F08000442923212319C5210A3BE932682A272A6A
:10F09000272A683AC529C529272AC9420A4367325F
:10F0A00084192319E318C318C218A218A210C21099
:10F0B000E310C210A218A218A210C210C218C210E7
:10F0C000C210C210C210A210A210A210A210C21828
:10F0D000E318E318C318C310C210A310820862001B
:10F0E0006A421495359D97A597A5D8AD59B69AC68D
:10F0F0009AC618B659BE7DE7DFF7FFFFDFF7FFFFBF
:10F10000FFFFFFFFDFF7DFF7DFF7DFF7BFF7BFF73F
:10F11000BFF7BFF7BFF7DFFFDFFFDFFFDFFFDFFF77
:10F12000DFFFDFFFDFFFFFFFDFFFFFFFFFFFFFFF6F
:10F13000FFFFFFFFFFFFFFFFFFFFFFFFFFFFFFFFDF
:10F14000FFFFFFFFFFFFFFFFFFFFFFFFFFFFFFFFCF
:10F15000FFFFFFFFFFFFFFFFFFFFFFFFFFFFFFFFBF
:10F16000FFFFFFFFFFFFFFFFFFFFFFFFFFFFFFFFAF
:10F17000FFFFFFFFFFFFFFFFFFFFBFF7FFFFBFFF27
:10F18000FFFFFFFFBEF7DEF7FFF73AAE4E2A6C0136
:10F19000F011721AF32AB64338541854553B5012E2
:10F1A000AE018D016D016D018D01CD01EE010E0AE3
:10F1B0000E0AEE01CE01CE01CE012F0AEE092E126B
:10F1C000EE1170220F1A301A0F12EE116C018B091A
:10F1D0004A09E70847212C63D5BD35CE35D655DE23
:10F1E00076DE97E6B7E6D8E6D8EEF8EEF8F619F749
:10F1F00019F739F739F73AF73AF75AF75AF75BF749
:10F200005BF75BF77BF77BF77BF77BF75BF75BF7EE
:10F210005BF75BF75BF75AF75AF75AEF3AEF39EFBC
:10F2200018EFD8E6F9EED9E6D9E6B9DE99D63CE78B
:10F230005EE75EE77EE79EEFBFEFDFF7DFFFDFFF12
:10F24000FFFFFFFFFFFFFFFFFFFFFFFFFFFFFFFFCE
:10F25000DFFFBFF79FF7BFF7BFFFDEFFDEFFDEFF79
:10F26000BEFFBDF79DF7BDF79DF7BDF7BEFFBEFF23
:10F27000BEFFBEFFDEFFDEFFDEFFDEFFFEFFFEFFA6
:10F28000FFFFFFFFFFFFFFFFFFFFFFFFFFFFFFFF8E
:10F29000FFFFFFFFFFFFFFFFFFFFFFFFFFFFFFFF7E
:10F2A000FFFFFFFFFFFFFFFFFFFFDFFFDFFFDFFFCE
:10F2B000DFFFBFF79FF7BFF7DFF79FEF7EDFBBC62C
:10F2C0001585AF4BEC2A2D2B4D236E236E236E2319
:10F2D0006E1B6E236E236E236E1B6E236E236E1BBE
:10F2E0008E23AF238E236E1B6E1BAF238E238E1BAC
:10F2F0008E238E238E238E232B43272A8521442180
:10F30000442123214319062A0A3B0933882A472A24
:10F31000472AA9420632E629272AE93AEA3A272A61
:10F32000841943190319E320C320A218A210C210A4
:10F33000E310C218C218A218A210C210C218C21834
:10F34000C218C218C218C210C218A210A210C31844
:10F35000E318E318C318C210C310C3108208820850
:10F360006A42559D97A5969DD8ADB7A518AEBBC668
:10F37000FCCE9AC6F8B518B63CDFDFF7FFFFFFFFFB
:10F38000FFFFDFF7FFFFFFFFFFFFFFFFDFFFDFFFF5
:10F39000DFFFDFFFDFFFDFFFDFFFDFFFDFFFDFFF7D
:10F3A000DFFFDFFFFFFFFFFFDFFFFFFFFFFFFFFFCD
:10F3B000FFFFFFFFFFFFFFFFFFFFFFFFFFFFFFFF5D
:10F3C000FFFFFFFFFFFFFFFFFFFFFFFFFFFFFFFF4D
:10F3D000FFFFFFFFFFFFFFFFFFFFFFFFFFFFFFFF3D
:10F3E000FFFFFFFFFFFFFFFFFFFFFFFFFFFFDFFF4D
:10F3F000FFFFDFFFDFFFFFFFFFFFFFFFBFF7BFFFE5
:10F40000FFFFBEFFFEFFFEFFFFF7DFE7D77CAC117B
:10F410000F1AB32A753B595CBA64B64B7122AE0120
:10F42000AE01AE018D018D016C018D01CD01EE09A2
:10F430000E0AEE09AD098D018D018C01CD09AC09D3
:10F44000AC090E1A8D11AD11CE11CD11CD09AC1133
:10F450008B11681967218D6BF5C5F4CD55DE55DE2E
:10F4600076E697E6B7E6F8EEF8EEF8EE19F719F754
:10F4700019F719EF39F73AF75AF75AF75AF75BF7CE
:10F480005BF75BF77BF75BF77BF75BF75AF75AF7AE
:10F490005BF75BF75BF75AF75AF73AEF3AEF3AEF59
:10F4A00019EFD8E6F9EED9E6D9E6B9DEB9D65CE7C8
:10F4B0007EE75EE77EE79EEFBFF7DFF7DFFFDFFF68
:10F4C000FFFFFFFFFFFFFFFFFFFFFFFFFFFFFFFF4C
:10F4D000DFF79FF79EF7BFF7BEF79DF75CEF1BE7DF
:10F4E0001BE71BE7FAE61AE71BE73BEF5BEF5BEF77
:10F4F0005BEF5CEF7CEF7DF77DF79DF7BDF7DEFFFF
:10F50000DEFFFFFFFFFFFFFFFFFFFFFFFFFFFFFF2C
:10F51000FFFFFFFFFFFFFFFFFFFFFFFFFFFFFFFFFB
:10F52000FFFFFFFFFFFFFFFFFFFFDFFFDFFFDFFF4B
:10F53000BFF79EF79EF79FF79FEF5DDFBBC6768D07
:10F540006E43EC2A2D2B4D232D1B6D1B6E236E1B42
:10F550004D1B6E238E236E1B6E236E236E1B6E1B44
:10F560008E1B8E238E238E1B6E1BAF238E238E232A
:10F570008E238E238E238E234B43E621A5294421FF
:10F5800023194419641988326B43C92AC932883255
:10F590006832A93AE62927328832EA3A0A43272A0A
:10F5A000641923190321E320E320C218C318C210F1
:10F5B000C210C218C218A2188110C218C218C210F4
:10F5C000C218C218C218E218C318A210A210C2189A
:10F5D000C318E318C318A210A310C310A310A208E5
:10F5E000AB4A96A5B7A5D7A5F8ADF8ADD8A559B63D
:10F5F000DBCEFBCE9AC618B618BE9ACE7EE7FFFFCA
:10F60000FFF7FFF7FFFFDFF7FFFFFFFFFFFFFFFF42
:10F61000FFFFFFFFFFFFDFFFDFFFFFFFFFFFFFFF3A
:10F62000FFFFFFFFFFFFFFFFFFFFFFFFFFFFFFFFEA
:10F63000DFFFDFFFFFFFFFFFFFFFFFFFFFFFFFFF1A
:10F64000FFFFFFFFFFFFFFFFFFFFFFFFFFFFFFFFCA
:10F65000FFFFFFFFFFFFFFFFFFFFFFFFFFFFFFFFBA
:10F66000FFFFFFFFFFFFFFFFFFFFFFFFFFFFFFFFAA
:10F67000FFFFFFFFFFFFFFFFFFFFDFFFDFFFDFFFFA
:10F68000BFF7DEFFFEFFFEFFDEEFFFF73FD772534F
:10F69000CD19712A7543385479647443301AAD0119
:10F6A000EF09EF09AD096C016C016C016C018D0172
:10F6B000CE09CE11AE11AD098C096B014B014A0187
:10F6C0004A092A094B112B112B096C098C098C0949
:10F6D0006A094811C829708C36CE14D635DE75E615
:10F6E00076E697E6B7E6D8E6F8EEF8EEF8F619F71C
:10F6F00019F719EF39F739F73AF75AF75BF75BF76C
:10F700007BF77BF75BF75BF75BF75BF75BF75BF729
:10F710005BF75BF75BF75BF75AEF3AEF3AEF39EFDE
:10F7200019EFF8EEF9EED8E6D9E6D9DEB9D63CE71E
:10F730005EEF5EE77EE79EEFBFF7DFF7DFFFDFFFFD
:10F74000DFFFFFFFFFFFFFFFFFFFFFFFFFFFDFF711
:10F75000DFFFBFF77EF73CEFDADEB9DEB9DEFAE6AF
:10F760001AE71AE73BEF5BEF5BF75BF77CF75BEFC2
:10F770005CEF7CF77CF77CF77CF77CEF7CEF7CEF31
:10F780007CF79DF7DEFFFEFFFEFFFFFFFFFFFFFFA1
:10F79000FFFFFFFFFFFFFFFFFFFFFFFFFFFFDFFF99
:10F7A000FFFFFFFFFFFFFFFFFFFFFFFFDFFFFFFF89
:10F7B000BFF79EF79EF79EEF5EE7FCCEB79D8F4B9F
:10F7C000EC2A2D2B6D2B2D1B4D1B6D1B6E1B6E1BE9
:10F7D0006E1B8E238E238E238E238E238E236E1BF1
:10F7E0008E1BAE23AF238E236E1B6E1B6E1B6E1BF8
:10F7F0006E238E23AF23AF230A43062A64214421BC
:10F8000044214419C521E93A6B43E92AC932882ABF
:10F810008832A93A062A4732EA3A0A3BEA3A272AC4
:10F82000842144210321E218C218C218C318C2104F
:10F83000C210C218C218A210A210C218C218C21058
:10F84000C218C218C210C218C318A210A210C2183F
:10F85000E318E318E318A210A210C3108208A2084C
:10F86000CC52B7ADD8ADF8AD19B6F8ADB7A5F8AD77
:10F870007ABEFCCE1CD7DBCE18B6D7AD38BEFBD6D1
:10F880009EE7DFF7FFFFFFFFFFFFFFFFFFFFFFFF29
:10F89000FFFFFFFFFFFFFFFFFFFFFFFFFFFFFFFF78
:10F8A000FFFFFFFFFFFFFFFFFFFFFFFFFFFFFFFF68
:10F8B000DFFFDFFFFFFFFFFFFFFFFFFFFFFFFFFF98
:10F8C000FFFFFFFFFFFFFFFFFFFFFFFFFFFFFFFF48
:10F8D000FFFFFFFFFFFFFFFFFFFFFFFFFFFFFFFF38
:10F8E000FFFFFFFFFFFFFFFFFFFFFFFFFFFFFFFF28
:10F8F000FFFFFFFFFFFFFFFFFFFFFFFFDFFFBFFF78
:10F90000BEF7DEF7FFFFFEFFFFFFFFF7DFF77CBE6E
:10F91000AF3AED19133BF74B585C95432F12AE01EC
:10F920003012CE09AD098C096B094B014B014C011A
:10F930006D098D09AE11AE11AD118C094A09290965
:10F9400009094A112A11291109094A096B096B0988
:10F950008A09AA194A3A139D35CE14CE35DE55E6EA
:10F9600076E697E6B7E6D8E6F8EEF8EEF8F619F799
:10F9700019F71AF739F739F75AF75BF75BF77BF79F
:10F980007BF77BF75BF75BF75BF75AF75AF75AF7AA
:10F990005AF75BF75AF75AF75AEF3AEF3AEF39EF5F
:10F9A00019EFF8EEF9EED8E6D9E6D9DEB9D63CE79C
:10F9B0005EEF5EE79FEF9FEFBFF7DFF7DFF7DFFF59
:10F9C000DFFFFFFFFFFFFFFFFFFFFFFFFFFFDFFF87
:10F9D000BEF73CE7DBDEBAD6B9DEFADE1AE73BEF6C
:10F9E0003BEF5BEF7CF79CFF9CF79CFF9CFF9CFF31
:10F9F0009CF7BCF7BDFFBDFFBDFF9DF79DF77CF7F2
:10FA00007CF77CF77CF77CF7BDFFBDFFDEFFFFFFD7
:10FA1000FFFFFFFFFFFFFFFFFFFFFFFFFFFFDFFF16
:10FA2000FFFFDFFFFFFFFFFFFFFFFFFFDFFFFFFF26
:10FA3000BFF79EEF9EF77EEF1DD79BBE15852D3B32
:10FA4000EB224D2B4D234D1B4D1B6E1B6E1B6E1B56
:10FA50006E1B8E238E238E238E238E238E236E2366
:10FA60008E1B8E238E238E1B6E1B6E1B8E1B6E1B9E
:10FA70006E238E238F238E23C942E62944216421DD
:10FA800044214319272A2A434B3BE92AC932682AD1
:10FA9000A932893A072A88322B3B2B33C932272ACD
:10FAA000852143210321E318C218C218C318C218C4
:10FAB000C218C218C218A110A210C218C218C210CF
:10FAC000C218C218A210C218E218C218A210C21896
:10FAD000C318E318E318C218A210C3108208A208C2
:10FAE000EC52F8ADF8ADF8AD19B6F8ADD7A5F8AD54
:10FAF00039B6BBC61DD71CD7DBCE79BEF7B5B7ADBF
:10FB0000F8B59ACE5DDFBEEFBEEFDFF7FFF7FFFF80
:10FB1000FFFFFFFFFFFFDFF7FFFFFFFFFFFFFFFF1D
:10FB2000DFFFFFFFFFFFDFFFDFFFFFFFFFFFFFFF45
:10FB3000FFFFFFFFFFFFFFFFFFFFFFFFFFFFFFFFD5
:10FB4000FFFFFFFFFFFFFFFFFFFFFFFFFFFFFFFFC5
:10FB5000FFFFFFFFFFFFFFFFFFFFFFFFFFFFFFFFB5
:10FB6000FFFFFFFFFFFFFFFFFFFFFFFFFFFFFFFFA5
:10FB7000FFFFFFFFFFFFFFFFDFFFFFFFFFFFDFFFD5
:10FB8000BEF7BEF7DEF7FFFFFFFFDFF7FFFFFFF770
:10FB900037952C22702A343B585CF64B50120F0AD2
:10FBA0000E0AAD014B016B096B094A094B094B0168
:10FBB0004B016C098D118D118C118C116A09290969
:10FBC0000809291108110809290929016B01AC0943
:10FBD000CC11EB21AC4275A536CE14D655DE76E6B7
:10FBE00076E697E6B7E6F8E6F7EEF8EEF8F619F7F8
:10FBF0001AF71AF739F759F75AF75AF75AF75BFF16
:10FC00005AF75AF75BF75BF75AF75AF73AF73AF7AA
:10FC10003AF75AF73AF73AF75AEF3AEF3AEF39EF3D
:10FC200019EFF8EEF8EED8E6B8DEB9DEB9D63CE763
:10FC30005EEF7EEF9FEFBFEFBFF7DFF7DFF7DFF796
:10FC4000DFFFFFFFFFFFDFFFFFFFFFFFDFFFDFF74C
:10FC50007DEFBADE59CE99D6FAE63AEF5BEF5BF765
:10FC60005BEF5BEF7BF77BF79CF79CFF9CFF9CFFB8
:10FC70009CFF9CFFBCFFBCFFBDFFBDFF9DFF9CFF29
:10FC80009CF77CF77CF75CEF5CF77CF79CF7BDF7A3
:10FC9000DEFFFFFFFFFFFFFFFFFFFFFFFFFFFFFF95
:10FCA000FFFFFFFFFFFFFFFFFFFFFFF7DFF7FFF79C
:10FCB000BFF79FEF9FEF7EE7FCCE9BBED474EC2A8C
:10FCC0000C236D236D236D236D1B6E1B6E1B6E1B32
:10FCD0006E1B8E1B8E1B8E1B6E1B8E238E238E2304
:10FCE0008E238E238E236E1B6E1B8E1B8E236E1B0C
:10FCF0008E1B8E238E238E1BA942E629242164218C
:10FD000044192311472A4B434B3B092BC92A882A04
:10FD1000CA3A8932472ACA322B332B33CA32272AAE
:10FD20006421232103212321C218C218C318C21839
:10FD3000C218E218E218A210A210C218A210A21053
:10FD4000C218C218A210C218E318C218C210C210FA
:10FD5000C318E318E318C318C210C2108208A3081E
:10FD60000C5318B619B618AE18AE19AE19B618AEAF
:10FD7000F8AD59BEDBCEFCCE3DD73DDFDBCE18B6AD
:10FD800096A575A5B6ADF8B59ACEFBD65DE77DE72D
:10FD90007DE77EEF9EEFBFF7BFF7BFF7BFF7BFF777
:10FDA000BFF7DFF7DFF7DFF7BFF7BFF7DFFFDFFFF3
:10FDB000FFFFFFFFFFFFFFFFFFFFFFFFFFFFFFFF53
:10FDC000FFFFFFFFFFFFFFFFFFFFFFFFFFFFFFFF43
:10FDD000FFFFFFFFFFFFFFFFFFFFFFFFFFFFFFFF33
:10FDE000FFFFFFFFFFFFFFFFFFFFFFFFFFFFFFFF23
:10FDF000FFFFFFFFFFFFFFFFFFFFFFFFFFFFFFFF13
:10FE0000DEF79DEF9EEFDFF7FFFFDFFFFFFFDFF77E
:10FE10009FE7F2630D22133B5854174CB21A0F029E
:10FE2000CE01AD016B014A094A094A094A094A094A
:10FE30004A094B094B094B116B116B098A1149098E
:10FE40004909E70808090809490949018B09ED1121
:10FE50004D228D326F5BB6AD56D635D656E676E678
:10FE600097E6B7E6D7E6F8E6F7EEF8EEF8EE19F71C
:10FE700019F71AF739F759F75AF75AF75AF75AF79D
:10FE80005AF75AF75BF75BF75BF75AF73AF73AF727
:10FE90005AF75AF73AF73AF75AEF3AEF3AEF19EFBB
:10FEA00019EFF8EEF8EED8E6B8DEB9DEB9D63CE7E1
:10FEB0005EEF7EEF9FEFBFEFBFF7DFF7DFF7FFFFEC
:10FEC000DFFFFFFFFFFFFFFFFFFFFFFFBEF73CE786
:10FED000DADE79D699D6FAE61AE71AEF3AEF5AEF50
:10FEE0007BF77BF77BF79BF79BF79CFFBCFF9CFFA7
:10FEF0009CFF9CFFBCFFBCFFBCFFBCFFBDFFBCFF69
:10FF00009CFF9CFF9CFF9CFF7BF77CF73BEF3BEF4C
:10FF10007CF7BDFFFEFFFEFFFEFFFFFFFFFFFFFFC1
:10FF2000FFFFFFFFFFFFFFFFFFF7FFF7DFF7DFF741
:10FF3000BFF79FEF9FEF7EE7FDD69BBED474EC2A00
:10FF40000C1B4C1B4D1B6D1B4D1B6E1B4D1B4D1B72
:10FF50006E1B8E1B8E1B6E1B6E1B8E238E238E23A1
:10FF60008E238E238E236E1B8E1B8E238E236E1B61
:10FF70006E1B8E1B8E1B6E1B6842A52924214421FB
:10FF800044196419682A6C436B3B0A33E932C9325D
:10FF90002A3BA93268224B3B2B2B2B2BCA32072A38
:10FFA00044212321032123190319E318E318C3185B
:10FFB000C218E318E218C210A210A210A210C210B8
:10FFC000E318E218C210C218E318E218C218A2100F
:10FFD000C218E318E320C218A210C2108208A208B7
:10FFE0000C5318B639B619B6F8AD39B67ABE39B66B
:10FFF000D8AD19B69BC6FCCE1DD73DD73DD73CD753
:020000040804EE
:10000000DBCE18BE75A5349D76A5D7B539C69ACE78
:10001000BBD6DBD6FCDE3DE75DE77EE77EEF9EEFFD
:100020009FEF9FF79FF7BEF7BEF7BFF7BFF7DFFF62
:10003000DFFFFFFFFFFFFFFFFFFFFFFFFFFFFFFFF0
:10004000FFFFFFFFFFFFFFFFFFFFFFFFFFFFFFFFC0
:10005000FFFFFFFFFFFFFFFFFFFFFFFFFFFFFFFFB0
:10006000FFFFFFFFFFFFFFFFFFFFFFFFFFFFFFFFA0
:10007000FFFFFFFFFFFFFFFFFFFFFFFFFFFFFFFF90
:10008000FFFFBDEF7DEF9EEFFFFFDFFFDFFFFFFF15
:10009000FFF7BCC6F042B132D74B194CD322CE0188
:1000A0000F0ACE09AC092A0129092809280948099B
:1000B00048094809280928094A094A096A094909D1
:1000C000490908090809080948096909AB11ED1926
:1000D0008E322F4B527CF7BD36CE35D656E676E6BD
:1000E00097E6B7EED7E6F7EEF7EEF7EEF8EEF9F6AD
:1000F0001AF719EF39F739F75AF75AF75AF75AF743
:100100005AF75AF75AF75AF75BF75AF75AF75AF766
:100110005AF75AF75AF75AF75AEF3AEF3AEF19EFF8
:1001200019EFF8EEF8EED8E6B8DEB9DEB9D63CE75E
:100130005EEF7EEF9FEFBFEFBFF7DFF7DFF7FFFF69
:10014000DFFFDFFFDFFFFFFFDFFFFFFF3CE758CEF2
:1001500038C678D6D9DE1AE73AEF1AEF1AEF5AEF17
:100160007BF77BF79BF79BFF9BFF9CFFBCFF9CFFF4
:100170009CFFBCFFBCFFBCFFBCFFBCFFBCFFBCFFC7
:100180009CFF9CFF9CFF9CFF9CFF7BF75BF75BEF5A
:100190003BEF1BE75BEFBDFFDEFFFEFFFFFFFEFF58
:1001A000DEFFFFFFFFFFFFFFFFF7DFF7DFF7DFF700
:1001B000BFEFBFEF9FEF7EE71DD77AB6936CEC2AB7
:1001C0000C1B4C1B4D1B4D1B4D1B4D1B4D1B4D1B31
:1001D0006D1B8E1B8E1B6D1B6E1B8E238E238E2321
:1001E0008E238E238E238E1B6E1B8E238E1B6E1BE7
:1001F0006E1B6E1B8E1B6E1B273A8429242123192C
:100200002419A52188328C436B3B0A33E932EA3248
:100210002B3BC92AA9228C3B6B2B2B2BA932E6291D
:10022000442123210321021903190319C318A21819
:10023000A218C2180219C210A210A210A110C2184E
:10024000E318E318C218C218E318E318C218A21082
:10025000A218E318E320C318A210C2108208A20853
:100260000C5318B619B619B618AE5AB69BBE5AB684
:10027000F8ADF8AD39B6BBC61CCF3DD75EDF9EE703
:100280009FE75DDFBBCE59BEB7AD96AD96ADF8BD6D
:1002900059C69ACEBBD6DBD61CDF3DE77EE77EEFA4
:1002A0007EEF9EEF9FEF9EEFBFF7BFF7DFF7DFFF19
:1002B000DFFFDFFFDFFFDFFFFFFFFFFFFFFFFFFFCE
:1002C000FFFFFFFFFFFFFFFFFFFFFFFFFFFFFFFF3E
:1002D000FFFFFFFFFFFFFFFFFFFFFFFFFFFFFFFF2E
:1002E000FFFFFFFFFFFFFFFFFFFFFFFFFFFFFFFF1E
:1002F000FFFFFFFFFFFFFFFFFFFFFFFFFFFFFFFF0E
:10030000FFFFFEFF9DEF1CDFBFEFFFFFBFF7DFF733
:10031000FFF7FFEF58956F2A343B7A5C142B1002DD
:100320000F02EE09AD094B092909280928092701FF
:1003300007010709E708E708080129012801490121
:1003400049016A094911280949098A11CC110C1A75
:100350000C2AAD42938C37C636D635D656E677E6AC
:1003600097EEB8EED7E6F7E6F7EEF7EEF8EEF9F629
:100370001AF719EF39F739F73AF73AF75AF75AF700
:100380005AF75AF75AF75AF75BF75AF73AF73AF724
:100390005AF75AF73AF73AF75AEF3AEF3AEF19EFB6
:1003A00019EFF8EEF8EED8E6D9DEB9DEB9D63CE7BB
:1003B0007EEF7EEF9FEFBFEFBFF7DFF7DFF7FFFFC7
:1003C000DFFFDFFFDFFFFFFFDFFFDFFFDBDEF7BD6C
:1003D00017C6B9D6D9DED9E65AEF5BF75AF75AEF06
:1003E0005AF77BF79BF77BF79BF79CFF9CFF9CFFE3
:1003F0009CFF9CFFBCFFBCFFBCFFBCFFBCFFBCFF65
:100400009CFF7BFF7BF77BF79BFF7BFF7BFF7BF7F3
:100410005BF73AEF1AE73BEF7CEFBDF7FEFFFFFF1C
:10042000FEFFFFFFFFFFFFFFFFFFDFF7BFF7BFF795
:10043000BFEF9FEF9FEF5EE71DD75AAE936C0C2B7B
:100440000C1B2C1B4D1B4D1B4D1B4D234E234D1BBD
:100450006D1B8E1B8E1B8E1B8E1B8E238E238E235D
:100460008E1B8E238E236E1B6E1B6E1B6E1B4D1BF5
:100470006E1B8E1B8E236E1BC6396429242103211B
:100480004421E629C9326B434B3B2A33E9320A3314
:100490002B3BC92AE92AAC3B8C2B2B23892AE62942
:1004A000642923212319021903190319C318A21857
:1004B000A218C218E210C110C210C210A210C218B5
:1004C000E318E218C210C218E318E318C218A21009
:1004D000A218E3200321C318A210C318A210A3106E
:1004E0000C5B18B639B619B639B67ABE9ABE5ABE82
:1004F00039B6F8ADF8AD59B6BBC61DD75EDF7EDFA5
:100500009EE7BFEF9EEF7EE71CDF7AC6F8BDD7B54A
:1005100039C69ACEBBD6DBD61DDF5EE77EEF9FEFF6
:100520009FEF9FEF9FEF9EEFBFF7DFF7DFF7FFFF34
:10053000DFF7DFF7DFFFFFFFFFFFFFFFFFFFFFFF3B
:10054000FFFFFFFFFFFFFFFFFFFFFFFFFFFFFFFFBB
:10055000FFFFFFFFFFFFFFFFFFFFFFFFFFFFFFFFAB
:10056000FFFFFFFFFFFFFFFFFFFFFFFFFFFFFFFF9B
:10057000FFFFFFFFFFFFFFFFFFFFFFFFFFFFDFFFAB
:10058000DFFFFFFFDEEF3CDFFCDEFFF7FFFFDFF703
:10059000FFF7FFEF9FDF556CF33A395C963B911202
:1005A000EE010F0AAD098D114B114A1128090709F7
:1005B0000709E708C710E71007012801480189016A
:1005C0008A09AB116A1129096A098B11AC11CB197F
:1005D000AA192A3AB29416CE56D635DE76E697EEAA
:1005E00097EEB8EED7E6D7E6F7EEF7EEF8EEF9F6C7
:1005F0001AF719EF39F739F73AF73AF75AF75AF77E
:100600005AF75AF75AF75AF75AF73AF73AF73AF7C2
:100610003AF73AF73AF73AF75AEF3AEF3AEF19EF73
:1006200019EFF8EEF8EED8E6B9E6B9DEB9D63CE750
:100630007EEF7EEF9FEFBFEFDFF7DFF7DFF7DFF74C
:10064000DFFFBFF7DFFFDFFFDFFF9EF7BAD6F7BDA3
:1006500058CED9DEF9E6F9E63AEF5AEF5AF75AF7EB
:100660005AF77BF79CFF9BFF9BFF9CFFBCFFBCFFE7
:10067000BCFFBCFFBDFFBCFF9CFFBCFFBCFFBCFFC1
:100680009CFF9CFF9BFF9BFF7BFF9BFF7BF77BF708
:100690007BF77BF73BEF1AE71AE73BEF7CF7FEFFB0
:1006A000FFFFFFFFFFFFFFFFDFF7DFF7BFF7BFF73A
:1006B0009FEF9FEF7FE71DDFFDCE3AAE72640C2BFC
:1006C0000C1B0C132C1B2C1B2D1B4D234E234D1BC5
:1006D0006D1B8E1B8E1B8D1B8E1B8E238E236E1B04
:1006E0006E1B8E238E236E1B6D1B6E1B6E1B4D1B94
:1006F0006D1B6E1B8E1B6E1B65314429032124214B
:100700008521272A0A3B6B3B6B3B4B33E92A0A3393
:100710000A33EA2A0A2BCD3B8C2B0A23892AE729A4
:10072000652923212319231923190319E318A21872
:10073000A218C218E210C210C210C218C210C21809
:10074000E218C218C210E218E318E318E218A21067
:10075000C21803210421E318C218E318A310C31020
:100760002D5B39BE5ABE59B67ABE7ABE7ABE5AB62B
:100770005ABE39B6D8AD19B65ABEBBC61DD75EDF54
:100780009EE7BFEFDFF7FFF7DFF79EEF1CDFBBD67B
:100790009ACE9ACEDBD6FCDE3DE75EE79EEF9FEF7A
:1007A0009FEF9FEF9FEF9EEFDFF7DFF7FFFFFFFF6A
:1007B000FFFFFFFFFFFFFFFFFFFFFFFFFFFFFFFF49
:1007C000FFFFFFFFFFFFFFFFFFFFFFFFFFFFFFFF39
:1007D000FFFFFFFFFFFFFFFFFFFFFFFFFFFFFFFF29
:1007E000FFFFFFFFFFFFFFFFFFFFFFFFFFFFFFFF19
:1007F000FFFFFFFFFFFFFFFFFFFFFFFFFFFFFFFF09
:10080000DFFFFFFFFFFF9EEFFCD65DE7DFF7FFFF97
:10081000FFF7FFF7FFF7FEC6B453B653585CB2229A
:100820000F0A2F0ACE096D016C094B094A092909E3
:1008300028090809E810091129096901AB09CB0940
:10084000EC118B096A09290929098A118A114911B0
:100850008821AB5294B5F5CD35D635D656E677E638
:1008600097EEB8EED7E6D7E6F7EEF7EEF8EE19F723
:100870001AEF19EF39F739F75AF73AF75AF75AF7E3
:100880005BFF5AF75AF75AF73AF73AF73AF73AF757
:100890003AF73AF73AF73AF75AEF39EF39EF19EFF3
:1008A00019EFF8EEF8EED8E6B8DEB9DEB9D63CE7D7
:1008B0007EEF7EEF9FEFBFEFDFF7BEF7BFF7DFF70B
:1008C000DFFFBFF7BFF7DFFF9EF75DEF99D637C6B3
:1008D00098D6F9E6F9E61AEF3AEF3AEF5AF77BF7CE
:1008E0007BF77BF77BF77BFF9BFF9CFFBCFFBCFF8D
:1008F000BCFFBCFFBDFFBCFFBCFF9CFF9CFFBCFF5F
:100900009CFF9CFF9BFF9BFF9BFF5BF75AF77BF7CE
:100910007BF75AF73AEF5AF71AEFFAE6FAE67CF75E
:10092000BEFFFFFFDFFFFFFFDFF7DFF7BFF7BFF718
:100930009FEF9FEF7EE71DD7FDCE3AAE315CCB2215
:100940002C232C1B0C130C132D1B4D1B4D234D1B4B
:100950004D1B6D1B8E1B8D1B6E1B8E1B8E1B6E1BF2
:100960006E1B8E238E236E1B6E1B8E1B8E1B6D1BB0
:100970006D1B8E1B6E1B4D1B8431442923212319B3
:10098000C629A93A0A3B6B3B4B332A2B0A330A335D
:10099000EA2AE92A8B2BAC2B8C2B2A2BA92A062A94
:1009A000852123212319231923192319E318C21898
:1009B000C218C218E218C210C218E218C218A21057
:1009C000C218C218C218C210E31803190319C318B9
:1009D000C318E32004210321C218C218C31004194C
:1009E0008E6B7AC65ABEBBC67ABE5AB67ABE9BBE5C
:1009F0007ABE18AE18AE7ABE39B639BEBBCE3CD779
:100A00005DDF7EE7BFEFDFF7FFFFFFFFFFFFBFF711
:100A10007EEF3DE71CDFDBDE3DE75DE79EEFBFF7E6
:100A2000BFF7BFF7BFF7DFF7DFFFFFFFFFFFFFFFF6
:100A3000FFFFFFFFFFFFFFFFFFFFFFFFFFFFFFFFC6
:100A4000FFFFFFFFFFFFFFFFFFFFFFFFFFFFFFFFB6
:100A5000FFFFFFFFFFFFFFFFFFFFFFFFFFFFFFFFA6
:100A6000FFFFFFFFFFFFFFFFFFFFFFFFFFFFFFFF96
:100A7000FFFFFFFFFFFFFFFFFFFFFFFFFFFFFFFF86
:100A8000DFFFDFFFFFFFDFF73CE79ACE5DE7FFFF09
:100A9000DFF7DFF7FFF7FFEFFAA5724BB86CF33221
:100AA000100A310A100A8E018D016C096B096A095E
:100AB00029092A094B114B096B09AC090E124F2267
:100AC0004F222A012A09E80808112811281147197C
:100AD00087292C63F5C515D635D656DE56DE77E662
:100AE00097E6B8EEB7E6D7EEF7EEF7EEF8EE19EFC9
:100AF0001AF73AF73AF73AF75AF75AF75AF75AF70E
:100B00005AF75AF75AF75AF75AF75AF73AF73AF79D
:100B10003AF73AF73AF73AF73AEF3AEF19EF19EFAF
:100B200019EFF8EEF8EED8E6D8E6B9DE99D65CE72C
:100B30007EEF7EEF9FEFBFF7DFF7BEEFBFF7DFF788
:100B4000BFF7BFF7BFFF9FF77EF71BE737CE57CE44
:100B5000B8DED9E6F9E65AEF5AEF5AEF5AF77BF7C3
:100B60007BF77BF79BF79CFF9CFFBCFFBCFFBCFFA8
:100B7000BCFFBCFFBCFFBCFFBCFFBCFFBCFF9CFFBD
:100B80009CFF9CFF9CFF9BFF9BFF9BFF9BFF7BFFB2
:100B90005AF75AF75AF73AEF3AEFF9E6D9DEB9DEE3
:100BA0003BEFBDF7FFFFFFFFDFF7DFF7BFF7BFEF5B
:100BB0009FEF9FEF5EE7FDD6FCC63AA6315CCC22E4
:100BC0000C1B2D1B2C134D1B4D1B4D1B4D1B4D1B6F
:100BD0006D1B6D1B8E1B6E1B6D1B6E1B8E236E2380
:100BE0006E238E236E236E1B8E1B8E1B6E1B4D136E
:100BF0004D136E1B8E1B8E1B4429432944216421F7
:100C0000062A0A436B3B8B3B6B332A2B0A330A338E
:100C1000EA2A0A2B8B2BAC2B8B2B2A2B882AE62932
:100C2000642124212319031923192319E318C21855
:100C3000A218C218E218C210C210C210C210A2102C
:100C4000A210C218C218C210C21803190321E31857
:100C5000E318E318E320E320C218E318C3180419CB
:100C6000F0737AC65ABEBBC69BBE7ABE7ABE9ABE27
:100C70007ABE39B618AE59B659BE39BE59BE9AC6F3
:100C8000FCD63DDF7EE79EEFDFF7FFFFFFFFFFFFB4
:100C9000FFFFDFFFBFF77EEF7EEF9EF7BFF7BFF7E7
:100CA000BFF7BFF7DFFFDFFFDFFFDFFFFFFFFFFF64
:100CB000FFFFFFFFFFFFFFFFFFFFFFFFFFFFFFFF44
:100CC000FFFFFFFFFFFFFFFFFFFFFFFFFFFFFFFF34
:100CD000FFFFFFFFFFFFFFFFFFFFFFFFFFFFFFFF24
:100CE000FFFFFFFFFFFFFFFFFFFFFFFFFFFFFFFF14
:100CF000FFFFFFFFFFFFFFFFFFFFFFFFFFFFFFFF04
:100D0000FFFFFFFFDFFFDFFFDFF759C69ACEBEF719
:100D1000DFFFFFFFDEFFFFF7DFE7F684976CF332BC
:100D2000F009100A100AEF01AD01AC098C094B095A
:100D30006B094B094B098C098C09CD09EE11702AFE
:100D4000EE190A01E908E808C708481968212619B8
:100D50004521AD7BD5C515D635DE76E676E697E638
:100D600098E6B8EEB7EEF7EEF7EEF7EE18EF19EFFC
:100D700039EF3AF73AEF5AF75AF75AF75AF75AF75C
:100D80005AF75AF75AF75AF75AF73AF73AF73AF73B
:100D90003AF73AF73AF73AF73AF739EF19EF19EF26
:100DA00019EFD8EEF8EED8E6D8E6B8DE99D63CE7EB
:100DB0007EEF9EEF9FEF9FEF9EEFBEF7BFF79FEF97
:100DC0009FF79FF79FF79EF75DEF99D637CE98D69E
:100DD000D9DEF9E619EF3AEF5AF75AF75BF77BF7E6
:100DE0007BF79BF79BFF9CFF9CFFBCFFBCFFBCFFFE
:100DF000BCFFBCFFBCFFBCFF9CFF9CFF9CFF9BFF9C
:100E00009BFF9CFF9CFF7BF79BFF9BFF9BFF7BFF58
:100E10005AF75AF739F739F719EF19EF19E7D9DE09
:100E200098DED9DE7CEFFFFFDFF79EEFFFF79EEF46
:100E3000BFEF7EE73EDF3DD71DCF39A6F053AB2293
:100E4000EC222D232C132D134D1B4D1B4D1B4D1B25
:100E50006D1B6D1B8E1B6E1B6D1B8E1B8E236E23DD
:100E60006E238E236E236E1B6E1B6E1B6E1B4D132B
:100E70004D136D136E1B8E1B442944296429842154
:100E8000472A6B43CC436B334B330A2B0A330A3369
:100E9000EA2A2A2BAC2BAC238C2B2A2B882AE6217E
:100EA000642124210321021903190319E318C3182B
:100EB000C218C218C210C210C210C210C218A210AA
:100EC000A218C218E218C218C21803190321031984
:100ED000E318C318C318E320C2180321E318041948
:100EE00072847AC67ABEDCC6BBC69BBE7ABE7ABEA8
:100EF0007ABE39B618B639B659BE39B638B659BE03
:100F00009AC6FCD63CDF5DE79EEFBFEFDFF7DFF769
:100F1000FFFFFFFFFFFFFFFFDFFFDFFFDFFFBFF789
:100F2000BFF7DFFFDFFFDFFFDFFFFFFFFFFFFFFF99
:100F3000FFFFFFFFFFFFFFFFFFFFFFFFFFFFFFFFC1
:100F4000FFFFFFFFFFFFFFFFFFFFFFFFFFFFFFFFB1
:100F5000FFFFFFFFFFFFFFFFFFFFFFFFFFFFFFFFA1
:100F6000FFFFFFFFFFFFFFFFFFFFFFFFFFFFFFFF91
:100F7000FFFFFFFFFFFFFFFFDFFFDFFFDFFFFFFFE1
:100F8000FFFFDFFFDFFFDFFFFFFF1CE759CEFBDEC8
:100F9000BEF7DFFFFFFFDFF7FFEF5ED7B67C323B28
:100FA000301A1012EF09CD01AC018B016B016A01FF
:100FB0008B096A018A09AB094A018B098B092E2228
:100FC0002A09A800C7000811E71068214719A308DB
:100FD0004521709415CE14D635DE75DE76DE97E6A3
:100FE00097E6B8E6D7EEF8EEF8EE18EF18EF19EF3F
:100FF00039EF3AF73AF75AF75AF75AF75AF75AF7D2
:101000005AF75AF75AF73AF73AF73AF73AF73AF7F8
:101010003AF73AF739F73AF739F739EF19EFF8EEC7
:1010200018EFF8EEF8EED8E6D8E6B8DE99D63CE749
:101030009EEF9EEF9FEF9FEF9EEFDFF7BFF79FEFD3
:101040009FF79FF79FF79EF71CE737C637CEB8DEAE
:10105000D9E6F9E63AEF3AEF5BF75BF77BF77BF718
:101060009BF79BFF9CFFBCFF9CFFBCFFBCFFBCFF32
:10107000BCFFBCFFBCFFBCFF9CFF9CFF9CFF9BFF19
:101080009BFF9CFF9BFF7BF77BF79BFF7BFF5AF748
:101090005AF75AF73AF739F719EF19EFF9EED9E697
:1010A00077D657D6DADE9DF7FFFFDEF7DFF79EEF44
:1010B000BFEF7EE73EDF3DD71DC739A6F053AB2219
:1010C0000C234D232D1B2D134D1B4D1B4D1B4D1B59
:1010D0004D1B6E1B6E1B6E1B6E1B8E238E236E1B99
:1010E0006E1B6E236E234D1B4D1B6E1B6E1B6D13F3
:1010F0006D136D136E1B8E1B853144298421A52130
:10110000682A8C43AC3B6B2B4B2B0A2B0A330B33DB
:101110000A2B6B2BED33AC236B230A2B882AC621B9
:10112000642124210321E218E2180319E318C318EB
:10113000C218C218C210C210C210E218C218C218D7
:10114000C218C218E218C218E31803190319E318E9
:10115000C318C318C318C318A2100319A310041985
:10116000B28C9AC6BBC6FCCEDCCEBCC69BBE9BBEB8
:101170009ABE5AB639B618B638B639B638B639BE88
:101180007AC6BAC6DBD63DDF7DE79EEF9EEF9EEFC7
:10119000DFF7FFFFFFFFFFFFFFFFFFFFFFFFDFFFA7
:1011A000DFFFDFFFDFFFDFFFDFFFDFFFFFFFFFFF0F
:1011B000FFFFFFFFFFFFFFFFFFFFFFFFFFFFFFFF3F
:1011C000FFFFFFFFFFFFFFFFFFFFFFFFFFFFFFFF2F
:1011D000FFFFFFFFFFFFFFFFFFFFFFFFFFFFFFFF1F
:1011E000FFFFFFFFFFFFFFFFFFFFFFFFFFFFFFFF0F
:1011F000FFFFFFFFFFFFFFFFFFFFFFFFDFFFFFFF1F
:10120000FFFFFFFFFFFFFFFFFFFFDEFF17C6D7BD9A
:101210001CE77DEFDFFFFFFFFFEFFFEF7CB6114321
:101220007022501ACD09ED090D128A018A018A092E
:1012300049014901A909A9094801AB19EC194E2A2C
:101240000801C700C708071148192719C508E41085
:101250004842F2A456D614D635D655DE76DE77E669
:1012600097E6B8EED7EEF8EE18EF18EF18EF19EF93
:1012700039EF3AF73AF75AF75AF75AF75AF75AF74F
:101280005AF75AF75AF73AF73AF73AF73AF73AF776
:101290003AF73AF739F73AF739F739EF19EFF8EE45
:1012A00018EFD8EEF8EED8E6D8E6B8DE99D65CE7C7
:1012B0009EEF9EEF9FEF9FEFBFF7BFF7BFF7BFF720
:1012C0009FF79FF77EF77EF7BADEF7C558D6B9DEEF
:1012D000D9E6F9E63AEF3AEF7BF77BF77BF77BF756
:1012E0009BF79BFF9CFFBCFFBCFFBCFFBCFFBCFF90
:1012F000BCFFBCFFBCFFBCFF9CFF9CFF9CFF9BFF97
:101300009BFF9CFF9BFF9BFF7BF77BF75AF75AF7EE
:101310005AF75AF75AFF5AFF39F719EFD8E6F9E6A4
:10132000B8DE77D657D698D6BEF7FFFFBEEF9EEF52
:101330009EE77EE75EDFFDCE1DC739A6F053CB22C8
:101340000D232D232D1B2D132D134D1B4D1B4D1B1D
:101350004D1B6E1B6E1B6E1B6E1B8E238E236E1B16
:101360006E1B6E236E234D1B4D1B6E1B6E1B6D1B68
:101370006D136D1B8E1B8E1BC63944218521E62102
:10138000A82A8C3BAC336B2B4B2B0A2B2B3B2B3BD8
:101390000A2B8C330D34CC234B230A2B682AC6210D
:1013A000642124210321C218E21003190321E31848
:1013B000C218C218E210C210C210C218C218C21855
:1013C000C218C218C218C218E318E3180319E318A8
:1013D000E318E318E318C318A210C318820804190D
:1013E000928CBBCEDCCE1DCF1DCFFDCEDCC6BBC6E6
:1013F000BBC67ABE39B639B638B638B618B638B6BE
:1014000059BE59BE9AC6FCD63CDF7DE79EE79EEFEB
:10141000BFEFDFF7DFF7FFFFFFFFFFFFFFFFFFFF7C
:10142000FFFFFFFFFFFFDFFFDFFFDFFFDFFFFFFF4C
:10143000FFFFFFFFFFFFFFFFFFFFFFFFFFFFFFFFBC
:10144000FFFFFFFFFFFFFFFFFFFFFFFFFFFFFFFFAC
:10145000FFFFFFFFFFFFFFFFFFFFFFFFFFFFFFFF9C
:10146000FFFFFFFFFFFFFFFFFFFFFFFFFFFFFFFF8C
:10147000FFFFFFFFFFFFFFFFDFFFDFFFFFFFFFFFBC
:10148000FFFFFFFF9DF73CEFDADE99D6B6BDD29C99
:1014900018C65DEFBEFFDFFFFFF7DFEFFFEFB67CA3
:1014A0006E2AB02A6F222E1A6D22EB11CB110C1A64
:1014B000AA11CA110A1A2A1A0A226C32AD3A2C2A27
:1014C000E700A600071148192719C5082619E831B1
:1014D0006D6B94B536D614CE55DE75DE96E697E67E
:1014E000B8E6D8EED8EEF8EE18EF18EF18EF19EFCF
:1014F0001AF73AF73AF73AF73AF75AF75AF75AF724
:101500005AF75AF73AF73AF73AF73AF75AF75AF7D3
:101510003AF739F739F739F739EF39EF19EFF8EECC
:10152000F8EED8EEF8EED8E6D8E6B8DEB9DE5CEF35
:101530009EEF9EEF9FEF9FEFBFEF9FEFBFF7BFF7CD
:101540009FF79FF77EF7FBE658CE17CEB9DED9E6B8
:10155000F9E61AEF3AEF5BF77BF77BF77BF77BF760
:101560009BF79BFF9CFFBCFFBCFFBCFFBCFFBCFF0D
:10157000BCFFBCFFBCFFBCFF9CFF9CFF9CFF9BFF14
:101580009BFF9CFF9BFF9BFF7BFF7BFF5BFF5AF753
:101590003AF75AF75AFF5AFF19F7F8EED7EED8EE96
:1015A000B7E697DE36CEF6C5DADEBEF7BEF7BEEF9B
:1015B0005EDF7EDF5EDFFDCE1DC739A6F053CB2296
:1015C0000D232D1B2D1B0C132D1B4D1B4D1B4D1BBC
:1015D0004D1B6E1B6E1B6E1B6E1B8E238E236E1B94
:1015E0006E1B6E236E234D1B6E1B6E1B6E1B6D1BC5
:1015F0006D136E1B6E1B8E1BC6314421C629472AF4
:10160000E92AAC3BAC2B8B2B6B2B4B334C3B2B335A
:101610002B2BAC330D2CAC232B23EA2A682AC629AA
:10162000642924210321E218E21803190321E31895
:10163000C218E218E218C210C210C218C218C210B2
:10164000C218C218C218C218E218E318E318031926
:1016500003210321E318C318A210C2106208041961
:10166000928CDBCEFCCE1DD71DD71DD7FCCEDCC6A1
:10167000BBC67ABE39B638B618B618AE18AE38B68C
:1016800059BE38B659BE7AC6BACEFCD65DDF7DE704
:101690009EEF9EEF9EEFBFF7FFFFFFFFFFFFFFFFF5
:1016A000FFFFFFFFFFFFFFFFFFFFFFFFFFFFFFFF4A
:1016B000FFFFFFFFFFFFFFFFFFFFFFFFFFFFFFFF3A
:1016C000FFFFFFFFFFFFFFFFFFFFFFFFFFFFFFFF2A
:1016D000FFFFFFFFFFFFFFFFFFFFFFFFFFFFFFFF1A
:1016E000FFFFFFFFFFFFFFFFFFFFFFFFFFFFFFFF0A
:1016F000FFFFFFFFFFFFFFFFFFFFFFFFFFFFBEF743
:101700007DEF3CEF1BE7DADE1BE71BE799DE75B5E3
:1017100095B599D67DF7DEFFDFF7DFF7FFF75FD7E7
:1017200091538E32103B8E2AAE326D2A4C2A4C2AAF
:101730004C2A4C226B2AAC328C3ACD4AEE4AA92173
:10174000A500A500271168218821A8216A42CB5253
:10175000AE7B16C615CE14CE75DE96DE97E697E6FE
:10176000B8E6D8EED8EEF7EE18EFF8EE18EF19EF6E
:1017700019EF1AF73AF73AF73AF75AF75AF75AF7CA
:101780005AF75AF73AF73AF73AF73AF73AF73AF791
:101790003AF739F719F719EF39EF19EF19EFF8EEB2
:1017A000F8EED8EED8EED8E6D8E6B8DEB9DE5CEFD3
:1017B0009EEF7EEF9FEF9FEF9FEF9FEFBFF79FEFB3
:1017C0005EEF9EF73DEF58CEF7C558D6B9DEF9E685
:1017D0001AEF3AEF3AF75BF75BF77BF79BF79BF76C
:1017E0009BF79BFF9CFFBCFFBCFFBCFFBCFFBCFF8B
:1017F000BCFFBCFFBCFFBCFF9CFF9CFF9CFF9CFF91
:101800009CFF9CFF9BFF9BFF7BFF7BFF7BFF5BFFA6
:101810005AFF3AF73AF739F7F8F6F8EED7EEB7E6A7
:1018200097E697DE56D6F5C5D6BDDADEDEF7BEEF13
:101830005DDF5EDF3EDF1DCF1DCF39A6B04BAB1A9B
:101840000D232D1B2D1B0C132D132D1B4D1B4D1B61
:101850004D1B6E1B6E1B6E1B6E1B6E1B6E1B6E1B61
:101860006E1B6E1B6E1B6E1B6E1B6E1B6D1B6D133A
:101870006D136D1B6D136D13A52985212732882AE1
:101880000A2BCC3BAC2B8B2B6B2B6B336C3B2B3356
:101890002B2BCD33ED2B8C232B23EA2A682AE72927
:1018A000652924210321E218E21823212321E318CA
:1018B000E218E318E218C210C210C218C218A21827
:1018C000C218E218E318C218E31803190319E31841
:1018D000032104210321C318A210C3108208241974
:1018E000B38CFCD6FCD61DD71DD73DD71DCFFCCE63
:1018F000DBC67ABE39B618B618AE18AE18B638B60A
:1019000059B659BE59BE39B679BEBAC6DBD61CD750
:101910003DDF5DE77EE77EEFBFF7BFF7DFF7DFF77D
:10192000DFFFDFFFFFFFDFFFFFFFFFFFFFFFFFFF27
:10193000FFFFDFFFDFFFDFFFDFFFDFFFFFFFFFFF57
:10194000FFFFFFFFFFFFFFFFFFFFFFFFFFFFFFFFA7
:10195000FFFFFFFFFFFFFFFFFFFFFFFFFFFFFFFF97
:10196000FFFFFFFFFFFFFFFFFFFFFFFFFFFFFFFF87
:10197000FFFFFFFFFFFFFFFFFFFFDEFF9DF71BE7FE
:10198000FADEFAE63BEF7CF75BEF7CF75CF73BEFC8
:1019900078D6F7C599DE5DF7FFFFDFF7FFF7FFF7B2
:1019A0003AB6EE42AD3A0F43CE3AAD3A8D3A4B2AB3
:1019B0006C324B326C326C3A6B3AED4AED4A881914
:1019C000C5000611271188216C3AAC422D5B0C5BD7
:1019D0000F8436CE35D614D675DE96DEB7E696DEA3
:1019E000B7E6B7E6F8EEF8EE18EF18EF18EF19EFD4
:1019F00019EF1AF73AF73AF73AF73AF73AF73AF7A8
:101A00003AF75AF75AF73AF73AF73AF73AF73AF70E
:101A100039F739F719F719EF19EF19EF19EFF8EE50
:101A2000F8EED7EED8EEB8E6D8E6B8DE99D63CEFB9
:101A30009EF77EEF9FEF9FEF9FEF7FEF9FEF7FEF90
:101A40005EEF7DEFFBE6F7C5F6C598DED9E6FAEE68
:101A50001AEF3AF73AF75BF75BF77BF79BFF9BFFD1
:101A60009BFF9CFFBCFFBCFFBCFFBCFFBCFF9CFFFF
:101A70009CFF9CFF9CFF9CFF9BFF9BFF9BFF9BFF92
:101A80009CFF9BFF9BFF9BFF7BFF7BFF7BFF7AFF06
:101A90005AFF3AF719F719F718F7D7EEB7EE97E6A6
:101AA00097E676DE56D636CEB4BD16C63CE7BEEF18
:101AB0007DE73DDFFDD6FDCE1DCF39A6AF4B8B1A9E
:101AC0000D232D1B2D1B0C130D1B2D1B4D1B4D1BF7
:101AD0004D1B6E1B6E1B6E1B6E1B6E1B6E1B6E1BDF
:101AE0006E1B4D1B6E1B6E1B6E1B6D1B6D1B6D1BD2
:101AF0006D1B6D134D134D13A529E629A932C9326B
:101B00002A2BEC3BAC2B8B238B2B6B336C332B2B8B
:101B10004B2BCD33ED2B8C232B2BEA2A892AE7295B
:101B2000852924210321E320E31823212421E3181C
:101B3000E318E318E218C210C210C218A218A210CB
:101B4000C218E318E318E218032123210321E31844
:101B5000E31804210321E318A210C310A2102519D1
:101B6000F4943DDFFCD61DD73DD73DD71DD71DCF03
:101B7000DCCE9ABE39B638B618AE18AE38B638B61E
:101B800038B679BE7AC659BE39BE59BE7AC69AC62B
:101B9000DBCEFCD61DDF5DE77EEF9EEF9EEFBEF74E
:101BA000BFF7BFF7BFF7BFF7DFFFDFFFBFFFDFFF05
:101BB000DFFFBFF7BFF7BFF7DFFFDFFFDFFFDFFFAD
:101BC000FFFFFFFFFFFFFFFFFFFFFFFFFFFFFFFF25
:101BD000FFFFFFFFFFFFFFFFFFFFFFFFFFFFFFFF15
:101BE000FFFFFFFFFFFFFFFFFFFFFFFFFFFFFFFF05
:101BF000FFFFFFFFDEFFDEFF5CEF1BE7FADE1BE708
:101C00005BEF7CF77CF77CF73BEF7CF77CF77CF7AE
:101C1000FAE658D6D6C5DAE65DEFFFFFDFF7DFF765
:101C2000FFF7D48CED4AEE4AEE4AAD42CE426C3A12
:101C3000AD426C3ACE4A8C3ACD4A0D53CD4A46114C
:101C4000A50067194719EA292E53CC4ACC524D6397
:101C5000F2A415CE15D635D675DE96DEB7E696DE3D
:101C6000B7E6B7E6F8EE18EF18EF18EF18EF19EF30
:101C700019EF1AEF3AF73AF73AF73AF73AF73AF72D
:101C80003AF75AF75AF73AF73AF73AF73AF73AF78C
:101C90003AF739F719F719EF19EF19EF18EFF8EECE
:101CA000F8EED7EED8EEB8E6D8E6B8DE98D63CE740
:101CB0009EF77EEF9FEF9FEF9FEF7FE75EE77EEF60
:101CC0007EEF3CEF99D6D6BD37CEB9E6D9E61AEF0E
:101CD0003AF73AF73AF75BF77BF79CF79CFF9BFFE5
:101CE0009BFF9CFFBCFFBCFFBCFFBCFF9CFF9CFF9D
:101CF0009CFF9CFF9BFF9BFF9BFF9BFF9BFF9BFF12
:101D00009BFF9BFF9BFF7BFF7BFF7BFF5AFF5AFFE5
:101D10003AF719F719F7F9EEF8EED7EED7EEB7E67E
:101D2000B7E655DE35D635D6D4C5B4BD58CE7DEF31
:101D30005DE73DDFFCCEFCCE1DCF39A6B04BAB1A24
:101D40000D232D1B2D1B0D1B0D1B2D1B4D1B4D1B6B
:101D50004D1B6E1B6E1B6E1B6E1B6D1B4D1B6E1B7E
:101D60006E1B4D1B4D1B6E1B6E1B6E1B6E1B8E1B4D
:101D70008E1B6D1B4D132D138519272AC932E9328D
:101D80004A2BCC3BCC338B238B2B8B2B6B2B2B2BD2
:101D90004C2BCD33EE336C234B2B0B2BA93227323C
:101DA00065292321E320E220E320232103210319D5
:101DB000E218E2180319C210C210A210A110A1105B
:101DC000A210C218E318E318242124210319E318F0
:101DD00003210421E318A210A210A21082084521B9
:101DE000149D3DDFFCD63DD71DD73DD75ED73DD7EF
:101DF0001CCF9BC639B618B618AEF7AD38B638B694
:101E000038B699BEBAC69AC659BE59BE59BE59BE51
:101E10007AC69AC6DBCE1DDF5DE75EE77EE77EEF22
:101E20009EEF9EEF9FEF7EEF7EEF9EEF9FF79EF778
:101E30007EEF7EEF9EF7BFF7BEF7DEF7DFF7DFFF3F
:101E4000DFFFFFFFDFFFDFFFFFFFFFFFFFFFFFFF02
:101E5000FFFFFFFFFFFFFFFFFFFFFFFFFFFFFFFF92
:101E6000FFFFFFFFFFFFFFFFFFFFFFFFFFFFFFFF82
:101E7000FFFFDEFF7DF73BEFFAE63BEF9CF79CF7B9
:101E80009CF77BF75BF77BF77BF79CFF3BEF1AEF49
:101E90007CFF3BEF58D6F7C5BBE69FF7DFFFFFFFA0
:101EA000FFF77EE7AF63ED4A4F5BAD42905BEE4AD2
:101EB000CD4A0E4BCE4AEE4A6F5B6F5BED4A261160
:101EC000C500671188192B32B0632E532D5BAE739A
:101ED00053ADF5CD15D635DE55DE96DE97E6B7E681
:101EE000D7E6D8EEF8EEF8EE18EF18EF19EF19F77D
:101EF00019EF1AF71AF73AF73AF73AF73AF73AF7C3
:101F00003AF75AF75AF73AF75AF73AF739F739F7EB
:101F100039F739F719F739F719EF19EF19EFF8EE23
:101F2000F8EED8EEF8EEB8E6B8E6B8DE98D63CE7BC
:101F30009EF77EEF9FEF9FEF7FE75FE75EE75EE74D
:101F40005DEFFBDEF7C5F6C578D6B8DED9E61AEF49
:101F50003AF73AF75BF75BF77BF77BF79CFF9CFF61
:101F60009CFFBCFFBCFFBCFFBCFFBCFF9CFF9CFFF9
:101F70009BFF9BFF9BFF9BFF9BFF7BFF9BFF9BFFB1
:101F80009BFF9BFF7BFF7BFF5AFF5AFF3AFF3AF70D
:101F900019F719F7F9EEF8EEF8EED7EEB7E6B7E66F
:101FA00076DE76DE55DEF4CDD4C5B4BD95B5BAD6B1
:101FB0005DE75DDFFCD61DD73DCF39A6D04BAB2208
:101FC0002D232D232D1B0D1B2D1B2D1B4D1B4D1BA1
:101FD0004D1B6E1B6E1B4E1B6E1B6D1B4D1B4D1B3D
:101FE0004D1B4D1B6E1B6E1B6D1B6D1B4D136D131F
:101FF0006D1B6D1B4D134D13E619882A0A3B0A33DE
:102000004A33CC33AB2B6A238B2B8C2B6C2B4B237F
:102010006C2BCD33ED338C2B4B2B0B33A93227326A
:1020200064212321E320E320E3200321032103197A
:10203000E318E2180219C210C218C210A218A210A6
:10204000A210C218E318E218232144290319E31847
:10205000032104210321C218A210A21082084521E5
:10206000349D3DDF1CD73DDF1DD73DD75EDF5ED7FA
:102070001DD7BBC659B618AE18AEF7AD38B618AEF8
:1020800038B679BEBAC6BBC6DBCEBBCE9AC679BE61
:102090005AC67AC69AC6BBCEFCD61CD73DDF5EE7D1
:1020A0009EEFBFF7BFF79FEF7EEF7EEF9EEF9EEFB5
:1020B0009EF79EF7BFF7DFF7DFFFDFFFDFFFDFFFF2
:1020C000DFFFFFFFDFFFDFFFDFFFFFFFFFFFFFFFA0
:1020D000FFFFFFFFFFFFFFFFDFFFFFFFFFFFFFFF30
:1020E000DFFFFFFFFFFFFFFFDEFFFFFFFFFFFEFF42
:1020F0007DF73BEF3BEF5CEF7CF79CF79CF79CF7A1
:102100009CF79BF77BF77BF77BF75BF77BF75BF73E
:102110001AEF5BF73BEF58D6F7CDBADEFFFFDFFFD4
:10212000DFFFFFFF9AC60D532F53B163705B705BE7
:102130002F53705B1374705BF26B53740E4BC500BE
:10214000E608891989192F4BD1636F5B6E6BEF7BA2
:1021500094BD15D635D655DE75DE96DEB7E6B7E604
:10216000D7E6D8EEF8EEF8EEF8EEF8EEF9EE19EF65
:102170001AEF1AEF19EF1AF71AF73AF73AF73AF790
:102180003AF75AF75AF73AF73AF73AF739F739F789
:1021900039F719F719F719EF19EF19EF18EFF8EEEA
:1021A000F8EED7EEF8EED8E6B8E6B8DE98D63CE71B
:1021B0009EEF5EE77FE77FEF7FE77FE77FEF5DE7FB
:1021C0003DE799D6D6C517CEB8DEB9E6F9EE3AF7AF
:1021D0003AF75BF75BF75BF77BF77BF79CFFBCFF9E
:1021E000BCFFBCFFBCFFBCFF9CFF9CFF9CFF9CFF97
:1021F0009BFF9BFF9BFF9BFF9BFF9BFF9BFF9BFF0F
:102200009BFF9BFF7BFF7BFF5AFF5AFF5AFF3AF76A
:102210003AF719F719F7F9EEF8EED8EED7EEB7E678
:1022200076DE75DE55DEF4CDB3C594BD73B537C625
:102230001BE73DDFFCD63DD73ED739A6B04BAB1AE6
:102240000D232D1B2D1B0D1B0D1B2D1B4D1B6D1B46
:102250004D1B6E1B6E1B4D1B4D1B4D1B4D1B4D1BFC
:102260004D1B4D1B4D1B4D1B4D1B6D1B6D1B6D13D6
:102270006D1B6E1B6E1B6D1B471AE92A2B332A2B15
:102280006B33CC3BAC338B2B8B2BAC2BAC2B6B2322
:102290008C2BCD33CD2B8C2B6C2B2B33CA32482A75
:1022A000852124210321E220032103210321031995
:1022B000E318E2180219C218C218C210A218A2101C
:1022C000A210C218E318E218232185290319C210AD
:1022D000032104212421C218A210A2108208652122
:1022E00055A55DE71DD75DDF3DD75DDF5EDF5EDFB6
:1022F0003DD7DCCE59B6F8ADF7ADD7ADF8AD18AED9
:1023000018AE79BEBAC6FBCE1CD71CD7DCCEBBC676
:102310009BCE9BC67AC67AC69BC69BC6BBCE1CD735
:102320005EE79FEFBFEFDFF7BFEFBFEF9FF7BFF7AE
:10233000BFF7DFF7DFF7DFF7FFFFDFFFDFFFDFFFCD
:10234000DFFFDFFFDFFFDFFFDFFFFFFFDFFFFFFF5D
:10235000FFFFFFFFFFFFFFFFFFFFFFFFFFFFDFFFAD
:10236000DFFFDEFFFFFFFFFFFFFFDEFF9DF75CEFFC
:102370003BEF3BEF7CF79CF7DDFFBCFF9CF79BF747
:102380009BFF9BFF9BF77BF77BF75AF75AF75AF7B0
:102390003AEF3BF73BEFFAE657D658D6DBE6BFFFFE
:1023A000FFFFFFFFFFF7359DCD4AD263915BF263DC
:1023B0001264F2635374336C7474D6842F4BA4008C
:1023C0002711A919A919D263F26BB06BCF73508C86
:1023D000D5C515D635D655DE75DE96DEB7E6B7E639
:1023E000B7E6D8EEF8EEF8EEF8EEF8EEF9EE19EF03
:1023F0001AEF1AEF1AF739F71AF73AF73AF73AF7E6
:102400003AF75AF75AF73AF73AF739F739F739F707
:1024100039F739F719F718EF19EF19EF18EFF8EE48
:10242000D8EEB7EED8EEB7E6B8E6B8DE78D61BE75A
:102430009EEF5EE75EE77FEF5FE75FE77FEF3DE7F9
:10244000FBE617C6D5BD78D6D9E6D9E6F9EE3AF758
:102450005BF75BF75BF75BF77BF77BF79CFFBCFFFA
:10246000BCFFBCFF9CFF9CFF9CFF9CFF9CFF9CFF54
:102470009BFF9BFF9CFF9CFF7BFF7BFF7BFF7BFF0A
:102480007BFF7BFF7BFF7BFF5AFF5AFF5AFF3AF728
:1024900039F719F719F7F9EED8EEB8E6B7E6B6E668
:1024A00075DE55DE34DEF3CDD3C593BD53B594B59B
:1024B000B9D61CDFFCD65EDF3ED719A6AF4BAB1AF0
:1024C0000D1B2C1B2D1B2D1B0C1B2D1B4D1B4D1BCE
:1024D0004D1B6E1B6E1B4D1B4D1B6D1B6E1B6D1B19
:1024E0004D1B6E1B4D1B4D1B4D1B6D1B6D1B6D1B2B
:1024F0004D1B6D1B6D1B4D1BA9224B334B330A2B00
:102500008C33ED3BAC33AC2B8B2BCC2BCC2B8C23DB
:10251000AC2BCD2BAD2B8C2B6C2B4B33CA32482ADA
:10252000A52144210321C2180321232103212321B2
:102530000319E218E218E218C210A210A218A210A1
:10254000A210C218E318E3182421A5314421C210B7
:10255000032124210421C318A210A210A21066296D
:1025600055A57EE71DDF5DDF3DDF5EDF5EDF7EDFE1
:102570005EDFFCCE59BE18AED7ADD7A5F7ADF7AD2F
:1025800018AE59B69ABEFBCE1CD73DD73DD7FCD668
:10259000FCD6FCD6DCD6BBCEBBCE9BCEBBCEDCD62F
:1025A0001DDF5DDF7EEFBFEFDFF7DFF7DFF7DFF780
:1025B000DFF7DFF7DFF7DFF7FFFFFFFFFFFFFFFFCB
:1025C000FFFFFFFFFFFFFFFFFFFFFFFFFFFFFFFF1B
:1025D000FFFFFFFFDFFFFFFFFFFFFFFFFFFFFFFF2B
:1025E000FFFFFFFFFFFFFEFFBDF75CEF3BE73BEFA9
:1025F0007CF7BDFFBDFFBCFF9CFFBCFFBCFFBCFF69
:102600009BFF9BF77BF77BF77BF77BF73AEF3AEF84
:102610005BF73AEF1AEF5BF71AEF37CEF7C55DEFCE
:10262000BFFFDFFFFFFF9EE75274905B346C1364C3
:10263000546C9474536C168DF684178D0F4B840074
:10264000881968114B2A537433741274107C919456
:10265000F5CD15D614D655DE75DE96DE97E6B7E6CF
:10266000D7EED8EEF8EEF8EEF8EEF8EEF9EE19EF58
:102670001AEF1AF739F739F71AF73AF73AF73AF73C
:102680003AF75AF73AF73AF73AF739F739F739F7A5
:1026900039F739F719F718EF19EF18EF18EFF8EEC7
:1026A000D7EEB7EED8EE97E6B8E6B8DE78D6FBE61A
:1026B0009EF75EE75EE77FE73EE71EE73EE7FCE664
:1026C00099D6F6C5F6C5B8DEF9EED9E61AEF5BF78E
:1026D0003AF75BF75BF75BF77BF79CF79CFFBCFF78
:1026E000BCFFBCFF9CFF9CFF9CFF9CFF9CFF9CFFD2
:1026F0009CFF9BFF9BFF9BFF7BFF7BFF7BFF7BFF89
:102700007BFF7BFF7BFF7AFF5AF75AF73AF739F7DF
:1027100019F719F7F9EEF8EED8E6B7E697E676E698
:1027200055DE34DE14D6D3CDD3C572BD32AD33A55C
:1027300017C61CDF1CDF5EDF3ED719A68F43AB1A1E
:102740002C232D1B2D1B4D232D1B2D1B2D1B4D1302
:102750004D136D1B6E1B4D1B4D1B6E1B6E1B6E1B9D
:102760006E1B6E1B6E1B4D1B6D1B6D1B6D1B6D1B46
:102770004D1B6D1B4D1B2D1B2B2BAC336B2B0A23C1
:102780008B2BCD33AC2B8B23AC2BED2BCD2BAC2358
:10279000CD23CD2BAC236C236C2B4B330A338832E7
:1027A000A52144210321C220032103210321232148
:1027B0000319E2180219E218C218A218C218C218A6
:1027C000C218C2180319E31823218531852903197A
:1027D000242165290421E318C210A210A210862921
:1027E00076A57EE73DDF5EDF3DDF7EDF7EE77EE7CD
:1027F0007EDF1CD77ABE18B6F8ADD7ADF7ADF7AD12
:10280000F8AD18B659B6BAC6FCCE5DD75EDF5DDF4F
:102810005DDF5DDF3DDF3DDF3DDF3DDF1DDF1DDFD8
:102820001CD71DDF3DDF7EEFBFF7DFF7FFFFDFFFC8
:10283000DFFFDFFFDFF7DFF7FFFFFFFFFFFFFFFF38
:10284000FFFFFFFFFFFFFFFFFFFFFFFFFFFFFFFF98
:10285000FFFFFFFFFFFFFFFFFFFFFFFFFFFFDEFFA9
:10286000FFFFFFFFDEFF7CF71BE73BEF7CF7BCFFC2
:10287000BDFFBCFFBCFFBCFF7BF79BFFBCFFBCFFE9
:10288000BCFF9BFF7BFF7BFF7BF75BF77BF75BF777
:102890003AEF5BF75BF73AEF1AEFF9E678D659D6DD
:1028A0003CEFFFFFFFF7FFF79BBED163546C346C26
:1028B0001364D67CB57C378D178DF7844C32A50018
:1028C000A9194711CD3AB57C3374527C3184F2A4F6
:1028D000F5CD15D614D655DE76DE96DE97E6B7E64C
:1028E000D7EED8EEF8EEF8EEF8EEF8EEF9EE19EFD6
:1028F0001AEF1AF739F739F739F73AF73AF73AF79B
:102900003AF73AF739F739F739F739F739F739F745
:1029100039F719F718F718EF19EFF8EEF8EEF8EEA7
:10292000F8F6D7EEF8EEB7E6D8E6B9E678D6FBDEED
:102930009EEF5EE73EDF3EE71EDFFDDE1DE7DBDEEE
:1029400017C6D6C537D6B9E6F9EE19EF3AF73AF712
:102950003AF75BF77BFF7BF77BF79BF7BCFFBCFF8E
:10296000BCFFBCFF9CFF9CFF9CFF9CFF9CFF9CFF4F
:102970009CFF9CFF7BFF7BFF9CFF9CFF9CFF7BFFE2
:102980007BFF7BFF7BFF5AFF3AFF3AF739F739F7B6
:1029900019F718F7F8EEF8EED8EEB7E697E676DE18
:1029A00055DE54DE14DED3CD92C551B511AD12A55E
:1029B00095B51CDF3DDF5EDF3ED7F9A58E43AB1A30
:1029C0002D232C1B2D1B4D232D1B2D1B4D1B2D1380
:1029D0004D136D1B6E1B4D1B6D1B8E1B6E1B6D1BDC
:1029E0004D1B6E1B6E1B4D1B6E1B6E1B6E1B6D1BE2
:1029F0004D1B4D1B4D1B2D136C2BCD336C2B0A1B0C
:102A00006B2BCC33AC2B8C23CD2BED2BCD23AC23DC
:102A1000AD23ED23CD238C234B234B2B2B33A9321A
:102A2000A5212319E218E220032103210321231900
:102A30000319E3180319E218C218A218C218C21821
:102A4000C218C218E318E31803196529A631242116
:102A5000442985290321E318C318C318A210652946
:102A600055A57EE73DDF5EE75EDF7EE77EE77EE73A
:102A70007EDF1DD79BC659BE18B618AE18AEF8AD8E
:102A800018AE18AE18B67ABEDBC63DDF9EE79FE7EC
:102A90009FEF9EE77EE77EE77EE77EE77EE77EE7C5
:102AA0005EE73DDF3DE75EE79FF7DFF7FFFFFFFFF4
:102AB000DFFFDFFFDFFFDFFFDFF7DFF7FFFFFFFFF6
:102AC000FFFFFFFFFFFFFFFFFFFFFFFFFFFFFFFF16
:102AD000FFFFFFFFFFFFFFFFFFFFFFFFFFFFFFFF06
:102AE000BEF75CEF3BEF3BEF7CF79CF7BDFFDCFFF5
:102AF000BCFF9BF79BF7BCFFBCFFBCFFBCFFBCFF50
:102B00009CFF9CFF9CFF9BFF7BF77BF77BFF7BF78A
:102B10005AEF7BF77BF719E719E79CF7DAE638CE2F
:102B20009AD69EF7DEF7FFF7FFEF56951264B67C54
:102B30007574D67C378DF684388D957C6819E600DF
:102B4000881947110E43B57C3274727C518454ADA0
:102B5000F5CD15D635D675DE76DE96E697E6B7E680
:102B6000B7E6D8EEF8EEF8EEF8EEF8EE19EF19F752
:102B70001AEF1AF739F739F739F73AF73AF73AF718
:102B80003AF73AF739F739F739F739F739F739F7C3
:102B900039F719F718F718F718EFF8EEF8EEF8EE1E
:102BA000F8F6D7EED8EEB7E6B8E6B8DE78D6FBDEB4
:102BB0007EEF3DE73EDF1EDFFDDEFDDEFCDE9AD66A
:102BC000B6BDF6C598DEF9EEF9EE3AF75BF75BF7BE
:102BD0003AF75BF77BF77BF79CFF9CFFBCFFBCFFE2
:102BE000BCFFBCFFBCFF9CFF9CFF9CFF9CFF9CFFAD
:102BF0009CFF9CFF7BFF7BFF7CFF9CFF9CFF7BFF80
:102C00007BFF7BFF5BFF5AFF5AFF5AFF39F739F70B
:102C100019F7F8EEF8EEF8EED8EEB7E696E675E6B8
:102C200055E634DEF3D5D3CD92C531B511ADF2A45E
:102C300054ADFCD65EDF5EDF3ED7F8A58E43AB1AFF
:102C40002D232C1B0C1B2D1B2D1B2D1B4D1B4D1326
:102C50004D134D134D1B4D1B6D1B8E1B6E1B4D1BC2
:102C60004D1B6E1B6E1B4D1B6D1B6E1B6D1B4D1B81
:102C70004D1B4D1B4D1B2D136C23EE338C2B2B1B2F
:102C80008C23CD33ED33CD2BCD2BED2BCD23AC1BB6
:102C9000AC1BED23EE238C234B236B2B2B33A92A68
:102CA000A52123190319E320E3200321032103199C
:102CB0000319E3180321E218C218A218A218C218B7
:102CC000C218C218E318E3180319442985294421BE
:102CD000442165290421E318E318E318A2104521D3
:102CE000359D5DE73DE77EE75EE77EE77EE77EDFD9
:102CF0007EDF5DDFDCCE7ABE59BE39BE39B618B68E
:102D000018B618B618B659BE7AC6FCCE7EDF9EE756
:102D1000BFEF9EE77EE79EE77EE79EE77EE77EE7E2
:102D20007EEF7EEF7EEF7EEF9FEFBFF7DFFFFFFFCF
:102D3000FFFFFFFFDFFFDFFFDFF7DFF7DFF7FFFF5B
:102D4000FFFFFFFFFFFFFFFFFFFFFFFFFFFFFFFF93
:102D5000FFFFFFFFDFFFFFFFDEFFDEFFDEFFBEF74F
:102D60003CEFDADE1BE79CF7DEFFBDFF9CFF9CF724
:102D70009CFF9CFFBCFFBCFFBCFFBCFF9CFF9BFFFC
:102D80009CFF9CFF9CFF9CFF7CFF7BF77BF77BF706
:102D90007BF75BF73AEF3AEF5BEFF9DED9DE1AE744
:102DA00037CEBAD6BDF7FFFFFFF71CCFB484B68489
:102DB000B684967C3895F78CBAA5D363C6002711E4
:102DC000671167119053D58432747284718C94B5F5
:102DD00015CE15D655D675DE96E697E697E6B7E694
:102DE000B7E6D7EEF8EEF8EE18F718F719F719F777
:102DF00019EF19EF39F739F739F71AF739F739F7C2
:102E00003AF73AF739F739F739F719F739F739F760
:102E100039F719F719F718F719F718EFF8EEF8F668
:102E2000F8F6B7EED7EE97E6B8E698DE78D6FBDE92
:102E30005DE73DDF3EDF1DDFDCDEDCDE7ACE17C680
:102E4000B6BD37CED9E6F9EE1AEF5BFF5BF75BF75D
:102E50005BF75BF77BF79BFFBCFFBCFF9CFFBCFFF6
:102E6000BCFFBCFFBCFF9CFF9CFF9CFF9CFF9CFF2A
:102E70009CFF9CFF7BFF7BFF7CFF7CFF7CFF7BFF3D
:102E80005BFF5BFF5AFF3AFF3AF739F739F739F73B
:102E900019F7F8EEF8EEF8EED7EEB7E676E655DE7F
:102EA00034DE13DEF3D5B2CD92C551B511ADD19C50
:102EB00075ADFBD65EDF5EDF3ED719A68F43AB1A3A
:102EC0002C1B0C130C1B0C1B0C1B2C1B4D1B4D1318
:102ED0004D134D134D1B4D1B4D136D1B6D1B6D1B6A
:102EE0004D1B6D1B4D1B4D1B4D136D1B4D1B4D1372
:102EF0002D1B4D1B4D1B2D1B8C230E34AD236B1B2B
:102F00008C23CD2BEE33CD2BAC23CD23CD23AC1B8B
:102F1000AC1BED23EE238C1B6B236B2B2B33892AED
:102F2000C52144210321E2180321032103210321A8
:102F30000319E3180321E218C218A218A218C21834
:102F4000C218E318E318E318242165294521242138
:102F5000242144212421E318E318E318A21024219A
:102F6000149D5DE75EE79FEF7EE79FE77EE77EE7E4
:102F70009FE77EDF1CD7BBC69AC67AC659BE39B654
:102F800039B638B618AE39B659BEBAC61CD73DDF09
:102F90005DE77EE79EE7BFEF9FEF9FEF7EE77EE76F
:102FA0009EEFBFEF9EEF7EE77EEF9EEFBFF7DFF76E
:102FB000DFFFFFFFFFFFDFFFDFFFDFFFDFFFDFFFE1
:102FC000FFFFFFFFFFFFFFFFFFFFFFFFFFFFFFFF11
:102FD000FFFFDFFFDFFFDFFFFFFFBEFF1BE7DADEE4
:102FE0001BE7BDFFFEFFBDFF7CF79CF79CF79CFF36
:102FF000BCFFBCFFBCFFBCFFBCFFBCFFBCFF9CFF19
:103000009BFF9BF77CFF9CFF7BF77BF75BF77BF7D6
:103010007BF75BF73AEF5BF75BEFD9DED9DE1AE7B8
:1030200098D637C6FADEDEF7FFF7FFF75ABE178DE0
:10303000B784F88C9AA538959A9DEF4A850089192E
:1030400047116811D15B7374537C9284B294B5BDFF
:1030500035D615D675DE75DE96E6B7E6B7E6B7E681
:10306000B7E6D7EED8EEF8EEF8EEF8EE19EF19EF76
:1030700019EF19EF19EF19EF19EF19EF39F739F7C0
:1030800039F739F739F739F719F719F719F739F720
:1030900039F719F719F718F719F718EF18F7F8F6BD
:1030A000F8F6B7EED8EEB7E6B8E698DE78D61BE7C6
:1030B0005DE73DDF3EDF1DDFDCDEBBD618C675B544
:1030C000D6C578D6D9E6D9E6F9EE3AF73AF73AF71F
:1030D0005BF75BF75BF79CFFBCFFBCFF9CFFBCFF93
:1030E000BCFFBCFFBCFF9CFF9CFF9CFF9CFF9CFFA8
:1030F0009CFF9CFF9CFF9CFF7BFF9CFF7CFF7BFF5A
:103100005BFF5AFF5AFF5AFF39F739F719F719F7DA
:1031100018F7F8EED8EED8EEB7E6B7E676E655E65D
:1031200034DEF3DDD2D5B2CD71C551B5F1A4B19481
:1031300095ADDBD67EDF7FDF3ED719A6AF4BCB1A2E
:103140000C1B0C130C132C1B0C1B2C1B4D1B4D1B95
:103150002C134D134D1B4D1B4D136D1B6E1B6D1B07
:103160006D1B6D1B4D1B4D1B4D136D1B4D1B4D13CF
:103170002D1B4D1B4D1B2D1BCD1B0E24EE238C1B1D
:103180008C1BCD23CD2BAD23AD23CD23CD23AD1B68
:10319000CD1B0E240E24AD1B6C1B6B2B0A2BA82AF7
:1031A000C62164210321E22023210321232124219C
:1031B0000319E3180321E218C218A210C218C2189A
:1031C000C218E218E318C3184529452945212421CE
:1031D000E31824216429E318E31803198208452120
:1031E000F49C7DE77EE7BFEF9FEF9EE77EE77EE7FB
:1031F0009EE77EE73DD7DBCEDBCEBBC69ABE7ABE6E
:1032000059B639B639B618AE39B659BEBBC61CD791
:103210005EE77EE77EEF7EEF9FEF9FEF9EE79EEFFC
:10322000BFEFBFEFDFEFBFEF7EEF9EEF9EF7BFF781
:10323000FFFFFFFFFFFFFFFFDFFFFFFFDFFFDFFFFE
:10324000FFFFDFF7FFFFFFFFFFFFFFFFFFFFFFFFB6
:10325000DFFFDFFFFFFFBEFFFBE6D9DE1AE79CF7CB
:10326000BDFF9CF79CF77BF7BCFFBCFFBCFFBCFF1E
:10327000BCFFBCFFBCFF9CFF9BFF9BFF9CFF9CFF18
:103280009CFF9BFF7BF77BF77BF77BF77BF75BF77D
:103290005BF75BF75BF75AF71AE77BF719EFB8DED6
:1032A0003AE7D9DE16BE3BE7FFFFFFFFDFF798A541
:1032B0003795789D799D799D7A9DEC2985006819CF
:1032C0008919681112647374737C928CD29CB4C592
:1032D00015CE55DE55D696DEB7E6B7E6B7E6B7E6C5
:1032E000B7E6D7EEF8EEF8EEF8EEF8EEF9EE19EFF5
:1032F00019EF19EF19EF19EF19EF19EF19EF39F766
:1033000019F739F739F739F739F719F719F719F7BD
:1033100019F718F7F8EEF8EE18F7F8EEF8EEF8EE01
:10332000F8EED7EED8EE97E6B8E697DE98D61CE72B
:103330003EE73EDF3EDF1DDFDCDEBBD6D7BD95B509
:1033400057D698DED9E61AF75BFF5BFF5BFF5BFFA2
:103350005BF75BF77BFF9CFF9CFFBCFFBCFFBCFFE8
:10336000BCFFBCFFBCFF9CFF9CFF9CFF9CFF9CFF25
:103370009BFF9CFF9CFF9CFF7BFF9BFF7BFF7BFFDA
:103380005BFF7AFF5AFF5AFF3AFF39FF19F7F8F649
:10339000F8EEF8EED8EED7EEB7E696E675E655E627
:1033A00034DEF3DDB2CD91CD51BD31B5F1A4B19490
:1033B000B6ADFCD69EDF9FDF3ED719A68F4B6A1AAB
:1033C0000C1B0C130C1B2C1B0C1B0C1B2C1B4D1B4C
:1033D0004D1B4D1B4D1B4D1B4D1B6E1B6E1B4D1B6B
:1033E0004D1B6D1B6D1B4D134D1B6D1B6E1B4D1B24
:1033F0004D1B4D1B4D1B2D1BEE1B2F240E24AC1300
:10340000AD1BED23EE2BCD238C1BCD23ED23CD1B4C
:10341000CD1BEE1BEE1B8C138C1B6B2B2A2BA82AAF
:10342000C51964190321E32003210321032123216A
:103430000319E218E318E218C218C218C218C21819
:10344000C218E220032103214529A63186314529EE
:10345000042144212421E218C218C218E3182419B7
:10346000B394BFEF5EE7BFEF9FEF9EE77EE79EE777
:103470009FE79EE75DDF1CD71CD7FCCEDBC6BBC633
:103480009ABE9ABE7ABE59BE18B639B69BC6FCD64D
:103490001DDF3DE77EEF9FEF7EEF7EEF7EE77EE76D
:1034A0009FEFDFEFDFF7DFF7BFF7BFF7BFF7DFF71C
:1034B000FFFFFFFFDFFFDFFFFFFFFFFFBFFFDFFFBC
:1034C000BFF7FFFFFFFFFFFFFFFFDFFFDFFFFFFF94
:1034D000FFFFFFFF1BE779D699DE7CF7DDFF7CF766
:1034E0005BF7BCFFBCFF7BF79CFF9CFFBCFFBCFFF6
:1034F000BCFFBCFFBCFFBCFF9CFF9CFF9CFF9CFF74
:103500009CFF9BFF9BF77BF77BF77BF77BF75BF7DA
:103510005BF75BF75BF75AF75AF719EF1AEF19E702
:10352000F8DED8DE77CE77CE5CEFFFFFFFFF5EDF01
:10353000579D589DBAA5BAA5799D0811E708A921FC
:103540000709A911336494741274728CD2A4D4C57F
:1035500035D655DE76DEB6DEB6E6B7E6B7E6B7E6D2
:10356000B7E6D7E6F8EEF8EEF8EEF8EEF9EE19F772
:1035700019EF19EF19EF19EF19EF19EF19EF19EF0B
:1035800019F719F719F719F719F719F719F719F7BB
:1035900019F719F718F7F8EE18F7F8EEF8EED8EE75
:1035A000D7EED7EED8EE97E697E697DE78D6DBDE55
:1035B0001DDFFED61EDFDCD6DBDE7ACE95B5B5BDCF
:1035C00077D6B8E6F9EE1AF73BF75BF75BF75BF7F0
:1035D0005BF75BF77CFF9CFF9CFFBCFFBCFFBCFF65
:1035E000BCFFBCFFBCFF9CFF7BFF9BFF9CFF9BFFC6
:1035F0009BFF9BFF9BFF7BFF7BFF9BFF9BFF7BFF5B
:103600005BFF5AFF5AFF5AFF39F739F719F7F8F6F7
:10361000F8EED8EED8EED7EEB6E696E675E634DEEE
:10362000F3DDD2D591CD71C551BDF1A4B19CD29439
:10363000F7B51CD79FE79FDF5FD719A66E438A1A9D
:103640002C230B1B2C1B2C1B0C1B0C1B2C1B2C1B9B
:103650002D1B4D1B4D1B4D1B4D1B6D1B6D1B4D1B0A
:103660004D1B6E1B6E1B6D1B4D1B6D1B6E1B4D1B77
:103670002D132D130D130C13ED130E24EE1BAC1391
:103680008C1BCD23CD23AD238C1BCD23EE23CD1B53
:10369000AD1BEE1BCD1B8C136B1B4B230A2B882AF7
:1036A000A51944190321E220032123210319032131
:1036B0002321E318E218E218C218C218C218C2186F
:1036C000C218E2180321042165292842C73945217F
:1036D0000319442923210319C218C21824210419EB
:1036E000728CBFEF5EE7BFEF9FEF9FEF9FEF9FEF03
:1036F000BFEF9FE77EE75EDF3DD71CD7FCCEDBCE7A
:10370000DBC6BBC69AC67ABE18B618B639BE9BC60B
:10371000FCD61DDF7EE79FEF9FEF9EEF7EEF7EE7FB
:103720009EEFBFEFDFF7FFF7BFF7BFF7BFF7BFF7BA
:10373000DFFFFFFFFFFFFFFFFFFFDFFFFFFFFFFFD9
:10374000FFFF9EF7BFF7FFFFFFFFBEF7BEF7FEFFCD
:103750009DF799DEFAE61BEF3BEF7CF77CF77BF7F2
:103760009CFF9CFF9CF79CFF9BFF9CFF9CFF9CFF8A
:103770009CFF9CFF9CFF9CFF9CFFBCFFBCFFBCFF11
:10378000BCFF9CFF9CFF9BFF9BF77BF77BF77BF7C6
:103790007BF77BF77BF75BF75BF71AEF3AEF19E7FD
:1037A00019E7F9DE97D636C6B9D65DEFFFF7FFF712
:1037B0005BBE579D99A5FBAD968486000711A9199C
:1037C0004709A919546C9474327CB29453B5F5CD61
:1037D00015D634D675DE76DE96E6B6E6B7E6B7E6FB
:1037E000D7EED7EEF8EEF8EEF8EEF8EEF8EE19F7C1
:1037F00019F739F739F739F739F739F739F719EF91
:1038000019F719F719F719F719F719F719F719F738
:1038100039F739F719F7F8EE18F718F7F8EEB7E6B1
:10382000D7E6B7E6D8EEB7EE97E698DE57CEDBDE02
:103830003EE7BDD6FDDEBBD69BD617C674B516CE09
:1038400098DED9E61AF71AF73BF75BF75BF75BF7F9
:103850007BF77BFF9CFF9CFFBCFFBCFFBCFFBCFF5A
:10386000BCFFBCFFBCFF9CFF7BF79BFF9CFF9CFF4A
:103870009BFF9BFF9BFF7BFF7BFF7BFF7BFF5BFF38
:103880005AFF5AF75AFF3AF719F719F719F7F8EEEE
:10389000F8EED8EED7EEB7E696DE75DE54DE13DE30
:1038A000D2D592D571CD51C531B5D0A4B094139D68
:1038B000F7B51CD77EDF7FDF9FDF19A66E43AA1AFC
:1038C0000C230B1B2C1B2C1B0C1B0C1B2C1B2C1B39
:1038D0002D1B4D1B4D1B4D1B4D1B4D1B4D1B4D1BC8
:1038E0004D136D1B6E1B6D1B4D1B6E1B4D1B4D1326
:1038F0002D132D132D130C13CD130E1CEE1B8C1337
:103900008C13CD1BCD23AC1BAD1BED23EE23CD1BA8
:10391000AD1BEE1B0E1CAD1B8C1B4B23EA22882A11
:10392000E62164210321C218232123210319032145
:1039300044212321E318C218A218C218C218E218A1
:10394000C218C218E318032186318A4AC7390421F4
:103950000419442124210319E3180319242104190B
:1039600051847EE77EE7BFEF9FEFBFEF9FEF9FEFB2
:103970009FEF9FEF9FE77EE77EDF5DDF3DD71CD7A0
:10398000FCCEFCCEBBC69ABE5ABE18B6F8B559BE20
:10399000BBCE1DDF5EE77EE7BFF7BFF79EEF7EE79A
:1039A0007EE79EEFDFF7DFF7DFFFDFF7BFF7BFF759
:1039B000BFF7DFFFDFFFFFFFFFFFFFFFBEF7DFFF08
:1039C000FFFFFFFFFFFFBEF7DEFFFFFFFEFF1BE76E
:1039D00037CE78D6FAE67CF7DDFF7BF71AEF5BF798
:1039E000BCFFBCFF7BF79CFF9BFF9BFF9BFF9CFFEB
:1039F0009CFF9CFF9CFF9CFF9CFFBCFFBCFFBCFF8F
:103A0000BCFFBCFFBCFF9CFF9CFF9BFF7BF77BF7D1
:103A10007BF77BF77BF75BF73AEF5BF73AEFF9E67B
:103A20003AEFF9E6B8DE78D637C699D69EEFFFFFB3
:103A30009FEFD9AD3795FBADD36B650028116811A9
:103A40006811EA2195747474527CB29494BDF4CDDB
:103A500014D614D655DE76DE96E6B7E6B7E6D7EE90
:103A6000D8EED8EEF8EEF8EEF8EEF8EEF9EE19F73B
:103A700019F719F739F739F719EF19EF19EF19EFA6
:103A800019F719F719F719F719F719F719F719F7B6
:103A900019F739F719F7F8EEF8EEF8F6F8EEB7E699
:103AA000B7E6B7EED8F6B7EEB8EE98DE57CEDBDE67
:103AB0001DDF9CCE9BCE9BD638C695B5B5BD78D6BE
:103AC000B8E6F9EE3AF73BF73BF75BF75BF77BF7C6
:103AD0007BFF9CFF9CFF9CFFBCFFBCFFBCFFBCFFAF
:103AE000BCFFBCFFBCFF9CFF9BFF9CFF9CFF9CFF9F
:103AF0009BFF9CFF9BFF9BFF7BF77BFF7BFF5BFF9D
:103B00005AF73AF73AF739F719F719F7F8F6F8EEDE
:103B1000F8EED7EEB7E6B7E675DE55DE34DEF3D560
:103B2000D2D5B2CD71C551BD11B5B09CB194339D04
:103B3000D7ADFCCE7EDF7EDFBFE75AAE6E43AA1A5A
:103B4000EB1A0B1B2C1B2C1B2C1B2C1B2C1B2C1BA0
:103B50002D1B4D1B4D1B2D1B4D1B4D1B4D1B4D1B65
:103B60004D136D1B6D1B4D134D134D1B4D1B4D1BED
:103B70002D1B2D1B2D1B2D1BCD130E1C0E1CAD1331
:103B8000AD1BEE23ED23AD1BAD1BED23EE23CD1BB3
:103B9000AD13EE1BEE1BAC1B8C236B230A2BA92A47
:103BA000062285210321E218232144210319031948
:103BB00044212421E318C218A210C218E218E21806
:103BC000E218C218E218032145298A52C73104219C
:103BD000242123212421C218032124212421241952
:103BE000F0735DE79FEF9FEF9FEF9FEFBFEF9FEFBA
:103BF0009FEF9FEF9FEF9FE79FE77EE77EDF5DDF11
:103C00003DD71CD7FCCEBBCEBBC69AC67ABE5ABE29
:103C10007AC6FCD65EE77EE7DFF7BFF79EEF7EEF62
:103C20007EEF9EEFBFF7DFF7FFFFFFFFBFF7BFF7A6
:103C3000BFF7DFF7FFFFFFFFFFFFFFFFFFFFFFFF04
:103C4000DFFFBEF7DFFFFFFFDEFF1BE717CE37CE3C
:103C50001AEFBCFF7BF77CFF7CFF5BF77BF79CFFD9
:103C60007CFF7BF77BFF7BFF7BFF7BFF7BFF9BFF6B
:103C70009BFF9CFF9CFF9CFF9CFFBCFFBCFF9CFF2D
:103C80009CFFBCFF9CFF9CFF9BFF7BF77BF77BF7B8
:103C90007BF77BF75BF75BF73AEF3AEF3AEF1AEF18
:103CA00019EFF9E6F9E6B8DE57CE37C63CE7FFFF75
:103CB000FFF7DDCEB9A51BB671632400681988191A
:103CC00006094B2AB57C73747384B294D5C5F4CDC0
:103CD00013D634DE55DE76DE96E6B6E6B7E6D7EEE8
:103CE000D8EEF8EEF8EEF8EEF9EEF8EEF9EE19EFA0
:103CF00019F719EF19F719F719EF19EF19EF19EF6C
:103D000019F719F719F719F719F719F719F7F8EE5D
:103D100018F719F718F7F8EEF8EEF8EEF8EED7EE18
:103D2000B7EEB7EED8EE97EEB8EE98DE58CEBAD62C
:103D3000BCD65BC63AC659C6D6BD54AD16CE98DEC3
:103D4000D9E61AEF3AF75BF75BF75BF77BFF7BF798
:103D50007BF79BFF9CFF9CFF9CFFBCFFBCFFBCFF55
:103D6000BCFFBCFF9CFF9CFF9BFF9CFF9CFF7BFF5D
:103D70009BFF9BFF9BFF9BFF7BFF7BFF7BFF5BFF13
:103D80005AFF3AF73AF73AF739F719F7F8F6F8EE33
:103D9000D8EED7EEB7E696E675DE54DE34DEF3D520
:103DA000D2D5B2CD71C551BD11ADD09CB194339D6A
:103DB000B6ADDBCE7EDF7FDFBFE7BCBED053AA222D
:103DC000CB1A0C1B2C1B0B1B2C1B2C1B2D1B4D1B3C
:103DD0004D1B4D1B4D1B4D1B4D1B6D1B6D1B4D1B63
:103DE0004D136D1B6D1B4D134D134D134D132D13A3
:103DF0002D132D132D132D13AD130E1CEE1BAD1310
:103E0000AD13EE23EE23CD1B8C13CD1BED1BAD1399
:103E1000AD13CD1BAD136C138C1B8C2B2B2BA92A34
:103E2000062284210319232143216421032103193C
:103E300044214421E318A218C210E218E318E21842
:103E4000E218E218E3182421242149428631042192
:103E50002421E3182421C21823214421652145216E
:103E60008E6B5DE7BFEF9FEF9FEFBFF7BFF79FEF51
:103E70009FEF9FEF9FEF9FE79FEF9EE77EE77EE735
:103E80005DDF5DDF3DD7FCD6DCCEDBCEBBCE7AC6B8
:103E90009AC6FCD67EE7BFEFDFF7DFF7BFF79EEFEE
:103EA0009EEF9EEFBEF7BFF7DFF7DFF7BFF7BFF775
:103EB000BFF7DFF7DFF7FFFFFFFFDFFFDEF7DEFF14
:103EC000DEFFFFFFFFFFB9DEB5BDB5BDB8DE9CFF6D
:103ED000BCFFF9E67BF75BF75BF75BF77CFF9CFFCA
:103EE0007BF75BF77BF77BF77BF77BF77BF77BFF5A
:103EF0009BFF9CFFBCFFBCFFBCFFBCFFBCFF9CFF4B
:103F00009CFF9CFF9CFF9BFF7BF77BF77BF77BF77E
:103F10007BF77BF75BF75BF75AF73AEF3AEF3AEF4D
:103F20001AEFF9E6F9E6D9E698D636CE78CE5CE710
:103F3000FFFFBFEFBCCEB9ADAE4A650027110A2224
:103F40002609AD3AF684947CB38CF39CF5CDF4D578
:103F500014D655DE35DE76DE96E696E6B7E6D7EE83
:103F6000D8EED8EEF8EEF8EEF9EEF8EEF9EEF9EE5E
:103F7000F9EEF9EEF9EE19F719EF19EF19EF19EF5C
:103F800019F719F719F718F718F718F7F8EEF8EE08
:103F9000F8EEF8EEF8EEF8EEF8F6F8F6F8EED7EE02
:103FA000D7EEB7EEB7EE97EE98E698DE58CE9AD6F3
:103FB0009BCE7BCE19BEF8BD95B574B536D698DECE
:103FC000D9EE1AF73AF75BF75CF75BF77BF77BFF05
:103FD0009BFF9BFF9CFF9CFF9CFF9CFF9CFF9CFF0B
:103FE000BCFFBCFFBCFF9CFF9BFF9CFF9CFF7BFFBB
:103FF0009BFF9BFF9BFF9BFF7BFF7BFF7BFF5BFF91
:104000005AFF3AF73AF739F739F719F7F8EEF8EEB9
:10401000D8EEB7EE96E696E675DE54DE13D6F2D508
:10402000D2CD92CD51BD10B5F0A4B094918CF29444
:10403000759D9ABE7EDF9FDF9FDF1DC7726CAB222E
:10404000AA1A0C1B2C1B0B1B2C1B2C1B2D1B2C1BFB
:104050002D1B4D1B4D1B2D1B4D1B6D1B6E1B6D1BFF
:104060006D1B6E1B6E1B4D132D134D132D132D1336
:104070002D132D132D132D13AD13EE1BED1B8C13D0
:10408000AD13EE1BEE1BCD1BAD13CD1BEE1BCD13E5
:10409000AD13CD1BCD136C136B1BAC2B2B2BC92A73
:1040A0002722A521031944216421642123212421ED
:1040B00044212421E318C218C210E218E218E318C0
:1040C000E218E218E31824212421073A6529242163
:1040D000242103212321E2184429642185298621F2
:1040E0004D5B5DDFBFEF9FEFBFF7DFF7DFF7BFEFA0
:1040F0009FEF9FEF9FEF9FEF9FEF9FEF9FEF9EE759
:104100007EE77EE77EE75DDF1CD7FCD6BBCE9AC696
:104110009BC6FCD67EE7BFEFBFF7DFF7DFF7BFF741
:104120009EF79EEF9EF79EF7FFFFFFFFDFF7BFF7BB
:10413000BFF7BFF7BEF7DFF7DFF7DEFFFFFFFFFFD9
:10414000FEFF5BF753B594BD57D67BFFBCFFF9E686
:10415000D9E69BFF3AEF5BF75BF75BF75BF73AF764
:104160005BF77BFF7BFF5BF77BF77BF77BF77BF7EF
:104170007CFF9CFF9CFF9CFF9CFFBCFF9CFF9BFF68
:104180009BFF9CFF9CFF9BFF9BF77BF77BF77BF7DD
:104190007BF77BF77BF77BF75BF75BF73AEF3AEF61
:1041A0003BEF1AEFD9E6D9E697DE36CE37CE99D671
:1041B000FFFFFFFF7FE7D9ADCA29A600E6080A2264
:1041C00089114F4B378DB484B39433A5D5CDF4D535
:1041D00034DE55DE75DE96E696E6B6E6B7E6D7EE51
:1041E000D8EED8EEF8EEF8EE18EFF8EEF8EEF9EEBD
:1041F000F9EEF8EEF9EE19EF19F719F719F719F7C3
:1042000019F719F719F719F7F8F6F8F6F8F6F8F6B6
:10421000F8EEF8EEF8EEF8EEF8F6D8EED8EEF8EEA6
:10422000D8EEB7EEB7EE97E698E678DE37CE79CEE1
:104230009BCE7BCE39C6B6B574B5D5C577D6B8E6B4
:10424000F9EE3AF73BF75CF75CF75CF77BF79CFF1E
:104250009BFF9BFF9CFFBCFFBCFFBCFFBCFFBCFFE8
:10426000BCFFBCFF9CFF9CFF7BFF9CFF9CFF9CFF57
:104270009BFF9BFF9BFF7BFF5BFF5BFF5BFF5BFF8E
:104280003AFF3AF719F719F719F7F8F6F8EEF8EEDA
:10429000D7EEB7E696E675DE54DE34DEF3D5D2CD42
:1042A000B2CD71C531B5F0ACD09CB194B18CB28CAB
:1042B0001495D7AD1DCF7FDF7FDF7ED7357DCB2A2D
:1042C000AB1A0B1B0B1B0B1B0C1B2C1B2C1B2C1BBB
:1042D0002D1B2D1B2D1B2C132D134D1B4D1B4D1B4F
:1042E0006D1B6E1B6E1B6D1B4D134D134D134D132C
:1042F0004D132D134D134D13CD13EE1BED138C0BDE
:10430000AD130E1C0E24CD1BCD1B0E1C0E1CCD1B85
:10431000CD13EE1BEE1BAC136B13AC2B2B2BC92A4E
:10432000682AC521031944216429642123214421D9
:1043300064210319E218C218A210C218C218E218A8
:10434000E218C218E21823214529C73965294421FA
:10435000442165290321E318852985298521C72959
:104360002C5BFCD69FEF9FEFBFF7BFF7DFF7BFEFE8
:104370009FEF9FEF9FEF9FEF9FEF9FEF9FEF9FEFCD
:104380009EE79EE79EE77EE73DDF1CD7DBCE9BC620
:104390009AC6DCCE5DDF9EE7BFEFDFF7DFF7BFF742
:1043A0009EF79EEF9EF79EF7DFF7DFF7DFF7DFF769
:1043B000DFF7BFF7BFF7BEF7DEFFFFFFDEFF7CF7DB
:1043C000D5C54F9473B577DE5BF7F9E6D8E65AF7B3
:1043D0009BFF5AF75AF75AF75BFF7BFF5BF75BF7D8
:1043E0007BFF7BFF5BF77BFF7BFF7BFF7BFF7BF72D
:1043F0007CFF7CFF9CFF9CFF9BFF9CFF9CFF9BFF27
:104400009BFF9CFFBCFF9CFF9BFF7BF77BF77BF731
:104410007BF75BF75BF77BF75AF75AF75BF75BF7CE
:104420001AEF3AEFD9E6F9EED8E677D657D657CE57
:104430001BDFBFF7FFF71ED7A92185000709A919C0
:10444000CA19F2635795F48CF49C74B5D4C514D68C
:1044500034DE34DE75E676E696E6B7E6B7E6D7EE06
:10446000D8EEF8EEF8EE18F718EFF8EEF8EE19EFD0
:1044700019F719EF19EF19EF18EF19F739F719F7BD
:1044800018F7F8EE18F719F7F8F6F8EEF8F6F8F668
:10449000F8EED8EEF8EE18F7F8F6D7EED7EEF8EE1D
:1044A000F7F6B7EEB7EE97E6B8E677D616C659CE6A
:1044B0009BCE3AC639C654AD53B556D6B7E6F8EEDC
:1044C00019EF3AF75BF75CFF5CF75BF77BF79CFF54
:1044D0009BFF7BF79CFFBCFFDCFFBCFFBCFFBCFF6E
:1044E000BCFFBCFF9CFF7BF77BF77BFF7BFF7BFF69
:1044F0009BFF9BFF7BFF7BFF5BFF5BFF5BFF5AFF2D
:104500003AFF3AF739F719F7F8F6F8EED8EED7EEA2
:10451000D7EEB7E696E675DE34DE33D6F3D5B2CD08
:1045200092C571BD31B5F1A4B094D194D28CB2844E
:10453000B2843595BBC67EDF7FDF9FDF978D0C335E
:10454000CB220C1BEB1A0C1B0C1B2C1B2C1B2C1B2F
:104550002C132D1B2D1B2C132D134D134D1B4D13E5
:104560004D136D1B6D1B4D134D134D134D134D13FB
:104570002D132D132D132D13CD130E1CED1BAC0B72
:10458000AD130E1C0E1CEE1BCD130E1CEE1BAD133B
:10459000AD13CD13CD13AC136B138C234B2BEA2A25
:1045A0008932E62923194429642944212319442105
:1045B00064210319C218C218C218C210C218E21826
:1045C000C218C218E318E2184429E73965292421E2
:1045D0006529E6394429031985298529A629E7296A
:1045E0000C53FCD67EE79FF79FF7BFF7BFF7BFEFEF
:1045F0007EE77EE79FEF9FEF9FEF9FEF9FEFBFEF7D
:104600009FEFBFEFBFEF9FE75DDF1DDFFCD6BBCEA7
:104610009BC6BBCE1CD77EE7BFEFFFFFDFFFBFF718
:10462000BFF79EF79EEF9EEFBFF7BFF7FFFFDFF7E5
:10463000BFF7BEF7FFFFFEFFFEFF9CFFF6C50E8C27
:10464000709C36D6F9EEF9EED8E6F9EE39F739F77F
:1046500019EF39EF5AF75AF75AF75BFF7BFF7BFFE9
:104660007BFF7BFF7BFF7BFF7BFF7BFF9BFF9BFF3A
:104670009CFF9CFF9CFF9CFF9BFF9BFF9BFF9CFF65
:104680009CFF9BFF9BF79BF77BF77BF77BF77BF709
:104690007BF75BF75BF75AF73AF75AF75BF73BF7AD
:1046A0003BF71AEF1AEFF9EED8E6B8E698DEF5C553
:1046B00058CE5DEFFFFFFFF7A821A5006811481154
:1046C000CA197474989DF494F39CD5C5D5CD35D68C
:1046D00035DE55DE55DE96E696E6B7E6D7EED8EE41
:1046E000F8EEF8EEF8EE18F718F718F718EF18EFDD
:1046F000F8EEF8EEF8EEF8EEF8EE18EF18EF18EF27
:1047000018F718F7F8F6F8F619F7F8F6F8F6F8F6D5
:10471000F8EEF8EEF8EE18F7F8EED7EED7EEF8EE82
:10472000D7EEB7EEB8EEB8EE98E677D616C638C62E
:104730005AC6B8B518C613A573B597DED8E6F9EE14
:104740005AFF3AF75CFF7DFF5CF75CF77BF79BF75E
:104750009BF79BF79CFF9CFFBCFFBCFFBCFF9CFF33
:104760009CFFBCFF9CFF7BF77BF77BF77BFF7BFF0E
:104770007BFF9BFF9BFF7BFF5BFF5BFF5BFF5BFFA9
:104780005AFF3AF739F739F719F7F8F6F8EED7EE96
:10479000D7EE96E676E655DE34DE13D6D2D571C571
:1047A00071BD51B5F0A4D09C9094B18CB28C928420
:1047B000B384D38418AE7EDF9FDF9FD7D8952D3387
:1047C000CB1A0C23CB1A0C1B0C1B0C1B0C1B2C1B0D
:1047D0002C132D1B2D1B2C1B2D134D1B4D132D137B
:1047E0004D134D1B6D1B4D1B6D1B6D1B4D132D1361
:1047F0002D132D132D132C0BAD130E1CEE1BAD130F
:10480000CD130E1C0E1CED13CD130E1CEE1BAD13A1
:10481000AD13ED1BCD138C136B138C232A23E92AC4
:10482000A932062A23194421A52985294421642176
:1048300065290319C218A218A210C218E320E320A8
:10484000C218C218E31803214421E7396529031966
:104850004429A63124292421C6314419A629283205
:10486000AA429ACEBFEF5EEFBFF7DFF7DFF7BFEFE9
:104870009EE77EE7BFF7BFF7BFF7BFF7BFEFBFEF1A
:104880009FEF9FEF9FEF7EE73DDF5DDF5EDF1CD791
:10489000BBC67AC6BBCE3DDF5EE79FEFBFF7DFF753
:1048A000BFF79FF79FF79EEF5DE7DFF7FFFFBFF7CB
:1048B000BEF79DF7DEFFBDFF16CE0E8C6B7B11ADF4
:1048C00036D677DE97E6B8E6F9EE19EF19EF19EF6D
:1048D00039F75AF75AF73AF73AF75BFF5BFF5BFF96
:1048E0007BFF7BFF7BFF7BFF7BFF7BFF7BF77BF708
:1048F0007BF77BF77CFF7CFF9BF79BF79BFF9BFF86
:104900009BFF9BFF9BF77BF79BF77BF77BF77BF787
:104910007BF75BF75BF75BF75AF75BF73AEF3BEF39
:104920003BF73BF71AF719EFF9EEB8E6B8E657CEC2
:10493000D6BD99D6DFF7FFFFF8AD0200A9194911DE
:10494000EB21957498A5149513A5F5C5F5CD35D62D
:1049500035DE76E675DEB6E696E6B7E6D7EED8EE55
:10496000F8EEF8EEF8EEF8EE18F718F718EF18EF83
:10497000F9EEF9EEF9EE19EF18EF18EF18EF18EF5E
:1049800018F718F7F8F6F8F6F8EEF8EEF8EEF8EE95
:10499000F8EEF8EEF8EEF8EEF8EEF7EED8EEF8EE08
:1049A000D7EEB6EEB7EE77E6D8E677D616C638C6B7
:1049B00039C618BE75AD12A536CED8E6D8EE19EFB9
:1049C0005AF73AF73BF73BF75CF77CF77BF79CFF2E
:1049D000BCFFBCFF9CFFBCFFBCFFBCFFBCFF9CFF3F
:1049E0009CFF9CFF9CFF7BFF9CFF9CFF9CFF9CFF10
:1049F0009BFF9BFF7BFF7BFF5BFF5BFF5AFF5AFF29
:104A00003AF73AF739F739F7F8F6F8EED8EEB7E6AD
:104A1000B6E696E675E655DE13D6F2D5B2CD71C58B
:104A200051BD10B5B09CB09CF29CF294F38CD38431
:104A3000B384B384969DBBC69FDFDFDF39A64D3BB1
:104A4000AA1A0C23CB1A0C1B2C1B0C1B2C1B2C1B6B
:104A50002C132D1B2D1B2C1B2D134D134D1B2D13F8
:104A60002D132D134D1B4D1B4D134D134D132D1396
:104A70002D132D132D130C0BAD130E1C0E1CCD136B
:104A8000CD130E1C0E1CCD1BAD130E1C0E1CCD1316
:104A9000CD13EE1BED13AC138C138C230A23EA2ADF
:104AA000C932062A23194421C631852944214421CB
:104AB00085292421E318C218A210E3180321032139
:104AC000E318E318E31803214421073A8529231941
:104AD0004421853124214421C6316521C629272A54
:104AE0008A4279BE9EEF7EEFBFF7DFFFDFF7DFEF91
:104AF0009EEF7EEFBFF7BFF7BFF7BFF7BFF7BFF778
:104B0000BFEFBFEF9FEF9EE75DE75DDF5DDF3DDF5E
:104B1000FCD69AC67AC6FCD69FEFBFF7FFFFDFFF31
:104B20007EEF5EEF9FF7BFF7FFFF9EEFBEF7BEF78A
:104B3000DEFFFEFF99DE4F942A73ED8B73C5D4CD53
:104B400015D6B8EE97E6B8E619F719EF19EF19EF91
:104B50003AF75AF75AF73AF73AF75AF75AFF5BFF1C
:104B60007BFF7BFF7BFF7BFF5BF75BF77BFF7BFFC5
:104B70007BF77BFF7BFF7BFF7BFF7BFF7BFF9BFF4D
:104B80009BFF9BFF7BFF7BF79BFF9BFF7BFF7BF7E5
:104B90007BF75BF77BF77BF75BF73BF73AF73AF787
:104BA0003AF73BF73AF719EFF9EEF8EED9E697DE68
:104BB00037CEF6C53CE7FFFFFFF7C829C60049110D
:104BC0000B22F36BD8AD349D53ADF5C515D635D654
:104BD00035D676E695E6B6E6B6E6B7E6D7EED7EE94
:104BE000D8EEF8EEF8EEF8EEF8EEF8EEF8EEF8EEB5
:104BF00018F718F719F719F719F718F7F8EEF8EE8C
:104C0000F8EEF8EEF8F6F8F6F8EEF8EEF8EEF8F65C
:104C1000F8EEF8EEF8EEF8EEF8EEF8EEF7EEF8EE65
:104C2000D7EEB7EEB8EE97E6B8E677D616C637C633
:104C300038C618BE13A553AD77DED7E6F8EE39F7C0
:104C40005AF73AF75CFF5CF75CF77CF79BF7BCFF21
:104C5000BCFF9BFF9CFFBCFF9CFFBCFF9CFF9CFF1D
:104C60009CFF9CFF9CFF9BFF7BFF7BFF7BFF7BFFF1
:104C70007BFF9BFF7BFF7BFF5BFF5AFF5AFF3AFFE7
:104C80003AF719F719F719F7F8EED8EED7EE97E6D5
:104C9000B6E675E655DE34DE13D6D2CD91CD71C5BC
:104CA00031B5F0AC909CB19CD294F394D38CF48C3D
:104CB000D384B3841595D8ADFDCEBFDFBBB6AF436B
:104CC000AA1A0C23CB1A0C1B0C1B0C1B2C1B2C1B09
:104CD0002C132C132D1B2C1B2C134D1B4D1B4D1B50
:104CE0002C134D1B4D1B4D1B2D132D134D132D132D
:104CF0004D134D132D132C0BAD130E1C0E1CAD13A9
:104D0000CD130E1CEE1BCD1BAD130E240E24CD13A4
:104D1000CD13EE1BEE1BAC13AC1BAC230A23EA2A0B
:104D2000EA3A272A03194421E631A5292319442107
:104D300065292421E318E318C21803210321E32085
:104D400003210321E318E3184421073AA52944214C
:104D50006529853103214421A629C629072AE72987
:104D6000AA4279BE5DDF9FEFBFF7DFF7DFF7DFF71E
:104D7000BFEF9EEFBFF7BFF7BFF7BFF7BFF7BFF7B4
:104D8000BFF7DFF7BFF7BFEF7EEF5DDF3DDF3DDF52
:104D90003DDFFCD69AC6BBCE1DDF7EE7BFF7DFFF47
:104DA000BFF79FEFBFF79EEF9EEFFFFFFFFFFFFFF5
:104DB0001BEFB1A46C7B4B7BCC8B8FAC52C5D4CD9D
:104DC00056DE97E697E697E6D8EEF8EE19EF19EF7C
:104DD00019EF3AF73AF75AF73AF75AF75AFF5AFFE4
:104DE0005BFF5BFF5BFF5BFF7BFF7BFF7BFF7BFF73
:104DF0007BFF9BFF9BFF9BFF9BFF9BFF9BFF9BFF03
:104E00009CFF9CFF7BFF7BF77BFF9BFF9BFF7BF760
:104E10007BF75BF77BF77BF75BF75BF73AF71AEF0C
:104E20003AF73AF71AEFF9EEF9EEF9EED9E698DE2D
:104E300098DE16CE16C65CEFFFFF39B66400481147
:104E40006919915BF8AD54A573B5F4C535D656DE36
:104E500015D676DE75DEB6E6B7E6B7E6D7EED7EE60
:104E6000D8EEF8EEF8EEF8EEF8EEF8EEF8EEF8EE32
:104E700018F718F719F719F719F718F7F8EEF8EE09
:104E8000F8EEF8EEF8F6F8F6F8EEF8EEF8EEF8EEE2
:104E9000F8EEF8EEF8EEF8EEF8EEF8EED7EED7EE24
:104EA000B6EEB7EED8F698EE97E677D6F6C537C6E3
:104EB00039C696B534ADF5C577DEF8EE39F75AFF49
:104EC0005AF73AF75CFF7CF77CF77CF79BF7BCFF5F
:104ED000BCFF9BFF9CFFBCFF9CFF9CFF9CFF9CFFBB
:104EE0009CFF9CFF9CFF9BFF7BFF7BFF7BFF7BFF6F
:104EF0007BFF7BFF7BFF7BFF5BFF5AFF5AFF3AFF85
:104F00003AF719F7F9F6F9F6F8EED8EED7EE97E694
:104F100096E655DE35DE14DED2D5B1CD91C551BD54
:104F200010B5D0A4909CB194D294F38CD38CF48C13
:104F3000B384B384B3841595F8AD1DC7DCB61054A3
:104F40008A1AEC22CB1AEB1A0C1B0C1B2C1B2C1BE9
:104F50002C132C132D1B2D1B4D1B4D1B4D1B2D13CB
:104F60004D1B6D1B6E1B4D1B4D134D1B4D134D13D8
:104F70004D134D134D132D13AD0B0E14ED13AC0B40
:104F8000AD13EE1BEE1BAD13AD132E242E24CD134B
:104F9000AD13ED1BED13AC13AC1BAC232A23EA2A93
:104FA000E932262A231144210632C629442144210C
:104FB00064212319C218C218E218E320E320032158
:104FC00003210321E218E3186429E73985294421E4
:104FD0006529652903214429A629A6214832072AE3
:104FE000693238B63DDF7EEF9FF7BFF7DFF7FFF797
:104FF000DFEFBEEFBFF7BFF7DFF7BFF7BFF7BFF7D2
:10500000DFF7DFF7DFF7DFF79EEF5DE73DDF5DE717
:105010005EE71CDFBBCEBBCEFCD65EE79FEFDFF7C3
:10502000DFFFBFF7BFF7DFF79EEFBEF7DEFF37C644
:10503000AD838862E972CC93AFAC51C592CDF4D503
:1050400035DE55DE97E697E6B7E6D8EEF9EE19EFCE
:1050500019F719EF39F73AF73AF73AF75AF75AF7D3
:105060005BF75BFF5BFF5BFF7BFF7BFF7BFF7BFFF8
:105070007BFF7BFF7BFF7BFF9BFF7BFF7BFF9BFF20
:105080009CFF9CFF7BFF7BF77BF77BFF9BFF7BFFFE
:105090007BF77BF77BF77BF75BF75BF73BF73AF741
:1050A0003AF71AEF1AEFF9EEF9EEB8E6D9E6B8E6F4
:1050B00078DE98DE74B537CEFFFFFFF74B3A8500F8
:1050C0008919EE4A56A534A5D4BDF4CD15D655DEC2
:1050D00035D676DE75DEB6E6B7E6B7E6B7EED7EEDE
:1050E000D8EEF8EEF8EEF8EEF8EEF8EEF8EEF8EEB0
:1050F00018F718F718F718F718F7F8EEF8EEF8EEB3
:10510000F8EEF8EEF8EEF8F6F8EEF8EEF8EEF8EE67
:10511000F8EE18EF18EFF8EEF8EEF8EED7EEB7EE7F
:1051200096EEB6EEB7F697E697E657D6D5BD17C614
:1051300039C614A553B557D697E619F739F719F7B5
:105140005BFF5BFF5CFF5CF77CF79CF79BF7BBF7B3
:105150009BFF9BFFBCFFBCFFBCFF9CFF9CFF9CFF19
:105160009CFF9CFF9CFF7BFF7BFF7BFF7BFF7BFF0C
:105170007BFF7BFF7BFF7BFF5BFF5AFF5AFF5AFFE2
:1051800039F719F719F7F9EED8EED8EED7EE96E61B
:1051900076E635DE14DEF3D5B2D591CD71C530BDDE
:1051A000F0ACB0A49094B194D3941495F48CD484BE
:1051B000937CB384B384D484358D39AE9BAE515C7B
:1051C0008A1AEB1AEC1A0C1BEC1A0C1B2C1B2C1356
:1051D0000C132C132D1B2D1B2D1B4D1B4D1B2C138A
:1051E0004D1B6D1B6D1B4D1B4D1B6D1B4D132D134F
:1051F0004D134D134D134D13AC0BED13ED13AC0BC1
:10520000AD13EE1BCD1B8C13AD130E240E24AD136A
:10521000AD13ED13ED13AC13AC1B8C232A230A2B17
:10522000C932062A23194319E631C52944214421EC
:1052300085292421C218C218C218E218032124218A
:105240000321E318E31803218531E7394421442180
:105250004429242124216529C629E7296932282ADD
:10526000492AD7A53DDF5DE79EEF9FF7DFEFFFF708
:10527000DFEFBEEFBFF7BFF7DFF7DFF7BFF7BFF72F
:10528000FFF7FFF7DFF7DFF7BFEF7EE77EE77EEFA1
:105290007EE75DDFDCD6BBCEDCD65DDF9FEFDFF7E0
:1052A000DFFFBFF7BFF7FFFFFFFFDAD60F84474AE4
:1052B000A8624A7BAB8BCB932DA431C5D3D5F3D554
:1052C00035DE76E697E6B7E6B7E6D8EEF8EEF9EE25
:1052D00019F719F719F719F71AF73AF73AF75AF7CA
:1052E0005BF75BF75BFF7BFF7BFF7BFF7BFF7BFF5E
:1052F0007BFF7BFF7BFF7BFF7BFF7BFF7BF77BFFE6
:105300009BFF9BFF7BFF7BF77BF77BF77BFF7BFFA5
:105310007BF77BF75BF75BF75BF75BF75BF73AF7DE
:105320003AF73AF71AF71AEFF9EED9EED9E6D9E6D5
:1053300077DE57D677D673B55CEFDFF7F9B5640043
:1053400069196C42F49C74AD15CE14CEF4CD55DEC3
:1053500055DE96E696E6B6E6B7EEB7EED7EED7EEB2
:10536000D8EEF8EEF8EEF8EE18F718F718F718F789
:1053700018F718F718F718F7F8EEF8EEF8EEF8EE59
:10538000D8EEF8EEF8EEF8EEF8F6F8F6F8EEF8EEFD
:10539000F8EE18EF18EFF8EEF8EED8EED7EEB7EE1D
:1053A00096EE96EEB7EE77E677E657D6D5BD17C6FA
:1053B000B6BD13A574B598DEB8E619F739F719F735
:1053C0005BFF7CFF7CFF7CFF7CF77CF79BF79BF708
:1053D0009BF79BFF9CFFBDFFBCFF9CFF9CFF9CFFBE
:1053E0009CFF9CFF9BFF7BFF7BFF7BFF7BFF7BFF8B
:1053F0007BFF7BFF7BFF7BFF5AFF5AFF5AFF3AFF81
:1054000039F719F7F9EEF8EED8EEB7EEB7EE96E603
:1054100076E635DE14DED3D5B2CD71C551C510B5F3
:10542000D0ACB09C9094B194D394F48CF48CB384AD
:10543000937CB384D48CF48CD4849795189E725C3E
:10544000AB1AEB1AEC1AEC1AEC1A0C1B2C1B2C13D3
:105450000C132C132D1B2C1B2C134D1B4D1B2D1310
:105460002C132D134D1B4D1B4D1B4D1B4D132C137E
:105470002C0B4D134D134D13AC0BED13ED13AD135E
:10548000CD1B0E1CEE1B8C13AD1BEE1BEE1BAD13C8
:10549000AD13ED1BED13AC138C138B1B2B230A2BBD
:1054A000C92A262A44194419C529C5296421642119
:1054B000A6294421E318C218A210C21803214429C6
:1054C0000321C218E3182421C631073A4421852953
:1054D000652923214529A6310832493A4932282A2B
:1054E000282A55953DDF5DE77EEF9EEFDFEFFFF762
:1054F000FFEFBEEFBFF7DFF7DFF7DFF7BFF7BFF76D
:10550000DFFFFFFFFFF7FFFFDFF79EEFBFEFBFEF0C
:10551000BEEF9EEF5DE7FCD63DDF5DDF3DDF7EEF5A
:10552000DFF7FFFFDFF77DE7B6B58D6BC95A0A6B72
:105530002973E87249832CA4EFBC91CD31C5D3D532
:1055400076E656E676E676E697E6B7E6D8EED8EE65
:10555000F8EE19F719F719F719F739F73AF75AF773
:105560005AF75BF75BFF7BFF7BFF7BFF7BFF7BFFDC
:105570007BFF7BFF7BFF7BFF7BFF7BFF7BFF7BFF5B
:105580007BFF7BFF7BFF7BFF7BFF7BFF7BFF7BFF4B
:105590007BFF7BFF5BF75BF75BF75BFF5BF73AF744
:1055A0003AF73AF73AEF1AEFF9EEFAEED9EED9E612
:1055B000B8E636CEF9EEB4BDB5BD9EF7FFF76C4246
:1055C0002300E931728C95B5F5CD14D6F3D554DEB0
:1055D00075DE96E696E6B6E6D7EED7EED8EED8EECE
:1055E000D8EEF8EEF8EEF8F618F718F718F718F7FF
:1055F000F8EEF8EEF8EEF8EEF8EEF8EEF8EEF8EE7B
:10560000F8EEF8EED8EED8EEF8F6F8F6F8F6F8EE92
:10561000F8EEF8EEF8EEF8EEF8EED8EED7EED7EEBC
:10562000B6EE96EEB7F697EE77DE36D6B5BDD6BDBA
:1056300034AD34ADD5C5D8EEF9EE39F75AFF3AFF9F
:105640005BFF5BFF5CFF7CF77CF77BF79BF79BF7CF
:105650009BF79BFF9CFF9CFFBCFF9CFF9BFF9CFF5D
:105660009CFF9CFF9BFF9BFF7BFF7BFF7BFF7BFFE8
:105670007BFF7BFF7BFF7BFF5AFF5AFF5AFF3AF706
:1056800039F719F7F9EEF8EED8EEB7EEB7EE76E6A1
:1056900075E614DEF4D5B3D591CD30C510BDF0B4A8
:1056A000AFA46F9C9094D294F394F48CF48CD48433
:1056B000937C9384B384D48CD484358D56853154B3
:1056C000CB22EB22CB1ACB1AEC1A0C1B2C132C136B
:1056D0000C132C132C1B2C1B2C134D1B4D1B4D1B67
:1056E0002C1B2C1B4D1B2D134D1B4D1B4D132C1315
:1056F0002C0B2C134D134D13AC0BED13ED13AD13FD
:10570000CD1B0E24EE1BAD13AD1BEE1BCD1BAD133D
:10571000CD13EE1BED138C0B8C138B1B4B232A2B01
:10572000C92A272A641944210632E6296421642102
:10573000C6296421E318C218A210A210032144292B
:105740002421E31803214421C63927426429C6399C
:10575000A53124218531E73969428A3A482A482A05
:105760002822F38C5DDF3DE77EEF9EEFBFEFFFF772
:10577000FFF7BEEFDFF7DFFFFFFFDFF7BFF7BFF792
:10578000DFFFDFFFDFF7FFFFDFF7BFF7DFF7DFF751
:10579000BFEFDFF7BFEF5DE71CD75DDF7EE79EE77A
:1057A0009FEF7EE79ACE149DEF738D6B8C6B096B28
:1057B000E86A69830C9C4CACAEB4EFBCB2CDF3D5B7
:1057C000F4D535DE56DE76E676E697E6B8E6D8EE30
:1057D000D8EED8EEF9F619F719F739F73AF75AF77C
:1057E0003AF75AF75BF77BFF7BFF7BFF7BFF7BFF83
:1057F0007BFF7BFF7BFF7BFF7BFF7BFF7BFF7BFFD9
:105800009CFF9CFF7BFF7BFF7BFF7BFF7BFF7BFF86
:105810007BFF7BFF7BFF5BF75BF75BFF5BF73AF799
:105820003AF73AEF1AEF1AEFF9EEF9EED9EE98E6F9
:10583000B8E697DE35D656D633ADBAD6FFFF98AD6B
:10584000A5086729F08317CEB3C534D613D675E6FD
:1058500075DE75DE96E6B6E6D7EED7EED8EED8EE74
:10586000D8EED8EEF8EEF8EE18F718F7F8EEF8EEF6
:10587000F8EEF8EEF8EEF8EEF8EEF8EEF8F6F8EEF0
:10588000F8EEF8EED8EED8EEF8EEF8F618F7F8EEF7
:10589000F8EEF8EEF7EEF7EEF8EED8EEB7EEB7EE7C
:1058A00096EE96EEB7EE77EE57E616D674B554B58B
:1058B000F2A454B577DED8EE19F719F75AFF7BFF3B
:1058C0005BFF7BFF7CFF7CF77BF77BF79BF79BF70E
:1058D0009BFF9BFF9CFF9CFF9CFF9BFF9BFF9CFFF4
:1058E0009CFF9BFF9BFF9CFF9CFF9CFF7BFF7BFF24
:1058F0007BFF7BFF5BFF5AFF5AFF5AFF3AF739F7EE
:1059000019F718F7F8EEF8EED8EEB7EE97E656E688
:1059100055E614DED3D592CD70CDEFBCEFB4CFAC4D
:105920008FA46F949094D294D38CD38CF48CD48421
:10593000B484937CB384D484F4841585B36CAF436E
:10594000AB22CB22CB1AEB1AEB1A0C132C132C1311
:105950000C132C134D1B2C1B2C1B4D1B4D1B4D1BBB
:105960004D1B4D1B2D130C132D134D1B4D1B2C13B9
:105970002C134C134D134D13AC13CD13CD13AD138A
:10598000AD130E1CEE1BAD13AD13EE1BCD1BAD13F3
:10599000CD13EE1BCD13AC0B8C136B1B4B2B0A2BB7
:1059A000C92A472A85194419262A272A84216421CD
:1059B000A5296421E318C218C218A1100319853162
:1059C0000421E318042123218531C6392321E63936
:1059D00085312429C631C63169428A3A2722692A8B
:1059E0002822927C9EE71CDF7EEFBEEFDFEFFFF701
:1059F000FFF7DFEFDFF7DFF7FFFFBFF79FF7BFF737
:105A0000DFFFFFFFFFFFFFFFDFFFFFFFFFF7DFF716
:105A1000BFEFDFF7DFF7BFEF5DDF7EE79FE79EE7D2
:105A20001CD7F8B5D38C507C2F7CEE7BAC7B6A7393
:105A30002973487BCA934CACCEBC0FC530C5B2CDE0
:105A400014D614D656DE56DE76DE97E697E6D7EE07
:105A5000D8EEF8EEF8EE19F719F719F73AF73AF722
:105A60003AF75AF75BFF5BFF7BFF7BFF7BFF7BFF18
:105A70007BFF7BFF7BFF7BFF7BFF7BFF7BFF7CFF55
:105A80007BFF7BFF7BFF7BFF7BFF7BFF9BFF9BFF06
:105A90009BFF7BFF7BFF7BFF7BFF7BFF5BFF5BF75E
:105AA0003AF71AEF1AEF1AF7F9EED8EEF8EED8EE49
:105AB00097E6B7E655DE56D636CE74AD3DE79FF78E
:105AC0000A420529308C78DED3CD14D654DE95E613
:105AD00075E676E696E6B6E6D7EED7EED7EED8EEE2
:105AE000D8EED8EEF8EEF8EE18F718F718F7F8EE4B
:105AF000F8EEF8EE19F718F7F8EEF8EEF8EEF8EE23
:105B0000F8EEF8EED8EED8EEF8F6F8F6F8F6D8F6A5
:105B1000F8F6D8F6D7EED7EED8EED7EEB7EEB7EE6A
:105B2000B7EE97EEB7EE77E657DE16D632B5F2ACA3
:105B3000D1A4B5C5B8E6D8EE19F73AFF5AFF7BFFF6
:105B40007BFF7BF75BF77BF77BF77BF79BF79BF79D
:105B50009CFF9CFF9BFF9CF77BFF9BFF9CFF9BFF99
:105B60009BFF9BFF9BFF9CFF9CFF9BFF7BFF7BFFA3
:105B70007BFF7BFF7BFF5AFF5AFF3AF739F719F794
:105B800019F7F8EEF8EEF8EEB7EE96E676EE35E6B3
:105B900034E6F3DDD2D591CD2FC5EEBCEFB4AFA482
:105BA0006F946F8CB18CD28CD28CF38CD384B384F1
:105BB000B484B484B37CB37CF47C157D1154CB2ABB
:105BC000AB22CB22CB1AEB1ACB12EB120C132C13F9
:105BD0000C132C134C1B4C1B2C1B2C1B2C1B4D1B5C
:105BE0004D1B4D1B4D1B2C134D1B4D1B4D1B2C13C7
:105BF0000C132C134D134C13AD13CD1BCD1BAD1338
:105C0000AD13EE1BEE1BAD13CD13EE1BEE1BCD1330
:105C1000CD13ED1BCD13AC138B136B134B230A2B3E
:105C2000C92A482A85214419062A262A8421442182
:105C3000A52964210321E218C218A1100321A6316D
:105C40002421E318242144216529C6394429C63971
:105C50008531A531C639A6316942AA3A282A692A6E
:105C60002822927C7EE73DDF9EEFBFEFFFF7FFF734
:105C7000FFF7BFEFBFF7DFF7FFFFDFF7BFF7BFF7B4
:105C8000DFFFFFFFFFFFDFFFBFF7DFFFFFFFFFFFCC
:105C9000DFF7DFF7DFEF9EEF7EE79EE73DD759BEE8
:105CA000769DD38C9284918470844F840D848A7BFA
:105CB00028734883CA932BA4ADB4EEBC0FBD91CD1D
:105CC000F3D5F4D555DE56DE76DE76E697E6B7E612
:105CD000D7EEF8EEF8EE19F719F719F73AF73AF7A1
:105CE0003AF75AF75BF75BF77BF77BFF7BFF7BFFAE
:105CF0005BFF5BFF5BFF7BFF7BFF7BFF7BFF7BFF34
:105D00007BFF7BFF7BFF7BFF7BFF7BFF9BFF9BFF83
:105D10009BFF7BFF7BFF7BFF7BFF7BFF5BF73AF704
:105D20003AF71AF71AF719F7F9EE19EFF8EED8E67D
:105D3000D8EE76DE97E655D635CED5BD96B5DFFFE3
:105D4000D4A42531B6C515D6F4D534DE54DE96EE8E
:105D500075E696E6B6E6B7E6D7EED7EED7EED8EE1E
:105D6000D8EEF8EEF8EEF8EEF8EE18F7F8EEF8EEFA
:105D7000F8EEF8EE19F718F7F8EEF8EEF8EEF8EEA0
:105D8000D8EED8EED8EED8EED8EED8EED8F6D8F6D3
:105D9000D8F6D8F6D7F6D8F6B7EED7EEB7EEB7EE18
:105DA000B7EE97EEB7EE56E677E6D4CD90A46FA4A3
:105DB00011B516D6D8EEF9F619F73AF75AF75BFF90
:105DC0007BFF7BFF7BF77BF77BF77BF79BF79BF7F3
:105DD0009CFF9CFF9CFF9BFF9BFF9BFF9CFF9BFFEF
:105DE0009BFF9BFF9BFF9CFF9BFF9BFF7BFF7BFF22
:105DF0007BFF7AFF5AFF5AFF5AFF5AF739F719F714
:105E000018F7F8EEF8EEF7EED7EE96E676EE35E612
:105E100014DEB2D591CD50C50FC5EEB4CFAC8F9C7A
:105E20004E8C6F8CB18CD18CB184D38CD38CF48C90
:105E3000D484B37CB37CF47C357D72642D3B8A22A0
:105E4000AB22CB22CB1AEB1AEB1A0B1B0C1B2C1B15
:105E50000C130C132C132C130C1B2C1B2C1B2C1B8A
:105E60004D1B4D1B4D132C132D132D1B2D1B2D13B3
:105E70002C134D1B6D1B4D13AD13EE1BEE1BAD1301
:105E8000AD13CD1BCD1BAC13CD13EE1BEE1BCD13F1
:105E9000CD13ED13CD13AC138B134B134B232A2BC4
:105EA000C92A682AA5214419062A273285214421B6
:105EB00084214421E318C218C218A1100321A5317E
:105EC0004421E318042144296529A6396531853127
:105ED000A5310742E639C6318942CA42682A692A91
:105EE000282A51747EE73DE79EEFDFF7FFF7FFF7C3
:105EF000FFF7BFEFDFF7DFF7FFF7DFF7BFF7DFF7FA
:105F0000FFFFFFFFFFFFFFFFFFFFDFF7DFF7FFFFF1
:105F1000FFF7FFF7FFFFFFF7BEEFDBCED7AD14951E
:105F2000D38CD38CB28C91847084708C4E8CEC8327
:105F30006A7B497BAA8B0B9C8DACCEB40FBD71C51F
:105F4000B2CDF3D535DE35DE55DE56DE96E697E684
:105F5000B7EED8EEF8EEF8EE19EF19F739F739F792
:105F60003AF73AF73AF73AF75BF77BF77BFF7BFFB5
:105F70007BFF5BFF7BFF7BFF7BFF7BFF7BFF7BFF71
:105F80007BFF7BFF7BFF7BFF7BFF7BFF7BFF7BFF41
:105F90007BFF7BFF7BFF7BFF7BFF7BFF5BF73AF7A2
:105FA0003AF73AF71AF719F7F9EE19F7D8EEB8E613
:105FB000F8EE76DE97E655D655CE56CE34AD39D6C8
:105FC0001CEFAE83D6CDF4CD13D634DE34DE96EEA0
:105FD00055E696E6B7E6D7E6D7EED7EED8EED8EE9A
:105FE000D8EEF8EEF8EEF8EEF8EEF8EEF8EEF8EEA1
:105FF000F8EEF8EE19F718F7F8EEF8EEF8EEF8EE1E
:10600000D8EED8EED8EEF8EED8EED8EEF8F6F8F6F0
:10601000F8F6D8F6D7F6F8F6D7EED8EEB7EED8EE13
:10602000B7EE97EEB7EE56E677E673C50E942E9C64
:1060300073BD77E6F9F63AF73AF73AF75AF75AF7AF
:106040007BFF7BFF7BF77BF77BF77BF77BF77BF7B0
:106050007BF79BF79BFF9CFF9CFF9CFF9BFF9BFF9D
:106060009CFF9CFF9CFF9CFF9BFF9BFF7BFF7BFF9C
:106070007BFF7AFF5AFF5AFF5AFF3AF739F719F7B1
:10608000F8F6F8F6D7EED7EEB7E696E675E634DE24
:10609000F3DDB2D571CD2FC50FBDCEB4AEA46E94D5
:1060A0004F8C9084D18CD1849184B284B284B38497
:1060B000F484F484D37CD374515C4D3B8B228A1AD4
:1060C000AB22CB1ACB1ACB1AEB1A0B1B0C1B0C1BDB
:1060D0000C130C130C130C130C132C1B2C1B2C1358
:1060E0002C134D1B4D1B2C132D134D1B4D1B2C1313
:1060F0002C134D1B6D1B4D13AD130E1C0E1CAD133D
:10610000AC13CD13CD13AC13CD13EE1BEE1BAD139F
:10611000CD13ED13CD13AD138B136B1B6B2B2B2BEF
:10612000EA2A882AC6216419E629273285214421D2
:10613000842144210321E320C218A11003198531D1
:106140004429C318032164298531A531A539643157
:10615000C5392742E641E7398942AA426932682AAD
:10616000282231745DE75DE7BFEFDFF7FFF7FFF748
:10617000FFF7BFF7DFF7DFF7DFF7DFF7DFF7DFF76F
:10618000FFFFDFF7DFFFDFFFDFFFFFFFFFFFFFFFA7
:10619000FFFFFFFFBFF73DDF79C675A5D38CF38CFA
:1061A0001495D28C9184918470844F846F8C4E8C22
:1061B000CC836A7B8A830C9C6CA4CEB4EFBC30C5C4
:1061C00091CDD2D514DE34DE55DE55DE76DE96E690
:1061D000B7E6D8EEF8EEF8EEF8EE19EF19F719F782
:1061E0001AF73AF73AF73AF75BF75BF75BFF7BFF93
:1061F0007BFF7BFF7BFF7BFF7BFF7BFF7BFF7BFFCF
:106200007BFF7BFF9CFF9CFF7BFF7BFF7BFF5BF7A4
:106210007BF77BFF7BFF7BFF7BFF7BFF5BF73AF727
:106220003AF73AF71AF719F719EFF9EEF8EED8E658
:10623000B7E6D7EE56DE55DE35CE76D6B5BD54B5CB
:1062400099DE13B515D6D3CD14D654DE34DE96EED2
:1062500056E697E6B7E6D7EED7EED8EED8EED8EE0C
:10626000D8EEF8EEF8EEF8EEF8EEF8EEF8EEF8EE1E
:10627000F8EEF8EE18F718F7F8EEF8EEF8EEF8EE9C
:10628000D8EED8EED8EEF8EED8EEF8F6F8F6F8F646
:10629000D8F6D7EED7EED8EED8EED8EEB7EEB7EE0A
:1062A000B7EE76EEB7EE56E656E652BDAC8B6FA46F
:1062B000F5D5B8E619F73AF75AFF5AF75AF77BF7C8
:1062C0007BFF7BFF7BF77BF77BF77BF77BF77BF72E
:1062D0007BF77BF79BF79CFF9CFF9CFF9BFF9BFF43
:1062E0009CFF9CFF9CFF9CFF7BFF7BFF7BFF7BFF5A
:1062F0007AFF5AFF5AFF5AFF5AFF39F719F7F9FE8A
:10630000F8F6D8F6D7EED7EE96E675E655E614DE43
:10631000D3D591CD50C52FC5EEB4AEA46E9C4E8C96
:106320004F847084B184907CB184707C0F74106C45
:106330007174716CCF530C33EB2AAA1A8A1AAB1AF8
:10634000CB1ACB1AEB1AEB1AEB1AEB1A0C1B0C1B21
:106350000C1B0C1B0C1B0C1BEC1A2C1B2C1B2C1BC6
:106360000C134C1B4D1B2D132D134D1B4D1B2C13B0
:106370002C134D136D1B4D13AD130E1C0E24CD139A
:106380008C13AD13CD13AD13CD13EE1BED1BAD135D
:10639000AD13CD1BCD13AD138C138C1B6C2B4B2B62
:1063A0000A2B892AC6216419062A4732A5294421C5
:1063B000852164210321E320C218A110031985312E
:1063C0008529E31803216529A6398531C539432973
:1063D000E641474A06422742A94AAA428932282270
:1063E0000822106C5DDF5DE7BFF7DFF7DFF7FFF72F
:1063F000DFF7BFF7DFF7DFF7DFF7FFF7FFFFDFF7C5
:10640000DFF7BFF7DFF7FFFFFFFFDFF7BFF7DFF7CC
:10641000BFF75DE77AC6B7AD349DD28CF38C349567
:10642000F3949184707C9184B18C70846F8C8F9480
:106430002E8CAB838B83CC8B2C9C8DACCEB40FBDC0
:1064400050C591CDF2D513DE34DE55DE76DE96DE14
:10645000B7E6D8E6D8EED8EEF8EEF9EE19F719F768
:1064600019F739F73AF73AF73AF75AF75BF75BFF5C
:106470007BFF7BFF7BFF7BFF7BFF7BFF7BFF7BFF4C
:106480007BFF7BFF9CFF9CFF7BFF7BFF7BFF7BFFFA
:106490007BFF7BFF7BFF7BFF7BFF7BFF5BFF5BF774
:1064A0003AF71AF71AF719F719F7F9EEF8EED8EEE6
:1064B000B7E6F8EE56DE56DE96DED3C536CE53B5D9
:1064C00074BDD5CDD3CDD3CD34DE54E675E696EE8E
:1064D00076E697E697E6B7E6D7EED7EED8EED8EEB3
:1064E000D8EEF8EEF8EEF8EEF8EEF8EEF8EEF8EE9C
:1064F000F8EE18F718F718F7F8EEF8EEF8EEF8EEF1
:10650000D8EED8EEF8EEF8EED8EEF8EEF8F6F8F6AB
:10651000F8F6D8EED7EED8EED7EED8EED7EEB7EE47
:10652000B7F676EE97EE35E635E611BD8B8BF1B416
:1065300077DED8EE19F73AF77BFF7BF75BF77BF74F
:106540007BFF7BFF5BF75BF77BF77BF77BF77BF7EB
:106550007BF77BF79BF79CFF9CFF9CFF9BFF9BFFC0
:106560009CFF9CFF9CFF9CFF7BFF7BFF7BFF7BFFD7
:106570005AFF5AFF5AFF5AF759F739F719F7F8F641
:10658000D8F6D8F6B7EEB7EE96E655DE34DEF3D59C
:10659000B2CD50C50FC5EFB4CEB48D9C4E8C4E8499
:1065A0004F7C707C907C907CD1844F74AD636D5B2C
:1065B0000C4BCB328922691A6A1A8A1A8A128A12F9
:1065C000AB1AEB1AEB1AEB1AEB1AEB1AEB1A0C1BC1
:1065D0000C1B0C1B0C1BEB1AEB1A2C1B2D1B2C1B66
:1065E0000C132C1B4D1B4D1B2C132C132D132C1378
:1065F0000C132C134D132C13AD13EE1B0E1CAD13EB
:106600008C13CD13CD1BAD13AD13EE1BCD1B8C1313
:10661000AC13CD13CD13AC138C13AC1B8C2B4B2BA9
:106620000A2BA92AE62164192732683AC529642170
:10663000852944210321C218C218A1180321A531BC
:10664000A631032103216529C6398531C639643154
:10665000474A8852684A884AEA528942893228223F
:106660000822F06B5DE75EE7BFF7DFF7DFF7DFF7E4
:10667000DFF7BFF7DFF7DFF7DFFFFFFFDFFFDFFF4A
:10668000DFF7DFF7FFFFFFFFDFF7BFF7BEEF5DE7E5
:106690007AC696AD149D1495139533953395F3945E
:1066A000B184918491849184B18C90846F846F8C37
:1066B0006F8C0E8CAC838B7BCC8B4DA4AEACCEB4EC
:1066C0000FC570CDB1D5D2D513DE34DE55DE76DE02
:1066D00097DEB7E6D8E6D8E6F8EEF8EE19EF19F748
:1066E00019F739F73AF73AF73AF75AF75BF75BF7E2
:1066F0005BFF5BFF7BFF7BFF7BFF7BFF7BFF7BFF0A
:106700007BFF7BFF7BFF7BFF9CFF9CFF7BFF7BFF77
:106710007BFF7BFF7BFF7BFF7BFF7BFF7BFF5BF7D1
:106720003AF73AF71AF71AF719F7F9EED8EED8EE62
:10673000D8EEB7E6B7E635D6D7E6F3CDF4CDB4C597
:1067400093C5F4CDB2CD13D654DE54DE75E696E68D
:1067500076E697E697E6B7E6B7E6D7EED7EED7EE5A
:10676000D8EEF8EE18F7F8EEF8EEF8EEF8EEF8EEF0
:10677000F8EE18F718F718F7F8EEF8EEF8EEF8EE6E
:10678000F8EEF8EEF8EED8EED8EED8EEF8F6F8F629
:10679000F8F6F8F6F8F6F8EED8EEB7EED7EEB7EE74
:1067A000B7EE96EE96EE55E615E6D0B4CC9373C5EB
:1067B00097EEF9EE19F73AF77BF77BF77BF77BF764
:1067C0005BF77BFF5BF75BF75BF75BF75BF75BF711
:1067D0007BF77BF79BF79BF79CFF9CFF9BFF9BFF47
:1067E0009CFF9CFF9CFF9CFF7BFF7BFF7BFF7BFF55
:1067F0005AFF5AFF3AFF3AF739F719F718F7F8F640
:10680000D8F6B7F6B7EEB6E696E654DE34DED2D565
:1068100091CD2FC5EFBCCEB4CEAC6E9C2E8C4F84E8
:10682000707C707C907CB17CD184707CEE6B2B533F
:1068300069324822891ACA1A8A1AAA1A8A128A122C
:10684000CB1AEB1AEB1AEB1AEB1AEB1AEB1AEC1A3F
:10685000EC1A0C1B0C1BEB1AEB1A0C1B2C1B0C134D
:106860000C132C134D1B4D1B0C132C134D1B2D13F4
:106870000C132C132D132C13AD13EE1BEE1BAD13A9
:10688000AC13CD1BEE1BCD13AD13EE1BCD1BAC1308
:10689000AC13CD13AD138C138C13CD238C234B2B46
:1068A0002B33A92AE62184190632473AA5296429FF
:1068B000A52964292321E320C218A1180321A631A8
:1068C000C739242123216429A5318531C539C5392A
:1068D00088528852474AA9520B53893AA93A282A22
:1068E0000822CF637EE75DE7BFF7DFF7DFF7DFF76B
:1068F000DFF7BFF7DFF7DFFFDFFFBFFFBFFFDFFF20
:10690000DFFFDFF7DFF7DFF7DFF73CDF38BE559D4E
:10691000F39414951495F38C139553953395D18472
:10692000907C9084B184D18CB08490846F846F8487
:106930006F8C4F8CED838B7BAB830C946DA4ADACD3
:10694000EEBC4FC570CDB1D5F2D514D635D655DED7
:1069500076DEB7E6D7E6D7E6D8EEF8EEF9EE19F729
:1069600019F719F73AF73AF73AF73AF75AF75BF7A0
:106970005BF75BF75BFF7BFF5BFF5BFF7BFF7BFFF7
:106980007BFF7BFF7BFF7BFF7BFF7BFF7BFF7BFF37
:106990007BFF7BFF7BFF7BFF5BFF5BFF5BF75BF7B7
:1069A0005AFF3AF73AF73AF719F7F9EED8EEB8E6A0
:1069B000D8EE77DEF8EE35D696DE14D635D6F4CDA1
:1069C00092C5B2CD13D633DE33DE33DE75E676E61E
:1069D00097E697E6B7E6D7EEB7E6D7EED8EED7EE6E
:1069E000D8EEF8EEF8EEF8EEF8EEF8EEF8EEF8EE97
:1069F000F8EE18F718F718F7F8EEF8EEF8EEF8EEEC
:106A0000F8EEF8EEF8EED8EED8EED8EEF8EEF8EEB6
:106A1000F8EEF8EEF8EEF8EEF8EED8EEB7EEB7EEE8
:106A200076EEB6F676F655EED3DD4EAC6EA4D4D542
:106A3000D8EE19F73AF73AF77BF77BF77BF77BF756
:106A40007BF77BF75BF75BF75BF75BF75BF75BF776
:106A50007BF77BF79BF79BF79CFF9CFF9CFF9CFFC2
:106A60009CFF9CFF9CFF9CFF7BFF7BFF7BFF5BFFF2
:106A70005AFF3AFF3AF739F739F718F7F8F6F8F608
:106A8000D8F6B7EE97EE96E675E634D6F3D5B2CDE6
:106A900071CD0FC5EFBCAEAC6E9C4E8C2E7C4F7C86
:106AA000717471749074907CD18490840E744B5383
:106AB000AA32A922891A680AAA12AA128A12AA124A
:106AC000CB1ACB1AEB1AEB1AEB1AEB1AEB1AEB1ADE
:106AD000EB1A0C1B0C1BEB1AEB1A0C1B0C1B0C13EC
:106AE0000C132C132C132C130C132C132D1B2D13E4
:106AF0002C132C134C134C13AD13ED1BCD1BAC13EB
:106B0000AD13EE1BEE1BCD13AD13EE1BEE1BAD1341
:106B1000AD13AD13AC136C0B6C13CD236C234B2353
:106B20004B2BC92AE62185210732273AA529852939
:106B3000A52964290321E320C218C2180321A63124
:106B4000E73944292421642965318431A539064275
:106B5000A95A474A0642C9520B53893AA93A282AE8
:106B60000722AF635EDF3DE79FEFBFF7BFF7DFF7B9
:106B7000BFF7BFF7DFF7FFFFDFFFBFFFBFFFDFFF9D
:106B8000DFFFBEF75DE71CDF17B6549DD38C148D75
:106B90003495138D148D5495138D1295F28CD18CE0
:106BA000D18CB184B184D18CD18CB0846F846F7C52
:106BB0006F844F842E84CD7B8B7BCC8B2D9C6DACD6
:106BC000CDB40EC54FCD70CDB1D5F3D514D655D6B5
:106BD00076DE97DEB7E6D7E6D7EED8EEF8EEF8EE3B
:106BE00019EF19F73AF73AF71AF73AF73AF73AF787
:106BF0003AF75AF75BFF5BFF5BFF5BFF7BFF7BFFB7
:106C00007BFF7BFF7BFF7BFF7BFF7BFF7BFF5BFFD4
:106C10005BFF5BFF5BFF5BFF5BF75BF75BF75BF7C4
:106C20005AFF5AFF3AF73AF73AF7F9F6F9EED8EE83
:106C3000D8EE97E619F756DE55DE75DE15D692C505
:106C400092C5F3D513D653DE54DE14DE76E676E62F
:106C5000B7EEB7E6B7EED7EED7EED8EED8EED8EE71
:106C6000D8EEF8EEF8EEF8EEF8EEF8EEF8EEF8EE14
:106C7000F8EE18F718F718F7F8EEF8EEF8EED8EE89
:106C8000D8EED8EED8EEF8EEF8EEF8EEF8EEF8EE34
:106C9000F8EEF8EEF8EED8EED8EED7EEB7EED7F67F
:106CA00055EEB7FE55EE55EE72D50C9CF0BC35DEB8
:106CB000F8F619F73AFF5AF77BF79BF77BF77BF764
:106CC0007BF75BF75BF75BF75BF75BF75BF75BF714
:106CD0007BF77BF79BF79BF79CFF9CFF9CFF9CFF40
:106CE0007BFF7BFF9CFF9CFF7BFF7BFF7BFF5BFFB2
:106CF0005AFF3AFF3AF739F739F718F7F8F6F8F686
:106D0000D7F6B7EE96E696E654DEF3D5B2D571CD5A
:106D100050C5EFBCAEB48EA44D944E842F7C5074FD
:106D2000717491749174B07CB0848F7C2E748C5B80
:106D3000A932681A8912A912AA1A8A128A12AA12E8
:106D4000AA12CB1AEB1ACB12EB1AEB1AEB1AEC1AAB
:106D5000EB1AEC1A0C1BEB1A0C1B0C1B0B130C1371
:106D60002C132C1B2C132C132C132C132C130C1343
:106D70000C132C134C132C13AD13ED13CD138C0BE0
:106D8000AD130E240E1CCD13AD13EE1BEE1BAD1375
:106D9000AD13CD1BAD138C136C138C1B8C236B2389
:106DA0002B2BEA2A072285190632483AC529642185
:106DB000A5296429E320E320C218E22003218531BC
:106DC000E7394421442144298531A531C539A95ADF
:106DD0008852264A0642884A2B5B6832A93A482ADA
:106DE000E7198E5B5DDF3DDFBFEF9FF7FFFFDFFF42
:106DF0009FF7BFF7FFF7DFF7DFFFDFFFFFFFDFFFE3
:106E00007DEFBAD6D6AD349D1395F38CF38C3495C3
:106E100054953495349534951395F28CD284D28C54
:106E2000D184B184D184F28CD184B0848F846F8476
:106E30006F846F844F842E848C7BAB83CB8B4CA46C
:106E40008DACCDBCEEBC4FCDB1D5F3D5F3D514D6BA
:106E500055D696DEB7E6B7E6B7E6B7E6D8EEF8EE73
:106E6000F9EE19F719F719F73AF73AF73AF73AF747
:106E70003AF75BFF5BFF5BFF5BF75BFF5BFF5BFF73
:106E80005BFF7BFF7BFF7BFF7BFF7BFF5BF75AF7A3
:106E90005AF75BF77BFF7BFF5BFF5AFF5AFF5AFFF6
:106EA0005AFF5AF73AF73AF719F7F9F619F7F8EEE1
:106EB000D8EED8EE97E676DE76E614D6F4D5F3D59E
:106EC000D3D5D3D513DE33DE54DE55E675E676E64C
:106ED00097E6B7E6B7EED7EED7EED8EED8EED8EE17
:106EE000D8EEF8EEF8EEF8EEF8EEF8EEF8EEF8EE92
:106EF000F8EEF8EEF8EEF8EEF8F6F8EED8EED8EE9A
:106F0000F8EEF8EED8EED8EED8EEF8EEF8EEF8EEB1
:106F1000F8EEF8EEF8EED8EED8EED8EED8EEB7EE02
:106F200096F696F614E655EE30C5EC9BB3CD97EE8B
:106F3000F8F619F73AFF5AF77BF77BF77BF77BF701
:106F40007BF77BF75BF75BF75BF73AF75AF77BF773
:106F50009BF77BF77BF79BF77BF77CFF9CFF9CFF06
:106F60007BFF9CFF9CFF7BFF7BFF7BFF5BFF5AFF50
:106F70005AFF3AFF3AF739F738F718F7F8EEF8F60C
:106F8000D7EEB7EEB6E675DE34DEF3D591D530CD6B
:106F9000EFC4AEB48DAC6D9C2E8C4F844F7C51747D
:106FA0009274B274B17CB17CD18490842E746C5391
:106FB000C932681A8912A90A8A128A128A12AA1276
:106FC000CA12CB1AEB1AEB1AEB1AEB1AEB1AEB1AE2
:106FD000EB1A0C1B0C1B0C1B0B1B0C1B0C130B13AD
:106FE0000C132C132C130C132C132D132D1B0C13FF
:106FF0000C132C134C1B4D1BAC0BCD13CD138C0B56
:10700000AD130E1CEE1BAD13AD13EE1BCD1B8C137D
:10701000AD13CD1BCD13AD138C138C1B8C236B23A5
:107020004B230A2B0722851927326842C6294321A0
:1070300064214421E320E220E32003210321642989
:10704000C73924212421442985316429474A0A6308
:10705000474A0642264A884A0A53A93A893A482AA0
:10706000E7210C4BFCD6BFEF7EE7BFF7DFF7DFF77A
:10707000DFFFDFF7DFF7FFF7FFFFDFF75DE79ACE10
:10708000B6AD1495D28CD28C149534953495139555
:10709000139534953495138DD284B284B184B18420
:1070A000B184B184D184F28CF28CB08490849084C9
:1070B0009084908470846F8CED83CC83CB830B940D
:1070C0004CA48CACADB42FC570CDB2CDD2CDF3CD28
:1070D00055D676DE96E696E6B7E6B7E6D8EED8EE73
:1070E000F8EEF9EE19F719F73AF73AF73AF75AF7CF
:1070F0003AF75BFF5BFF5BFF5BF75BFF7BFF5BFFD1
:107100005BFF7BFF7BFF7BFF7BFF7BFF5BFF5BFF0F
:107110005BF75BFF7BFF7BFF5BFF5BFF5AFF5AFF69
:107120005AF75AF73AF73AF719F7F9EE19F7F8EE6E
:10713000B8EEB8EE97E697E676E635DEF4D5D3D529
:10714000D3D5F3D533DE34DE54DE55E676E676E687
:1071500097E6B7E6B7E6D7EED7EED7EED7EED7EE9F
:10716000D8EED8EEF8EEF8EEF8EEF8EEF8EEF8EE2F
:10717000F8EEF8EEF8EEF8EEF8EED8EED8EED8EE3F
:10718000D8EED8EED8EED8EED8EEF8EEF8EEF8EE6F
:10719000F8EEF8EEF8EED8EED8EED8EED7EEB7EE81
:1071A00096EE76F634EE14E6CFBC0C9C14DED8F6E0
:1071B00019F73AF75BFF5BF75BF75BF77BF77BF75A
:1071C0007BF77BF75BF75BF73AF73AF75AF77BF712
:1071D0007BF77BF77BF79BF77BF77BF77CFF7CFFED
:1071E0007BFF9CFF7BFF7BFF7BFF7BFF5BFF5AFFEF
:1071F0005AFF5AFF39F739F718F718EFF8EEF8EE9B
:10720000B7EEB6E696E655DE13DEB2D551CDEFC445
:10721000CFBCAEAC6DA44D940D7C2F7C30747174DA
:107220009274B274917CB184B0848F842E748C5328
:10723000CA32891AA912AA128A128A128A128A12C8
:10724000AA12CB1AEB1AEB1AEB1A0B1B0B1BEB1245
:107250000B1B0C1B0C1B0C1BEB120C1B2C1B0C1309
:107260002C132C132C130C130C132D132D1B2C135C
:107270002C132C134C1B4D1BAC0BED13CD138C0B93
:10728000AD130E1CEE1BCD13AD13CD1BAD138C1324
:107290008C13CD1BCD1BAD1B8C13AD1BAC1B8C23DA
:1072A0006B230A2B2722A51927328842E63143197E
:1072B00064212321E218E220E3200321E218442183
:1072C000C73965292421442985316429684A2B63FB
:1072D00026420642474A884A4B5BEA428932682A7C
:1072E000E7218A3A9ABE9EE7DFEFFFF7BEF7BFF7C6
:1072F000FFFFFFF7DFF7DFEFFCD659BE559DB28CDD
:10730000B284F38C13951495138D3495549D549534
:107310001395F394D28CB284917C917C9184B28445
:10732000B184B184B184F28C128DD184B084B084E4
:10733000B084B0849084908C4F8CED83CC83AB83ED
:107340000B944CA48DACEEBC2FC591CDB1CDD3CD5B
:1073500014D655DE76DE76DE96E6B7E6B7E6D8EEEC
:10736000F8EEF8EEF9EE19EF39F73AF73AF75AF77F
:107370005AFF5AFF5AFF5AFF5AFF5BFF7BFF7BFF02
:107380005BFF7BFF7BFF7BFF7BFF7BFF7BFF7BFF4D
:107390007BFF7BFF5BFF5BFF7BFF5BFF5AFF5AF7C7
:1073A0005AF73AF73AF73AF719F7F9EE19F7F8EE0C
:1073B000B7EEB7E697E697E676E635DED4D5B3CDF9
:1073C000D3D514DE34DE34DE55E675E676E696E691
:1073D000B7E6B7E6B7E6D7EEB7EED7EED7EED7EE1D
:1073E000D7EED8EED8EED8EEF8EEF8EED8EED8EE2E
:1073F000D8EED8EED8EED8EEF8EED8EED8EED8EE3D
:10740000D8EED8EED7EED8EED8EEF8EEF8EED8EE0D
:10741000F8EEF8EEF8EED8EED8EEF8EEB7EEB7EEFE
:1074200096EE55EE55EED3DD6DAC6EAC76EEF8F61D
:1074300019F73AFF5BFF5BFF5BF75BF75BF75BF707
:107440007BFF7BFF7BF77BF75AF75AF75AF75BF71F
:107450007BF77BF77BF79BF75BF77BF77BF77BFF94
:107460007BFF7BFF7BFF7BFF5BFF5BFF5AFF5AFFCE
:107470003AFF3AF739F739F718F7F8EEF7EED7EEA3
:10748000B6E696E695E634DED3D571D50FC5AEBC2B
:107490008EB46EA44D942D8C0E7C2F745074717428
:1074A000927C9174707C9084B08C6F840E748C5339
:1074B000EA32A91AAA12CA128A128A128A128A12E5
:1074C000AA12CB1AEB1AEB1AEB12EB12EB12EB121D
:1074D000EB120C130C132C1BEB120C1B2C1B0C13A0
:1074E0000C132C132C130C130C132C132C130C1324
:1074F0000C132C132D1B4D1B8C0BCD13CD138C0B90
:10750000AC0BED1BED1BAD13AD13CD1BAD136C0B15
:107510008C13CD1BCD1BAD138C13AD1B8C1B6B1BA8
:107520004B230A2B271A8419073289420732642118
:10753000642123210321E320E220E220C218232139
:10754000E739853144214421A531A53189520A63A7
:10755000884A474A674AE95A4B5BC94288326832CF
:1075600007228A3A9ABE7EE7BFEFDFF7BFF7DFFF59
:10757000BFF73DE7DBCEF8AD34959284717CF38C98
:1075800054953495138D54955495138D138D3395CF
:107590003395D28C71847184917C927CB284D28434
:1075A000D28CB184D284F28C128DD18CB184B0840F
:1075B000B08CB08490846F848F8C4E8C0D84AB7BA8
:1075C000EB8B2B9C8DAC8DACCEB450C591CDB2CD98
:1075D000F3D514D655DE75DE96E696E6B7E6D7EE19
:1075E000D8EEF8EEF8EEF9EE19F719F73AF73AF7A0
:1075F0003AF73AF75AF75AFF5AF75BFF7BFF7BFFE0
:107600005BFF5BFF5BFF5BFF5BFF5BFF5BFF7BFF8A
:107610007BFF7BFF7BFF5BFF7BFF7BFF5AFF5AFFFC
:107620005AFF5AF73AF73AF739F718F719F718F7F0
:10763000D8EEB7E697E697E696E635DED3D5B3CD36
:10764000D3D514DE14DE34DE55DE76E696E696E615
:10765000B7E6B7E6B7E6D7EEB7EED7EED7EED7EE9A
:10766000D7EED8EED8EED8EED8EED8EED8EED8EEEB
:10767000D8EED8EED8EED8EEF8EEF8EED8EED8EE9A
:10768000D7EED7EED7EED7EED8EED8EED8EED8EECE
:10769000F8EEF8EEF8EED8EED8EEF8EEB7EEB6EE7D
:1076A00096EE55EE75EE71CD0CA431C5B7F619FF07
:1076B0001AFF3AFF5BFF7BFF5BF75BF75BF75BF75C
:1076C0005BF75BF77BF77BF75AF75AF75AF75BF7ED
:1076D0007BF77BF77BF77BF75BF77BF77BF77BFF32
:1076E0007BFF7BFF7BFF7BFF7BFF5AFF5AFF5AF735
:1076F0003AF739F739F719F718F7F8EED7EED7EE6A
:1077000096E695E675E614DEB2D550CDEFBC8EB4A4
:107710006EAC2D9C0D8C0D840E742F74507471748E
:1077200091747074507C9084B08C6F840E748C5300
:10773000EA32891AA912CA128A128A1A8A128A127B
:10774000AA1ACB1AEB1AEB12EB12EB12EB12EB129A
:10775000EB12EB120C130C130C132C1B2C132C130D
:107760000C132C132C130C132C132C130C130C13A1
:107770000C130C132D1B4D1B8C03CD13CD138C0B35
:107780008C0BED13ED13AC13CD13EE1BCD1B8C1333
:107790008C13CD1BCD1BAD138D13AD1B8C138C1B0C
:1077A0004B1B2A236822A519072A8842273A8421DD
:1077B0006421432103210321E220E220C218232176
:1077C000C739C63165214421A531073AEA5A4B6BC6
:1077D000A9522742674A2A5B4B5BA9426832482A72
:1077E000E721693238B69EE77DE7DFF7DFF75DEF27
:1077F00059C676A51495927CB284F38CF38CF384ED
:10780000F384138D348D338D54953395339533959F
:10781000D28C9184507C7184917CB27CB284D2846D
:10782000D28CD28CD28CF28CF28CF28CD18CD18412
:10783000B08CB08C908C6F846F848F8C2E8CCC83AA
:10784000CB83AA834C9C6CA4ADB40FBD50C591CD25
:10785000B2CDD3CD34D655DE76DE96E696E6B7E6E3
:10786000D7EEF8EEF8EEF8EEF9EE19EF19F719F792
:1078700039F73AF73AF73AFF3AF75AFF7AFF5AFFE1
:107880005AFF5AFF5AFF5AFF5AFF5AFF5BFF7BFF0E
:107890007BFF7BFF7BFF7BFF7BFF5BFF5AFF5AFF7A
:1078A0005AFF5AFF3AF739F739F719F719F719F765
:1078B000F8EEB7E6B7E697E697E635DEB3CDB3CD9B
:1078C000F4DDF4DD14DE35DE55DE75E696E696E68B
:1078D000B7E6B7E6B7EEB7EED7EED7EED7EED7EE10
:1078E000D7EED8EED8EED8EED8EED8EED8EED8EE69
:1078F000D8EED8EED8EED8EEF8EEF8EEF8EED8EEF8
:10790000D7EED7EED7EED7EED7EED7EED7EED7EE4F
:10791000D8EEF8F6F8F6D8EED7EEF8F6B7EE96EE23
:1079200096EE75EE55EE10C50C9C15DEF8F639FF97
:107930003AFF5AFF5BFF7BFF7BFF7BFF7BFF7BFFF9
:107940005BF75BF75BF77BF75BF75AF75AF75AF78A
:107950007BF77BF77BF77BF77BF77BF77BFF7BFF87
:107960007BFF7BFF7BFF7BFF5BFF5AFF5AF73AF7FA
:1079700039F739F719F719F7F8EEF8EED7EEB7EE51
:1079800076E675E654E6F3D591CD30C5CEBC8EAC27
:107990004D9C0D940D842E842F742F74307470744C
:1079A000717C707C9084B08CD0946F840E746C5316
:1079B000CA32881AA912AA128A128A1A8A128A123A
:1079C000AA1ACB1ACB1AEB12EB12EB12EB12EB1238
:1079D000EB120C130C132C132C1B2C1B2C130C1341
:1079E0000C132C132C130C0B2C132C130C130C1327
:1079F0000C130C132D1B4D1B8C0BED13ED13AC0B4B
:107A0000AC0BED13ED1BAD13CD13EE1BEE1BAD1345
:107A1000AD13CD1BCD13AD13AD13CD1BAC138C1B10
:107A20006B1B4B2BA922E619072A8842273A84218F
:107A300064214321032103210221E218C2182421D9
:107A4000C631E73185296529A53127422B63AC73FF
:107A5000A952E5394642E95A0A53C9426832482ACE
:107A60000722072AD7A5FFEFBEEF7DE79ACE76ADB6
:107A7000B3947184927CD384148DF38CF38C138D26
:107A8000138D1385138D548D338D54953395D28476
:107A9000707C507C5084707C917CB17CB284B284C8
:107AA000D28CD28CF28CF28C1295F28CD28CB18C5E
:107AB000B08CB08CB08C90846F848F8C6E8C4E8C1C
:107AC000EC838A7BEB934C9C8DACCEB40FBD50C540
:107AD00091CDD2D513D634DE75DE76DE96E6B7E6E6
:107AE000D7EED8EEF8EEF8EEF8EEF8EE19EF19F75B
:107AF00019F719F73AF73AF73AF75AFF5AFF5AFFC8
:107B00005AFF5AFF5BFF5AFF5AFF5AFF5AFF5BFFAB
:107B10005BFF5BFF7BFF7BFF5AFF5AFF5AFF5AFF59
:107B20005AFF5AFF39F739F719F719F718F718F705
:107B3000F8EEB7EEB7E696E696E614D6B2CDD3D514
:107B400014DE14DE14DE55E655DE76E696E696E69D
:107B5000B7E6B7EEB7EED8EED8EED8EED8EED7EE61
:107B6000D8EED8EED8EED8EED8EED8EED8EED8EEE5
:107B7000D8EED8EED8EED8EED8EED8EED8EED8EED5
:107B8000D8EED8EED7EED7EED7EED7EED7EED7EECB
:107B9000D8EEF8F6F8F6D8EED7EED8EEB7EE96EEC9
:107BA00096EE76EEF3DDAEB46EACB7F6F8F63AFFCD
:107BB0005AFF5AFF5BFF5BFF5BFF5BFF7BFF5BFFD7
:107BC0005BF75AF75AF77BF75AF75AF75AF75AF70B
:107BD0005BF77BF77BF79BF77BFF7BFF7BFF7BFFF5
:107BE0007BFF7BFF7BFF7BFF5AFF5AFF3AF739F79A
:107BF00039F719F719F7F8EEF8EED8EEB7EE97EE79
:107C000056E635E614DED2D570CD0FBDAEB46DA408
:107C10002D9C0C8C0D844F7C6F7450745074707C50
:107C2000B184B184B08CD094D0946F84ED736C53D4
:107C3000CA32681A880AA90A8A128A128A128A1211
:107C4000AA12CB1ACB1ACB12CB12EB12EB12EB12FD
:107C5000EB120C132C132C132C132C1B2C130C13A6
:107C60000C132C132C130C0B0C130C130C130C13E4
:107C70000C130C132C132C138C03ED13ED138C0B22
:107C80008C0BCD13CD13AC13AD13EE1BEE1BAD134C
:107C9000AD13CD1BCD138C138C13AD1B8C13AC13F8
:107CA0006B1B4B23C92AE619072A68420732842135
:107CB0006421432103210321E220E218E320442927
:107CC000A631E739A6318529C631684A4C6BCD7398
:107CD000E95AE6394742C952C94AC9426832682A54
:107CE00027220722D7A5BEE7FBD6D7ADD394508471
:107CF0005184B28CD284F384148D148DF38CF38C64
:107D0000138D348D348D338D1385907C0F6CEE6B19
:107D10004F74907C9084707CB17CB17CB17CB17CE0
:107D2000B284D28CF28CF394F294F294D18CB18C14
:107D3000B08CB08CB08CB08C8F848F8C8F8C8F94E7
:107D40004D8CCB83AA83EB934CA48DACCEB40FBDEA
:107D500070C5B1CDF3D513D655DE55DE76DE96E689
:107D6000B7E6D7EED8EED8EEF8EEF8EEF9EE19EF6A
:107D700019F719F739F739F73AF75AF75AF75AF75F
:107D80005AFF5AFF5AFF5AFF5AFF5AFF5BFF5BFF29
:107D90005BFF5BFF5BFF5BFF5AFF5AFF5AFF5AF71F
:107DA0005AFF3AF739F739F718F719F7F8F6F8F6EE
:107DB000D8EEB7EEB7EE96E655DEF3CDB2CDF3D5FD
:107DC00014DE14DE35DE55E676E696E696E6B6E691
:107DD000D7EED7EEB7EED8EED8EED8EED8EED8EE96
:107DE000D8EED8EEF8EED8EEF8EED8EED8EED8EE23
:107DF000D8EED8EED8EED8EED8EED8EED8EED7EE54
:107E0000D7EED7EED7EED7EED7EED7EED7EED7EE4A
:107E1000F8F6F8F6D8EED8EED7EED7EEB7EE76EE67
:107E200096EE75EE72CD8EAC51C5D8F619F73AFFC5
:107E30005AFF5AFF5BFF5BFF5BFF5BFF5BFF5BF77C
:107E40005AF73AF75AF75AF75AF75AF75AEF5AEFDA
:107E50005BF77BF77BF79BF77BF77BFF9BFF7BFF5A
:107E60007BFF7BFF7BFF5BFF5AFF5AF739F739F740
:107E700019F719F718F7F8EED8EED7EE97EE76EE79
:107E800035E614E6F3DD91CD30C5EEB48DAC4C9CF7
:107E90002D8C2D8C2E846F7C707C70747074917C12
:107EA000D28CF18CD094D094AF8C2E7CAC634B4BA5
:107EB000CA32881A8812A90A8A128A128A12AA1247
:107EC000AA12CB1ACB1ACB12CA12EB12EB12EB127C
:107ED000EB120C130C130C130C130C130C130B0BD5
:107EE0000C132C132C130C0B0C0B0C130C130C136A
:107EF0000C130C130C130C138C03ED13ED13AC0BC0
:107F00008C0BCD13CD13AC138C0BCD1BCD1BAD1334
:107F1000AD13CD13AD138C0B8C13AD1BAC13AC1B7D
:107F20006B1B6B2BCA2A0622E629483A06328421AB
:107F30006421432103210321E220E2182321642943
:107F40008531C631A6298529073ACA526C63CD739B
:107F50004B636742884AC94AE94AC942682A682A83
:107F6000071AC6199695BAC65595717CB28CD394EA
:107F7000928CB284D284F384148D148D148DF38486
:107F8000138D548D3385D27C0E646C4B4B4B0E6439
:107F9000B07C907C707C917CB184B184B17C917C0C
:107FA0009184B284F28CF38CF28CF28CD28CD18CD2
:107FB000D18CB08CB08CB08CB08C6F84908CB09421
:107FC0008F8C4E8C8B7BAA83EB934CA48DACCEBC58
:107FD0002FC570C5B2CDF3D534DE34DE55DE75DE87
:107FE00096E6B7E6B7E6B7E6D8EEF8EE18EF19F77B
:107FF00019F719F739F739F73AF73AF73AF73AF73D
:108000005AFF5AFF7AFF5AFF7AFF7AFF7BFF7BFF06
:108010007BFF5BFF5AFF5AFF5BFF5AFF5AFF3AFF95
:108020005AFF5AFF3AF739F719F719F7F8EEF8EE51
:10803000D7EEB7EEB7EE76E6F3D5B2CDB2CDF3D547
:1080400014DE34DE55E655E676E696E696E6B6E6C6
:10805000B7EEB7EEB7E6B7EED8EED8EED8EED8EE7C
:10806000D8EEF8EEF8EEF8EEF8EEF8EED8EED8EE40
:10807000D8EED8EED8EED8EEF8EED8EED8EED7EEB1
:10808000D7EEB7EEB7EEB7EEB7EED7EED7EED8EE47
:10809000F8F6F8F6D8F6D7EED8EED7EEB7EE76EEDD
:1080A00096EE55EE30C56EAC14DEF8F639FF3AF7B1
:1080B0007BFF5BFF5BFF5BFF5BFF5BFF3AF73AF722
:1080C0003AF73AF73AF75AF77AF77AF75AF75AF748
:1080D0005AF77BF77BF77BF77BF77BFF9BFF9BFFD9
:1080E0009BFF7BFF7BFF5AFF5AFF5AF739F739F79F
:1080F00019F718F7F8EEF8EED8EEB7EE97EE76EE41
:1081000015E6F4E5D3DD71CD0FBDCEB46DA40C94AE
:108110000C842E844F846F7C4F746F747074B184A0
:10812000F2941295D094B0944E84CC736B5B2A4B2E
:10813000CA32A91AA912A9128A128A128A12AA127A
:10814000AA12CB1ACB1ACB12CB12EB12EB12EB12F8
:10815000EB12EB0AEC12EB0AEB120C130C130C13E0
:108160000C132D134D1B2C130C130C130C130C138D
:108170000C130C130C132C13AC0BCD13CD138C0B55
:108180008C0BCD13CD13AC0B8C13CD13CD13AC0BCB
:10819000AC13CD13AD138C0B6C0BAC1BAC1BAC1B1D
:1081A0008C236B2BEA32E621C6294742E631A5290A
:1081B0006421232124292429E318C21823214429D6
:1081C000A631A631C731C731283A2B5BAD6BCD73D1
:1081D000CD734B63C9522A530A4BC93A472A682ABE
:1081E000E619C61134859595D27CB284F38C138D33
:1081F000B284B27CF37CD37C1485558D558D348547
:10820000137DD2744F5CAD430A330A334B432E6463
:10821000B17C907490749074B184D284B284917C57
:10822000B17CD284F284138DF38C138DF28CD18CBB
:10823000B18CD18CD08C9084B08C8F846F84B08CB6
:10824000D194B094CD7B8B738A832C9C6CAC8CB412
:10825000CEBC2FC571C5D2CD13DE34DE34D675DE6B
:1082600095DE96E655DE96E6D7EED8EEF8EE19EFF7
:1082700019EF19EF19F739F73AF739F759FF5AFF9C
:108280005AFF5AFF5AFF7AFF5AFF7AFF5AFF5AFFE6
:108290005AFF5AFF5AFF3AFF3AFF3AFF3AF73AF7C6
:1082A0003AFF3AFF3AFF39F739F718EFF8EEF8EEF0
:1082B000F8F676E697EE55E6D3D592CDD3D5F4DD34
:1082C000F3D534DE55E655DE76E696E6B7EEB7E64C
:1082D000B7E6B7E6D7EED8EED8EED7EED7EED8EEC3
:1082E000D8EED8EED8EED8EED8EED8EED8EED8EE5E
:1082F000D8EED7EED8EED8EED8EED8EED7EEB7EE71
:10830000B7EE97EEB7EEB7EED7F6D7EED7F6D7F6CD
:10831000D7F6D7F6F8F6F8F6D7EEB7EE96EE96EE75
:1083200055EEF3E5CFBCAFB4B7F619FFF9F65AFF37
:108330005BFF3AFF3AF75BFF3AFF5AFF5AF73AF70B
:108340003AF739F73AF75AF75AF75AF75AF75AF706
:108350005AF77AF75BF75BF77BFF7BFF7BFF7BFFCF
:108360007BFF7BFF5BFF5AFF5AFF3AF739F719F79C
:1083700019F718F7F8EED8EEB8EE97E697EE55E64F
:1083800014DED3DDB2D530C5AEB4AEAC0C942D8CBA
:108390000D84908C707C707C4F74907C4F749084B2
:1083A000F194F194D094B08C2E7C8B632A5B2B5388
:1083B000CA32881AA912A9128A128A128A128A1239
:1083C000AA12CB1AEB1ACB12EB1A0B1B0B1BEB12DC
:1083D000EB120B13EC12EB12EC120C130C130C132C
:1083E0000C132C1B2D1B0C1B0C130C130C132C131C
:1083F0002C132D132D132D138C0BCD13CD0B8C0B98
:108400008C0BCD13CD13AC138C13CD13CD138C0B60
:10841000AC13CD13CD13AC0B8C13AC1BAC1BAC1B32
:108420008C236B2BCA32C621C529473AE531C529B1
:1084300064212321242924290321E21844296429C1
:10844000A631A631C731283A283A2C5BEE730E7C50
:10845000CD736B632A5B2A532A53A83A2722682AD2
:10846000C611A511EF5B758DF3841385348D338DA3
:10847000F37CF37C337D137D5485347D137DB26CA6
:10848000305C8D3B0B2BEA222A2B0A2B4B3B2E64B4
:10849000B07490749074907CB184D284B284B284AD
:1084A000B284D284F284F38C138D138DF28CD18C30
:1084B000B184D18CB18C9084908490846F849084AA
:1084C000F294D18C4F84ED7BAB7BCB8B0B9C4BAC74
:1084D0008CB4EEBC50C591C5D2D5F3D513D654D6C5
:1084E00075DE75DE35DE96E6D7EED7EEF8EE18EFE0
:1084F00018EF19EF19F719F739F739F739F739F78D
:108500003AF75AFF5AFF5AFF5AFF5AFF5AFF5AFFCB
:108510005AFF5AFF5AFF5AFF3AFF3AFF3AFF3AF71B
:108520003AFF3AFF39F719F719F718EFF8EEF8EEB6
:10853000D7EE76E676E614DEB2D592CDD3D5F4DD6D
:10854000F4DD34DE55E655E676E696E6B7EEB7EEB0
:10855000B7EED7EED7EED8EED8EED7EED7EED8EE10
:10856000D8EED8EED8EED8EED8EED8EED8EED8EEDB
:10857000D8EED7EED8EED8EED8EED8EED7EEB7EEEE
:10858000B7EEB7EEB7EEB7EEB7EEB7EED7F6D7F673
:10859000D7F6D7F6D7F6D7F6D7EED7EE96EE76EE35
:1085A00075EEB2DDAEB431C5F8F619F719F73AF742
:1085B0005AFF3AFF3AFF5AFF3AFF5AF73AF73AF7AB
:1085C0003AF739F739F739F73AF73AF73AF73AF726
:1085D0003AF75AF75BF75BF77BFF7BFF7BFF7BFF8D
:1085E0007BFF7BFF5AFF5AFF5AFF3AF739F719F71B
:1085F00019F719F718EFF8EEB8EE97E697EE35E6AB
:1086000014DED2D591CD0FBDAFB46EA4EC8B2E8C01
:10861000F19C539D907C70746F74907C707C9084FE
:10862000908C908CB094B08C6F84CD738C634B53D2
:10863000C932881A8912AA128A128A128A128A12D6
:10864000AA1ACB1ACB1ACB12EB1AEB1AEB12EB12BB
:10865000EB12EB12EC12EB12EB120C130C13EC12EC
:10866000EC120C130C1B0C1B0C1B0C130C130C0B23
:108670002C0B2C132D132D138C0BCD0BCD138C0B1E
:108680008C0BCD13CD13AC13AD13ED1BCD138C138D
:10869000AC13CD13CD13AC138C13CD1BAC13AC1B8F
:1086A0008C236B2BEA32C621A521473A0632C52915
:1086B00084214321242924290321032164316431A5
:1086C000A531C631E631A94AEA4A4C5B0E742E7CCC
:1086D000CC6BE9524B5B2A5B2A53C942472A482A92
:1086E000C611A5094822CE530F64506C9174B27420
:1086F000D274F274F26CF26CD2642F4C6D3B4C333A
:108700004C330B23EA222B232A2B0A2B4A3B0E5CE9
:1087100090747074707C917CB284D284D284D28440
:10872000D284D284D284F284F38C138D128DD18CB6
:10873000D18CD18CB18CB08C9084B08470849084B6
:10874000F294D18CD1946F8CED838A83AA8B0B9C8D
:108750004CA48DACEEBC30BD91CDB2CDF3D534D6AA
:1087600055DE75DE55DE96E6B7EEB7E6D7EEF8EEE7
:10877000F8EEF8EEF8EEF8F619F739F739F739F7B9
:1087800039F739F75AFF5AFF5AFF5AFF5AFF3AF79B
:108790003AF75AFF5AFF5AFF5AFF5AFF3AFF3AF781
:1087A00039FF19FF19F7F9F618F7F8EEF8EEF8EEB9
:1087B000D7EE96EE55E6D3D592CDB2D5F3D514DEED
:1087C00014DE35E655E675E676E696E6B7EEB7EEE4
:1087D000D7EED7EED8EED8EED8EED8EED8EED8EE6B
:1087E000D8EEF8EEF8EED8EED8EED8EED8EED8EE19
:1087F000D8EED8EED8EED7EED8EED7EED7EED7EE4D
:10880000D7EED7EEB7EEB7EE97EEB7EED7F6D7F6D0
:10881000D7F6D7F6D7F6D7F6D7EEB7EE76EE75EEF3
:1088200055EE71CD6DAC14E6F8FEF9F639F73AF76E
:108830005AFF3AFF3AFF3AF73AFF3AF739F739F772
:108840003AF73AF739EF19EF19EF19EF39EF39EF36
:108850003AEF3AEF5AF75AF75BF75BF75BF75BF7DC
:108860005BFF5BFF5AFF5AFF5AFF5AFF39F739F790
:1088700019F719F718EFF8EEB8EE97E676E634DE5A
:10888000F3DD92D530C5CFB48EAC2D94CD836F8CF3
:1088900016BE37B6917C707C50747074707C908476
:1088A0006F846F84B08C8F8CAF8C2E7CCD736C5B9F
:1088B000C932681A891289128A128A128A128A1295
:1088C000AA1ACB1ACB1ACB12CB12EB1AEB12EB1261
:1088D000CB12EB12EB12EB12EC120C130C130C1369
:1088E0000C130C130C1B0C130C130C130C130C0B90
:1088F0000C0B0C0B2C132D138C03CD13CD138C0BE5
:108900008C0BCD13CD138C13AD13ED1BCD1B8C1322
:10891000AC0BCD13CD138C0B8C13CD1BAC13AC1B3C
:108920008C238C330A33E621A521273A0632C52948
:108930008421242144294429242102218431A53978
:10894000E539E639E631EA52AD63AD630E740E7473
:10895000AC6B874A2A5B4B5B0A4BEA42472A0722E9
:10896000271AA509A509271A6922CA320B3B2B3BF6
:108970006C3B8C3B6C336C338C2B4B23EA12EA1A26
:108980000B232B232B236B2B2B2B0A2B2B3B0E6424
:108990009074707C707C9184B284D284D284D284AE
:1089A000D284D284D284F284F38C138D138DF28C12
:1089B000D18CD18CD18CB08C908490849084908414
:1089C000F294F294F294F1946F94CB838A7BEB93BC
:1089D0004CA46CA4ADAC0FBD70C591CDB2CDF3D598
:1089E00034DE55DE55DE96E696E697E6B7E6D7EE38
:1089F000D8EEF8EEF8EEF8EE19F719F719F739F79F
:108A000039F739F73AF75AFF5AFF5AFF5AFF3AF740
:108A10003AF75AFF5AFF5AFF5AFF5AFF3AFF3AF7FE
:108A200019FF19F719F7F8F6F8EEF8EE18EFF8EE67
:108A3000D7EE96EE14DEB2CDB3D5F3D514DE34DE28
:108A400055E655E655E696E696E696E6B7EEB7EEB7
:108A5000D7EED7EED7EED7EED7EED8EED8EED8EEEB
:108A6000D8EEF8EEF8EED8EED8EED8EED7EED7EE98
:108A7000D8EED8EED7EED7EED7EED7EED7EED7EECC
:108A8000D7EEB7EEB7EE97EE97EE97EEB7EEB7EEFE
:108A9000B7EED7F6F8F6D7F6B7EE96EE76EE55EED9
:108AA00014E610C58EB4D7FEF8F6F8F65AFF3AF77A
:108AB0005AFF3AFF3AFF3AFF3AF73AF739F739F7F0
:108AC0003AF73AF739EF19EF19EF19EF39EF39EFB4
:108AD0003AEF3AEF5AF75BF75BF75BF75BF75BF759
:108AE0005AFF5AFF5AFF5AFF5AFF5AFF39F719F730
:108AF00019F718F7F8EED8EEB8EE97E676E614DE3A
:108B0000F3DD91CD10BDAEAC2D9CED8B0E8C53A53D
:108B10001BD799C6B17C917C70744F742F7490846C
:108B200070846F848F84908CAF8C6F840E748C5B98
:108B3000C9326812890A89128A128A128A128A1222
:108B4000AA1ACB1ACB1ACB12CB12EB1AEB12EB12DE
:108B5000CB12EB12EB12EB120C132C1B2C130C137D
:108B60000C132C130C1B0C130C130C130C130C0BED
:108B70000C0B0C0B0C130C136C0BCD13ED13AD1372
:108B80008C0BAD13AD138C13AC13CD1BCD138C0B11
:108B90008C0BCD13AD138C0B8C0BAC13AC138B1354
:108BA0008C238C2B0A330622841906322632E531B7
:108BB0008421442144294429442902218439C53986
:108BC000E541063AE6390B53CE6B0E6C0E740E740B
:108BD0008B63C8522A5B6B63E94AA942272A0722A2
:108BE0004822A609C609E609271A681A681A881AC7
:108BF000EA22CA1AC912EA124B134B132B130A1397
:108C00004B1B4B1B2B1B2B1B2A23EA222B3B0E5CE3
:108C1000917C717C71849184D284D284D284B28418
:108C2000B284B284D284F284F38C138D138DF28CCF
:108C3000D18CD18CD18CB08CB08C90849084B18448
:108C4000F28C1295D18C129DD09C4E8CAB7B8A7B82
:108C50000B944C9C6CA4CEB40FBD50C571C5B2CD65
:108C600014D614DE35DE55DE76DE96E697E6B7EEF0
:108C7000D7EED8EEF8F6F8EEF8EE18F719F719F780
:108C800039F739F739F73AF75AFF5AFF5AFF3AFFDF
:108C90003AFF5AFF5AFF5AFF5AFF5AFF5AFF3AF754
:108CA00039F739F719F719F7F8F618F718F7D8EE72
:108CB000B7EE76E6F3D592CDD3D514DE34DE34DECE
:108CC00055E675E675E696EE96E696E6B7EEB7EEED
:108CD000B7EEB7EEB7EEB7EED7EED8EED8EED7EEEA
:108CE000D8EEF8EEF8EED8EED8EED8EED7EED7EE16
:108CF000D8EED8EED7EED7EED7EED7EEB7EEB7EE8A
:108D0000B7EEB7EE97EE97EEB7EEB7EEB7EEB7EE7B
:108D1000B7EED7F6D7F6B7EEB6EE96EE76EE34E6C9
:108D2000F3DD8EB451CD18FFF8FEF8F65AFF3AF78E
:108D30005AFF5AFF3AFF3AF73AF739F719F719F796
:108D400019EF19EF19EF19EF19EF19EF3AEF3AEFA1
:108D50003AEF5AF75BF77BF77BF75BF75BF75AF76E
:108D60005AF75AF75AFF5AF75AFF5AFF39F719F7C5
:108D700019F7F8F6F8EED8EEB7E696E655DE14DE0B
:108D8000D3DD71CDEFB48EA4CC8BED83B19479C6D5
:108D90005CDFBAC65495717C917C707C2F74707CBA
:108DA00070844F844F84B08C8F844F7C0E748C5BA6
:108DB000EA32881A8912AA128A128A128A128A122E
:108DC000AA1ACB1ACB1ACB12CB12EB1A0B1BEB1233
:108DD000EB12EB12EB12EB120C132C132C132C13C3
:108DE0000C0B0C0B0C13EC120C132C132C132C0B64
:108DF0000C0B0C0B0C130C138C0BCD13ED13AD13D0
:108E00008C0BAD13AD138C0BAC13CD1BCD138C0B96
:108E10008C0BCD13CD138C0B8C0BAC138B0B6B13FA
:108E20008B1B8C2B2A33262284190632473AE631D3
:108E300085294421642944294429E2208439E541D3
:108E4000C439E539E639EA520E6C4F74CD6B2F7C8C
:108E5000AC6B4A632963AB6BE952A942472A2722CC
:108E6000271AC609E60907124812681A8812A91AB1
:108E70000A230A1BEA122B138C1B6B130A0B0A0B17
:108E80006C1B8C1B2B132A132A1BE91A0A33EE5B6B
:108E9000917C717C917C9184B284D284D284B2849E
:108EA000B284B284D284D384138D338D338D128DEA
:108EB000F28CD28CD18CB084B08C90849084D1848C
:108EC000F28C1295D18C1295119DD0940D7C6A7301
:108ED000AA7BEB8B2C9C6CA4CEB40FBD50C591CD5E
:108EE000D3D5F4D534DE14D655DE76E697E6B7EE64
:108EF000B7EED8EED8EED8EEF8EEF8EE19F719F78F
:108F000019F739F739F739F75AFF5AFF5AFF3AFF7D
:108F10003AFF5AFF5AFF3AFF5AFF5AFF5AFF3AF7F1
:108F200039F739F739F719F719F719F7F8F6D7EECE
:108F3000B7EE34DEB3D572CDD3D514DE14DE34DE15
:108F400075E675E696E696E696EE96EEB7EEB7EE21
:108F5000B7E6B7E6B7EEB7EED7EED7EED7EED7EE79
:108F6000D8EED8EED8EED8EED8EED8EED7EED7EED3
:108F7000D7EED7EED7EED7EEB7EED7EEB7EEB7EE29
:108F8000B7EE97EE97EEB7EEB7EEB7EEB7EE97EE19
:108F900097EEB7F6D7F6B6EE96EE96EE75EE14DED1
:108FA000B2D56DAC55EEF8FE19FF19F73AF73AF75E
:108FB0005AFF5BFF3AFF39F739F719F719F7F9EE5E
:108FC000F8EEF8EEF9EEF9EE19EF19EF39EF3AEFA6
:108FD0003AEF5AF75BF77BF77BF75BF75BF75BF7EB
:108FE0005AF75AF75AFF5AF75AFF5AFF39F719F743
:108FF00018F7F8F6F8EED8EE97E676DE55DEF3D5FC
:10900000B2D530C5CFAC4E9CAC832F8475AD1CD788
:109010001CCFDBC618AE5074717C9184707C707C60
:1090200070844F842E7C8F848F844F7C0E748C537D
:10903000EA32A91AA912CA128A128A128A128A124A
:10904000AA1ACB1ACB1ACA12CB12EB120B1BEB12B9
:10905000EB12EB12EB12EB120C130C132C130C0B88
:109060000C0B0C0B0C0BEB0AEC0A0C132C132C0B3B
:109070000C0B0C130C130C138C0BCD13CD138C0B8E
:109080008C0BAD13AD136C0BAD13EE1BCD138C0B12
:109090008C0BED13CD138C0B8C0BAC138B0B6B1358
:1090A0006B1B8C2B2B332722A5190732473AE6314D
:1090B000A5296421652965292421C218A539264AD4
:1090C000C441C539063AE94A4F7470740E6C4F7C3E
:1090D000ED73AB6B4A63AC730A53A9426732272224
:1090E000E719A609C609E60948128812A912C91289
:1090F0002A1B0A13EA0A2B0B8C136B130A0B2B0B7C
:109100006C1B6C132B132B132A1BC91AEA2AEE5360
:109110009174917C917C917CB284F284D384D284CA
:10912000D284D284D284F384F384138D338D138D4F
:10913000F28CF28CD18CB184B18C90849084D184E7
:10914000128D128DD18CF19412951295B08CEC7316
:109150008A73AA7BEB8B2B9C8DACADB40FBD50CD2D
:10916000B2D5D2D514D6F4D535D655DE76E676E628
:1091700097EEB7EED7EED7EED8EEF8EEF8EE18F79A
:1091800019F719F719F739F739F73AF73AF739F7BD
:109190003AFF3AFF3AFF3AF739F73AF73AF73AF730
:1091A00039FF39FF39FF19F718F7F8F6F8F6B7EE77
:1091B00076E6D3D5B2CD92CDF3D514DE14DE34DE0F
:1091C00055E675E696EE96E6B6EEB6EEB7EEB7EE77
:1091D000B7EEB7EED7EED7EED7EED7EED7EED7EEA7
:1091E000D8EED8EED8EED8EED7EED7EED7EED7EE53
:1091F000D7EED7EED7EED7EED7EEB7EEB7EEB7EEA7
:10920000B7EEB7EEB7EEB7EEB7EEB7EEB7F6B7EE2E
:10921000B6EEB7F6B7F696EE96EE96EE55E6F3DDB9
:1092200030C510C5D7F6F8FE19FF39FF19F73AF720
:109230005AF75AF73AF739F739F719F7F9EEF8EE1E
:10924000F8EEF8EEF9EEF9EE19EF19EF3AEF3AEF22
:109250005AF75AF75BF75BF77BFF7BF75BFF5BFF28
:109260005BFF5AF75AFF5AF75AFF3AF719F719F7FF
:10927000F8F6F8EED8EED7EE96E675DE34DED2D507
:1092800071CDEFBC8EA4EC8BEE83F39C39BE1DD761
:10929000FCCEFCCE7ABE717C3074717C918490845B
:1092A00070846F844F7C8F8490844F7CEE6B6C5302
:1092B000EA32891AA912CA128A128A128A128A12E8
:1092C000AA1ACB1ACB1ACA12CB12EB12EB12EB1260
:1092D000EB12EB12EB12EB12EB120C132C0B0C0B30
:1092E0000B0B2C0B0C0B0B0BEC0A0C0B0C0B0C0BC9
:1092F0000C0B0C0B0C130C138C0BCD13AD138C0B34
:109300006C0BAD13AD136C0B8C13CD1BCD136C0B11
:109310008C0BED13CD13AC13AC13CD138C136B135B
:109320006B1B8C2B4B334722C5210732683AE63141
:10933000A5296429852965292421E220E641A85A26
:10934000054A054267420A534F74917C907C4F7CDA
:109350004F7C0D7CAB738B6B2A5BA94206220622E5
:10936000271A8501E709070A270A88128812A90A1D
:10937000EA120A130B0B4B138C136B130A0B0B0B18
:109380006C1B6C1B2B132B134B1BE91A0A2BEE5374
:1093900091749174707C917CB27CD284F384F38458
:1093A000F384D284D284F384D384138D138D138DEC
:1093B000F28CF28CF28CD18CB184B1849184D18402
:1093C0003395128D1295F18C1295329512959084E9
:1093D000AC736A73AA83EA934BA46CACCEBC0FC582
:1093E00051CD91CDF3D5F3CDF4D535D655DE56E636
:1093F00076E6B7EEB7EEB7E6D7EED8EEF8EEF8EED3
:1094000018F719F719F719F739F739F739F739F75D
:109410003AF73AFF3AFF3AF719F739F739F73AF7D7
:1094200039FF39FF19F718F7F8F6F8F6D7F696EE80
:1094300075E692CD92CDB3D5F3D534DE34DE34DE8D
:1094400055E655E696E676E6B6EEB7EEB7EEB7EE3B
:10945000B7EEB7EED7EED8EED7EEB7EEB7EED7EE63
:10946000D8EED7EED7EED8EED7EED7EED8EED7EED1
:10947000D7EED7EED7EED7EED7EEB7EEB7EEB7EE24
:10948000B7EEB7EEB7EEB7EE96EE97EEB7F6B7EEED
:10949000B6EEB7EED7F6B6EE96EE75E634E6D3DD69
:1094A0008EACF3DDD7F618FFD8EE3AFF19F73AF78E
:1094B0003AF739F719F739F719F718F7F8EEF8EE20
:1094C000F8EE19EF19EF19EF3AEF3AEF3AEF5AF7D2
:1094D0005BF77BF75BF75BF77BFF7BF75BFF7BFF64
:1094E0007BFF5BFF5AFF5AF75AFF39F719F718F756
:1094F000F8EED8EED7EEB7E696E655DE54DEB2D5F6
:1095000050C5CEB44D9CAC83508CD7B5DCCEFCCED0
:109510001DCFFCC65AB6D384717C5074707CB18464
:10952000708470846F848F8490844E7CCD6B6C5378
:10953000EA328912890AAA128A128A128A128A12B5
:10954000AA1ACB1ACB1ACB12CB12EB12EB12CB12FC
:10955000CB12EB12EB12EB12CB0AEB0A0B0B0B0B41
:109560002C0B2C0B2C0B0C0B0C0B0C0B0B0BEB0A06
:109570000C0B0C130C130C134B038C0B8C0B6C0B84
:109580008C13CD13AD138C138C13EE1BCD1B8C0BD6
:109590008C0BEE1BCD138C0BAC13CD13AC138C13B7
:1095A000AC23AC332B33682AC5192732473A06322D
:1095B00064294421A631C63944290321E6410963BF
:1095C00087520542A84A0B53EF6B0F6C707CB18435
:1095D0004F7C2D7CCC7BAB730953673A272A06223C
:1095E000C611C611E609270A480A680A880AC90A84
:1095F000EA120A0B0A0B4B136B134B130A0B0B0BE0
:109600006C1B6C1B4B134B134B1BE91A2A2BEE5391
:10961000B174B174917C917CD284F284F384F3842C
:10962000F384F384D384D284F384F384138D339549
:109630003395F28CF28CF28CB1849084B184F284F4
:10964000338D339533953395F28C128D3395128D7E
:109650006F84AC73086BCA8BEB93CA938DB4EEBC6A
:10966000CEBC30C591CDD2CDF3D534D635DE55DE66
:1096700076E676E6B6E6B7E6D8EED8EEF8EEF8F699
:10968000F8F619F719F719F719F719F719F719F77C
:1096900019F719F719F739F719F739F739F739F7CA
:1096A00039FF19F739FF18F7D8EED7F6D7F676EE67
:1096B000F3D572CDB3D5F3D534DE34DE34DE55E6E2
:1096C00055E655E675E696E6B6E6B7EEB7EED7EEA2
:1096D000B7EEB7EEB7EED7EED7EED8EED8EED8EEBF
:1096E000D8EED8EED8EED8EED8EED8EED8EED8EE4A
:1096F000D7EEB7EEB7EEB7EEB7EEB7EEB7EEB7EE22
:10970000B7EEB7EEB7EEB7EE96EE96EE96EEB7F68C
:10971000B7F6D7F696EED7F676EE34E634E650C5D1
:10972000CFB495EE18FFD8F6F9F63AFF19F75AFFBD
:1097300019F73AF739F719F718F7F8EEF8EE18EFC6
:1097400019F719EF19EF19EF3AEF3AF73AEF5AF71D
:109750005BF75BF75BF75BF77BFF7BFF7BFF7BFFD9
:109760005AF75AF75AF75AFF3AF739F719F719F72C
:10977000F8EED8EEB7EE96E696E654DE13DE91CD1F
:109780000FBDAEAC0D94AC7B34A5DBD69BC6FDCE35
:109790001DCFFDCE9BBE3595717C717C717C918413
:1097A0007084908CB08CB08C8F842E74CD634C53AD
:1097B000CA2A8912890A890A69126A128A128A12C5
:1097C000AA12CB1ACB1ACA12CB12EB12EB12EB1263
:1097D000EB12EB12EB12EB12EB120B130C0B0B0B4D
:1097E0000B0B2C0B2C130B0BEB0A0C0B0C0B2C0B7D
:1097F0002C132C130C1B2C1B6C0BAD138C0B6C0B38
:109800008C0BAD13AD136C0B8C0BCD1BCD138C0BD4
:109810008C0BCD13CD136C0B8C13CD13AC136B13BE
:109820008C1B8C2B4B33A92A06222732273AE63190
:1098300085298529E639C63165290321E6416B73FF
:109840002A6B264268420A53AE63EE635074B184B9
:109850006F842E7CCC73AB6B2A53683A262A06227F
:10986000C611C609E709270A480A480A680AA90A68
:10987000EA0AEA0A0B0B2B0B4B132B0B0A0B2B13CD
:109880006C1B6C1B2B134B132A1BE91A2A2BEE5350
:10989000B174B174917CB17CD284D284F384F384AA
:1098A000F384F384F384F384D384F384F38C3395C7
:1098B0003395138DF28CF28CB1849184B184F2844F
:1098C000338D338D338D3395338D128D138D3395C9
:1098D000F18C4E848A73497389832B9C2CA46CACC5
:1098E000EFC40FC52FC591CDD2CDF3D514DE35DE33
:1098F00055DE76E696E6B7E6B7E6B7EED8EEF8EED2
:10990000F8F6F8F619F719F719F719F719F719F71B
:1099100019F719F719F719F719F739F739F739F767
:1099200039FF19F739FF18F7D7F6B7F6B7F635E666
:10993000B3D592CDB3D5F3DD34DE34E655E655E646
:1099400075E675E675E696E6B6E6B7EEB7EEB7EEFF
:10995000B7EEB7EEB7EEB7EED7EED8EED8EED8EE5C
:10996000D8EED8EED8EED8EED8EED8EED8EED8EEC7
:10997000D7EEB7EEB7EEB7EEB7EEB7EEB7EEB7EE9F
:10998000B7EEB7EEB7EE96EE96EE96EE97EEB7EE32
:10999000B7EEB7F696EEB6EE75EE34E6F3DD0FBD34
:1099A00051C5B6EE18FFD8F6F9F63AF719F73AFFAF
:1099B00019EF19F739F719F7F8EED8EEF8EEF8EED7
:1099C00019EF19EF19EF39EF3AF73AF75AF75AF753
:1099D0005BF75BF75BF75BF77BFF7BFF7BFF7BFF57
:1099E0005AF75AF75AF75AFF3AF739F739F719F78A
:1099F000F8EED8EEB7EE96E675E634DEF3D570C530
:109A000030BD4D9CCC8B4F94F7BDDCCEFDCEFDCE52
:109A1000FDCE1DCFBBC65595717C917C917CB184E8
:109A200070846F848F848F846F7C0E74AD634C530D
:109A3000CA2A8912890A890A69126A126A128A1262
:109A4000AA12CB1ACB1ACB12CB12EB12EB12EB12DF
:109A5000EB12EB12EC12EC12EB120C132C130C0B9E
:109A60000B0B2C0B2C130B0BEB0AEB0A0C0B0C0B3C
:109A70000C130C130C132C1B6C0B8C0B8C0B6C0B26
:109A80006C0BAD13AD138C0B6C0BCD13CD138C0B7A
:109A90008C0BCD13CD136C0B8C0BCD13AC136B1344
:109AA0004B1B6C2B6B33E932472A2732273AE631BE
:109AB0008429A531073AC6316429E218C539AC7347
:109AC000CD7B674A273AEA4AAD5BEE632F749084F8
:109AD0006F842D7CAB738B6B4A5B883A062A062217
:109AE000C611A609E709270A270A480A680AA90A27
:109AF000CA0AEA0A0B0B2B0B4B132A0BEA0A2B138D
:109B00008C1B4C132A0B4B132B1BE91A2B33EE53D4
:109B1000B174B17C917CB17CD284D284F384F3841F
:109B2000F384F384F384F384F384F384F384338D34
:109B300034953395138DD284B184B17CB184F28491
:109B4000338D338D33955495548D338D138D3395DB
:109B50001295F1944E844A6B4973EB8BCA930B9C1C
:109B6000CEBCCEBCEEBC2FC591CDD2D5F3D514D68C
:109B700035DE75DE96DEB6E6B7E6B7EED7EED7EEA3
:109B8000F8F6F8F6F8F6F8F618F718F719F719F7DF
:109B900019F719F719F719F719F719F719F739F725
:109BA00039F719F719F7F8F6B7F6B7EE96EEF4DDD0
:109BB00072CD92CDD2D513DE34DE54E675E675E66D
:109BC00075E675E675E676E6B6E6B6EEB7EEB7EE9E
:109BD000B7EEB7EEB7EEB7EED7EED8EED8EED8EEDA
:109BE000D8EED8EED7EED7EED7EED7EED7EED7EE4B
:109BF000B7EEB7EEB7EEB7EEB7EEB7EEB7EEB7EE3D
:109C000096EE96EE96EE96EE76EE96EEB6EE96EE34
:109C1000B6EEB6EEB7EE96EE75EE34E692CDEFB454
:109C200014DED7F6F8F6D8EE19F71AF7F9EE3AF788
:109C3000F9EE19F719F718EFF8EEF8EEF8EEF9EE7D
:109C400019EF19EF19EF3AF73AF73AF75AF75BF7C6
:109C50005BF75BF75BF77BF77BFF7BFF7BFF7BFFB4
:109C60005BFF5AF75AF75AF73AF739F739F719F706
:109C7000F8EED8EEB7EE96E675E633DEF3D530BDF6
:109C800010B50C94AC8334AD9ACEBBCE3ED7FDCE8E
:109C9000FDCE1DCFDBC6559D717C927C9184B18435
:109CA00090846F846F846F7C4E7CEE6BAD634C53FD
:109CB000CA2A6912890A890A8912691269126A1202
:109CC000AA12CB1AEB1ACB12CB12CB12EB12EB125D
:109CD000EB12EB12EC12EC120B130B132C130C0BFC
:109CE0000B0B2C0B2C130B0BEB0A0B0B0B0B0B0B9B
:109CF0000C130C130C1B2C1B4B038C0B8C0B6C0BC5
:109D00008C0BCD13CD13AD136C0BAD13AD136C0BCE
:109D10008C0BCD13AD138C0B8C0BCD13AD134B0BE8
:109D20004B136C236B2BE92A472A26322732C53185
:109D30008421C531273AE63165290321A531AC7369
:109D40000E84A84A273A0B4BEE63EE630E6C7084C8
:109D50008F840D7C6A6B4A636B5B883AE621E6214F
:109D6000C619A509E709070A270A480A680AA90ABD
:109D7000EA0AEA0AEB0A2B0B4B132B0B0A0B2B0BF1
:109D80006C1B4B130B0B4B130A13E91A2B33EE53BB
:109D9000B174B17C917CB17CD284D284F384F3849D
:109DA000F384F384F384F384F384F384F384138DD2
:109DB00033955495138DF284B184B17CB17CF284D7
:109DC000338D549554955495548D348D138D338D16
:109DD000F28CF28CF1946F8C8B73296B8A830C94C8
:109DE0002BA46CACCDBCEEBC50C591CDD2D5F3D577
:109DF00014DE55DE75DE96E6B7EEB7EEB7EED7EEBB
:109E0000D8EED8EED8EED8EEF8F6F8EEF8EEF8F692
:109E1000F8F619F719F719F719F719F719F719F7E4
:109E200039F719F718F7F8F6B7F697EE55E6D3D5E0
:109E300051C5B2D5D2D513DE34DE55E675E675E6EA
:109E400075E675E696E696E6B6E6B6E697E6B7EE0A
:109E5000B7EEB7EEB7EEB7EED7EED7EED7EED7EE5A
:109E6000D7EED7EEB7EEB7EEB7EEB7EEB7EEB7EE8A
:109E7000B7EEB7EEB7EEB7EEB7EEB7EEB7EE97EEDA
:109E800096EE96EE96EE76EE76EE96EEB6EEB6EEB2
:109E9000B6EE96EEB7EE75E655E614DE30BD30BD93
:109EA00096E6D7EED7EED8EE3AF719F7F9EE3AF78D
:109EB00019F719F718EF18EFF8EEF8EEF9EE19F7B1
:109EC00019F719F719EF3AF73AF75AF75BF75BF713
:109ED0005BF75BF77BF77BF77BFF7BFF7BFF7BFF12
:109EE0005BFF5AF75AF75AF73AF739F739F719F784
:109EF000F8EED7EEB7EE96EE75E634DED2D510B5B5
:109F0000AFACEC8B2F8CF6BDBBCE9BC63ED71DCF26
:109F1000FDCE1DCFBBC6559D717C92849184B184CA
:109F2000B08C90846F846F7C4E7CEE6BAD634C5331
:109F3000CA2A69128912891269126A126A128A126D
:109F4000AA12CB1ACB1ACB12CA12CB12EB12EB12FB
:109F5000EB12EB12EB12EB12EB120B130C130B0BBD
:109F60000B0B2C0B2C130B0B0B130B0B0B0B0B0BEF
:109F70000C0B0C130C1B2C1B6C03AD0B8C0B6C0B08
:109F80008C0BCD13CD1BAC138C13CD13AD136C0BFD
:109F90008C0BAD13AD0B8C0B8C0BAD138C134B0BCF
:109FA0006C1B8C2B4B2BC9222622262A2632C52934
:109FB0008421E631273A2732C631432184296B6B4D
:109FC0004F840A53683A2B53EE6BEE6BCD6B6F8464
:109FD0008F8C0D7C6A63295B6B5B8842E621E621EE
:109FE000C619A509C709070A270A480A880AA90A3B
:109FF000EA0AEA0AEB0A2B0B6C134B0B0B0B0B0B4D
:10A000004C132B130A0B2B130A13EA1A2B33EE53A0
:10A01000B174B17CB17CB184D284D284F384F384F2
:10A0200013851385F384F3841385F384F384F38415
:10A03000138D3395338DF284D284B17CB17CF28C54
:10A0400033955495549554957595148D348D338D61
:10A05000138DD284138D74A54F844B6B4A73AB83DD
:10A06000AA8B0B9C8CB48DBCEEC430C591CDB2CD07
:10A07000F3D514D634DE55E676E676E696E6B6EE09
:10A08000B7EED7EED7EED7EED8EEF8F6F8F6F8F64C
:10A0900018F718F719F719F718F718F718F719F745
:10A0A00019F719F7F8F6D8F6D7F696EE14E692D522
:10A0B00051C5B2D5D2D5F3D534DE54E675E675E692
:10A0C00075E696E696E696E6B6E6B6E697E6B7EE67
:10A0D000B7EEB7EEB7EEB7EED7EED7EED7EEB7EEF8
:10A0E000B7EEB7EEB7EEB7EEB7EEB7EEB7EEB7EE48
:10A0F000B7EEB7EEB7EEB7EEB7EEB7EEB7EE97EE58
:10A1000096EE96EE96EE76EE96EE96EE96EEB7F626
:10A1100096EE75E696EE75E655E6D3D510BDF3D509
:10A12000D7EED7EED7EE19F73AFF1AF71AF73AF744
:10A1300039F739F718EF18EFF8EEF8EEF9F619F7E6
:10A140001AF73AF73AF73AF73AF75BF75BF75BF744
:10A150007BF77BF77BF77BF77BFF7BFF7BFF7BFF4F
:10A160007BF77BF75AF75AF75AF739F719F7F8F6EA
:10A17000D8EEB7EE97EE96E655E613D6B2CD10B50B
:10A180004E940E8CF3A418BE9BC6BCC6FDCE1DCF4C
:10A19000FDCE1DCFBBC65595517C917C907CB18482
:10A1A000B18CB08C8F848F846F7C0E74AD634C53F4
:10A1B000CA2A691A8912A91269126A128A128A12A3
:10A1C000AA12CB1ACB12AA12CA12EB12EB12EB1282
:10A1D000EB12EB12EB12CB12CB12EB120B130B1395
:10A1E0000B0B2C132C130B130C130B130B0BEB0A75
:10A1F000EB0AEB0A0C130C1B6C0BAD13AD136C0BC1
:10A200008C0BCD13AD138C13AC13CD13AD136C0BA2
:10A210008C0BAD0BAD0B8C0B8C0BAD136C0B6B0B5C
:10A220008C1BAC236B2BC9224722462A4732E531CF
:10A23000A5290632473A673A263A842984294B638E
:10A24000B08C6C63883A0B4BEE6BEE6B0E748F84A4
:10A250008F8C4E84CC738B634B5B8842E629E6215E
:10A26000C619A509C609070A270A480A880AA90AB9
:10A27000EA0AEA0AEA0A0B0B6C136B130B0BEA0AE5
:10A280002B0B2B0B0B0B2A0B0A13E91A4B330E5417
:10A29000D174B17CB17CB184D284D284F384F38450
:10A2A00013851385F384F384138D1385F384F3846A
:10A2B000138D338D338D128DF284D27CD184F28C48
:10A2C000349554955495558D558D348D3495148D04
:10A2D0003495138D348D959D75A5718C2A63296BEA
:10A2E000AA83CA932BAC6CB4ADBC0EC550C591CD3E
:10A2F000D2CDF3D514DE34DE55E655E676E696E6A5
:10A30000B7EEB7EEB7EED7EEF8F6F8F6F8F6F8F6E1
:10A3100018F718F718F719F718F718F718F718F7C4
:10A32000F8F619F7D8F6B7F6B7F676EED3DD72CDB4
:10A3300071CDB2CDD3D5F3D514DE34E655E675E64E
:10A3400075E696E696E696E696E6B6E6B7EEB7EEDC
:10A35000B7EEB7EEB7EEB7EEB7EEB7EEB7EEB7EED5
:10A36000B7EEB7EEB7EEB7EEB7EEB7EEB7EEB7EEC5
:10A37000B7EEB7EEB7EEB7EEB7EEB7EEB7EE97EED5
:10A3800096EE96EE96EE76EE96EE76EE96EEB7F6C4
:10A3900096EE75E676E675E614DE92CD72CDB6EEF3
:10A3A000F7F6F7EEF8EE39F73AF71AF71AF73AF741
:10A3B00019F719F7F8EEF8EEF8EEF8EEF9EE19F7EE
:10A3C0003AF73AF73AF73AF75BF75BF75BF77BF761
:10A3D0007BF77BF77BF77BF77BFF7BFF7BFF7BFFCD
:10A3E0007BFF7BF75AF75AF75AF739F719F7F8EE68
:10A3F000D8EEB7EE96E676E635E6D3D572C5F0AC84
:10A400000D8C9094D6BD39BE9BC6FDCEDDCE1ECF41
:10A41000FDCEFDCEBBC655955174917C707CB18448
:10A42000D08CB08C8F8490848F7C0E74AD634C5331
:10A43000AA32681A8912A9128A128A128A128A12F8
:10A44000AA12AA12CA12AA12CB12EB12EB12CB1248
:10A45000CB12EB12EC12EB12EB12EB120B130B13F1
:10A460000B0B0C130C13EB120C130C130B0B0B0B31
:10A47000EB0AEB0A0C130C136C03AD0B8C0B6C0B7F
:10A480008C0BAD13AC136C0BAC13CD13AD138C0B49
:10A490008C0BAD0B8D0B8C0B8D0BAD0B6C0B6C0B00
:10A4A0008C1B8C234B2BC9226722672A4732E5314C
:10A4B000E5292632673AA842473AE531A4292A5BC2
:10A4C000B08CCD6BCA420B4BEE6B4F744E7C8F84BD
:10A4D0004E842D7C2D7CCC6B2A5B68420632E629AB
:10A4E000C619A509C609070A270A480A880AC90A17
:10A4F000EA0AEA0AEA0A0B0B4C134C0B0B0BEA0AAA
:10A500002C0B2B0B0B0B0A0B0A13EA124B2B0E54C2
:10A51000F274D27CB27CB27CD284F284F384138550
:10A520001385F384F3841385138D138D1385138D95
:10A53000348D538D338D138DF384F284F284138D17
:10A540005495549554955595358D55953495138D51
:10A550003495549596957695F8AD96AD0F7C6B73C2
:10A560008A83698BCAA30AAC6CB4ADBC0FC550C555
:10A5700091CDB2CDD3D5F4DD15DE55E676E676E69F
:10A5800096EE96EEB7EEB7EED7EED7EEF8F6F8F613
:10A59000F8EEF8F618F718F718F718F718F718F78D
:10A5A000F8EE18F7D7EEB7EEB7F635E672CD51C52F
:10A5B00092CD92CDF3D5F3D514DE34DE55E655E6D3
:10A5C00075E695E676E696E696E696E6B7EEB7EE9B
:10A5D000B7EEB7EEB7EEB7EEB7EEB7EEB7EEB7EE53
:10A5E000B7EEB7EEB7EEB7EEB7EEB7EEB7EEB7EE43
:10A5F000B7EEB7EEB7EEB7EEB7EEB7EEB6EE96E65D
:10A6000096EE96EE76EE76EE76EE76E676EE96EED2
:10A6100096EE76EE55E655E6D3D571C514DE17F7FE
:10A62000F7F6F8EE19F73AF71AF7F9EE3AF73AF7BC
:10A6300019F718EFF7EEF7EEF8EEF9F619F719F744
:10A640003AF73AF73AF73AF75BF75BF77BF77BF7BE
:10A650007BF77BF77BF79BF77BFF7BFF7BFF7BFF2A
:10A660007BF75AF75AF75AF75AF739F719F7F8EE0E
:10A67000D8EEB7EE76E655E634DEB2CD51BD8F9C0E
:10A680002E8C13A559C639BE7BBEFDCEDDC61ECFAE
:10A69000FDCEFCCEBBC655955174917C707CB184C7
:10A6A000B08CB08C8F848F848F840E74AD634C53C8
:10A6B000AA32691A891289128A128A128A128A1295
:10A6C0008A12AA12CA12AA12CB12EB12EB12CB12E6
:10A6D000CB12EB12EC12EB12EB12EB120B130B136F
:10A6E000EB0A0B130C13EB12EB120C130C130C13E1
:10A6F0000B0BEB0AEC120C134B038C0B8C0B4B0368
:10A700006C0BAC138C136B0B8C0BAC13AC0B8C0B5A
:10A710008C0BAD0BAD0B8C0B8C0BAD136C0B4C0B76
:10A720006C136C232B23C9226722472A2632E52982
:10A730000632673A883AC94AA84A6742E531E9527F
:10A740006F840E742B534B5B0E746F846F844E8436
:10A75000CC73EC732D7CEC732A53683A27320722B2
:10A76000C619A609A609070A270A680A890AC90A92
:10A770000A130A0B0B0B0B0B4B132B0B0A030B03CC
:10A780004C0B2B0B0A030A0B0A13EA124B2B0F5428
:10A79000F274D27CD27CB27CF284F284F38413858E
:10A7A000F384F384F384138D138D1385138D348D0B
:10A7B00054955495338D138DF384F284F284338D44
:10A7C000549554955595559555955595138D148DCE
:10A7D0003495148DB69DB79D979DF8AD95A5708461
:10A7E0004A6B29738A8BCA9B0BAC4CB4ADBC0EBDB3
:10A7F00050C571CD92CDD3D5F4DD14DE55E655E6C6
:10A8000075E675E696EEB7EEB7EEB7EED7EED7EE95
:10A81000D8EEF8F6F8F6F8F6F8F6F8F6F8F6F8F6F0
:10A82000F8F618F7B7EEB7EE96EE14E651C530C558
:10A8300092CD92CDF3D5F3D534DE34DE35E675E630
:10A8400075E675E675E696E696E696E6B7EEB7EE39
:10A85000B7EE97EEB7EEB7EEB7EEB7EEB7EEB7EEF0
:10A86000B7EEB7EEB7EEB7EEB7EEB7EEB7EEB7EEC0
:10A87000B7EEB7EEB7EEB7EEB7EEB7EEB6EE96E6DA
:10A8800096EE96EE76EE76E676E676E676EE96EE60
:10A8900096EE96EE35E655E6B3D571C596EEF8F62A
:10A8A000F8EEF8EE39F73AF719F71AF73AF73AF7F8
:10A8B00019F718EFF8EEF8EEF9EE19F73AF73AF75C
:10A8C0003AF73AF75BF75BF75BF77BF77BF77BF7DA
:10A8D0007BF77BF77BF77BFF9BFF7BFF7BFF7BFFA0
:10A8E0007BF75AF75AF75AF75AF739F719F7F8F684
:10A8F000D8EEB7EE76E635DE14DE72C531B52E94AD
:10A90000508C75AD7AC65ABE5AB6DCC6BCC6FDCEF2
:10A91000FDCEFCCEBBC635955174927C917CB18442
:10A92000B08C90846F7C8F7C8F840E74AD634C539D
:10A93000AA32691A891289128A128A128A128A1212
:10A940008A12CB1ACB12AA12AA12CB12EB12CB127A
:10A95000CB12EB12EB12EB12CB12CB12EB12EB0A77
:10A96000CB0AEB0A0C13EB12EB12EB120C132C13A9
:10A970000B0BEB0AEC12EC124B038C0B8C0B4B0306
:10A980006C0B8C138C136B0B6B0BAC13AC138C0B11
:10A990008C0BAD13AD138C0B8D0BAD136C132B0BFC
:10A9A0004B1B6C234B2BEA2A882A672A4732063234
:10A9B0002732883AA8420A532A5B874A263AE95244
:10A9C0006F84ED6B0A530953AC6B2D844D844E8C10
:10A9D000EC7BAB730D7CED730A53683A072AE621D2
:10A9E000C6198509E709C709270A480A890AC90A51
:10A9F0000A130A0BEA0A0A0B4B132B130B0B2B0B34
:10AA00004C0B4B0B0B030B0BEA12EA122B2B0E54C5
:10AA1000D274F27CD27CD27CF384F384F384F3840A
:10AA2000F384F384148DF384148D148D148D348D7C
:10AA3000348D348D338D138D138DF384F384138D06
:10AA4000759575957595558D548D55953595148DD0
:10AA5000148D759DD7A5F8A5B7A5979DB7A5349575
:10AA60002F7C8C6B096BAA8BEB9B0AA44BACADBC07
:10AA70000EBD2FC550C5D2D5F3D5F3D513DE34E6C0
:10AA800034E655E676EE96EE96EEB7EEB7EEB7EE16
:10AA9000D7EEF8F6F8F6F7F6D8F6D8F6D8F6F8F6D0
:10AAA000F8F6D8F6B7EEB7EE75E6D3D530C551C592
:10AAB000B2D5D2D5F3D514DE34DE34DE55E655E614
:10AAC00075E676E696E6B6EE96E696E696E6B7EE96
:10AAD000D7EEB7EEB6EE97E697E696E6B7E6B7E6B8
:10AAE00097E696E696E697E697E6B7EEB7EEB7EE08
:10AAF000B7EED7EEB7EED7EEB6EE96E696E696E66A
:10AB000076E676E676E675E675E676EE75EE96EE30
:10AB100075EE75E655E6D3D592CD55E618F7D7EE26
:10AB200019F719F73AF73AF73AF73AF71AF719EF28
:10AB300019EFF8EEF8EEF8EEF8EE19F719F73AF724
:10AB40003AF73AF75BF75BF77BF77BF77CFF7BF72E
:10AB50007BF77BF77BF77BF77BF77BFF7BFF5BFF6D
:10AB60005BFF5AFF5AF73AF73AFF19F719F718F748
:10AB7000D7EE96E696E655E6F3D572C5D0A40E8CD0
:10AB8000139DD7B53AB65BB67BB69CBEBCC61DD787
:10AB90001DCFFCCEBBC6359530745074917C91842A
:10ABA000918490844F7C6F7C6F7C0F74AD632B4BD2
:10ABB000AA326922891A89128A128A126A126A12C0
:10ABC000AA12CB1ACB12CA12AA12AA12CB12EB12D9
:10ABD000CA12EB12EB12EB12CB12CB12CB12EB120E
:10ABE000EB12EB120B13EB0AEB120B13EB0AEB0A53
:10ABF000EC0AEC12EC12EC124C038C0B8C0B4B039A
:10AC00006C0BAD138C136B0B8C0BAC13AD138C0B4B
:10AC10008C0BAD0B8D0B6C0B8C0BAD138C134B1382
:10AC20004B1B6C232B2BEA2A882A672A2732062AF9
:10AC30004732A83AE9426B5B6B63A85267420953FB
:10AC40002E7C0E74E952A84A6B6B2D844D8C0C84BB
:10AC5000AB73AB73ED7BED730A4B883A272AE72180
:10AC6000C6198509C711E709280A480A680AA90A06
:10AC7000EA12EA0AEA0A0A0B4B132B130A030B0B1C
:10AC80004C0B4B0B0B0B0B0BEA12CA120B2B0E547B
:10AC9000D274F27CD27CD27CF384F384F384F38488
:10ACA000F384148D148D148D148D148D348D348D86
:10ACB000348D348D348D338D138DF3841385348D21
:10ACC0007595759575955495558D55953595348D26
:10ACD0005595969DD7ADF8ADF8A5D8A5B8A5769DA4
:10ACE000D384307C8C734A738A83EA9B0AA42BAC8E
:10ACF0008CB4EEBC2FC571CDB2D5D2D5F3DD34DE28
:10AD000034E654E675E675E676EE96EEB7EEB7EE07
:10AD1000B7EED7F6D7F6D7F6D7F6D8F6D8F6D8F6F0
:10AD2000D7F6B7EEB7EEB6EE75EED3D530C551C552
:10AD3000B2D5B2D5F3D514DE34DE34DE55E675E691
:10AD400075E675E696E696EE96E696E696E696E65D
:10AD5000B7EEB7EEB6E696E6B7E6B7E6B7E6B7E61D
:10AD600097E696E696E697E697E6B7EEB7EEB7EE85
:10AD7000B7EEB6EEB6E6B6E696EE96E696E696E65A
:10AD800076E676E676EE75E676EE76EE76EE96EE9C
:10AD900075EE55E634DED3D5D3D596E619F7D8EE61
:10ADA00019F719EF3AF73AF73AF73AF719EF19EFB7
:10ADB00019EFF8EEF8EEF8EE19F719F719F73AF778
:10ADC0003AF75AF75BF77BFF7BF77CFF7CFF7BF75B
:10ADD0007BF77BF77BF77BF77BF77BFF7BFF7BFFCB
:10ADE0005BFF5AFF3AFF3AF73AF719F719F7F8EE0F
:10ADF000D7EE96E675E614DEB3CD31BDB0A47094FF
:10AE000055A5F8B53AB65BB67BB69CBEBCC6FDCEC2
:10AE1000FDCEFCCEBBC63595306C5074917C9184D0
:10AE2000918490846F7C6F7C6F7C0E748D5B0B4B78
:10AE3000A932691A6912891269126A1269126912B1
:10AE4000AA12CB1ACB12CA12AA12AA12CA12CA1278
:10AE5000CA12EB12EB12EB12EB12EB12EC1AEC1221
:10AE6000EB120C130B13EB0AEB0AEB0A0B130C138C
:10AE70000C13EC12EC0ACB0A4C038C0B6C0B4B033F
:10AE80008C0BAD13AC136B0B8C0BAC13AC0B6C0BB2
:10AE90008C0BAC0B8C0B6C0B6C0B8D138C134B1342
:10AEA0006B1B6C232B23EA228822672A4732273226
:10AEB000673AC9420A4BAC5BAC6BE952A84A2A5BC1
:10AEC000ED732E7C0A53A84A6A6B2D842D84AA73D5
:10AED0008B73EC7BED7BCC6BE94A883A27320722F7
:10AEE000C6196509C609E7092812480A680A890AC5
:10AEF000CA0AEA0AEA0A0A0B2B132B0B0A0B0B03EA
:10AF00004B0B4B0B0B0B0A0B0A13C9120A23EE5304
:10AF1000D274F27CD27CD27CF384F384F384F38405
:10AF2000F384148D148D148D148D148D148D148D43
:10AF3000348D348D348D348D138DF384348D348D74
:10AF40007595759595955595559555955595559531
:10AF5000769DD7A518AE19AEF9ADD9A5B89D979D28
:10AF60003595D38C50846C732A736A83CB930BA46E
:10AF70002CAC8DB4EEBC0FC570CD91CDD2D5F3DD28
:10AF800014DE34DE55E675E675E696EE96EE96EE40
:10AF900096EEB7EEB7EEB7EEB7F6B7F6D7F6B7EE72
:10AFA000B7EEB7EE96EE96EE55E6B2D530C571CD5A
:10AFB000B2D5B2D5D3D514DE34DE55E655E675E606
:10AFC00075E675E676E696E696E696E676E696E623
:10AFD00096E6B6E696E696E696E697E6B7EE97E646
:10AFE00097E696E696E696E696E697E6B7EEB7EE2D
:10AFF000B6EEB6E696E696E696E696E696E696E629
:10B0000096E676E676E675E675E675E675E676EE3C
:10B0100095EE54E6F3D5D3D555DED7EE18F719F7EC
:10B0200019F719EF1AF73AF73AF71AF719F7F9EE8D
:10B03000F8EEF9EE19EF19EF19F719F719F73AF7D2
:10B040003AF75BF75BF77BFF7BF77CFF9CFF7CFFAE
:10B050007BF77CFF7BFF7BFF7BFF7BFF7BFF7BFF27
:10B060007BFF5AFF5AFF3AF739F739F719F7D7EE4E
:10B07000D7EE96E655E6F3D592C5F1AC6F94F29C07
:10B0800096ADF9B53AB65BB67CB67CBEBCC6FDCE15
:10B09000FDCEFCCEBCC65695506C7074907C9084EE
:10B0A000908490846F7C6F7C6F7C0E6C8C5B0A4309
:10B0B000A92A681A8912891269126A126912691218
:10B0C000AA12CB1AAB12AA12AB12AB12CB12CB1232
:10B0D000CA12CB12EC12EC12EC1AEC1A0C1B0C1369
:10B0E000EB120B130B13EB0AEB0AEB0AEB0AEB0A5E
:10B0F000EB0AEB0AEC0AEC0A6C0B8C0B6C0B4B03A7
:10B100008C13CD13AC136B036B0BAC0B8C0B6B0361
:10B110008C03AC0B8D0B6C0B4B0B8C138C136B13C8
:10B120006B138C1B4B23E9228822682A6732473233
:10B13000A83AE94209438B5BAC634A5BA84A4B5B84
:10B140000E742F7C8C632A5B8B6B2D840C846A734A
:10B150008A730C7C0D7CAC6BE94A883A272AE6217D
:10B16000C6196509C609E709280A480A680A890A4A
:10B17000CA0AEA0AEA0A0A0B4B132B0B0A0B0A0B40
:10B180004C0B4B0B0A0B0A0B0A13C912EA22EE4BAB
:10B19000D174F27CB17CD27CF384F384F384F384A5
:10B1A000F384F384148D148D148D148D148D148DEB
:10B1B000348D348D348D348D138DF384348D548DD2
:10B1C000759575957595759576957595559556956D
:10B1D00097A5F8AD39B619B6F9ADD9A5979D77956C
:10B1E0003695359575A5918C8C73096B8A830C9C6B
:10B1F0000B9C0BA48DB4CEBC2FC550CD91CD92CD60
:10B20000D3D5F3D534DE55DE75E676EE96EE96EEC2
:10B2100096EE96EE97EEB7EEB7F6B7EEB7EEB7EE60
:10B22000B7EE96EE76EE75E635E692D550C571CD61
:10B23000B2D5B2D5D3D514DE34DE55E675E675E663
:10B2400075E675E676E696E6B6E696E696E696E660
:10B2500096E6B6E696E696E696E697E6B7EE96E6C4
:10B2600096E6B7EE97E696E696E696E696E697E6D3
:10B27000B6EEB6EEB6E6B6E696E676E676E676E6BE
:10B2800075E675E675E675E655E655E675E675E626
:10B2900075E634DED2D5F3D5B7EEF8F6F8EE19F749
:10B2A00019F71AF73AF73AF73AF719EF19EFF8EEF4
:10B2B000F8EEF8EE19EF19F719F739F719F73AF729
:10B2C0003AF75BF75BF77BFF7BF77CFF7CFF7CFF4C
:10B2D0007CFF9CFF9CFF9CFF7BFF7BFF7BFF5BFF5A
:10B2E0005BFF5AFF5AFF3AF739F739F7F8F6D7EE0E
:10B2F000B7EE96E634DED3D572C5B0A42E8C34AD4D
:10B30000D7B519AE1AAE5BB67CB67BB6BCBEBCC6B2
:10B31000FDCEFCCEBCBE769550747074917C90844A
:10B3200090848F844F7C6F7C4E7CED6B8C5B2B43C9
:10B33000A92A681A8912891269126A126A126A1293
:10B34000AA12CA12AA12AA12AA12AB12CB12CB12BA
:10B35000CB12CB12EB12EB12EB12EC120C13EB1222
:10B36000EB0A0B130B130B0B0B0BEB0AEB0AEB0AA1
:10B37000CB0AEB0A0C130C134C0B8C0B6C0B4B0B0A
:10B380008C13CD13AC136B036B0BAC0B8C0B6B03DF
:10B390006C03AC0BAD0B6C0B4B0B6C138C136B1366
:10B3A0008C13AC1B4B1BE91AA822A82A672A673208
:10B3B000C83AC93AE93A6B53AC638C63C94A6C63C7
:10B3C0002E740E742E7CCD73EC7B2D842D848A73A9
:10B3D000496BCB730D7CAC6BE94A883A062AC619D7
:10B3E000C6198509C711E709280A480A480A890ABF
:10B3F000EA0AEA0AEA0A0A0B4B132A130A0B2A0B77
:10B400006B134B0B2A0B2A132A13C912C922CD4BDB
:10B41000B16CD27CB17CD27CD284D384D384F384CB
:10B42000F384F384148D148D148D148D138D138D6A
:10B43000348D348D348D348D138DF384148D348D8F
:10B4400075955595769D769D969D769D5695769D9E
:10B45000B7A519AE39B639B619AEF8AD979D569560
:10B460005695769D18AE95A5918CAD7B4A738A83CF
:10B47000AA8BEA9B4BAC8CB4CEBC0FC550C571C532
:10B48000B2CDD3CDF3D534DE54E675E675EE95EE48
:10B4900076EE96EE97EE97EEB7EEB7EEB7EEB7EE26
:10B4A000B7EE96EE76E655E614E692CD51CD92D5FE
:10B4B000D2D5D2D5F3D514DE34DE55E675E675E681
:10B4C00055E655E676E696E696E696E696E696E63E
:10B4D000B6E6B6E6B6E696E696E696E696E696E62C
:10B4E00096E6B7EE97E696E676E676E696E696E692
:10B4F000B6E6B6E6B6E6B6E676E675E676E676E66D
:10B5000075E655E655E655E655E655E655E675E623
:10B5100075E614DEB2CD14D6F7F6F8F6D8EE19F7C4
:10B5200019F73AF73AF73AF71AF719EF19EFF8EE71
:10B53000D8EEF8EE19EF19F739F739F739F73AF786
:10B540003AF75BF75BF77BFF7BF77CFF9CFF7CFFA9
:10B550007BFF9CFF9CFF9CFF7BFF7BFF5BFF5BFFF8
:10B560005BFF5AFF3AFF3AF739F719F7D8EED7EEF3
:10B57000B7EE75E614DED3CD52BD6F9C0E8C75AD63
:10B58000F8B5F9AD19AE5BB67BB67BB69CBEBCBE5A
:10B59000FDCEFDCEBBBE769571749174917C908486
:10B5A00090846F844F7C4F7C2E74ED6B8C5B2B43AF
:10B5B000C92A681A680A890A691269126A126A1223
:10B5C000AA12AA12AA12AA0AAB12CB12EB12EB12FF
:10B5D000CB12CB12EC12CB12EB12EB12EB12EB12E2
:10B5E000EB0A0B130B130B130B0B0B0B0B0B0B0BB4
:10B5F000EC0AEC0AEC0AEC0A4C0B8C0B6C0B4C0BB7
:10B600008C0BAD13AC0B4B038C0BAC0B8C0B6B038B
:10B610006C03AC0B8C0B6C034B0B6C136C136B132C
:10B620008C13AC1B6B1B091B0923E92A882A872A68
:10B63000C932C932093B8B53CC63CD6B2A5B8C6317
:10B640002F740E744F840E7C0D846E8C4E8CCB7BCD
:10B6500049638A6BEC73AB63E94A68320622A51929
:10B66000C6198509C609E709080A480A680A890A45
:10B67000EA0AEA0AEA0A0A0B4B132A130A0B2A0BF4
:10B680006C134B132A0B2A130A13C912C9228C43B9
:10B690007064D17CD17CB27CD284D284D384F38494
:10B6A000F384F384F384148D148D148D138D138D12
:10B6B000148D348D348D348D148D1385348D5595C2
:10B6C00055955595769D769D769D769D769D969D14
:10B6D000D8A539B639B619AE19AED8A5979D7695C5
:10B6E000979DD8A519AED7AD96A5D2948C73E86A6C
:10B6F000497BCA93EA9B2BA46DB4CEBC0FC550C541
:10B7000092CDB2CDD2D5F3D534DE34E654E655EE43
:10B7100075EE76EE97EE97EE97EE96EE97EEB7EE25
:10B7200097EE96EE75E655E614DE92CD71CDB2D564
:10B73000D3D5F3DDF3DD14DE34DE55E675E675E6CC
:10B7400055E655E675E676E696E696E696E696E6DC
:10B7500096E6B6E696E696E696E696E696E696E6E9
:10B7600076E696E696E696E676E676E676E696E679
:10B7700096E696E696E696E696E676E676E696E629
:10B7800075E675E675E655E635E655E655E655E6A1
:10B7900034DEF3D5D3CD55DEF8F6F8EED7EE19F753
:10B7A00019EF3AF73AF73AF719EF19EFF9EEF8EE21
:10B7B000D8EEF8EEF9EE19F739F739F73AF73AF724
:10B7C0003AF75BF75BF77BFF7CFF9CFF9CFF7CFFFE
:10B7D0007BFF7BFF7BFF7BFF5BFF5BFF5BFF5BFF19
:10B7E0005AFF5AFF5AFF39F719F718F7D8EED7EE74
:10B7F00096E655DEF3D5B2CD11B52E8C4F8C96ADB5
:10B80000F8B5F9AD19AE5BB65BB65AB69BBE9BBE3A
:10B81000FDC6FCC69BBE55955174917C917C91846C
:10B8200090844F844F7C4F7C0E74CD6B8C5B2B438C
:10B83000A92A6812680A680A6912691269126912EB
:10B840008A12AA12AA12AA12CB12CB12EB12CB1294
:10B85000AB12AB12CB12CB12CB12EB120B130B139E
:10B86000EB120B130B130B0BEB0A0B0B0B0B0B0B52
:10B87000EC0AEC0AEB0AEB0A4C0B8D138D136C0BE4
:10B880008C0BAD138C0B4B038C0BAC13AC0B6B0301
:10B890006C038C0B8C036C034B0B8C138C136B0B9A
:10B8A0008B13AC1B8B1B2A1B2A232A2BC922A822F1
:10B8B000E932E9322A3BCC53CC63CC6BCD6B8C6341
:10B8C000EE6B4F7C2F7CCD730D7C8F8C6E8C0C7C43
:10B8D000AB73AB6BCC6B8B63E94A883A0622A51934
:10B8E000C6198509C609E709080A480A680AA90AA3
:10B8F000EA0AEA0AEA0A0A0B4B132A13EA0A0A0BB3
:10B900004B134B132A0B2A130A13C912C9226C3B7F
:10B910004F64D174D27CB284D27CD284D384F38439
:10B92000F384F384F384F384F384148D148D138DE2
:10B93000138D148D348D348D348D148D358D559536
:10B94000769D5595769D769D769D769D779DB7A53E
:10B9500019AE3AB63AB639AEF8ADD8A5979D769DF0
:10B96000D8A55AB619AE18AEF8ADB6A5918C8C73A1
:10B970006A7B8A83898BCA9B2BA48DB4AEB4EFBC3F
:10B9800050C591CD91CDD2D5F3DD13DE14E634E66A
:10B9900055E676E676E676E676EE96EE96EE96EE68
:10B9A00096EE76E675E655E634DEB2CD92D5B2D5A2
:10B9B000D3D5F3DD13DE13DE34DE55E655E675E64A
:10B9C00055E655E675E655E655E676E676E676E61C
:10B9D00096E696E696E676E675E696E696E676E6E8
:10B9E00076E676E676E676E696E676E676E676E657
:10B9F00075E675E675E675E696E676E676E696E62B
:10BA000096E675E655E634DE34DE55E634DE34DEA1
:10BA1000F4D5B2CD14D696E6D8EED8EEF8EE19F7F6
:10BA20001AF73AF73AEF3AF719EF19EFF8EEF8EE9E
:10BA3000F8EEF8EE18F719F719F73AF73AF75AF758
:10BA40005AF75BF75BF77BFF9CFF9CFF9CFF7CFF3B
:10BA50007BFF7BFF7BFF7BFF5BF75BF75BFF5AFFA7
:10BA60005AFF5AFF3AFF39F719F7F8EED7EEB7E663
:10BA700055E654DED3D571C5D0A4ED83D29CD6ADA6
:10BA800019B6F9AD19AE5BB63AB63AB67BBE7BBE17
:10BA9000DCC6BCC65AB6158D3074717C917C91841D
:10BAA00091844F844F844F840E7CAD6B6C5B2B4B29
:10BAB000A92A481A680A690A691269126912690A88
:10BAC000AA12CA12AA12CA12CB12CB12CB12CB12D2
:10BAD000AB12AB12CB12EB12EB12EB120B1BEB12F5
:10BAE000EB12EB120B130B13EB0AEB0AEB0AEB0A4C
:10BAF000EB0AEB0AEB0AEB0A4C0B8D138D136C0B64
:10BB00006C0B8C138C0B4B038B0BAC0B8C0B6B03E8
:10BB10006C03AD0BAD0B8C034B0B8C138C134B0BCD
:10BB20006B0B8C138C1B6B1B4B236B2B0A23E92297
:10BB30002A2BE92A2A3BCC5BCC63AC632E7CAC631A
:10BB4000CD6BB18C0E744B63ED7B8F944E8C4D841A
:10BB50002D840D74EC738B5BE94A883A072AC61969
:10BB6000C6198509C609E709280A480A680AA90A00
:10BB7000EA0AEA0AEA0A0A0B2B132A13EA0A0A0B50
:10BB80004B134B132A0B2A130A13E912E91A4B3BE6
:10BB90002F5CB174D27CB284B27CD27CD384F38427
:10BBA000F384D384D384F384F384148D148D148D9F
:10BBB000F384138D348D348D358D348D5595759575
:10BBC000769D5695569D569D569D769D97A5D8ADCA
:10BBD0003AB65AB65AB639AED8A5D8A597A5779D24
:10BBE00019AEBBC63AB65AB6F8A5D7A596A5D29453
:10BBF000AD7B29736983AA8BEB9B4CA46CAC8DB491
:10BC0000EEBC30C570CDB1D5D2DDD2DDF3DD14DEB2
:10BC100035E655E656E656E676EE76EE96EE96EE86
:10BC200076E655E655E675E635E6D2D5B2D5D2D5F7
:10BC3000D3D513DE14DEF3DD34DE35E655E655E606
:10BC400055E675E655E655DE55E655DE55E655E60C
:10BC500076E696E676E675E675E676E696E696E6A6
:10BC600076E676E676E676E696E676E676E676E6D4
:10BC700075E675E675E675E675DE55DE55E675E63C
:10BC800075E655E634DE14DE34DE35E614DE14DE09
:10BC9000D3CD92C534DED7EED7EEB7E6F9EE39F75D
:10BCA0003AF73AF719EF3AF719F719EFF8EEF8EE15
:10BCB000F8EE18F719F719F719F73AF75AF75AFF84
:10BCC0005BF75BF75BF77BFF7CFF9CFF9CFF7CFFD8
:10BCD0007BFF7BFF7BFF7BFF5BF75BFF5AFF5AFF1E
:10BCE0005AFF3AFF3AFF39F718F7F8EEB7EEB7E622
:10BCF00035DE34DED3D551BD8F9CCD7B33A5F7B572
:10BD000039B6F9ADF9AD3AB63AB63AB67BBE5BB6DE
:10BD1000BCC69BBE39B6F48C106C717C917CB1842E
:10BD200091846F844F844F840E7CAD6B6C5B0B4BA6
:10BD3000A92A681A69128912691289128912690A74
:10BD4000AA12CA12CA12CA12AA12CB12CB12CB1250
:10BD5000CB12CB12EB1AEB1AEB1AEB1AEB12CB123B
:10BD6000AA0AEB120C132C130C130C130C130C1348
:10BD70000C13EB12EB12CB0A4C0B6D0B6C0B4B0B39
:10BD80006C0BAC138C0B4B034B038C0B8C0B6B03AE
:10BD90008C03AD0B8D0B6C036C0B8C138C0B6B0B32
:10BDA0006B0B8B136B134B136B1BAC236B234A1B5B
:10BDB0000A230A2B4B3BAC5BED6B0D744E7CED6B99
:10BDC000CD6BB1849084CD73CD734E84B0948F8C41
:10BDD0004E84ED73ED6B8B5BEA4A883A4832C6219C
:10BDE00085118609A609E709070A480A680AA90A07
:10BDF000CA0ACA0ACA020A0B2B132A13EA0A2B0B15
:10BE00006C134B13EA0A0A0B0A13E912C91A2B33F3
:10BE1000EE53B274F384D27CB27CB27CD284D384ED
:10BE2000F384F384148DF384148D148D148D148D88
:10BE3000148D148D348D5495358D348D358D769DBE
:10BE4000769D5695979D769D779D97A5B8A5F9AD5A
:10BE50003AB67BBE7BB61AAEF9ADB8A5569DD8AD45
:10BE60009CC6BCC67BBE7BBE3AB6D8A597A596A598
:10BE7000D294AD7B2B738B838A83AA8B2CA46CAC5E
:10BE8000ADBCEEC40ECD50CD71D5B2D5F3DD14DE10
:10BE900014DE35DE35E656E676EE96EE96EE76EE76
:10BEA00076E655E655E634DE14DE13DED3DDD2D574
:10BEB000F3D513DE14DE34DE14DE14DE34DE55E694
:10BEC00075E655E635E655E676E676E655E655E658
:10BED00055E655E655E675E676E675E675E675E6E9
:10BEE00055DE35DE55DE76E676E675E655DE55DE60
:10BEF00075E675E675E655DE75DE55DE55DE55DE12
:10BF000075E655E634DE34DE34E634DEF3D514DE91
:10BF100071C514D676E6B7E6D8EED8EED8EE19EFAE
:10BF200019EF3AEF19EF3AEFF9EEF8EEF8EEF8EE16
:10BF300019F719F719F719F719F73AF75AF75AF7DE
:10BF40005BF75BF77BFF7BFF9BFF7BFF7BF77BF761
:10BF50007BFF5BF75BF77BFF5BF75BFF5AFF3AFF0B
:10BF60003AFF3AFF39F719F7D8EED8EEB7EE55DEBB
:10BF700076E634DE71C530B50E8C0E8434A518B665
:10BF800019AEF9A53AAE3AB63AB619AE3AB67BBE94
:10BF90005AB69BBEF8ADB38430749184707C9084A3
:10BFA000908490846F844F846F84EE738C5B2B4BF2
:10BFB000A92A481A681289128A1A6912490A690A52
:10BFC0008A0ACA12EB12EB12CA12AA12AA12AA12F7
:10BFD000AA12AA12AA12AA12CB12EB1AEC1AEB128C
:10BFE000CB12EB12EB12CB12CB12EB12EB12EB12C9
:10BFF000CB0AEB12EB12CB126C0B8D138D134C0B87
:10C000006C0B8C138C0B4B034B038C0B8C0B6B034B
:10C010006C038C038C036C036C0B8C0B8C0B6B0B09
:10C020006B0B6B136B132B136C13AC1B6B1B4B1B2E
:10C030002A1B4A2B4B3BAC53ED6B4E7C6F840E742A
:10C040000E74D18CB08C4F84ED7BCC7B2E846F8CA6
:10C050006F840D74ED6B6B5BC9426832272AC61979
:10C0600085118509A609E709270A480A680AA90A65
:10C07000CA0ACA0ACA020B0B2B130A13EA0A2B0BB1
:10C080006C1B4C130A0B0A0BEA12E912EA1A2B2B4F
:10C09000CD4BB16CF384D284B27CD27CD284D28476
:10C0A000D384F384F384148D148D148D148D148D26
:10C0B000148D148D348D348D348D348D358D769D65
:10C0C000769D769D979D769D769D979DD8A519AE78
:10C0D0005AB67BB65AB63AAED9AD979DB8A55BBEF7
:10C0E000DCCEBCC6BCC69CC65AB63AB619AED8ADF4
:10C0F00075A5D3940F7C2B6B6A7B8A83AA8B2CA4A7
:10C100006CB46CB4CDC4EECC30CD51CD92CDB3D5A2
:10C11000F4D514DE14DE34DE35E655E655E655E694
:10C1200055E655E655E655E634E614DEF3DDD3D59F
:10C13000F3D513DE14DE34DE14DE34DE14DE35E631
:10C1400055E655E635E635E655E655E635E635E697
:10C1500035E655E655E655E675E675E675E675E6A7
:10C1600055E655DE55E676E676E676E676E676E65A
:10C1700075E675E675E675DE75E675E655DE55DE3F
:10C1800055E634E634DE34DE14DE13DED3D5D3D503
:10C1900071C514D696E6B7EEF8EED8EEF8EE39F79C
:10C1A00019EF19EF19EF19EFF9EEF8EEF8EEF8EED6
:10C1B00019F719F719F719F719F73AF75AF75AF75C
:10C1C0005AF75BF77BFF7BFF9BFF7BF77BF77BFFE0
:10C1D0007BFF7BFF7BFF7BFF5BFF5AFF3AFF3AF75A
:10C1E0003AFF39F719F719F7F8EED7EEB7E696E602
:10C1F00035DE92CD10BD8EA4CD83708C38BED8AD07
:10C20000D8A51AAE1AB6D9ADB8A53AB69CBE9BBE93
:10C210001AAE3AB6769D3174717C917C3074707C24
:10C22000917C9084708470842F7CCD6B6C5B2B43ED
:10C23000892A281A28124912490A690A690A8A129F
:10C24000AA12AA12CA12AA0ACA12AA12CA12CB1A8D
:10C25000CA12AA12AA128A12AA12CB1AEB1ACB126B
:10C26000CB12EB12EB12CB12CB12EB12EB12EB1246
:10C27000EB12EB12EB12CB124C0B8D138D136C0BDC
:10C280004B0B6C0B8C0B4B034B038C0B8C0B4B0332
:10C290006C038C036C034B036C038C0B8C0B6B0BD0
:10C2A0006B0B6C136B134B136C138C1B6B134B13BB
:10C2B0004A1B4B2B4B3B8B53CC6B4E848F842E7481
:10C2C0002E74D18CD18CB08C4F84ED7B2D7C8F8CD7
:10C2D0008F842E7C0D746B5BC9424732072AC619C6
:10C2E00085118509A609E709270A480A680AA90AE3
:10C2F000CA0ACA0ACA020B0B2B132B130B0B0B0B0C
:10C300006C134C130A0B0A0BEA0AE9120A1B2A2BBC
:10C310008C4370641385F384D284D384D384B27C39
:10C32000B27CD384F384148D148D148D148D148DEC
:10C33000148D148D148D148D348D358D3595769D19
:10C34000769D769D779D769D769D97A5F9AD3AB6BB
:10C350007BBE7BB65AB63AB6B8A5779D19B6DCCE89
:10C36000FCCEDCCEDCCEBCC67BBE5AB63AB619AE2D
:10C37000D7AD96A5F494EF7B2A6B4A738A838A8B98
:10C38000CAA32BB48CBCADC4EFC430C551CD92CD83
:10C39000D3D5F3D5F3DD13DE14E634E635E634DE2B
:10C3A00034DE34DE35DE55E635E634DE13DEF3D535
:10C3B000F3D5F3DD14DE14DE14DE14E614DE34DE11
:10C3C00055E655E635E635E655E655E635DE35DE25
:10C3D00035E635E655E655E655DE55DE55DE55E6DD
:10C3E00055E655E675E676E676E676E676E676E6B0
:10C3F00076E676E655E655DE55E655E635DE14DE9C
:10C4000014DE14E613DE13DEF3DDD3DDB2CD92CD00
:10C4100092CD35DE97E6D7EEF8EED8EEF9EE3AF7A4
:10C4200019EF19EF39EF19EFF9EEF8EEF8EE18F70A
:10C4300019F719F719F719F739F73AF75AFF5AFFA9
:10C440005AF75BF77BFF7BFF7BFF7BF77BFF7BFF75
:10C450009CFF7BFF7BFF7BFF5BFF5AF73AF73AF7C6
:10C4600039F719F7F8F6F8EEF8EEB7EE96E675DE5E
:10C47000F4D592C531C56EA4CD83919459C63DD7EC
:10C48000DDC63AAED9AD3AB63AB63AB619AE1AAE3C
:10C490005BB65AB6569531745274B37C727471742B
:10C4A0009274D27CD384D2849284F06B6E530C430A
:10C4B0008A2A6A1A6A1A8B1A8B128B128B128B12A7
:10C4C0008A0AAB12CB12CB12AA12AA12AA12AA1271
:10C4D000AA12AA128A12890AAA12CB12CB12CB1262
:10C4E000CB12EB12EB12CB12CB12CB12EB12CB1204
:10C4F000CB12EB12EB12CB124C0B8D13AD136C0B5A
:10C500004B0B6C0B8C0B6B0B4B038C0B6C0B4B03A7
:10C510006C038C036C034B036C038C0B8C0B6B0B4D
:10C520006B138C136C134B136C138C136B0B4B0B27
:10C530004A1B4B2B2B3B6B53AB6B2D7C6F842E74A8
:10C540000E74B084D18CD18C908C2E844E846E8CE1
:10C550004E7C0D740D746B5BC9422732E629A51918
:10C5600065118509A609E609070A480A680AA90AA1
:10C57000CA0ACA0ACA0A0B0B4B132B130B0B0B0B61
:10C580004C134B130A0B0A0BEA0AE9120A1B2B2B5A
:10C590004C3B50641385F384D384F384D384D384D5
:10C5A000B27CB27CF384F384F384148D148D148DE7
:10C5B000148DF384F384148D148D358D3595769D0B
:10C5C000969D969D779D769D769DB7A519AE5ABE90
:10C5D0007BBE7BBE5AB63AB697A5B7A59BC61DD7FC
:10C5E000FCD6FCD6DCCEBCC6BCC67BBE5AB619AEE9
:10C5F000D8ADD8ADB7A5349DEE7B6B734A73497B3C
:10C60000AA932BAC2BB46CBCCEBC0FC530C571C586
:10C61000B2CDD3D5D2D5F3DD13DE14E614E614DEA5
:10C6200014DE14DE34DE34DE14DE14DE13DEF3DD5D
:10C63000F3DD13DE13DE14DE14DE14DE14DE34DE6E
:10C6400035E655E635E635E655E655E655E655E672
:10C6500035E655E635E635E634DE34DE34DE34DE06
:10C6600055DE55E655DE55DE55DE55E675E675E6D2
:10C6700055E655DE55DE35DE55DE55DE14DEF3DDDE
:10C68000F3DD13DEF3DDF3DDD2D5D2D592CD31C5A6
:10C69000B2CD35DEB7EED7EEF8EED8EE19EF3AF7B9
:10C6A00019EF19EF19EF19EFF9EEF9EEF8EE18F7A7
:10C6B00019F719F719F739F73AF75AF75AFF5AFFE6
:10C6C0005AF75BF75BF77BFF7BF77BF77BFF7BFF23
:10C6D0007BFF7BFF7BFF7BFF5AF75AF73AF739F76F
:10C6E00039F719F7F8EEF8EE18F7B7E676E675DEE3
:10C6F00014DE92CD10BD2D9CED8B34AD1CDFDCCE55
:10C70000BCC69CBE5BBE7BBE3AB63AB61AAE3BAE6A
:10C710007CB65BAE168DB05BCC42AC3A6B2AAB32CA
:10C72000EC3AEC3ACC3AED42CC3A8B322A222A1A35
:10C730000A12E9090A120A0A2A0A4A0A4B0A4A0A8A
:10C740008B0ACC12EC12CB12AB12AB12AA12AA12A9
:10C750008A128A128A128A0AAA12CB12EB12CB12FE
:10C76000EB12EB12EB12CB12AB12CB12CB12CB12A1
:10C77000CB12CB12CB12CB122C0B6D138D134C0B97
:10C780004B0B6C0B8C136C0B4B038C0B6C0B4B031C
:10C790006C038C0B8C034B036C038C0B6C0B6B03CB
:10C7A0008B0B8C136C132B134C138C134B0B4B13E5
:10C7B0002A1B4B2B4A3B8C53EC6B4E7C8F844E7C5C
:10C7C0000E6CB084F294D18C6F840D7C0D7C0D7C4A
:10C7D000EC7BEC730D746B63A942272AE621A51943
:10C7E00065118509A509E609070A270A480A890A81
:10C7F000CA0ACA0ACA0A0B0B2B132B13EA0A0B0B21
:10C800004C132B130A0BEA0AEA0AC90A0A1B2A2349
:10C810004B332F5C137D1385F384F384F384D3842B
:10C82000D384D384D384F384F384F384148D148D5C
:10C83000148DF484F484F484148D35955695769D86
:10C84000969D979D779D769D779DD8AD3AB67BBE98
:10C850007BBE7BBE3AB6F9ADB7A539B61DD75DDF55
:10C860001DD73DDF1DD7FCCEDCCEDCC69BBE39B666
:10C8700019AEF8ADD8A5969D349D0F840A6B4B7BFD
:10C880008A8B698BCA9B2BAC8DB4CEBCEFBC30C5F8
:10C8900051C571CD91D5B2D5F3DDF3DDF3DD14DEF5
:10C8A00014DE14DE14DE14DE14DE13DE13DE14DEFA
:10C8B00014DE13DE14DE14DE14DE34DE34DE34DE89
:10C8C00034DE34DE35E635DE55E655E655E655E62A
:10C8D00055E655E635E634DE34DE35DE34DE34DE6C
:10C8E00035DE55E655E635DE35DE55DE55DE55DE00
:10C8F00055DE55DE55DE35DE34DE34DE14DEF3D5AE
:10C90000F3DDF3DDD2DDD2DDB2D5B2D571CD10BD10
:10C91000D3D555DEB7EED8EEF8EED8EEF9EE3AF70D
:10C9200019EF19EF19EF19EFF9EE18EF18F719F7DA
:10C9300019F719F739F73AF73AF75AF75AFF5AFF42
:10C940005BF75BF77BFF7BFF7BF77BF77BFF7BFF77
:10C950007BFF5BF75BFF7BFF5AF75AF73AF739F734
:10C9600019F718F7F8EEF8EED7EEB7E676E614D634
:10C97000D3D5B2CDCFB4CC93CD8B95B59ACE5EDF67
:10C980005FD73FD71ECF9CC69CC65BB65CB61BA6C6
:10C99000B674CE328911270127018909A9096801D6
:10C9A00068018801A90989096809680169018A0182
:10C9B000AA01AA01AA01CA01EB010B020B020A0299
:10C9C0002B026C0A8C12AC12AB12AB12AB1AAB126C
:10C9D0008B12AA12AA128A0AAA0ACB12EB12EB1223
:10C9E000EB12EB12EB12CB0ACB0ACB12EB12EB12CF
:10C9F000CB12CB12CB12CB0A2C036C0B6C0B2B0B78
:10CA00004B036C0B8C136C0B6B0B8C0B6C0B4B0379
:10CA10006C03AD0B8C034B034B036C0B6B034B0391
:10CA20008B0B8C136C132B134C136C134B0B4B1382
:10CA30002A1B4A2B4B3BCC5B2E7C6E84B08C8F7CAC
:10CA40002E74B1841295F1944E84CC73AB73CC7375
:10CA5000EC7BEC7BED738B63A842062AC52185191C
:10CA600064118511A509E609070A270A480A890AF7
:10CA7000C90AC90AC902EA0A0B0B0B0BEA0A0B0B1B
:10CA80004C134B130A0B0A0B0A0BC90A0A1B2B2364
:10CA90004B332F54137D3485F384F384F384F38470
:10CAA000F384F384F384F384F384F384148D148D7A
:10CAB000148D148D148D148D158D5595769D569568
:10CAC000769D979D779D779D97A519AE7BBE7BBE82
:10CAD0007BBE5AB619AEB8A5D8ADBBC63EDF3DD7B2
:10CAE0003DDF3EDF1DD7FDD6DCCEFDCEBCC67ABE17
:10CAF0003AB619AED8A5B7A596A513952F846C7331
:10CB00002A73297B8A8BCA9B4CAC8DB4CEBCEEBCFD
:10CB10000FC550CD70CD91D5B2D5D3DDF3DDF3DDAA
:10CB2000F4DD14DE14DE14DEF4DDF3D5F3DD14DE03
:10CB300034DE13DEF3D514D614DE34DE34DE14DE38
:10CB400014DE34DE35DE34DE34DE34DE34DE35E66B
:10CB500035E634DE34DE34DE34DE34DE34DE34DE3C
:10CB600034DE34DE35DE35DE55DE55DE55DE55DEAF
:10CB700055DE55DE55DE35DE34DE34DEF4DDF3DD44
:10CB8000F3DDD2DDB2D5B2D592D571CD50C530BD71
:10CB9000F4DD76E6B7EED7EEF8EEF8EEF9EE19EF43
:10CBA00019EF19EF19EF19EF18EF18EF18F719F738
:10CBB00019F719F73AF73AF75AF75AFF5AFF5AF79F
:10CBC0005BF75BFF7BFF7BFF7BF77BF77BFF7BFFED
:10CBD0005BF75BF75BF77BFF5AF75AF73AF739F7E2
:10CBE00019F718F7F8EED7EEB7E696E655DED3CD8F
:10CBF00092CD71C58EAC0C9CF1AC78D65DE71DD79B
:10CC00001ED73FD79FDF7FDF7CBEF68C704B2C2278
:10CC10008A094801690989098A0969018A01CA01E1
:10CC2000EB01CA01AB01CB01EC09EC09EC09EC0901
:10CC3000EC01EC01EC090C0A0C022C020C02EB01D9
:10CC4000EB010B022B024B0A6B128B12AB1AAC1AC4
:10CC5000CB1ACB1ACB12AA12AA0ACA0AEB120B13CE
:10CC60000B130B13EB12EB0ACB0AEB12EB12EB12CA
:10CC7000EB12CB0ACB0ACB0A2C034C0B4C0B2B032D
:10CC80004B038C0B8C136B0B6C0B8C0B6C0B4B03D7
:10CC90006C038C0B8C034B034B036B0B6B036B0311
:10CCA0008C13AC1B6C1B2B134C138C1B4B134B1397
:10CCB0002A1B4A2B6B43ED634E7C8F84B08C90848F
:10CCC0002F74907CF18CF1948F8CEC7BAB73EC7BAC
:10CCD0000C7CCC7BCC738B6BA84A062AA5218519CA
:10CCE00085118511A609E609070A470A680A890A13
:10CCF000CA0AC90AC902EA0A0B0B0A0BEA0A0B0B99
:10CD00006C134B130A0B0A0B0A0BC90AE9122A23EC
:10CD10004B330E54F274548D1385F384F384F384EF
:10CD2000F384148DF384F384F384148D148D148DA3
:10CD3000148D148D148D148D35955695769D569DB4
:10CD4000769D979D769D979DD8A539B67BBE9BBE57
:10CD50007ABE39B6F9ADD8AD5ABE1DD75EDF3EDF1B
:10CD60003EDF3ED71ED71ED7FDCEDDCEDCCEBCC605
:10CD70007BBE3AB61AAE19AE97A596A555A50F84F7
:10CD80004B734A7B49838A8BCA9B2BA48CB4ADB46A
:10CD9000EEBC0FC530CD50CD91D5B2D5D3D5D3D5BE
:10CDA000D3D5F3D5F3D5F3D5F3D5D3D5F3D5F3D583
:10CDB00013DEF3D5F3D5F3D514DE34DE34DE14DE22
:10CDC000F3D534DE54DE34DE14D634DE34DE34DE25
:10CDD00014DE14DE14DE34DE14DE14DE14DE34DE83
:10CDE00014DE14DE14DE35DE35DE35DE35DE35DE0E
:10CDF00035DE55DE35DE34DE14DE14DEF4DDF3DD43
:10CE0000D3DDB2D591D5B1D571D530C510C551C5D9
:10CE100035DE96E6B7EED7EEF8EE19EFF9EE19EF3C
:10CE200019EF19EFF8EE19EF18EF18EF19F719F7D6
:10CE300039F739F73AF75AFF5AFF5BFF5BFF5BFFA1
:10CE40007BFF7BFF7BFF7BFF7BF77BF77BFF7BFF22
:10CE50007BF75BF75BF75BF75AF75AF73AF719F787
:10CE600019F719F7F8EEB7E6D7EE76DE35DE55DEC0
:10CE7000D3CDEFB42CA42D9C12B558D6BBD6DCCEA6
:10CE80007CBEB9A533748C42A9212709E70029018A
:10CE9000AB098A01AA09EB11AB09CB090C0AEB011A
:10CEA000EC01EC01EC01CC01EC01EC01ED01ED0138
:10CEB000ED01EC01CD01CC01CC01EC010C020C0226
:10CEC0000C02EB01EB01EA012B0A2B0A6B128B120D
:10CED000AB12CB12CB1ACB12CA0AEA0AEB0A0B0B23
:10CEE000EB0AEB0AEB0AEB0AEB0AEB120B13EB0A69
:10CEF000EB0ACB0ACA0ACA0A2C0B4C0B4C0B2B03AD
:10CF00004B0B8C0B8C134B0B6C0B8C0B6C0B4B036C
:10CF10006C038C0B6C032B034B0B6B0B6B0B6B0BB6
:10CF2000AC13CD1B8C1B4C1B6C1B8D1B6C134B1340
:10CF30004A1B4A2B8B43ED5B4E7C8F8490846F7C25
:10CF40002E742F749084F1948F8C2D840C7CEC7B48
:10CF5000CB7B8A73AB738B6BA84AE629A52184111E
:10CF60008511A511A509E609070A270A680A890A91
:10CF7000CA0AC90AC90A0A0B2B132A13EA0A0B1395
:10CF80004C1B2B130A0B2A0B2A13C90AE9122A235A
:10CF90004B33EE4BF274548D148D148DF384F38463
:10CFA000F384148D148D148D148D148D148D148DA3
:10CFB000148D348D348D148D3595769D969D5695B2
:10CFC000769D979D769D979DD8AD39B67BBE9BBECD
:10CFD0005ABE39B63AB63ABEFDD67FE77FE77FDF65
:10CFE0005FDF3ED73ED75FDF3ED7FDCEFDCEDDCE45
:10CFF0009CC69BBE7BBE1AAEF9ADB8A5569D349DAE
:10D00000508C4B6B096B497B6983CA932BA46CB41E
:10D01000ADBCCEC40FC50FC550CD71CD92D5B2D524
:10D02000B2D5D2D5D3D5D3D5F3D5D2D5B2D5D2D5E5
:10D03000F3D5D3D5D3D5F3D513DE13DE14DE14DE4A
:10D04000F3D534DE55DE34DE14DE14DE34DE14DED9
:10D0500014DE14D614DE34DE14DE14DE14DE34DE08
:10D0600014DEF4D514DE35DE35DE35DE34DE14DED6
:10D0700014DE34DE14DE14DEF4D5F3D5D3DDD3DDD7
:10D08000B2DD91D571D591D550CDEFC4EFBC51C56E
:10D0900075E6B7EED8EED7EE19F719F7F9EEF9EE17
:10D0A00019EF19EFF9EE19EFF9EE18EF19F719F773
:10D0B00039F73AF73AF75AFF7BFF5BFF5BFF5BFFFD
:10D0C0007BFF7BFF7BFF7BFF7BFF7BFF7BFF7BFF90
:10D0D0007BFF7BF75BF75BF73AF73AF719F719F73E
:10D0E00019F719F7F8EEB7E696E676E634DE14D6C9
:10D0F00071C5EFB46DAC0C9CAC83EA620942C829DF
:10D100006819E6008400A5002809AA11EB11AB01FB
:10D11000EC09CC01AB01CB01CC09AB01EC01EC017A
:10D120000D020D020D02ED01ED010D020D020D02C9
:10D130000D020D020D020D020D020D020C020D0278
:10D140002D020C02EC010B02EB01EB012B024B0A4E
:10D150006B0A8B12CC1ACB12EB0AEB0AEB0AEB0A26
:10D16000EB0AEB0AEB0AEB0AEB0AEB0AEB12EB0A0F
:10D17000CA0ACA0ACA0AAA0A6C0B6C0B4B0B2B030D
:10D180004B0B8C136C132A034B0B6B0B4B0B4B038E
:10D190004B038C0B8C0B4C036C0B8C0B6B0B6B0BCA
:10D1A0008C13CD238C1B4B1B6C1BAD1B8C134B1397
:10D1B0004A1B4A2B6B3BCC5B2E7C6F846F846F7C4D
:10D1C0006F7C4F746F7CB084AF8C0D7C8B73AB73B2
:10D1D0008B736A6B6A6B4A63C94A2732A51984113B
:10D1E0008511A511A509E709270A270A480A890A0E
:10D1F000CA0AC90AC90AEA0A0A0B2B13EA120B1354
:10D200002B132B130A0B0A0B0A13E91209132A23F7
:10D210000A23CD43137D748D1485148D148DF384EE
:10D22000148D348D358D358D348D148D148D148D74
:10D23000358D358D148D148D35955595769D769D4E
:10D24000769D979D769DB7A5F9AD3AB65ABE7BBE41
:10D250005BBE3AB65BBEDCCE3EDF5EDF7FE77FE7DC
:10D260007FE75EDF5EDF5EDF3ED71DD7FDD6DDCE1A
:10D27000DCCEBCC67BBE5AB61AAEF9A5D8A5779D42
:10D28000359D71844C630A632A73698389932BAC3F
:10D290006CB46CB4CEBC0FC530CD30CD50CD71CD9B
:10D2A000B2D5B2D5B2CDD2D5D2D5D2D5D2D5D2D5AE
:10D2B000D2D5D3D5D3D5D3D5D3D513DE14DE13DE53
:10D2C000F3D513DE14DE14DE14DE13DEF3D514DE24
:10D2D00014DE14DE14DE14DE14DE14DE14DEF4DDDF
:10D2E00014DE14DE34DE34DE34DE34DE35DE35DEEC
:10D2F00034DE34DE34DE14DE13DED3D5D2D5D2D51F
:10D30000B2D591D571D550CD30C5EFBCCFB4D3D502
:10D3100076E6B7EEB7EEF8EE19F719F719F719F741
:10D3200019F719F7F9EEF8EEF8EE19EF19F739F7E2
:10D330003AF73AF73AF75AF75BFF7BF77BFF7BFF49
:10D340007BFF7BFF7BFF7BFF7BFF7BFF7BFF7BFF0D
:10D350007BF75BF75BF75BF73AF73AF739F739F7A3
:10D3600019F7F8EED8EEB7E676E655DE14DEF3D51B
:10D3700072CDCEB44DA44DA40D9485398310C5084B
:10D3800007112809681169118909AA09CB09CC017B
:10D39000CC01CC01CD01ED01ED01ED01ED01ED017F
:10D3A0000D020D020D020D020D020D020D020D0205
:10D3B0000D020D020D020D022D022D022D022D0275
:10D3C0000D020D020D02EC01EC01EC01EB01EB0191
:10D3D0002B0A8C12AC12CC12CB0ACA0ACB0ACB0A8B
:10D3E000CB0ACB0ACB0AEB0ACB0ACB0ACB0AEB124D
:10D3F000CB0ACB0ACA0ACA0A4B0B6C0B6C0B2B0369
:10D400002B0B6C138C134B0B6B0B6C0B6C0B4B03C0
:10D410004B036C0B6C034B036C0B8C0B6B0B6B0B90
:10D420008C13AD1B8C1B4B134B138C1B6C134A0BB7
:10D430002A132A234A33AC532E746E846F8490844B
:10D44000B084B07CD084D18CD0942E848B73296B23
:10D45000096B29634A6B2A63C94A2732A5218519BA
:10D46000A511A511A509E709270A270A4802890A73
:10D47000C90AC90AC90AE90A2B132B13EB120B13A9
:10D480002B1B2B130A0B0A0BEA12C912E91A2A23C7
:10D490000A23AD43F274748D148D148D148D148D84
:10D4A000148D358D559555955595358D358D148D36
:10D4B000358D358D148D148D35955695769D769DCB
:10D4C000769DB7A5979DD8A519B65AB67BBE7BBEEB
:10D4D0005BBE7BBEBCC63ED77EE77EE77EE77FE7CE
:10D4E0007FE77EDF5EDF7EDF5EDF3ED71DD7FDCECE
:10D4F000DCCEBCCE7BC65BBE3AAE3BAE1AA6B89DB8
:10D50000779D3595517C6D6B0A6B4A7B698BA99B26
:10D510000AA44BAC8DB4AEB4CEBCEFC40FC530C5BD
:10D5200071CD91CD91CDB1D5B1D5B1D5B2D5D2D541
:10D53000D2D5D3D5D3D5D3D5D3D5F3D513DEF3D523
:10D54000F3D5F3DD13DE13DE14DE13DE13DE13DE9C
:10D5500014DEF3D5F3D5F4DDF4DDF4DDF3D5F4D545
:10D56000F4DD14DE34DE34DE14DE34DE34DE34DEAC
:10D5700014DE14D614D6F3D5F3D5D2D5B2D5B2D5A0
:10D5800091D571D550CD30CD0FC5EFBC10BD14D69F
:10D5900096E6B7EEB7EEF8EEF9EE19F7F9F6F9F60A
:10D5A00019F719F719EF19EF19EF19F719F739F7F3
:10D5B0003AF73AF73AF75AF77BF77BF77BFF7BFFAF
:10D5C0007BFF7BFF7BFF7BFF7BFF7BFF7BFF7BFF8B
:10D5D0007BF75BF75BF75AF73AF73AF739F719F742
:10D5E000F8EED8EED7EE96E676E655DE13D6B2CD57
:10D5F00051C5AEB44CA46DA46F9C48524521261170
:10D600002711481189118909AA09AB01CC01CC0164
:10D61000CD01CD01ED01ED01ED01ED010D020D0298
:10D620000D020D020D020D020D020D020C020D0283
:10D630000C020D020D020D022D022D020D020D0233
:10D640000D020D020D020D02ED010D020C02EC01A6
:10D650000B024B0A8C12AC12CB12EB12CB12CB0A80
:10D66000CB0ACB0ACB0AEB12CB0ACB0ACB0AEB12C2
:10D67000CB0ACB0AEB12EB122B036C0B6C0B4B0B94
:10D680004B0B6C0B6C134B0B6B0B8C138C0B4B0BF6
:10D690004B036C0B4C032B034B0B6C0B6B0B4B0BAF
:10D6A0006B138C1B6C1B2B134B138C1B8C134A0B97
:10D6B0002A1329232A338B530D746F84908CB084E2
:10D6C000D184D184D18CF18CF1946F8C8B6BE85A1E
:10D6D000C85AC85A095B0A5BA942072AC521A5197D
:10D6E000A511A511A509E609070A270A4802890A12
:10D6F000A90AC90AC90AEA0A2A132A13EA120B1349
:10D700002B1B2B13EA0AC90AE912C912E91A2A23A8
:10D710000A238C43F37C7595348D348D148D148DD0
:10D72000348D5595769555955595358D358D358D29
:10D73000358D358D358D358D3595569D769D769DFE
:10D74000779DB7A5B8A5F8AD5AB67BBE7BBE7BBEAC
:10D750007BBEBCC61DD77FDF9FE77FE77EE79FE7E5
:10D760009FE77FE77FE77FE77EDF5EDF3ED71DD75E
:10D77000FDD6DCCEBCC69BBE7BB65BB63AAE1AAE5F
:10D78000B89D979D359D928C4C6BE96A097B698B9E
:10D790008993CA9B2CA46DACAEBCCEBCEEBC0FC5AD
:10D7A00030C550CD50CD71CD91CD91CDB2D5B2D542
:10D7B000B2D5D2D5D2D5D2D5D2D5F3D5F3D5D3D50E
:10D7C000D3D5F3D5F3D5F3D5F3DDF3DDF3DDF3DD19
:10D7D000F3D5F3D5F3D5F3D5D3D5D3D5F3D5F3D549
:10D7E000F3D514DE14DE34DE14DE34DE34DE34DE53
:10D7F00014D6F4D5F3D5D3D5D2D5B2D5B2D591CDF3
:10D8000070CD50CD30CD0FC5EFBCEFBC51C555E646
:10D8100096EEB7EED7EEF8EE19F719F719F7F9F615
:10D8200019F719F719F719F719F719F739F739F738
:10D830003AF73AF75AF75BF77BF77BFF7BFF7BFF03
:10D840007BFF7BFF7BFF7BFF7BFF7BFF7BFF5BF730
:10D850005BF75AF75AF73AF73AF739F739F719F702
:10D86000D8EEB7EEB7EE96E655DE55DEF3D592CD9F
:10D8700050C58EB42CA46DA48FA448522521261126
:10D88000481148096909A909CB09CB01CC01ED016F
:10D89000ED09ED01ED01ED010D020D020D020D028C
:10D8A0000D020D020D020D020D020D020D020D0200
:10D8B0000D020D020D020D022D020D020D020D02D0
:10D8C0000D020D020D020D020D020D020D020C02E1
:10D8D000EB010B024B0A8B0ACC12EC12EC12CB12AE
:10D8E000AB0ACB0ACB0AEB12CB0AAA0ACB0ACB0AA9
:10D8F000CB0ACB0ACB12CB0A4B036C0B6C0B4B0B3A
:10D900004B0B6C0B6B0B2B0B4B0B6B0B6C0B4B0B05
:10D910004B036C0B6C0B6C0B4B0B8C0B6B0B4B0B9B
:10D920004B0B8C1B4B1B2B134B138C1B6C134B1374
:10D930004A1B2A232A334A4BCC6B6E84D08CD08C62
:10D94000D084D184D18CF18C119D8F8C8B73E95A4A
:10D95000C85AE95A095B0A5BA842062AC621A519DA
:10D960008511A509A609E609070A270A4802680AD7
:10D97000A90AA902C90AEA0A0A0B0A0BEA120B133E
:10D980002C1B2B13EA0AE90AEA12C912E9120A232C
:10D99000EA228C43F37C9595358D358D148D148D4D
:10D9A000358D759576957695769555955595358DF4
:10D9B000358D358D358D358D3595769D769D769D5C
:10D9C000979DB7A5D8A5F9AD5ABE7BBE9BBE9BBEA1
:10D9D0009CC6FDCE5EDF7FE77FE77EE77EE79FEFB9
:10D9E000BFEF9FEF9FE79FE77EE77EDF5EDF3ED7DB
:10D9F0001DD71DD7FCCEDCCEBCC67BBE5BB65BB6EE
:10DA0000D9A5979D97A576A530846C6B096B097392
:10DA100069838A8BAA930CA44CAC8DB4AEBCCEBCEB
:10DA2000EEBC0FC50FC530C551CD71CD91CD91CD97
:10DA3000B2CDB2CDB2CDB2CDB2CDD2D5B2D5B2D5B6
:10DA4000D2D5D2D5D3D5D2D5D2D5D3D5F3D5D3D57A
:10DA5000D3D5D3D5F3D5F3D5D3D5D3D5D3D5D3D546
:10DA6000D3D5F3D514D614DE14DE34DE34DE34DE42
:10DA700014DEF4D5F4D5F3D5D2D5B2D591D571CD88
:10DA800050CD50CD2FC5EFBCAEB4CFBC92CD76E615
:10DA9000B7EEB7EEF8EEF8F619F719F719F7F9F649
:10DAA00019F719EF19F739F739F739F739F739F75E
:10DAB0003AF75AF75BF75BFF7BFF7BFF7BFF7BFF50
:10DAC0007BFF7BFF7BFF7BFF7BFF5BF75BF75BF7FE
:10DAD0005AF75AF73AF73AF719F719F719F7F9EE2B
:10DAE000D8EEB7EEB7EE96E635DE34DED3D591CD7F
:10DAF00030C58EB42CA44DA46F9C274A041926115E
:10DB0000681148096909AA09EB09CB01EC01ED018B
:10DB10000D02ED01ED010D020D020D020D020D02CF
:10DB20000D020D020D020D020D020D020D020D027D
:10DB30000D020D020D020D022D022D020D020D022D
:10DB40000D020D020D020D020D022D022D020C021E
:10DB5000EB01EB010B022B028B0ACB12EC1ACB125E
:10DB6000AB12CB0ACB12EB12CA0AAA0AAA0ACB0A38
:10DB7000AA0AAA0AAB0AAA0A4B0B6C0B6C0B2B0362
:10DB80004B0B8C136C132A034B0B6B0B6C0B4B0B5B
:10DB90004B036C0B8C0B6C0B4B0B8C0B6C0B4B0BF8
:10DBA0006B138C1B6C1B2B134B136C136B134B0BDA
:10DBB0006B1B4A230A2B0A438B634E84D08CD08C78
:10DBC000B084B084F18C1195F1944E848B6B2A63F0
:10DBD0002A630A630A5B4B63A942062AC521A51979
:10DBE00085118509C609E609070A270A480288023D
:10DBF000A90AA902C90AEA0A0A0B0A13EA120B1BAC
:10DC00004C1B2B1B0A130A130A13E912E91A0A23E5
:10DC1000EA228D43137D96955595358D358D148D5E
:10DC2000358D7695969D7695769555955595359540
:10DC3000358D358D158D358D5595769D769D769DD9
:10DC4000979DB7A5F8AD19AE7BBE7BBE7BBE9CC6CB
:10DC5000DDCE3ED77FE77FE77FE77EE77FE79FEF79
:10DC6000BFEFBFEF9FEF9FEF7FE77EE75EDF5EDFF7
:10DC70003EDF3DD71DD7FDCEBCC6BCC67BBE5BB666
:10DC80001AAED9A5D8A597A5359D928C8D73C9627A
:10DC900009736A834983AA93EA9B2BA46CAC8CB466
:10DCA000ADBCCDBCCEC4EFC430C550C571CD91CD97
:10DCB00091CD91CDB1CDB1CDB1CD91CD92CDB2CDF2
:10DCC000B2D5B2D5B2D5B2D5B2D5D2D5D3D5B2D5DB
:10DCD000B2CDB2D5D2D5B2D5D3D5D3D5D2D5D2D572
:10DCE000B3D5D3D5F3D5F3D514DE14DE34DE34DE6C
:10DCF00014D6F3D5F3D5F3D5D2D5B1D591CD71CD19
:10DD000050CD50CD10C5EFBCAEB40FBDF3D596E6E7
:10DD1000B7EED7EEF8EE18F719F719F719F7F9F685
:10DD200019EF19EF19EF19F739F739F739F739F70B
:10DD30003AF75AF75BF77BFF7BFF7BFF7BFF7BFFAD
:10DD40007BFF7BFF7BFF7BFF5BF75BF75BF75BF7A3
:10DD50005AF75AF73AF73AF719F719F719F7F8EEA9
:10DD6000D8EEB7EE97E696E655DE34D6B2CD71C55D
:10DD700010BD8EB44CA46EAC2E9C274A4621471190
:10DD800048116909AA09CA09EB01EC01EC01ED018E
:10DD90000D02ED010D020D020D020D020D020D022C
:10DDA0000D020D020D020D020D020D020D022D02DB
:10DDB0000D020D022D020D022D020D020D020D02AB
:10DDC0000D020D020D020D022D020D020D020D02BB
:10DDD0000C02EB01EB01EA012A028B12CC1ACB12E6
:10DDE000CB12CB12EB12EB12CB0AAA0ACA0ACA0A4E
:10DDF000AB0ACB0AAB12AB0A4B0B4C0B4B0B2B03F6
:10DE00004B0BAD138C132B0B4B0B6C0B6C0B4B0B8D
:10DE10004B0B6C0B6C0B4B034B036C0B6B0B2A0308
:10DE20004B0B6C1B4C1B2B134C138C136B134B1396
:10DE30006B1B4B2B2A332A43AC636E84D08CB08C83
:10DE400090848F7CD084F18C8F8CCC734A632A634E
:10DE50002A630A63EA5A4B63A942062AC521A51917
:10DE600085118509A609E709070A27024802890AD8
:10DE7000A90AA902C90AEA0A0A0B0A130B132B1BE7
:10DE80004C1B2B1BEA120A130A1BE912EA1A0A237B
:10DE9000EA2AAD4B1385969555955595358D358D5B
:10DEA00055957695969D7695769555955695569574
:10DEB0005595358D158D158D5595769D769D769D4F
:10DEC000979D979DF9AD3AB67BBE9BBE9CC6DCCEB6
:10DED0003ED79FE7BFE79FE77FE77FEF9FEF9FEF8B
:10DEE0009FEF9FEF9FEF9FEF9FE77FE77EE75EDF6C
:10DEF0003EDF3ED71DD7FDCEDCCEDDCE9CC67BBE41
:10DF00007BB63AAEF9A5D8A597A5359571846D6B0A
:10DF1000C962E96A297B4983898BCA9B2BA44BACD4
:10DF20006CB48CBCADBCCEC40FC510C550C550C5BB
:10DF300070C570CD90CD91CD91CD91CD91CD91CD3C
:10DF400092CD92CD92CD92CDB2D5B2D5B2D5B2CD41
:10DF5000B2CDB2D5B2D5B2D5D2D5B2D5D2D5B2CD59
:10DF6000B2CDD3D5D3D5F3D514D614DE14DE14DE5A
:10DF7000F3D5F3D5F3D5D2D5B2D591CD70CD70CD43
:10DF800050CD30C50FC5EFBCCEB450C534DE96E6DB
:10DF9000B7E6D7EEF8EE18F719F719F7F9F6F9EE34
:10DFA00019EF19F719F739F739F739F739F739F759
:10DFB0005AF75AF77BF77BFF7BFF7BFF7BFF7BFFEB
:10DFC0007BFF7BFF7BFF7BFF7BFF7BFF7BF75BF7B1
:10DFD0005AF75AF73AF73AF719F719EF19F7F8EE2F
:10DFE000D7EEB7E696E676E634DE14D6B2CD71C546
:10DFF0000FBD8EB44DAC6DA40D94E64105194711CB
:10E0000069118A09AA09CB01EB01EC010D020D028D
:10E01000ED01ED010D020D020D020D020D020D02CA
:10E020000D020D020D020D020D020D020D022D0258
:10E030002D022D022D020D022D022D020D020D02C8
:10E040000D020D020D020D020D020D020D020D0258
:10E050000C020C02EB01CA01E9012A0A8B12AB1275
:10E06000AB12CB12EB12CB12CB0AAA0ACA0ACB0A0A
:10E07000CB0ACB0ACB12CB122B034C0B4B0B2B0333
:10E080004B0B8C138C134B0B6C0B6C0B6C0B4B0BEB
:10E090006B0B8C0B6C0B4B034B036C0B6B0B2A0346
:10E0A0004B0B6C1B4C1B0B134C138C136C136B1313
:10E0B0006B1B6B2B4B3B6B4BED6B6F84B08CB0844D
:10E0C00090849084D084F18C6F848B6B29632A6355
:10E0D0000A63E95AC95A2B63A942062AC621A5191F
:10E0E00085118509A609E709070A27024802890A56
:10E0F000C90AC90ACA0AEA0A0A0B0A130A130B1345
:10E100002B1BEA12A90AC90A0A13E9120A1B2A2BB5
:10E110000B33CE5334859695769576955595358DFA
:10E120005595769D969D769D7695569576957695A0
:10E1300056953595158D358D5695769D979D769589
:10E14000979DB7A519B65AB69CC6BCC6DDCEFDCE06
:10E150007FDFBFE7BFEFBFEF9FEF9FEF9FEF9FEF27
:10E160009FEF9FEFBFEFBFEF9FEF9FEF7FE77EE750
:10E170005EDF5EDF3ED71ED71DD7FDD6DDCEBCBE2F
:10E180009CBE5BB6FAAD1AAED8A5569D3595B28C3D
:10E190006D6BC9620973097B4983898BCA9B0AA489
:10E1A0002BAC4BB46CB4ADBCCEBCEEBC0FBD2FC51C
:10E1B00030C530C550C570CD70CD70CD70CD71CD2E
:10E1C00071CD71CD71CD91CD91CD91CD91CD91CDBF
:10E1D00092D5B2D5B2CDB2CD92CDB2CDB2CDB2D56F
:10E1E000D3D5F3D5F3D5F3D5F3D5F3D514DE14DEBB
:10E1F000F3D5F3D5D3D5D2D5B1D571CD70CD70CD02
:10E2000030C50FC5EFBCCFB4EFB492CD96E6B6E6FD
:10E21000B7EED8EEF8EE19F719F719F719F7F9F67E
:10E220001AF71AF719F73AF739F739F75AF75AF789
:10E230005AF75AF77BF77BFF7BF77BF77BFF7BFF78
:10E240007BFF7BFF7BFF7BFF7BFF7BFF7BF75BF72E
:10E250003AF73AF739F719EFF9EEF8EEF8EED8EEAB
:10E26000B7E697E696E675E634DE13D6D2D591CDBD
:10E270000FBD8DAC4DAC4DA4CD8B6531C410481194
:10E2800089118A09CB09CB01EC010C020D020D02A8
:10E29000ED010D020D020D020D020D020D020D0227
:10E2A0000D022D022D022D020D020D020D022E0275
:10E2B0000D020D020D020D020D020D020D020D02E6
:10E2C0000D020D020D020D020D020D020D020D02D6
:10E2D0000D020D020C02EB01CA010A022A0A6B0AA6
:10E2E000AB12CB12CB12CB0ACA0AAA0AAA0ACA0AD2
:10E2F000AA0ACA12CB12CB124B0B6C0B6C0B2B0362
:10E300002B036C0B6C134B0B6C0B6C0B4B0B4B0BF9
:10E310006C0B8C138C0B4B036C0B8C138C0B4B0BFF
:10E320006B138C1B6C1B2B134B138C136C134B0B31
:10E330004A1B4A236B3BAC53ED6B6F8490849084F3
:10E34000B084D184119512956F848B6B4A634A63B4
:10E350002A63E95AE95A2B63A942062AE621C6191B
:10E3600085118509A609E709070A27024802890AD3
:10E37000C90AC90AC90AEA0A0A130A0BEA0A0B13EC
:10E380000B13CA0A8802A80AE912E9120A234B2BC6
:10E390004B330F5C558D969596957695569535959C
:10E3A0005695969D979D969D7695569576957695DC
:10E3B00056955595358D358D5695979D979D7695A6
:10E3C000979DB8A53AB67BBEBCC6FDCE1ED73ED73C
:10E3D0009FE7BFE79FE79FEF7FE79FEFBFEFBFEFAD
:10E3E000BFEFBFEFBFF7DFF7BFEFBFEF9FE79FE7DD
:10E3F0007FDF7FDF5FDF3ED71DD7FDD6FDCEBDC6F9
:10E400009CBE7BBE3AB6F9ADF9ADF9AD779D3595B9
:10E41000928C4C6BA962C86A0973297B698BAA9B91
:10E42000EAA30AAC2BB46BB48CB4ADBCEEBCEEBCAE
:10E43000EFBC0FBD0FC52FC550C530C550C550CD61
:10E4400050CD50CD50CD71CD71CD51CD51CD71CD7F
:10E4500091CD91CD91CD91CD71CD71CD91CDB2D5E3
:10E46000D3D5F3D5F3D5F3D5F3D5F3D5F3D514D66A
:10E47000F3D5F3D5D3D5D2D5B2D571CD70CD70CD7E
:10E4800030C5EFBCCEB4CFB40FBDD3D5D7EEB7E611
:10E49000D7EEF8EE19F719F739F739F719F719F731
:10E4A0003AF73AF739F73AF739F75AF75AF75AF786
:10E4B0005AF75AF77BF77BFF7BF77BF77BFF7BFFF6
:10E4C0007BFF7BFF7BFF7BFF7BFF7BFF5BF75AF7CD
:10E4D0003AF719EF19EFF8EED8EED8EED8EEB7E626
:10E4E00096E696E676E675E655DE13D6D2D571C584
:10E4F000CFB46DAC6DAC6EACAC83853105118811B9
:10E500008A09AB09EB09CB01EC010D020D020D02EA
:10E51000ED010D020D020D020D020D020D020D02A4
:10E520002D022D022D022D020D020D020D022E02D2
:10E530000D020D020D020D020D020D020D020D0263
:10E540000D020D020D020D020D020D020D02ED0174
:10E55000ED010D020D020C02CB01EA010A0A4B0A81
:10E560008B12CC12CB12AA0AAA0AAA0AAA0ACA12A7
:10E57000AA0AAA0ACB12CB124B0B4C0B2B032B0370
:10E580002B036C0B6C0B4B0B2B036C0B6C0B4B0BA7
:10E590006B0B8C138C0B6C0B4B0B6C0B4B032A0310
:10E5A0004B0B8C1B6C1B2B134C138C136B0B4A0BE0
:10E5B0004B1B4B238C3BED5B0D6C4F7C9084B084EC
:10E5C000B084D184118DF18C8F840D7C8B6B296389
:10E5D0000963E95AA85A0A5BA94A272AC521A5193D
:10E5E0008511A609A609C609E709270A480A880A63
:10E5F000890AA902A902EA0A0A0BEA0AEA0AEA1245
:10E600000B13CA12880AA80A2A1B0A1B0A1B0A2310
:10E610002B330F5C558DB79D9695769556955695EF
:10E620007695979D979D979D769576955695769537
:10E63000569556957695569556957795979D979DAF
:10E64000979DF8AD5BBEBCC61DD7FDD61DD77FE735
:10E650009FE79FE7BFEFBFEF9FEF9FEFBFEFBFEFDA
:10E66000BFEFBFEFBFEFBFEFBFEFBFE79FE79FE792
:10E670007FDF5FDF5ED73ED73ED71ED7FDCEDDC63C
:10E68000BCC67BBE5BBE3AB6F9ADD9ADB89D979D11
:10E69000569D928C8D73885AC862E872C7724883FF
:10E6A0006893C9A3C9A3E9A36BB48CB46CAC8DB453
:10E6B0000FC5CEBCEEC40FC52FC530C550CD50CD53
:10E6C00050CD50CD50CD50CD51CD50CD50CD50CD61
:10E6D00050CD70CD71CD71CD71CD71C571CD91CD54
:10E6E000B2CDD2D5D3D5D3D5D3D5D3D5D3D5D3D514
:10E6F000D3D5D3D5B2CD92CD91CD71CD51CD30CD35
:10E7000010C5EFBCAEB4AEB451C534DED7EED7EE13
:10E71000D8EEF8EEF9EE39F719F719F739F739F7B6
:10E720003AF73AF73AF73AF739F739F759F75AF724
:10E730005AF75AF75BF75BF77BF77BF77BF77BF7CB
:10E740007BF77BF77BFF7BFF7BFF7BF75BF75AF762
:10E750003AF719EF19EFF8EEF8EED8EED7EEB7E684
:10E7600097E676DE75DE75DE55DEF3D5B2CD50C5A3
:10E770000FBD8EB44DAC8EAC2A730421461989119D
:10E78000AA09CB09CB01EC01CC01ED01ED01ED01B2
:10E79000ED010D020D020D020D020D022D022D02E2
:10E7A0000D022D022D022D022E020D020D020D0270
:10E7B0000D020D020D020D020D020D020D020D02E1
:10E7C0000D020D020D020D020D020D020D02ED01F2
:10E7D000ED01ED01ED01EC01EB01CB01CA01EA0114
:10E7E0002B0A8B12CC12CB12AA0AAA0AAA12AA12BC
:10E7F000AA0AAA12AA12AA122B034B0B4B0B2B0329
:10E800002B034B0B4B0B2B0B2B036C0B6C0B2B03AE
:10E810004B0B6C0B6C0B4B034B0B6C0B4B0B2B0315
:10E820004B0B8C1B6C1B2B134C138C136B0B4A0B5D
:10E830004B1B4B236C3BCD530E6C4F7C707CB084D8
:10E84000B084B084D18CB084B08C4E846B6BA852F1
:10E85000A85AA85A8852C95A8842062AA521A51939
:10E860008511A611A609E709070A270A47026802C7
:10E87000890AA90ACA0AEA0A0B130A0BCA0AEA1287
:10E880000B13C912880A880A0A1B0A1B0A230A2BBF
:10E890002C3B3064758DD79DB79D979D7695569589
:10E8A0007695979D979D979D769576957695769595
:10E8B00056955695769556955695979D979D979D05
:10E8C000B8A53AB6BCC6DDCE1DD71DD73EDF9FE743
:10E8D0009FE79FE7BFEFBFEF9FEF9FEFBFEFBFEF58
:10E8E000BFEFDFEFBFEFBFEF9FE77FDF5EDF3ED71A
:10E8F0001DCFFDCE1DCF1ED71DCF1DCFFDCEDDC63A
:10E90000BCC69CC67BC65ABE3AB61AB6D9A5779D78
:10E91000779D569D918C6C6BC962885AE86A087B1A
:10E9200007838893A89BC9A30AA42BAC4BAC6CACFF
:10E93000CEBCADB4AEBCCEBCEEBCEFBC0FC52FC5DB
:10E940000FC52FC50FC530C530CD30C530C550C53A
:10E9500050CD50CD50CD70CD71CD71CD91CD92CDEA
:10E96000B2CDB2CDB2CDB2CDD3D5B3D5B3D5D3D54B
:10E97000D3D5B2CD92CD92CD71CD70CD30C530C54D
:10E9800010C5CFB4AEB4EFB4B2CD55DED7E6D7E6FE
:10E99000F8EEF8EEF9EE19F719F739F739F73AF713
:10E9A0003AF73AF73AF73AF75AF75AF75AF75AF75F
:10E9B0005AF75AF77BF77BF77BF77BF77BF77BF709
:10E9C0007BF77BF77BFF7BFF7BF75BF75AF73AF729
:10E9D00039F719EFF8EEF8EED8E6D8E6B7E6B7E67D
:10E9E00096E675DE55DE55DE34DEF3D5B2CD51C583
:10E9F00010BD8EAC4DA46EA4E96A0421471989119B
:10EA0000AA09CB01CB01EC01EC010D020D020D02B4
:10EA10000D020D020D020D020D022D022D020D023E
:10EA20000D022D022D022D022E020D020D020D02ED
:10EA30000D020D020D020D020D020D020D020D025E
:10EA40000D020D020D020D020D020D020D020D024E
:10EA5000ED01ED01ED01ED01EC01CB01CB01EB018D
:10EA60000A022B0A8B12AB12AB12AB12AA12AA1219
:10EA7000AA12AA12AA12AA122B034B034C0B2B03A5
:10EA80002B032B034B0B2B032B036C0B4B0B2B037D
:10EA90004B036C0B6B0B2B032B034B0B4B0B2B0305
:10EAA0004B0B6C134B132B0B4C136C136B0B2A0B74
:10EAB0002A134A236B3BCD532E6C2F74707CB18488
:10EAC000B1849084B084B08CD0948F8CAC73A752F6
:10EAD000264A464A6752C9526842E629A521A51925
:10EAE0008611A611A609C609070A270A480A680A54
:10EAF000A90AA90AAA0ACA0A2B130A13C90ACA0A26
:10EB0000EA12C912880A880A0A130913EA1A0A2B98
:10EB10004C3B716C9695D79DB79D979D7795769553
:10EB20007795979D979D979D77957795769576950F
:10EB300056955695979D76957695979D979D979D19
:10EB4000D9A57BBEFDCE1DD71DD73EDF7FE7BFEF2A
:10EB5000BFEF9FEFBFEFBFEF9FEFBFEFBFEFBFEF85
:10EB6000BFEF9FE73ED7DCCE7BBE3AB63AB63AB6A9
:10EB70005AB65BBE7BBE9BBE9CBE9CBEBCBEBCC62A
:10EB8000BCC69BC67BC65ABE3AB63AB6F9ADB89D6E
:10EB9000B8A5B7A5359DB28C8D73A95AA862C86A6D
:10EBA000C772077B278B8893A893C99BEAA32BACDA
:10EBB0006CB46CB48DBC8DBCAEBCCEBCCEBCEEBC5B
:10EBC000EFC4EFC4EFC40FC50FC530C530CD50CD75
:10EBD00050CD50CD50CD50C570CD91CD92CD92CD70
:10EBE00092CD92CD92CD92CDB2CDB2CDB2CDB2CDAD
:10EBF000B2D592CD92CD91CD71CD30CD10C510C58D
:10EC0000EFBCAEB4AFB431BD34DE96E6D7EED8EE8D
:10EC1000F8EE19EF19EF19EF19EF19EF39F73AF785
:10EC20003AF73AF75AF75AF75AF75AF75AF75AF79C
:10EC30005AF77AF77BFF7BFF7BF77BF77BF77BF756
:10EC40007BF77BF77BFF5BF75BF75BF75AF73AF7EE
:10EC500039F719EFF8EEF8EED8E6D7E6B7E697E61B
:10EC600076E655DE55DE55DE34D6F3D5D2CD92C5E7
:10EC700010BD8EAC2DA44EA4685A041947198911F1
:10EC8000AA09CC01EC01EC010C020D020D020D02EF
:10EC90000D020D020D022D022D022D022D020D027C
:10ECA0000D022D022D022D020D020D020D020D028C
:10ECB0000D020D020D020D020D020D020D020D02DC
:10ECC0000D020D020D02ED010D020D020D020D02ED
:10ECD0000D020D020D02ED01EC01EC01EC01EB0166
:10ECE000CA01EA012A026A0A8B12AB12CA12AA12DC
:10ECF000AA128A12AA12AA120A034B036C0B4B0324
:10ED00002B032B032B032B032B036C0B4B0B2B0322
:10ED10004B0B6C0B6C0B4B034B0B6C0B4B0B4B0BE8
:10ED20004B0B8C134B132B0B2B0B6C134B0B2A0B1A
:10ED30002A134A238C3BED530E6C2F749084B084BD
:10ED400090849084B08CF194B08C4E84EC7BE85A23
:10ED5000054226428852C95A8842062AA5218519A9
:10ED6000861186118609C609070A270A680A880AD1
:10ED7000A90AA90AA90AC90A2B13EA0AC90AC90ACF
:10ED8000EA12C912880A880A0A13E912E91A0A2B38
:10ED90006D43916CB695D79DB89DB79D979D77951E
:10EDA000979D979D979D979D979D979D7795569534
:10EDB00056957795B79D979D7695979D979DB8A504
:10EDC0001AB6BCC6FDCE1DD71ED75EDF7FE7BFEFEC
:10EDD0009FEF9FEF9FEF9FEF9FEFBFEFBFEF9FE78B
:10EDE0005FDFDDCE3AB698A53695F58C158D369554
:10EDF0005795779D979DB89DF9A5F9AD1AAE3AB68E
:10EE00005AB65ABE5ABE5ABE3AB61AAE19AEF9A58D
:10EE1000B8A577955695559DB38CAE73A95A885A67
:10EE2000A862866AC7722783488B6893A99BEA9B6E
:10EE3000EBA30BAC4CB44CB46DB48DB4ADB4AEBC60
:10EE4000CEBCCEBCEFC4EFC40FC50FC50FC530C5D7
:10EE500030CD50CD50CD30C550CD91CD91CD71CD6F
:10EE600071CD91CD92CD72CD92CD92CD92CD92CDEC
:10EE700092CD92CD72CD71CD51CD30C5EFC4EFBCE6
:10EE8000CFBC8EB4CFB492CD96E6B7E6D8EEF8EE0E
:10EE900019EF19EF19EF39F719EF19EF39F73AF7B9
:10EEA0003AF75AF75AF75AF75AF75AF75AF75AF7FA
:10EEB0005AF77AF77BFF7BFF7BF77BF77BF77BF7D4
:10EEC0007BF77BF77BFF5BF75BF75AF75AF73AF76D
:10EED00039F719EFF8EEF8EED7E6D7E697E696E6BB
:10EEE00076DE55DE55DE34DE14D6F3D5D2CD92C5AE
:10EEF00010BD8EAC2DA40D9CE749051948118A0957
:10EF0000AB09EC01EC01EC01EC010D020D020D026C
:10EF10000D02ED010D022D022D022D020D020D023A
:10EF20000D020D022D020D020D020D020D020D0249
:10EF30000D020D020D020D020D020D02ED01ED019B
:10EF40000C020D020D020D020D020D022E020D0229
:10EF50000D020D020D020D02EC01EC01EC01EB01C2
:10EF6000CA01A901EA010A024A0A6A12AB12AA12EC
:10EF70008A128A128A12AA120A034B036C0B4B0BD9
:10EF80002B034B0B4B0B2B032B0B6C0B6C0B4B0BFF
:10EF90006B0B8C138C0B6B0B6B0B6C0B4B0B4B03BE
:10EFA0006B0B6C134B132B0B4B0B8C136B0B2A0B38
:10EFB0002A134B238C3B0E5C2E6C4F7C90849084E8
:10EFC000707C9084B08CD08CAF8C2D848B6BC852AD
:10EFD0004642464A8852E95AA84A0732C521A5192D
:10EFE00086118611A609C609070A270A470A880A50
:10EFF000A90AA90AA90AA90AEA12EA0AC90AEA0A8E
:10F000000A1BEA12880A880A0A13E912E91AEA2294
:10F010006D43B274D79DF8A5D89DB89D979D979DD7
:10F02000979DB79D979D979D979D979D7795569591
:10F030007695979DD8A5979D7795979DB8A519AE7C
:10F040007BBEFDCE1DD73ED75EDF7FE77FE79FEF1C
:10F050009FEF9FEF9FEFBFEF9FEFBFEF9FE73EDF79
:10F06000BCC61AAE789D168D368D168D168D168DF2
:10F07000D584D484F58C168D368D568D5795979DF5
:10F08000B7A5D8A5F9ADF9ADF9ADF9ADD9A5B8A534
:10F09000B89D979D77953595569DD3948E6BCA5A9A
:10F0A0006852475AA76AC772E77A0783488B699301
:10F0B000899BAA9BEBA3EBA32BAC2CAC4CAC4CB424
:10F0C0006DB48DB4ADBCAEBCCEBCCEBCCEBCEFC4BA
:10F0D0000FC530C530CD30C550CD71CD71CD71CD9E
:10F0E00071CD71CD71CD51C572CD72CD72CD72CD54
:10F0F00071CD71CD51CD51CD50C530C5EFBCCFBC18
:10F10000AFB4AEAC30BD14D6B7EED7EED8EEF8EE55
:10F1100019EF19EF19F73AF719EF19EF39EF3AF735
:10F120005AF75AF75AF75AF75AF75AF75AF75AF757
:10F130005AF75AF75BFF7BFF7BF79BF77BFF7BF769
:10F140007BF77BF77BF77BF75BF75AF75AF73AF7D2
:10F1500039F719EFF8EEF8EED7E6B7E696E696DE61
:10F1600076DE75DE55DE34DE14D6F3D5B2CD92C52B
:10F1700010BD8EAC4DA4ED8BA539251968118A09F7
:10F18000CB01EC01EC01EC01EC01ED010D020D02F3
:10F190000D02ED010D022D022D022D020D020D02B8
:10F1A0000D020D022D020D020D020D020D020D02C7
:10F1B0000D020D020D020D020D020D02EC01EC011B
:10F1C0000C020D020D020D020D020D022E020D02A7
:10F1D0000D020D020D020C020C02EC01EC01EC011F
:10F1E000CB01CA01C901C901E9012A0A6A128A12BE
:10F1F0008A128A128A128A122B034B034C0B4B037E
:10F200002B034C0B4C0B2B032B0B6C136C0B4B0B72
:10F210006B0B8C138C0B6B0B6B0B6C0B4B034B0343
:10F220006B0B6C134B132B0B4B0B8C136C0B2A0BB4
:10F230002A134B238C3B0E5C0E6C2E746F849084CF
:10F240007084908490848F846F840D7C2A63674AD5
:10F2500046422642474AEA5A884A0632A52185197B
:10F2600086118611A609E709070A070A2702470A35
:10F27000890AA912A90AA90ACA0AEA0A0A0B2B13BF
:10F280002B1BEA12880A880A0A13E912C91A0A2BE8
:10F290008D43D374F79DF8A5D89DB89DB79DB79DB4
:10F2A000B79DB79DB79D979DB79DB79D779576956F
:10F2B0007795D8A5F8A5B79D7795B89D19AE7BBE73
:10F2C000DCC61DD73ED73EDF7FE79FE77FE79FEF96
:10F2D000BFEFBFEFBFEFBFEFBFEF9FE75EDF9CC6A3
:10F2E000F9AD779D77957895789577957795578D42
:10F2F000F584D484D484D484B47CB47CB47CB47CCD
:10F30000B484D484F584168D368D369556955695ED
:10F310007795979D9795569556951495B38CEF7361
:10F32000CA5268524752465A666AA672C77A07831B
:10F33000278B6993899BAA9BCAA3EBA3EBA30BAC76
:10F340002CAC4CB46DB48DB48DBCAEBCAEBCCEBCDC
:10F35000EFC40FC530C530CD50CD71CD71CD71CD5D
:10F3600071CD92CD92CD72CD92CD72CD72CD72CD46
:10F3700071C551C551C531C510C50FBDCFBCAFB4A6
:10F380008EB4CFB492CD56E6D7EED7E6D8EEF8EEEF
:10F3900019EF19EF19F73AF739F739F73AF73AF75A
:10F3A0003AF75AF75AF75AF75AF75AF75AF75AF7F5
:10F3B0005AF75AF75BF77BF77BF77BF77BFF7BF717
:10F3C0007BF75BF75BF77BF75BF75AF73AF739F7B1
:10F3D00019EF18EFF8EED8E6D7E6B7E696E676DE50
:10F3E00076DE75DE55DE34D614D6D3CDB2CD71C5FA
:10F3F00010B58EAC4EA48B83653146196811AA09ED
:10F40000CC01EC01EC01EC010C020D020D020D022D
:10F410000D020D022D022D022D022D022D020D02D4
:10F420000D022D022D022D020D020D020D020D0204
:10F430000D022D020D020D020D02ED01EC01EC0199
:10F440000C020D020D020D020D020D020D020D0245
:10F450000D020D020D020C020C02EC01EC01EC019C
:10F46000EB01EB01CA01A901A901E901090A4A0A54
:10F470006A128A128A128A122B034B034B0B2B033C
:10F480002B036C0B6C0B4B0B2B0B6C136C0B4B0B88
:10F490004B0B8C0B6C0B4B0B4B0B6B0B4B034B034A
:10F4A0006B0B6B134B132B0B4C0B8C134B0B2A035B
:10F4B0004B136B238C3BCD53CD63CC6B2E7C6F8475
:10F4C0006F8490846F844F844E840D7C8B6BA85224
:10F4D000264206422742C9526842E629A5218519DB
:10F4E00085118611A609E711070A270A2702470A8C
:10F4F000890AA912A90ACA12CA0AEA0A2A132B13EC
:10F500002B1BC912680A880A0A13E912E91A0A2B86
:10F510008D43F37C189E19A6F8A5D8A5D8A5B89D4B
:10F52000B89DB89DB89DB89DB89DB89D979D77959D
:10F53000B79DF9A519AEB79D7795D9A57BBEDDC658
:10F54000FDCE1ED73EDF5EDF7FE79FEF7FE77FE7E1
:10F550009FEF9FEF9FEFBFEFBFEF3EDF9CC619AE5F
:10F56000989D989DB99DD99DB99D989598957895A8
:10F5700077953695158DD584D47CB47C737C737463
:10F5800052745274536C536C73747374937CB4845C
:10F59000F484F5841585368DF584B384D48C9284F7
:10F5A000CE6BCA5A48520652055A45626572857A30
:10F5B000A67A278B278B4893899BA99BAA9BCAA3D2
:10F5C000EBA30BAC2CAC4CB46DB48DB48DBCADBC0A
:10F5D000CEBCEFC40FC52FC550CD50CD71CD71CD70
:10F5E00072CD92CD92CD92CD72CD72CD72CD51C5EC
:10F5F00051C531C531C510C5EFBCCFBCCFB48EB439
:10F600008EAC30BDF4D597E6D7EED7E6D8EEF8EE5F
:10F6100019EF19EF19F739F739F759F73AF73AF7B8
:10F620003AF75AF75AF75AF75AF75AF75AF75AF772
:10F630005AF75AF75BF77BF77BF77BF77BF77BF79C
:10F640007BF77BF77BF77BF75AF75AF73AF739EFF7
:10F6500019EFF8EEF8EED7E6D7E6B7E696E676DEEF
:10F6600075DE55DE34DE34D6F3CDD3CDB2C551BD13
:10F6700010B58EA44EA40A73442966198911AA09EB
:10F68000CC01EC01EC01EC010C020D020D020D02AB
:10F690000D020D022D022D020D020D020D020D02B2
:10F6A0000D020D020D020D020D020D020D020D02E2
:10F6B0000D020D020D020D020D02EC01EC01EC0138
:10F6C000EC010D020D02ED010D020D020D020D0205
:10F6D0000D020D020D020C020C02EC01EC010C02F9
:10F6E000EB01EB01CA01A901A901A901C901090A9C
:10F6F0002A0A6A128A128A122B034B0B4B032B0322
:10F700002B036C0B6C0B2B0B2B0B6C0B4B0B2B0376
:10F710004B0B6C0B6B0B4B032B034B0B4B0B4B0B28
:10F720006B136B132B0B0B0B4C0B6C0B2B030A0388
:10F730004B134B236B3B8C4B6B5B6B63ED734F7CC1
:10F740006F846F844E7C6E846E840D7CEC7B4A6388
:10F7500046422642684A6842473AC629A521851989
:10F76000651165098609C609070A270A470A680A52
:10F770008812A912A912CA12EA120A130A132B1B21
:10F780000A1BA90A48026802EA12E912EA1A0B2BBC
:10F79000AE4BF37C18A619A619A6F9A5D8A5B89D55
:10F7A000B89DB89DB89DD8A5B89DB89D979D979DCB
:10F7B000D8A519AE19AE979D77951AAEDCC61ECFA7
:10F7C0001ED73ED75EDF5EDF5EE79FEF7FE77EE717
:10F7D0009FEF9FEF9FEFBFEF7FE7DCCE1AB6B8A594
:10F7E000D9A5F9A5FAA51AA63BAE1BA61AA6F9A596
:10F7F000D9A5D9A5B89D7795568D1685F584D47C65
:10F80000947C7374536C536C326C1164116C116C76
:10F81000316C326C726C9374B47C937C52745174FE
:10F8200072846D6BEB5A274A0652255A2562256A67
:10F83000656AC67AA67AE782288B48936993899B82
:10F84000AA9BCAA3EBA3EBA30BAC4CB46DB46DB4F1
:10F85000ADB4CEBC0FC50FC550CD50CD71CD71CD5F
:10F8600071CD71CD71CD71CD72CD51CD51C531C537
:10F8700031C530C510C5F0BCF0BCCFBCCFB48EAC28
:10F880008EAC72C556E6D8EED8EED8EEF8EE19EF8B
:10F8900019EF19EF3AF739F73AF73AF73AF73AF733
:10F8A0003AF75AF75AF75AF75AF75AF75AF75AF7F0
:10F8B0005AF75AF75BFF7BFF7BF77BF77BF77BF70A
:10F8C0007BF77BF77BF77BF75AF73AF739F719EFB6
:10F8D00019EFF8EEF8EED7E6B7E6B7E696E676DE8D
:10F8E00055DE55DE34DE14D6F3CDD3CDB2C551BDD1
:10F8F00010BD8EA44E9CC962242167196909AB0111
:10F90000CC01EC01EC010C020C020D020D02ED0128
:10F91000ED010D020D020D020D020D020D020D0290
:10F920000D020D020D020D020D022D020D020D023F
:10F930000D020D020D020D020D02EC01EC01EC01B5
:10F94000EC010D020D020D020D020D020D020D0261
:10F950000D020D020D020C020C020C020C02EC0155
:10F96000EB01EB01CB01AA01A901A901A901C90180
:10F97000090A4A128B128B122B034B0B4B0B2B03D6
:10F980000B034B0B4B0B2B0B2B034C0B4C0B2B037D
:10F990004B0B6C0B6C0B4B0B4B0B6C136B0B4B0B2C
:10F9A0006B138C134B130A0B4B0B6C0B2B032A0B97
:10F9B0002A132B234B3BCD5B8C5B6B630E744F7C0C
:10F9C0006F846F844E848F8CAF8C6E8CEC7B4A631B
:10F9D000A85247422642263A263AE6318521851921
:10F9E00065116509A609E709E709060A270A6812E9
:10F9F000A812A912A912CA120A13EA12C90AC91234
:10FA0000EA1AA912680A880AEA1AEA12CA1A0B2321
:10FA1000CF4B147DF8A519A639AEF9A5D8A5D8A560
:10FA2000D8A5D8A5D8A5D8A5B89DB89D989D7795F7
:10FA3000F9A57BB63AAEF9A5F9A59CBE3ECF1DCF80
:10FA40003ED75FDF5EDF7EDF5EE77FE77FE77FE752
:10FA50007FE79FEF7FE77FE73ED79CC61AB61AAED7
:10FA60005BB67CB69CBE9CBE9CBE9CBE9CB67BB668
:10FA70005BB65BB63AAE19AEF9A5D89D7795368DD3
:10FA8000368D1585D47C937473745274326C116CFA
:10FA9000F06BF063D063F063D063F16BF16BD06B0C
:10FAA000D06BCF736D6BCA5A274A264A0552055A46
:10FAB000E459456A446A8572C67AC67AE782288B19
:10FAC0004993899B8A9BCAA3EAAB0BAC0CAC4CB4A0
:10FAD0008DB4CEBCEFBC0FC530C550CD51CD51CD8E
:10FAE00051CD51C571C572CD71CD51CD51C531C505
:10FAF00010C510C5EFC4CFBCCFBCCFB48EAC4DA4E5
:10FB000010BDF4D596E6F8EED8E6F8EE18EF19EF4A
:10FB100019EF39F73AF73AF73AF73AF73AF73AF787
:10FB20005AF75AF75AF77AFF7AFF5AF75AF75AF7FD
:10FB30005BFF7BFF7BFF7BF77BF77BF77BF77BF73D
:10FB40007BF77BF75BF75AF75AF75AF73AF719EF53
:10FB500019EFF8EEF8EED8EEB7E6B7E696E696E6D9
:10FB600075E634DE34DE14D6F3CDD3CD92C531BD87
:10FB7000CFB4AFAC2E94485225192711AA11AB016E
:10FB8000EC010C020C020C020C020D020D020D0223
:10FB9000ED010D020D022D020D020D020D020D02EE
:10FBA0000D020D020D020D022D022D022D020D027D
:10FBB0000D020D020D020D02ED01EC01CC01EC0174
:10FBC0000D020D020D020D022D022D020D020D027D
:10FBD0002D022D020D020D020C020C02EC010C0292
:10FBE000EC01EB01CB01CA01AA01AA01A901A901FB
:10FBF000A901E9094B128C1A2B034B0B2B0B0A039F
:10FC00000B034B0B4B0B2B0B2B0B4B0B2B0B0B0334
:10FC10004B0B8C136C0B2B032B0B4C134B0B2B0B29
:10FC20004B0B6B134B130A0B4C0B6C0B4B034B0B1B
:10FC30002A134B234C3BCD5BCD638B63ED734E7C22
:10FC40006F848F846E846E84AF8C6E8CEC73295BB2
:10FC5000A84A47422642063A263AE53185218519C7
:10FC600065116509A609E609E609060A260A47128A
:10FC7000681288128912CA120A1BEA12A912A91262
:10FC8000CA1AA9126812880AEA1AEA1ACA1A0B2BA7
:10FC9000EF4B558519A63AAE3AAE19AED8A5D8A500
:10FCA000D9A5D9A5D9A5D9A5D8A5B8A5B89DB89DD8
:10FCB0001AA67BB67BB65BB67BB6FDC63ED73ED7F3
:10FCC0003ED75EDF7EE77EE77EE77EE77FE75EE7A3
:10FCD0005FE77FE75EE77FE73ED7FDCEBCC6DCC6C9
:10FCE000FDCE1ECF1ECFFECEFECEFECEFDCEDDC69D
:10FCF000BDC6BCC69CBE9BBE5AB63AAE19A6D89D20
:10FD0000B89D7795368D158DD584B47C937C7374AE
:10FD100052743174116CF16BD063D063AF638F6335
:10FD20006F636E636E634D63EB5A2742C541C549ED
:10FD30000552055AE459E461456A656A867286721D
:10FD4000C782078B4893899BCAA3EAA30BAC4CB428
:10FD50008DBCAEBCEFBC0FC530C530C550CD51C554
:10FD600051C551C551C571C551C551C531C530C504
:10FD700010C5F0C4CFBCAFBCAFB48EAC4DA46DA465
:10FD800072C555DEB7E6D8E6F8EE19EF19EF39EF90
:10FD900019EF19EF1AF73AF73AF73AF73AF73AF74D
:10FDA0005AF75AF75AF77AFF7BFF5BFF5BFF5BFF5F
:10FDB0005BFF7BFF7BFF7BFF7BF77BF77BF77BF7B3
:10FDC0007BF77BF77BF75AF73AF73AF739F719EFF2
:10FDD00019EFF9EEF8EED8EEB7E6B7E696E696E656
:10FDE00075E635DE34DE14D6F3D5D3CD92CD30BDF5
:10FDF000CFB48EAC0D94074225194809AA09AB016E
:10FE0000EC010C020C020B020C022C020D020D0282
:10FE1000ED010D020D020D020D020D020D020D028B
:10FE20000D020D020D020D020D022D020D020D023A
:10FE30000D020D020D02ED01ED01CC01CC01EC0132
:10FE4000EC01ED010D020D022D022D022D022D02FD
:10FE50000D020D020D020D020C020C020C020C022E
:10FE6000EC01EC01CB01AB01AA01CA01AA01A90175
:10FE70008901A901EA092A122B034B0B2B030A0360
:10FE80000B034B0B4B0B2B0B2B0B4B0B2B0B0A03B3
:10FE90004B0B8C136C0B2B032B0B4B0B4B0B2B0BB0
:10FEA0004B0B6B134B130A034B0B6C0B4B032A0BC3
:10FEB0002A132B234B3BAD5BCD6B4A638B6B2D7CA5
:10FEC0006F848F8C6F8C6E846E8C4D848B6BE85A34
:10FED000A8524742063A063A063AC52985218519AD
:10FEE00065116509A609C609E709070A260A270A4E
:10FEF000470A68128912CA1AEA12C91289128812AC
:10FF000089128912480A680ACA1ACA1AAA1AEB2A56
:10FF1000EF53558D39AE3AB63AAEF9ADD9A5D9A55C
:10FF2000F9A5F9A5F9A5F9A5D8A5D8A5B8A5B8A5A5
:10FF30001AAE9BBEBCBEBCBEFDC61DCF3ED73ED7D3
:10FF40003ED75EDF7FE77EE77EE77EE77FE75EE71F
:10FF50005EDF3EDF3EDF5FDF7FDF7FDF7FDF7FDF74
:10FF60009FE79FE77FDF5FDF5FDF7FDF5FDF5ED7DA
:10FF70003ED71ED71DCFFDCEBCC6BCBE9CBE7BB639
:10FF80003AAEF9A5B9A5989D57953795168DF58484
:10FF9000B47C737C53743274116CD063B063B063FF
:10FFA0008F636E5B6E636E632C5BCA52684A274A2E
:10FFB000064A0552E551C451C451045A25624562AE
:10FFC000456A8572C67A288B8993CA9B0BA44CAC70
:10FFD0008DB4AEBCCEC40FC50FC530C530CD30C555
:10FFE00030C550C551C551C551C531C531C510C504
:10FFF00010BDCFBCAFB48EB48EB46EAC2C9CCFAC65
:020000040805ED
:10000000F3D596E6B7E6D7E6F8EE19EF19EF39EF34
:1000100019EF19EF1AF73AF73AF73AF73AF73AF7CA
:100020003AF75AF75AF75AF77BFF7BFF7BFF7BFFC4
:100030007BFF5BFF7BFF7BFF5BF77BF77BF77BF750
:100040007BF77BF77BF77BF73AF73AF719EF19EF76
:1000500019F719EFF8EED8EEB7E697E696E696E6CA
:1000600075E635DE34DE14D6F3CDD3CD72C510BDC2
:10007000CFB46EA4CC8B8531251968118A09AB01E8
:10008000CC01EC010C02EB010C020C020D020D0282
:10009000ED010D020D020D020D020D020D020D0209
:1000A0000D020D020D020D020D020D020D020D02D8
:1000B0000D020D020D02ED01EC01CC01CC01CC01D1
:1000C000EC01ED010D020D020D020D022D020D02DB
:1000D0000D020D020D020D020D020C020C020C02AB
:1000E0000C02EC01CB01CB01AA01AA01AA01A901D2
:1000F00089018801A901A9012B034B0B4B0B2B0391
:100100002B0B4B0B4B0B2B0B2B0B6C134B0B2B039E
:100110002B0B6C0B4B0B2B0B2B0B4B0B4B0B2B0B8E
:100120004B0B6B134B130A034B0B6C0B4B032A0B40
:100130002A132A232B3BAC53AC63295B095BCC739A
:100140006F848F8C8E8C6E8C4E840D7C4A63C8526B
:10015000A8524742E639E639063AC5298419851975
:1001600065116509A609A609E609070A060A270A0C
:10017000270A480A6812A912A912890A480A270AF6
:10018000480A480A270A0702891289126912AA2214
:10019000EF53768D3AAE3AB61AAEF9A5D9A5F9A5C0
:1001A000F9ADF9ADF9ADF9A5D9A5D9A5D8A5D8A5C9
:1001B0001AAE9CBEDDC6FDCE1DCF1DCF1DD75EDFA6
:1001C0005EDF3EDF7FE77EE75EE75EE75EE73EDF1E
:1001D0003EDF3EDF1DD73EDF9FE7BFE7DFEFBFEF2C
:1001E000BFEFBFEFBFE79FE77FE79FE79FE79FE78F
:1001F0007FDF5EDF3EDF3ED7FDCE1DCFFDCEDDC60D
:100200009CBE5BB63AAE1AAED9A5B99D789D5795FE
:10021000168DF584B57C947C73745274316C116CBA
:10022000F16BD063AF636E5B4D5B4D63EB5A894AF4
:10023000064227520652E651055AE559E45904622E
:1002400024622462446AA67A07836993EA9B2CACF1
:100250006DB48DBCCEBCEFC40FC50FC50FC530C586
:1002600030C530C551C551C531C530C510BD10BDF3
:10027000F0BCCFBC8EB46EB48EAC4DA44DA472C590
:1002800035DEB7E6D8EED8E6F8EE18EF19EF19EF3D
:1002900039F739F73AF73AF73AF73AF73AF73AF7D8
:1002A0003AF75AF75AF75AF77BFF7BFF7BFF7BFF42
:1002B0007BFF5BFF7BFF7BFF5BF77BF77BF77BF7CE
:1002C0007BF77BF77BF77AF73AF739F719EF19EFF6
:1002D00019F718EFF8EED8EEB7E697E676DE76E691
:1002E00075DE35DE34DE14D6D3CDB2CD51C5F0BCCB
:1002F000CFB46EA46B7B4429461989116A01CB01E6
:10030000CC01EC010B02EB010C020C020D020D0200
:100310000D020D020D020D020D020D020D020D0265
:100320000D020D020D020D020D020D020D020D0255
:100330000D020D020D02EC01CC01CC01CC01CC016F
:10034000EC010D020D020D020D020D022D020D0237
:100350000D020D020D020D020C020C020C020C0229
:100360000C020C02EB01CB01AB01AA01AA01AA010C
:10037000A9018901880188012B034B0B4B0B2B032F
:100380002B0B4C0B4C0B2B0B2B0B6C134C132B0B09
:100390002B0B4B0B4B0B2B0B2B0B4B0B4B0B2B0B2D
:1003A0004B0B6B134B130A0B4B0B6C0B4B032A0BB6
:1003B0002A132B232B3BAC53CC6B4A63E8528B6B39
:1003C0004E842E842D844E844E84EC7B4A63C85A1E
:1003D000A8522642A531A531E631A5296419641930
:1003E00065116509A609C609E609E609060A070AAC
:1003F000270A470A480A68128912680A270A270A40
:10040000270A270A070AE601280A48124812AA22E0
:10041000105C96953AAE3AAE19AEF9A5F9A5F9A5D4
:1004200019AE19AEF9ADF9ADF9ADF9ADF9A5D9A58A
:100430003AB6DCC6FDCE1ECF1DCFFDCE1DD75EDF8A
:100440005EDF5EDF7FE77EE75EDF3EDF3EDF3EDFD3
:100450003EDF3EDFFDD63ED77FE7BFEFDFEFDFEFCA
:10046000BFEFBFEFBFEFBFEFBFEFBFEFBFEFBFEF1C
:100470009FE79FE77EE75EDF5EDF5FDF5ED71ED729
:10048000FDCEBDC69CBE7CBE5BB63BAEFAA5D99D7B
:10049000999D7895378D368DF584D47C9374536C03
:1004A000326C326CF163AF5BAF638E634D5B0B5BA1
:1004B000684A274A274A675A675A465A055A055AC8
:1004C0002462246A446A6572E67A488BCA9B2BA42C
:1004D0006DAC8DB4AEBCCEC4EFC4EFC40FC510C5B7
:1004E00010C530C530C530C531C510C510BDF0BC14
:1004F000D0BCAFBC8EB46EAC4DAC0C9C8EACF4D505
:1005000076E6B7E6F8EEF8EEF8EEF8EEF9EE19EF6B
:100510003AF73AF73AF73AF73AF73AF73AF73AF753
:100520003AF73AF75AF75AF77BFF7BFF7BFF7BFFDF
:100530007BFF7BFF7BFF7BFF5BF77BF77BF75BF74B
:100540005BF75AF75AF75AF73AF739F739F719EFCD
:1005500019EFF8EED8EED8EEB7E6B7E696DE96DEFF
:1005600075DE35DE34DE14D6D3CDB2CD51C5F0BC48
:10057000AFB44EA42A7324216719A9118A01CC01B2
:10058000CC01EC010C02EB010C020C020D020D027D
:100590000D020D020D020D020D020D020D020D02E3
:1005A0000D020D020D020D020D020D020D020D02D3
:1005B0000D020D02EC01CC01CC01CB01CC01EC0110
:1005C000ED010D020D020D020D020D020D020D02D4
:1005D0000D02ED01ED010D020C020C020C020C02E9
:1005E0000C020C02EC01CB01AB01AA01AA01AA0189
:1005F000AA01A901890168010A034B034B0B2B03D4
:100600002B0B4C0B4C0B2B0B2B0B4C134B0B0B03D7
:100610002B0B4C0B4C0B2B0B2B0B4C134B0B2B0B9F
:100620004B136C134B130A0B2B0B4C0B2B032A0B8A
:100630002A132B232B3B8C53EC6BAB6B295B6A632C
:100640000D7CCC73AB73EC7B0D7CCC734A63E85AA6
:1006500088522642A531C531E531842144196419F7
:1006600065116509A609C609E609E609060A270A09
:100670004812480A480A680A8812480A270A270ABC
:10068000280A480A270A0702270A480A2812CB2AFA
:100690003164B7953AAE1AAE19AEF9ADF9A519AEF7
:1006A00019AE19AEF9ADF9AD19AE1AAE19AEF9AD74
:1006B0005BB6DDCE1DCF1ED71DD71DD73DD75EDF64
:1006C0005EDF5EDF5EE75EE73EDF3EDF1EDF1ED7FA
:1006D0003EDF3ED7FDD6FDD63EDF9FE7DFEFDFF7FB
:1006E000DFF7DFF7DFF7DFF7BFEFBFEFBFEFBFEFFA
:1006F000BFEF9FEF9FE77FE77FE77FE77FDF3ED793
:100700001ED7FECEDDCEBDC6BDC69DBE7CB63BAE01
:100710001BAEFAA5B99D9995988D57851685D57C00
:10072000B4747374526C316C1064D063CF638E6395
:100730002C63894A684A484A47528762A76A876A8F
:10074000866A8672A67AC77A0783698BCB9B2CA4AC
:100750006DAC8DB4ADBCCEBCEFBCEFBCEFBCEFBCA0
:1007600010BD10BD10C530C531C531C510C5F0BCB8
:10077000CFBCAFB46EB46EAC2C9C0C9CF0B435DE28
:1007800096E6B7E6F8EEF8EE19EF18EF19EF19EF65
:100790003AF73AF73AF73AF73AF73AF73AF73AF7D1
:1007A0003AF75AF75AF75AF77BFF7BFF7BFF7BFF3D
:1007B0007BFF7BFF7BFF7BFF5BF77BF77BF75BF7C9
:1007C0005AF75AF73AF73AF739F739F739F719EF8D
:1007D00018EFF8EED8EED7EEB7E6B7E696E696DE77
:1007E00055DE34DE34DE14D6D3CD92CD31C5F0BC27
:1007F000AFAC2D9C885A242147118909AA09CC0144
:10080000EC010C020C02EB010C020D020D020D02B8
:100810000D020D020D020D020D020D020D020D0260
:100820000D020D020D020D020D020D020D020D0250
:100830000D020D02EC01CC01CB01CB01CC01EC018E
:10084000ED010D020D020D020D020D020D020D0251
:100850000D02ED01ED01ED010C020C020C020C0287
:100860000C020C02EC01CB01CB01AB01AA01AA01E5
:10087000AA01AA01890189010A032B034B032B0357
:100880002B034B0B4B0B2B0B2B0B4C0B2B0B0A0388
:100890002B0B6C134C0B2B0B2B0B4C134B0B2B0BF5
:1008A0004B136C134B130A0B2B0B6C0B4B0B2A0BC0
:1008B0000A132A230B336B4BCC6BCC738B6B8B6B78
:1008C000EC7BCC738B6BCC73EC7BCC7B8B6BE95A66
:1008D000874A27420642063AE631842143116419C9
:1008E00085116509A609C611E609E709070A270A5D
:1008F00048126812480A480A6812480A480A280A30
:10090000280A2812280A070A270A48122812CB2A7E
:100910005264B79D19AE19AE19AE1AAE1AAE1AAE20
:100920001AAE19AE19AEF9AD1AAE1AAE3AB63AB65B
:100930009BBEFDCE1DCF1ED73ED73EDF5EDF5EDF06
:100940005EDF5EDF3EDF5EDF3EDF3EDF3EDF1ED787
:100950003ED73ED7FDCEDDCEFDCE5EDF9FE7BFEFBB
:10096000BFEFDFEFDFF7DFF7BFF7BFEFBFEFBFEF9F
:100970009FEF9FEF9FE79FE79FE79FE77FDF5EDFA8
:100980003ED71ED71ECFFECEFDC6DEC6BDC69CBE60
:100990007CB65BAE3BAE1AA6FA9DB9959995788D5B
:1009A000578DF684D57CB4747374526C116CCF631C
:1009B000EF6B6D630B5B4842474A875AC862C87247
:1009C000C77AE77A0883298B498B8A93CB9B0CA43F
:1009D0004DAC6DAC8DB4AEB4CFB4CFB4CFB4EFB436
:1009E000EFBC10BD10BD30BD31C530C510C5EFBC6A
:1009F000AFBC8EB44DB44DACEC9B4DA492C556DE4D
:100A000097E6B7E6F8EEF8E639EF19EF19EF3AEFA7
:100A10003AF73AF73AF73AF73AF73AF73AF73AF74E
:100A20003AF75AF75AF75AF75BFF5BFF7BFF7BFFFA
:100A30007BFF7BFF7BFF7BFF5BF75BF75BF75BF786
:100A40005BF75AF73AF719EF39F719EF19EF18EF83
:100A5000F8EEF8EED7EED7EEB7E6B7E696DE76DE3E
:100A600055DE34DE14DEF3D5D3CD92CD30C5F0BCE7
:100A70008EAC0D94064A242147116909AB09CC01BB
:100A8000EC01EC01EC01EC010C020D020D020D0277
:100A90000D020D020D020D020D020D020D020D02DE
:100AA0000D020D020D020D020D020D020D020D02CE
:100AB0000D020D02EC01CC01CB01CB01CC01EC010C
:100AC000EC010D020D020D020D020D020D020D02D0
:100AD0000D020D02ED01ED010C020C020C020C02E4
:100AE0000D020C02EC01CC01CB01AB01AA01AA0161
:100AF000AA01AA01890189010A032B032B030B0315
:100B00002B034B0B2B0B0B032B0B4C0B2B0B0A034D
:100B10002B0B4C134C0B2B0B2B0B4B134B0B2B0B93
:100B20004B136B132B130A0B4B0B6C134B0B2B0B35
:100B30000A130A230A334B4BAC63ED7BED7BCC737A
:100B4000ED7BED7BEC7B0C7C0D842D84EC7B0963D1
:100B5000674A264227422642063A842143116519F4
:100B6000851164098509C609C609E709070A270A24
:100B700048126812480A480A6812480A480A280AAD
:100B8000270A270A280A070A280A48124812EB32BD
:100B9000726CD89D19AEF9AD19AE1AAE3AAE3AAE36
:100BA0003AAE1AAE19AE19AE1AB61AB63AB67BBE3E
:100BB000DCC61DCF1DCF1ED73EDF5EDF7EE75EDFCA
:100BC0005EE77EE73EDF5EE75EDF5EDF3EDF1ED78D
:100BD0003ED73ED7DDCEDDCE9CC6FDCE5EDF7FE7C5
:100BE0009FEFBFEFBFEFDFF7BFF7BFEF9FEFBFEFA5
:100BF0009FEF9FEF9FEF9FE79FE79FE77FE75FDF15
:100C00005EDF3ED71ED71ED7FECEFECEFECEDDC6A1
:100C10009DBE9CB65BB65BAE1BA61BA6DA9DDA9D9D
:100C200099957895588D3785F57CF57C9374527439
:100C30003174F06B8F630C5BA952474A275288626C
:100C4000097B0983298B4A936A938B9BCB9BEC9BF3
:100C50002CA42CAC4CAC6DACCEB4CFB4CFB4CFB4D0
:100C6000CFB4EFB410BD30BD31C530C510C5EFBC39
:100C7000AEBC6DB44CAC2CACCB93AFAC14D676E61A
:100C8000B7E6D7E6F8E6F8EE19EF19EF19EF3AEF05
:100C90003AF73AF73AF75AF73AF73AF73AF73AF7AC
:100CA0005AF75AF75AF75AF75BFF5AF75BFF7BFF81
:100CB0007BFF7BFF7BFF7BFF5BF75BF75BF75BF704
:100CC0005BF75BF73AF719EF19EF19EFF8EE18EF4A
:100CD000F8EEF8EED7EED7EEB7E6B7E696DE76DEBC
:100CE00035D614D614DEF3D5B2CD71C510BDF0BC27
:100CF0006EA4ED93C541041967116909CB09CB01B5
:100D0000EC01EC01EC01EC01EC010C020D020D0216
:100D10000D020D020D020D020D020D020D020D025B
:100D20000D020D020D020D020D020D020D020D024B
:100D30000D020D02EC01CB01CB01CB01CC01EC018A
:100D4000EC010D020D020D022D020D020D020D022D
:100D50000D020D02ED01EC01EC01EC010C020C02A4
:100D60000D020C020C02EC01CB01AB01AB01AA019C
:100D70008A018A018A018A012B032B032B030B03AF
:100D80000B032B0B2B0B0A032B0B6C134C0B0B03C2
:100D90000B0B4C0B4C0B2B0B2B0B2B132B0B2B0B79
:100DA0004B136B132B13EA0A2B0B6C136B0B2A0BD5
:100DB0000A130A23EA32EA3A6B5BCD730E7C2E8467
:100DC000ED7BED7B0D7C2D7C6E8C6E8CEC7B09635A
:100DD000675226422642474A273A842143198519F9
:100DE000851164098509C611C609070A0712280A70
:100DF0004812480A480A480A6812680A270A270A55
:100E0000480A480A480A0702280A48122812EB3200
:100E1000B374F8A5F9A5F9AD1AAE1AAE1AAE3AAE8A
:100E20003AAE19AEF9AD1AAE1AB61AB67BBEDDCE21
:100E30001ED7FDCEFDCE3ED75EDF3EDF5EDF5EDF3E
:100E40007EDF7FE75EDF5EDF5EDF3EDF3EDF3ED7D9
:100E50001ED71ECFDDC6BCC67CBE7BBE9CC6FDCEEB
:100E60003EDF5FDF7FE77FE79FEF9FEF9FE77FE753
:100E70007FE77FE77FE77FE75FDF5FDF5FDF3ED70B
:100E80003ED73FD73ED71ED71ECFFECEFECEDDC605
:100E9000BDC6BCBE9CBE7CB63BAE1BAE1BAEDAA5CF
:100EA000DAA5B99D99957895578D3785F684B574EF
:100EB0009474536C126CD06B6D63AA52274A064A25
:100EC0006862C972C87A0983298B6A938A93AB9B3B
:100ED000EB9B0BA42BA42CA46DAC8DACAEACCEB410
:100EE000CFB4CFB4F0BC10BD10BDEFBCEFBCEFBCB5
:100EF000AEB44DAC2CACCA93CB9331BD15D697E6AE
:100F0000D8EEB8E6F8EE18EF39EF39EF3AEF1AEF0E
:100F10003AF73AF73AF73AF75AF73AF73AF75AF709
:100F20005AF75BFF5AF75AF75BF75BFF5BFF7BFFF4
:100F30007BFF7BFF7BFF7BFF5BF75BF75BF75BF781
:100F40003AF73AF71AF719EF19EF19EF18EFF8EE29
:100F5000D8EED8EED8EED7EEB7E696E676DE76DEB9
:100F600055DE14D6F3D5D3D5B2CD72CD10BDAFB406
:100F70008FAC8C83653125196811AA09AB01CC01AE
:100F8000CC010C02EC01EB01EC010C020D020D0294
:100F90000D020D020D020D02ED010D02ED01ED013C
:100FA000ED01ED010D020D020D020D020C020D020C
:100FB0000D020C02EC01CB01CB01CB01CC01EC0109
:100FC0000D020D020D020D020D020D020D020D02A9
:100FD0000D020D02ED01EC01EC01EC01EC010C0243
:100FE0000C020C020C02EC01CC01CB01AB01AA01FA
:100FF0008A018A018A018A010A032B032B030A034F
:101000000B034B0B2B0B0B032B0B4C134B0B0B033F
:101010000B0B4B0B2B0B0B0B0B0B2B0B2B0B2B0B60
:101020004B134B132B13EA0A0B0B4B0B2B0B0A0323
:101030000A130A23EA2AC93A4B5BED732E7C4F84CC
:101040002E7C0E7C0D7C0D7C6E8C6E8CEC7B095B9B
:10105000674A2642264A474A273A85214419851974
:10106000851164098509C609C609E709070A281216
:101070006812680A480A480A680A680A270A480A79
:10108000480A480A480A0702280A280A070ACB2AF7
:10109000B37419A619AE19AE1AAE3AAE1AAE3AAE7C
:1010A0003AAE1AAEF9ADF9ADF9AD3AB69CC6FDCE81
:1010B0001ED71ED71ED73ED75EDF3EDF5EDF5EDF68
:1010C0007EDF7FE75EDF5EDF7FDF5EDF5FDF3ED7F5
:1010D0001ED71ECFBDC69CBE1AB6FAAD1AAE3AB622
:1010E0007BBE9CC6DCCEFDD61ED73EDF3ED73ED7AC
:1010F0001ED71ED71ED71ED73ED73ED71ED71ED708
:101100001ED71ECFFECEDDCEBDC69CC69CC69CBEE5
:101110007CBE7BB65BB63BB61AAEFAADD9A5B9A517
:10112000B9A5999D9895588D578D37851685D57C8D
:10113000D57C9474536C126CD06B8E63CB52C639D1
:101140004431E649275A6762C972097B4A83498B51
:101150008A93AA9BCA9BEBA32CA44CA46DACAEB4FF
:10116000CFB4CFB4CFB4EFB4F0BCEFBCCFB4AEB417
:101170004DAC2CA40CA4AA932D9CB3C556DE97E6C7
:10118000D8EED8E6F8EE18EF19EF39EF3AEF3AF764
:101190003AF73AF73AF75AF73AF75AF75AF75AF747
:1011A0005AF75AF75AF75AF75BFF5BF75BF75BFFA3
:1011B0007BFF7BFF5BFF5BFF5BF75BF75BF75AF740
:1011C0003AF73AF739F739F719EF19EF18EFF8EE60
:1011D000D8EED8EED8EED7EEB7E696E676DE76DE37
:1011E00055DE14D6F3D5D2CD92CD51C510BDAFACDE
:1011F0004EA42A73442905196811AA09CB01CC0110
:10120000EC01EC01EC01CB01CC01EC01EC010C0296
:10121000EC01EC01ED01ED01ED01ED01EC01EC0162
:10122000EC01ED01ED010D02ED01EC01EC01EC0131
:10123000EC01EC01CC01CB01CB01CB01EC01EC01C9
:101240000D020D020D020D020D020D020D020D0226
:101250000D020D02ED01EC01EC01EC01EC010C02C0
:101260000C020C020C02EC01EC01CB01AB01AA0157
:101270008A018A018A018A010A032B032B030A03CC
:101280000B034B0B4B0B0B0B2B0B4C0B4B0B0B0B95
:101290002B0B4C0B4B0B0B030A032B0B4B0B2B0B8E
:1012A0004B134B132B13EA0A2B0B4B0B2B0B0A0381
:1012B0000A130A23CA2AA9322B53CD6B0E7C4F8402
:1012C0002E7C2E844E844E844E846E8CCC73E85AD1
:1012D00046422642274A674A273AA52144196519FA
:1012E000651164098509A609C609E709070A280ADC
:1012F00068126812480A4802480A680A480A480AF6
:10130000480A480A480A07020702070AE709CB2ADF
:10131000D47419A63AAE3AAE3AAE3AAE3AAE1AAE76
:101320001AAE1AAE19AEF9ADF9AD7BBEFDCE1ED721
:101330001ED71ED73ED75EDF5EDF5EDF5FDF5EDF7C
:101340007EDF7FE77FDF5FDF5EDF3ED71ED7FDCE2C
:10135000FDCEFDCEBCC69CBE3AAEFAADB9A5B8A5D1
:10136000D9A5D9ADF9AD1AB65BBE5BBE7BBE7BBE5F
:101370007CBE7CBE7CBE7CBE7CBE7CBE7CBE9CBE7D
:101380009DC69CC67CBE5CBE3BB63BB63BB63BB680
:101390001AAEFAADFAADF9ADF9ADB8A5989D779D45
:1013A000989D7795568D1685F584D47CD47CB3743E
:1013B000B3747374526C116C1174D06B4E5B293A18
:1013C000041924216531E64147528862C872E97ADE
:1013D0000983498B6A93AA9BECA3ECA30CA42DA4CC
:1013E0004DAC6EAC8FB4CFBCAFB4AFB48EB44EAC1A
:1013F0002DA42DA4EC9BAB8B8EACF4D577E697E6B1
:10140000D8EED8EEF8EE18EF38EF39EF3AF73AF7B2
:101410003AF73AF73AF75AF73AF75BF75BF75BF7C1
:101420005AF75AF75BF77BFF7BFF5BFF5BF75BF7D6
:101430005BFF7BFF5BFF5BFF5BF75BF75AF73AF7FE
:101440003AF73AF739F739F719EFF9EEF8EEF8EE1F
:10145000D8EED8EED8EED7EEB7E696E696E676DE8C
:1014600055DE14D6F3D5B2CD92C551C5F0BC8FACC4
:101470002E9CA9620421251168118A09CB01CC0197
:10148000EC01EC01CC01CB01AB01CC01EC01EC0196
:10149000EC01EC01ED01ED01ED01EC01EC01EC01E1
:1014A000ED01ED010C020C02EC01EC01EC01EC0190
:1014B000CC01CB01CB01AB01CB01CB01EC01EC01A9
:1014C0000D020D020D020D020D020D020D020D02A4
:1014D000ED010D02ED010D02EC01EC01EC01EC015E
:1014E000EC010D020D02EC01EC01CB01AB01AA01F4
:1014F0008A018A018A018A010B032B0B2B0B0A0339
:101500000B032B0B2B0B0B032B0B4C0B4B0B0B0362
:101510002B0B4C0B2B0B0A030B0B4B0B4B0B2B0B03
:101520004B0B4B132B130A0B2B134C0B2B0B0A0BD4
:101530002A130A23CA2AA9322B53CD6B2E7C4F7C47
:101540002E7C4F846F844F846E844E84AB6BA85284
:1015500026422642264A474A273AA52143196419BA
:1015600064116409A509A609C609E709070A280A3A
:101570006812680A480A480A680A6812680A480A2B
:10158000480A480A480A07020702070AE709EC3234
:10159000F47C19A63AAE3AAE3AB63AAE3AAE3AAEA4
:1015A0001AB61AAE1AAE1AB63AB6BCC61ED73ED78F
:1015B0001ED73ED73ED75FDF5FDF5EDF7FDF5FDFB7
:1015C0005FDF7FDF5FDF5FDF3ED73ED73ED71DCFD8
:1015D000FDCEFDCEBCBE7BB61AAED9A5789D579583
:1015E00036951695168D169516951695169536956B
:1015F000579557955795379557955795589D789D79
:10160000789D789D789D579D579D579D5795369508
:10161000168D168D168D168DF58CD484D484D484B5
:10162000D484B37C937C7274526C516C316C1064B2
:10163000F063AF5B8E5B6E5B4F5B6F5B0E53E929B4
:10164000E50846198629A631C639E6412752A86A17
:10165000E972E97A2A838B93AC9BCC9B0DA42EACC8
:101660002EAC4EAC6FAC8FB46FAC4FA42EA40E9CBE
:101670000D9CED9B8C8BAB8BF0B435D697E697E643
:10168000D8EEF8EE18EF18EF38EF39EF3AF73AF7EF
:101690003BF73AF73AF75AF75AF75BF75BF75AF71F
:1016A0003AF75AF75BF77BFF7BFF5BFF5BF75BF774
:1016B0005BFF7BFF5BFF5BF75BF75BF75AF73AF784
:1016C0003AF739F719EF19EFF9EEF8EEF8EEF8EE10
:1016D000D8EED8EED7EEB7EEB7E696E696E676DE2B
:1016E00055DE34D6F3D5B2CD92C531BDF0BCAFAC2A
:1016F0000E942752E418461969098A01CB01EC01BE
:10170000EC01CC01CB01CB01AB01CB01EC01EC0135
:10171000EC01EC01ED010D02ED01EC010C020C02FB
:101720000D020D020D020D02EC01EC01EC01EC01C9
:10173000CC01AB01AB01AB01CB01EC01EC01EC0145
:101740000D020D020D020D020D020D020D020D0221
:10175000ED010D020D020D02EC01EC01EC01EC01BA
:10176000EC010C020D02EC01EC01CB01AB01AA0172
:10177000AA01AA018A018A012B0B4B0B2B0B0A032E
:101780000A032B0B2B0BEA022B0B4B0B4B0B0A0305
:101790002B0B4B0B4B0B0A032B0B4B0B2B0B2A0B63
:1017A0004B0B4B132B130A0B2B0B4B0B2B0B0A0B5B
:1017B0000A130A23EA32A93A2B53ED6B2F7C6F846C
:1017C0004F7C6F846F844E846E842D7C6B6BA8522B
:1017D000474A274227424742073A85214319641165
:1017E00064116409A509A609C609E709070A280AB8
:1017F000480A680A680A680A880A8912680A680A30
:10180000680A680A480A27020702E701080A2C3B0F
:10181000157D39A63AAE5AB65BB63AB63AAE3AB686
:101820001AB61AAE3AB67BBEBCC6FDCE3ED71ED7A0
:101830001ED73ED75FDF3ED73ED73ED75EDF3ED7CF
:101840003ED73ED71DCF1DCF3ED73ED73ED7FDCE8C
:10185000BCC65BB6D8A5779D3795F68CB484747CEE
:1018600053743374326C126C126C126C116C126CF7
:101870001274327412741274126C326C326C326CD8
:10188000326C326C12741274126C126CF16BF16B5C
:10189000D163D063D063D063D063AF5BAF5B8E5B4B
:1018A000AF5B6E536E534D532D4B2C4B2C4BEB4A71
:1018B000EB4AAA42AA42AB424B3A4B3A4C32A921DC
:1018C000270967118819A82187218629A631E741B0
:1018D0002852285A485AA96ACA720B7B6D8BAE935C
:1018E000EE930F9C2F9C509C70A450A42F9CEE93C1
:1018F000AD8B4B7BEA728C8351BD76DE97E698E622
:10190000B8E6D8E6F8EE18EF18EF39EF3AF73AF7FD
:101910003BF73AF73AF75AF75BF75BF75AF75AF79C
:101920005AF75BF75BF75BFF7BFF5BF75BF75BF7F8
:101930005BF75BF75BF75BF73AF75AF75AF73AF75B
:101940003AF739F719F7F9EEF8EEF8EED8EED8EEE7
:10195000D8EED8EEB7EEB7EE96E696E676DE76DE11
:1019600055DE14D6F3D5B2CD92C530BDF0B48FACF0
:10197000ED8BC6410519471969098A01AB01EC01D4
:10198000CC01CC01AB01CB01AB01CB01CB01EB0115
:10199000EC01EC01ED01ED01ED01EC010C020C029A
:1019A0000C020D020D020D02EC01EC01EC01EC0148
:1019B000CB01AB018B01AB01CB01EC01EC010C02C3
:1019C0000D020D020D020D020D020D020D02ED01C0
:1019D000ED010D020D020C02EC01EC01CC01EC0159
:1019E000EC010C020D02EC01EC01CC01CB01AA01CF
:1019F000AA01AA018A018A010B032B0B2B0B0A03F4
:101A00000A032B0B4B0B0B0B2B0B4C134B0B0B032E
:101A10002B034B0B4B0B2B032B0B2B0B2A030A0318
:101A20004B0B4B132B130A0B2B0B4C0B4B0B0A0BB7
:101A30000A130A23EA32C93A6B5B0E6C2F7C4F7C87
:101A40004F7C6F846F844F7C6F840D7C6B63C852B6
:101A5000684A274207422742073A852143196419F9
:101A600064116409A509A609C609E709070A280A35
:101A7000480A680A680A680A880A880A680A480AD6
:101A8000680A680A480A07020702E709E8092D3BC5
:101A9000358539A63AAE7BBE7BB63AB63AAE3AB693
:101AA0001AAE19AE5AB6BCC6FDCE1ED71ED71ECF73
:101AB0001ED73ED75FDF3ED73ED73ED71ED7FDCEDF
:101AC000DCC6BCC67BBE7ABE3AB619AED8A5779D39
:101AD000158DD484937C7374326CF16BD163D063B5
:101AE000D063B063B05B905BB063B05B905B905BC6
:101AF000906390638F5B8F5B8F5B8F5B8F5B8F5B84
:101B00006F5B6F536F5B6F5B6E5B6F5B6F5B6E5B8F
:101B10006E5B4E534E536E536E532D4B0C430C4322
:101B20002D4B0C4BEC42CB42CB42CB42CB42AA4298
:101B30008A42493A493A493A2A320A324B32EA2130
:101B4000891148096809A919A819A72187216621BF
:101B500066298631873187398739A741E841084AA4
:101B6000094A4A528B5ACB620C6B0C6B0C6BCA62E3
:101B70004852E741C6414B7393C576DE97E698E637
:101B8000D8E6D8E6F8EEF8EE18EF19EF3AEF3BF7A3
:101B90001BF73AF75AF75AF75BF75BF75AF75AF71A
:101BA0005BF75BF75BF75BF75BF75AF73AF73AF7E8
:101BB0005BF75BF73BF73AF73AF73AF73AF73AF75A
:101BC0003AF73AF719F719EFF8EEF8EED8EED8EE43
:101BD000D8EEB7EEB7EE97E696E676E676DE75DEF9
:101BE00035D614D6F3D5B2CD71C510BDCFB48FA400
:101BF0008C838539251947116909AA01AB01EC01CC
:101C0000AB01CB01AB01AB01CB01CB01CB01CB01D4
:101C1000EB01EC01ED01ED01EC01EC01EC01EC015B
:101C2000EC01EC01EC01EC01EC01EC01CC01CC018C
:101C3000AB018B018B01AB01CB01EC010C020C025F
:101C40000D020D020D020D022D022D020D020D02DC
:101C5000ED010D02ED01EC01EC01CB01CB01CC015A
:101C6000EC01EC010D02EC01EC01EC01CB01AB014C
:101C7000AB01AA018A018A010A032B0B0B0BEA02B2
:101C80000A0B2B134C132B0B2B0B4C134B0B0B0373
:101C90002B034B0B4B0B2B032B032B0B2A030A039E
:101CA0004B0B6B134B130A0B2B0B6C134B0B0A0BCD
:101CB0000A130A23EA32EA3AAC5B0D6C2E742E74D6
:101CC0002E746F7C6F7C6F7C4F842E7C6B63A8526C
:101CD0004742274227422842073A8521441984195E
:101CE000641144098509A609C609E709070A280AF3
:101CF000480A680A68026802680A680A480A480AC4
:101D0000680A890A680A07020702E70108124D43B8
:101D1000568D5AAE5BB6BCBE9BBE7BB65AB63AB6C3
:101D20001AB61AAE7BBEDDC61ED71ED71ECFFDCE9D
:101D30001ED73ED71ED7FECEFECEFDCEDDC67BBE65
:101D40003AB6F9AD979D579DD484937C5274F16B4C
:101D5000D063D063CF5BD063B05BAF63B063B0637D
:101D6000B063B05BB05BB05BB05B8F5B8F5B8F5B76
:101D70008F5B8F5B6F5B6E5B8F5B8E5B8F5B8F5B55
:101D80008E5B8E5B6E5B6E5B6E5B8E5BAF5B8E5B4A
:101D9000AE5B8E5B8E538E5B8E5B4D532D4B2D4B0E
:101DA0002D530C4BEC4ACC42CC42CC42CC4ACC4AD0
:101DB000CC4A8B426B424A3A6B428B3A4B32A9195E
:101DC000480189098909AA11A911C919A821671906
:101DD00067198821A821A9218819882188218821AB
:101DE0006821682188298829A829C831C839A731DC
:101DF00066296529E7390E84F4C576DE97DEB8E6F4
:101E0000D9E6D8E6F8EE18EF18EF19EF1AEF3BF71E
:101E10003BF73BF75AF75AF75BF75BF75AF75BF775
:101E20005BF75BF75BF75BF75AF75AF75BF75BF724
:101E30005BF73AF73BF73AF73AF73AF73AF73AF7F8
:101E40003AF73AF719F719EFF8EEF8EED8EED8EEC0
:101E5000B7EEB7EEB7EE97E696E676DE76DE55DEBF
:101E600035D614D6D3CDB2CD71C510BDAFAC4EA40E
:101E70000A734429251947118909CB01CB01CC01EB
:101E8000AB01AB01AB01AB01CB01CB01CB01CB0172
:101E9000EB01EC01EC01ED01EC01EC01EC01EC01DA
:101EA000EC01EC01EC01EC01EC01EC01CC01AB012B
:101EB000AB018B018B01AB01CC01EC010C020C02DC
:101EC0000D020D020D020D020D020D020D020D029A
:101ED0000D020D020D02EC01EC01CB01CB01CC0196
:101EE000EC01EC010D02EC010C02EC01CC01CB0188
:101EF000AB018A018A018A012B0B2B0B2B0B0A03E6
:101F0000EA0A2B0B2B0B0B0B0B0B4B0B4B0B0A038C
:101F10000A032B032B030A032B032B0B2A030A03AD
:101F20004B0B6C134B130A0B2B0B4C134B0B0A0B69
:101F3000EA120A23EA320A43AC5B0D6C0E744E744B
:101F40004F7C6F846F844F7C4F842E7C4B63674A39
:101F5000063A063A07422842073A8521441985196C
:101F6000641144098509A609E609E709070A280A50
:101F7000680A680A48024802680A680A480A680A41
:101F80008912A9128912270AE701E70908126E4B84
:101F900097957AB67BB6BCC6BCC69CBE7BBE5AB60D
:101FA0003AB63AB69CBEDDCE1ED7FDCEFDCEFDCEF6
:101FB0001ED7FECEDDCEDDC69CBE7BB65AB6F9A5D9
:101FC000979D368D947C5374116CF063F063D063ED
:101FD000F063F063D063D063D063D063F063F06BE1
:101FE000F163D063D063D063B063AF5BAF5BAF63CB
:101FF000D063D063AF5BAF5BAF5BAF5BAF5BAF5B3F
:10200000CF5BAE5B8E5B8E5B8E5BCF63AE5BAE5B9E
:10201000CF5BAE5BAE5BCF63AF5B6E534E530D4B8E
:10202000CC424A32092AE929C821C8210A2A4B325E
:102030008C426C3A6C3A6B3A4A322A32EA21891164
:102040004801AA0969018A098A09AA11CA19A911AC
:10205000A911AA11AA11AA11AA11CA11CA19CA1939
:10206000CA19A919A91989198821A821A821872184
:102070006621A7294942919435CE76DE97DEB8E6EF
:10208000D9EED8E619EF18EF39EF39EF3AF73AF70A
:102090003BF73BF75AF75AF75BF75BF75BF75BF7F2
:1020A0005BF75BF75BF75AF75BF75BF75BFF5BFF91
:1020B0005BF75BF73AF73AF73AF73AF73AF73AF756
:1020C0003AF739F719F718EFF8EEF8EED8EED7EE41
:1020D000B7EEB7EEB7EEB7EE96E676DE76DE55DE15
:1020E00034D6F4D5D3CDB2CD71C510BD8FAC2E9CF6
:1020F000C962042126194709AA09CB09EC09CB01B9
:10210000CB01AB01CB09AB01CB01CB01CB01CB01A7
:10211000EB01EC01CC01ED01EC01ED010D020C0233
:102120000C020C02EC01EC010C02EC01CC01AB0145
:10213000AB018B018B01AB01CC01EC010C020D0258
:102140000D020D020D020D020D020D020D020D0217
:102150000D020D020D020D02EC01CC01CB01CC01F0
:10216000CC01EC010D02EC010C02EC01EC01CB0105
:10217000AB018A018A0189010A0B2B0B0A0BEA02C7
:102180000A032B0B2B0B0B0B0A034B0B4B0B0B03F9
:102190000A032B032B032B032B0B4B0B4B0B2A0B91
:1021A0004A0B4B130B13EA0A0B132B130A0BEA0A05
:1021B0000A130A23EA320A438B5B0D6C2E744E7CA1
:1021C0008F848F846F844E7C4E7C0D7C4B632742C2
:1021D000C531C639E6412742073A852143118419A2
:1021E0008511640965098509C611E711070A070AFF
:1021F000480A680A68026802880A880A680A480A5F
:10220000A912CA1A8912280A070AE70928128E4B4E
:1022100097953AAE7BB6DDC6BCC6BCC69CC67BBE37
:102220005BB67BBEDDCEFDCE1ED71ED71DCF1ECF2B
:102230001ECFFDCEBDC69CBE3AAEF9A5779D168DCC
:10224000D484737C5274326C116C116C116C116CEF
:10225000116C316C116C1064116C116C316C316C3F
:10226000316C116C116C116C106C116C116C116C67
:10227000116411641164106410641064F0631064DC
:10228000EF63EF63EF63F063CF631064F063EF63BA
:102290001064306C1064CF5BD063B05B0E4B2A2AA5
:1022A000871146094609460926094609471188113A
:1022B000A919A919A9198919881988116811680912
:1022C00069018A01AA01AA01AB01CB09CB09CB099B
:1022D000CB09CB09CB09AB09CB09AA09AB09AA09E0
:1022E000CA09CA11CA19AA19AA19A911AA19A91998
:1022F0008819A729CB4A33A556D676DEB7E6B8E6C5
:10230000F8EEF8E6F9EE39EF39EF39EF3AF73AF748
:102310003AF75BF75AF75AF73AF75BF75AF75BFF6A
:102320005AF75BFF5AF75AF73AF75BF75BF75BF739
:102330005BF75AF73AF73AF73AF73AF73AF73AF7D4
:1023400019F739F719F718EFF8EED8EED7EED7EE00
:10235000D7EED7EEB7EE97E697E676E676DE55D679
:1023600014D6F4CDB3CD92CD31C5CFB46EA4EE93D7
:102370006952051926114709CA098A01CB01CB0107
:10238000AB01AB01CB01AB01AB01AB01AB01AB01CD
:10239000CB01CC01EC01ED01ED01ED01ED010D02F0
:1023A000EC01EC01EC01EC01EC01CB01AB01AB0168
:1023B0008A018A01AB01CB01EC010C020C02ED0198
:1023C0000D020D020D020D020D020D020D020D0295
:1023D0000D020D020D020D02EC01EC01CC01AB016E
:1023E000CB01EC010C02EC01EC01EC01EC01CC01A5
:1023F000AB018A018A018A010A0B2B0B0A0BEA0244
:102400000A032B0B2B0B0A032B0B4B0B2B0B0A0377
:102410002B032B032B032B032B0B4B0B4B0B2A03F5
:102420002A0B2A13EA12CA0A0B132B130A0BEA0A05
:102430000A13EA22E9320A436B5BED6B2E744E7C81
:102440006F7C6F7C4E7C4E7C2E7CED732B63474201
:10245000C539C539C539E639E631A52944194411CC
:102460006409640985098509C611E711070A070A85
:10247000270A680A880A880A880A880A680A480AAD
:102480008912CA1A89124812070A0812291A6E43B9
:1024900097957BB69CBEBDC6DDC6DCC6BCC69CC6D9
:1024A0007BBE9CC6FDCE1ED71DCF1DCFFDCEFDCE63
:1024B000FDC6BCC65BBE3BB6D9A57795F584937CBB
:1024C0007374526C526C5274526C527452745274D3
:1024D000527472745274527452747274727472744C
:1024E00072747274727472747274727472747374BB
:1024F000937473747374726C726C526C526C526C11
:1025000072747274526C316C516C526C527472747D
:102510007274527472747374F163AC3AA8194711EF
:10252000060126096711670968096809470947090B
:102530002809480948094809680968118911890961
:10254000AA09AA09AB01CB01AB01CC01EC09EC0152
:10255000EC01EC01EC01CB01CB01CB01AB09AB09E8
:10256000C909C909AA09AA11AA11AA11CA11AA114D
:102570006819A8292C5B94B556D676DE97E6B7E69F
:10258000D8E6F8E6F9E619EF39EF3AEF3AF73AF715
:102590005AF75AF75BF75BF73AF75BF75AF75BF7CF
:1025A0003AF75BF73AF73AF73AF75AF75BF75BF720
:1025B0005BF75BF75AF75AF73AF73AFF3AF73AF709
:1025C00039F739F739F719F7F8EED8EED7EED7EE35
:1025D000D7EEB7EEB7EE97E697E676E655DE35D658
:1025E00014D6F4CDB3CD72C510BDCFB46EA4AD83F7
:1025F000E841E41026114809AA098A01AB01CB0180
:10260000AB018B01AB01AB01AB01AB01AB01AB018A
:10261000AB01CC01EC01EC01ED01ED01ED01ED01AF
:10262000EC01EC01EC01EC01CC01CB01AB01AB0105
:102630008A01AB01CB01EC01EC010D020D020D0290
:102640000D020D020D020D020D020D020D020D0212
:102650000D020D020D020D02EC01EC01CC01CC01CA
:10266000CB01EC010C020C020C020C020C02EC017E
:10267000CB01AA018A018A01EA020A0B0A0B0A0BA2
:102680000A0B2B0B2B0B0A032B0B2B0B2B030A0315
:102690002B034B0B2B030A032B0B2B0B2A0B0A03CD
:1026A0002A0B2A130A13EA120B132B132B0BEA0A19
:1026B0000A13E922E92A0A436B5BED6B0D742E7C49
:1026C0004E7C2E7C2E7C2E7C2D7CED734B63884AB9
:1026D0002642E639C539E639E631A52144194411C7
:1026E00064096409A5098509C611E711E709070A04
:1026F000270A480A6802880A680A680A2702070245
:10270000480A68124812280A070A080A291A8E4B32
:10271000B7957BB69CBEDDCEFDCEDDC6BDC69CC6E4
:102720009CC6BDC6FDCE1ED71DCFFDCEFDCEDCC6E0
:10273000BCC65BB6F9ADB8A5779D168DB47C937415
:10274000737473747374937CB47CB47CB47CB47C05
:10275000B47CB47CD47CD47CD47CD47CD47CD37C3A
:10276000D47CD37CD47CD484D484D47CD47CD47CDA
:10277000D47CD47CD47CB47CD57CD57CD57CB47C16
:10278000B47CB47C94747374B47CB47C947C947482
:10279000B57CD57C737490534C326811270968114D
:1027A0004809470948094809680968096809690921
:1027B00069096A098A118A11691189098909A909AE
:1027C000AA09AA09CB01CC01CC01EC01ED09EC016D
:1027D000EC01EC01EC01EC01EB01EB01CC09CB09C4
:1027E000CA09CA09CB09AB11AB11AB11CB11CA1184
:1027F0008819C829AE6B16BE76D676DE97DEB7E6A8
:10280000D8E6F8E6F9E619EF3AEF3AEF3AF73AF791
:102810003AF75AF75BF75BF73AF75BF75BF75BF76B
:102820003AF73AF73AF73AF73AF75AF75AF75BF7BF
:102830005BF75BF75BF75AF73AF75AF73AF739F76E
:1028400019F719F719F718EFF8EEF8EED8EED7EEFA
:10285000B7EEB7EE97E697E696E676E655DE35D61E
:1028600014D6D4CDB3CD71C510BDCFB44EA46C7BFE
:102870008631E510671968118A018B01AB01AB0144
:10288000AB01AB01AB01AB01AB01AB01AB01AB01E8
:10289000AB01CB01EC010C02EC01ED01ED01EC010F
:1028A000EC01EC01CC01EC01CC01CB01AB018A01C4
:1028B0008A01AB01CB01EC01EC010D020D020D020E
:1028C0000D020D020D020D020D020D020D020D0290
:1028D0000D020D020D020D02EC01EC01EC01CC0128
:1028E000AB01CC01EC010D02EC010C020C02EC017D
:1028F000CC01AB01AA01AA01EA022B0B2B0B0A0B9C
:102900002B0B4B132B0B0A032B0B2B0B2B0B0A0341
:102910000B032B032B030A032B0B2B0B2A0B0A0392
:102920002A132B130A13EA120A132B132B0BEA0A8E
:10293000EA12E91AEA2A2A438C5BED6B0D742E7CAD
:102940004E7C2D7C0D7C0D7C0D7CCC734A63A85293
:10295000474A0642C539E639E631842144116419F3
:10296000851164098509A609C611E711070A070A36
:10297000270A480A6802880A4802480A2702E6012C
:10298000E60107020702E701E709E709291A8F4B69
:1029900097955AAE7BBEFDCEDDCEDDC6BDC6BCC6AC
:1029A000BCC6DDCEFDCEFDCEFDCEDCC6BCC69BBE1C
:1029B0005BBE19AEB8A5779D3695F58CD484D47CD2
:1029C000D484D584F5841585368D368D168D368D57
:1029D000368D358D368D1585358D15851585158585
:1029E00015851585158D358D168D1585158D1585D6
:1029F000158515851685168D1685178D178D1785E6
:102A00001685168516851685F684D684F684178570
:102A1000378DD67C91530B226811680968096809C3
:102A200048094809480969094801480169098909AB
:102A30008A098A096A096A098A09A909AA09AA09DF
:102A4000AA01AB01CB01EC01CC01EC01EC01EC01E2
:102A5000EC01EC01EC01EC01EB01EC09EC09EC09F7
:102A60000B0AEB09CB09CB09CB11CB11CB11CA1146
:102A7000A919E8292F7C36C656D676DE97DEB7E64A
:102A8000D8E6F8EEF9E619EF3AEF3AEF3AF73AF707
:102A90003AF75AF75BF75BF73AF75BF75BF75BF7E9
:102AA0003AF73AF73AF73AF73AF73AF73AF75BF77D
:102AB0005BF75BF75BF75BF73AF73AF739F719F72C
:102AC00019F719F718EFF8EEF8EED8EED8EED7EEC2
:102AD000B7EEB7EE97E697E676E656DE55DE34D6E5
:102AE00014D6F3CDB3CD72CD30C5CFB44E9C2B737D
:102AF00045290519881968118A01AB01AB01AB01A1
:102B0000AB01AB01AB01CB01AB01AB01AB01AB0145
:102B1000AB01CB01EC01EC01EC01ED01EC01EC01AE
:102B2000EC01EC01EC01CC01CB01AB018A018A0183
:102B3000AB01CB01EC01EC01EC010D020D020D0229
:102B40000D020D020D020D020D020D020D020D020D
:102B50000D020D020D02ED01ED01EC01EC01CC01C5
:102B6000AB01CB01EC010D02EC010C020C02EC01FB
:102B7000CC01CB01AB01AA01EA020A0B0B0B0A0B39
:102B80002B0B4B132B0BEA022B0B4B0B2B0B2A0B98
:102B90002A0B2B0B2B0B2A0B2B0B4B132A0B0A0B81
:102BA0002A132A130A13EA120B132B132B0BEA0A0C
:102BB000E912E91AEA322B43AC63ED730D742E7CF3
:102BC0004E7C2D7C2D7C0D7CAB6B6B6B0A63A8520D
:102BD000474A0642C539E639E631642123116419B2
:102BE000851144096509A611E71107120712070AA2
:102BF000270A480A680268024802480A480A070287
:102C0000E601E701E701E701E709E709491A8F4B08
:102C100097955AB69BBEFDCEFDCEDDC6BDC6BDC6E0
:102C2000BDC6DDCEFDCEFDCEDDCEBCC69BBE7BBE21
:102C30005AB6F9ADB8A5779D3695368D368D779510
:102C4000989D989DB89DD99DB89DB89DB89DB89DFB
:102C5000989597957795778D979577957795568DE4
:102C6000568D778D77957795779577957795779535
:102C7000779577957795789558955895789578952F
:102C80007895588D789578957895588D99959995EA
:102C900075740F43CA1907018911680928012801B1
:102CA00069098909690948018909890989098A091C
:102CB0008A098B098B096A0969018909AA09CB0963
:102CC000CB09CB01EC01EC01EC01EC01EC01EC01D6
:102CD000EC01EC01EC01EC01EC01EC01EC01EC018C
:102CE0000B020B02CC09CC09EC09CB09CB09EA1188
:102CF000C9194932918416C656D676DE97DEB7E6F4
:102D0000D8E6F8EEF9EE19EF3AEF3AF73AF75AF754
:102D10005AF75AF73BF73BF73AF75BF75BF75BF786
:102D20003AF73AF73AF73AF73AF73AF73AF75AF7FB
:102D30005BF75BF75BF75AF73AF73AF719F719F7CA
:102D400019EF19EFF8EEF8EED8EED8EED7EED7EE91
:102D5000B7EEB7EE97E697E676E656DE55DE34D662
:102D6000F3D5D3CD92CD71C530BDAFAC4E9CEA62E8
:102D70002521051968198911AA01CB01CB01AB01E5
:102D8000CB01AB01AB01CB01CB01AB01AB01AB0183
:102D9000AB01CB01CB01EC01ED01ED01ED01ED014A
:102DA000EC01EC01EC01CC01CB01AB018B018B01FF
:102DB000AB01CC01EC01EC010C020D020D020D0285
:102DC0000D020D020D020D020D020D020D020D028B
:102DD0000D020D02ED010D02ED01EC01EC01CC0143
:102DE000CB01CB01EC010C02EC01EC010C02EC017B
:102DF000CC01CB01AB01AA01EA020A0B0A0BEA0AD9
:102E00000A0B2B0B0A0BEA022B0B4B134B132B0B4E
:102E10000A0B2B0B2B0B2A0B2B134B132A0B0A0B16
:102E20000A132A130A13EA120A132B132B13EA0AA2
:102E3000E912E922EA322B43AC63ED730D740D7C89
:102E40000D7C0D7C2D7C0D7C6A6B4A63E95A88529F
:102E5000674A0642A531A531C531842124194411A0
:102E6000441144098509A509E7110712070A070A51
:102E7000270A480A68026802480A680A480A270AB4
:102E800007020702070A070A070A070A291A8E4BD0
:102E900076953AAE9BBEFDCEFDCEDCC6BCC6BDC6A9
:102EA000BDC6DDCEFDCEDDCEDDCEBCC69BBE7BBEBF
:102EB0005AB619AED8A5B8A5B8A5F9A53AB67BB645
:102EC0009CBE7BB65BB63AAE1AA6F9A5F9A5F9A5E4
:102ED000F9A5D99DB89DB89DB89DB89D9895989530
:102EE00098959895B895B895B895B89598959895FA
:102EF000989598959895989D999D98959895B99D30
:102F0000B99DB99DB99DB99DB99DFA9DB995746C4E
:102F10008D32891148094809280148018911AA11EF
:102F20006909280169018A09690169016901690161
:102F30008A018B01AB098B018A01AA01AA09CB0185
:102F4000CB01EB01EC010C02EC01EC010C020C02D8
:102F50000C020C02EC01EC01EC01EC01EC01EC01C7
:102F60000C020B02EC01CC01EC09CB09CB01CA111C
:102F7000A8198A42F29415C655D676DEB7E6B7E6AA
:102F8000D8E6F8E6F9EE19EF3AEF3AF73AF75AF7DA
:102F90005AF75AF73BF73BF75AF75BF75AF75AF7E6
:102FA0003AF73AF73AF73AF73AF73AF73AF75AF779
:102FB0005AF75BF75AF75AF73AF719F719F7F9EE94
:102FC000F8EEF8EEF8EED8EED8EED7EED7EED7EE74
:102FD000B7EEB7EE97E697E676E656DE55DE34D6E0
:102FE000F3D5B2CD72CD51C50FBDAEAC2E946852A3
:102FF000041906114711A911AA01CB01CB01AB019C
:10300000CB01AB01AB01CB01CB01AB01AB01CB01E0
:10301000AB01CB01CB01CC01ED01ED01ED01EC01E8
:10302000EC01EC01EC01CC01AB018B018B01AB019C
:10303000CB01EC01EC01EC010C020D020D020D02C2
:103040000D020D020D020D020D020D020D020D0208
:103050000D020D02ED010D02ED01EC01EC01CC01C0
:10306000CB01CB01CC01EC010C020C020C02EC01F7
:10307000EC01CB01AB01AA01EA022B0B2B0BEA0AF4
:103080000A0B2B0B0A0BEA0A2A0B4B132B130A0B06
:103090000A0B2A0B0A0B0A0B2B132A130A13EA0A30
:1030A0000A132A1B0A1BEA120A132B1B0A13EA1221
:1030B000E91AE922EA322B43AC63CD73ED73CC738A
:1030C0008B6BAB730C7C0D7C8B6B4A6BE95A875214
:1030D000674A2642C531A431A529842144194411E7
:1030E000441164098511A511E7110712070A070A9F
:1030F000270A470248026802480A680A4812280A52
:10310000270A270A270A070A2812E709281A6E4BF6
:10311000568DF9AD7BBEFDCEFDCEBCC69CC69CC611
:10312000BDC6DDC6DDC6BCC6BCC69CBE7BBE5AB62F
:103130003AB639B639B65AB69CBEDDC61ECF3ED7B2
:103140001ECFDDC67CBE5BB63AAE1AA6F9A5D9A5E0
:10315000D99DD99DD99DD99DD99DB89DB89DB8952A
:10316000B895B895B995B995B995B995B99DB89DE2
:10317000999D9895989598959895989598959995DD
:10318000B99DD99DD99DDA9DFA9DFA9DD57CAD3228
:103190004809270168094809A911680969098909C5
:1031A00069094901690189018901890189018A0146
:1031B0008A01AB01AB018A01CB01AB01AB01AB01D1
:1031C000CB01CC01EC010C02ED010D020D020C0251
:1031D0000D020D020C02EC010C020C02EC01EC01E0
:1031E0000C020C02EC01EC01EC01CB01CB01CA0991
:1031F000A8190C5353A535C655D696DEB7DED7E6CB
:10320000D8E6F8EEF9EE19EF3AF73AF73AF75AF747
:103210005AF75AF73AF73AF75AF75BF73AF73AF7A5
:103220003AF73AF73AF73AF73AF73AF73AF73AF716
:103230003AF73AF73AF73AF73AF719F7F9EEF8EEBC
:10324000F8EEF8EED8EED8EED8EED8EED7EED7EE10
:10325000B7E6B7E697E697E676E656DE55DE34D66D
:10326000F3D5D2CD72CD30C5EFB48EA40D8CE7412D
:10327000051926114811AA11AB09CC01CC01CB01CB
:10328000CB01CB01AB01CB01CB01AB01AB01CB013E
:10329000CB01CB01CB01CB01EC01ED01ED01EC0148
:1032A000EC01EC01EC01CB018B018B018B01AB013B
:1032B000CC01EC01EC01EC010D020D020D020D023E
:1032C0000D020D020D020D020D020D020D020D0286
:1032D000ED01ED010D02ED01ED010D02EC01EC013E
:1032E000CC01CB01CC01EC010C020C020D020C0252
:1032F000EC01CC01CB01AB01EA0A4B134B130A0BD7
:10330000EA0A0B130B130A0B2B134B132B130A0B89
:103310000A0B0A0B0A0BEA0A2B132A1B0A13EA12DE
:103320000A130A1B0A1BEA12EA122B1B0A13E912E0
:10333000E91AE922EA322B438C63CC73CC736B6BB2
:10334000295B4A63CB73EC7BCB736A6BE95A875278
:10335000674A4742C531A431A5296421441944195B
:10336000441164118511A511E71107122712070AEC
:10337000270A480A6802680A280A480A480A280AE6
:10338000280A280A270A070AE7090712291A2D43DB
:10339000D47CD8A57BBEDCCEFDCEBCC67CBE9CBE9C
:1033A000BDC6DDC6BDC69CBEBCC69BBE7ABE5ABEEF
:1033B0005ABE9BBEDCC63ED75FDF7FDF9FDF7FDF6D
:1033C0003ECFFDC6BDC69CBE5BB63AAEFAA5D9A53A
:1033D000B89DB89DB89DB89DD99DB89DB89DB8952C
:1033E0009895989598959895788D788D7895789505
:1033F0007895578D578D578D779578957895578D0A
:10340000578D578D788D788D16853364AD32680968
:1034100027014809680968094801890968094801BC
:103420008909AA098901890189018901890189011B
:103430008A018A01AB01AB01AB01CB01CB01CB010E
:10344000CC01EC01EC01EC01ED01EC01EC010D0211
:103450000D020D020C020C02EC01EC01EC01EC017E
:103460000C020C02EC01EC01EC01EB09EB09CA11B6
:10347000A8194D5B94AD36CE76D696DEB7E6D7E684
:10348000F8E6F9EEF9EE19EF3AF73AF73AF75AF7A4
:103490005AF75AF73AF73AF73AF75AF73AF73AF744
:1034A0003AF73AF73AF73AF73AF73AF75AF73AF774
:1034B0003AF73AF73AF73AF73AF719F719EFF9EE18
:1034C000F8EEF8EEF8EEF8EED8EED8EED8EED7EE4D
:1034D000B7E697E697E697E676E656DE34DE14D64C
:1034E000F3D5B2CD71C530BDEFB46EA4CD83A6398E
:1034F0002519681968118909CB09CC01CC01CB01C8
:10350000CB01CB01CB01CB01CB01AB01AB01CB019B
:10351000CB01CB01CB01CB01CC01EC01EC01EC01E7
:10352000EC01EC01CC01CB018B018B01AB01AB01B8
:10353000CC01EC01EC01EC010D020D020D020D02BB
:103540000D020D020D020D020D020D020D02ED0124
:10355000ED01ED01ED01EC01ED010D020D02EC01BB
:10356000CC01CB01CB01EC01EC01EC010D020D0211
:103570000D02EC01CC01CB010A0B4B136B1B0A0BA8
:10358000EA0A0A0B0A0BEA0A0A132A130A13EA0ABE
:103590000A132B132A130A132A1B2A1B0A1BE912CC
:1035A000EA120A1B0A1BEA1A0A1B0A1B0A1B0A1B3D
:1035B000EA22EA2A2A3B4B4B8C63AC6BCC738B6BB5
:1035C0002A636A6BCB73CB7B8A73AB7329636752B5
:1035D000874A2642C5318429A52964214419441902
:1035E000441164118511A511E71107120712070A8A
:1035F000270A480A680A680A480A280A480A480A3C
:10360000280A280A270AE601C601E709081AEC3A3F
:103610009274B79D3AB6DCCE1DCFBCC69CC6BCC664
:10362000BDC6BCC69CC69CBE7BBE5BBE7ABEBCC6CD
:10363000FCCE3DD79FDFDFE7FFEF7FDFDDC63BB688
:10364000FAADF9A5FAAD1AAEFAAD1AAEDAA5B9A57A
:10365000B89D989D77957795989578957895789574
:103660007895588D578D578D1785F684F684F68496
:10367000D57CB57CB57CB57CD57CF684F684D67CCF
:10368000D57CB5743364704B6C2AEA19480948013B
:10369000690969096809680968096809690969099E
:1036A00069098901890189018901890189018A01E1
:1036B000AA01AA01AB01CB01AB01AB01CB01CC014B
:1036C000CC01EC01ED01ED01EC01EC010D020D026C
:1036D0000D020C020C020C02EC01EC01EC01EC01FD
:1036E0000C020C02EC01EC01CB01EB01CB09C9117E
:1036F000C8218D6B94B535CE55D696DEB7DEB7DED4
:10370000F8E6F8EEF9E619EF39EF39EF39F73AF75D
:103710003AF73AF73AF73AF73AF73AF73AF73AF721
:103720003AF73AF73AF73AF75AF75AF75AF73AF7B1
:103730003AF73AF73AF73AF739F719F7F9EEF9EEB7
:10374000F8EEF8EEF8EED8EED8EED8EED7EEB7EE0B
:10375000B7E697E697E697E676E656DE14D614D6F1
:10376000D3D5B2CD71C510BDCFB46EA46C7B652925
:10377000261948116911AA09CB09CC01CB01CB014B
:10378000CB01CB01CB01CB01CB01CB01AB01CB01F9
:10379000CB01CB01CB01AB01CC01EC01EC01EC0185
:1037A000EC01EC01CB01AB01AB018B01AB01CC0116
:1037B000EC01EC01EC010D020D020D020D020D02F7
:1037C0000D020D020D020D022D022D020D020D0241
:1037D0000D020D020D02ED010D020D020C02EC01B5
:1037E000EC01CB01CB01CC01EC01EC01ED010C02B1
:1037F000EC01EC01CC01AB010A0B4B134B130A0B90
:10380000EA0A0A13EA0AE90A0A132A130A13EA124D
:103810000A132B1B2A130A132A1B2A1B0A1BE91241
:10382000C91AEA1AEA1AEA1AEA1AEA1AE91AC91ABB
:10383000C922E92A0A3B4B4B8C63AC6BCC73AC734B
:103840008B73EC7BEC7B8A736A6B8B732A6BA7524E
:10385000874A2642C531A531C6318521441944190C
:10386000441144118511A611E71107120712070A26
:10387000270A480A48024802480A280A480A480A09
:10388000480A480A480A070A070AE709C709AB3283
:10389000726C7695F9ADBCC6BCC67BBE7BBE9CBEC9
:1038A0009CBE9CBE7BBE9BBE5ABE7BBE9BC61DD72C
:1038B0007FDFDFE7DFE7BFDF1ECFF9A59484D163A9
:1038C000D163126C947CF68C168D5795579537956D
:1038D000368D168DF68C168D168D168D1685F68402
:1038E000D584D57CB47C947494747474536C536C88
:1038F000536C536C54747474336C1264F263F25BE3
:1039000091530F432B22680928014801680969096E
:103910006909480148096909680968096909690963
:103920006901690169018901890189018A018A01A5
:103930008A01AA01AA01AB01AB01CB01CC01CC01E8
:10394000EC01EC01ED01ED01ED010D020D020D02A6
:103950000D020D020C020C02EC01EC01EC01EC0179
:10396000EC01EC01EC01EC01CB01CB01CA09C9115E
:10397000E829CE73D4BD55CE55D6B6DEB7DEB7E650
:10398000D8E6F8E6F9EE19EF3AF739F739F73AF7EA
:103990003AF73AF75AF75AFF5AF73AF73AF73AF737
:1039A0005AF75AF73AF73AF75AF75AF75AF75AF7CF
:1039B0003AF73AF73AF73AF719F719F7F8EEF9EE56
:1039C000F8EEF8EED8EED7EED8EED7EED7EEB7EEAB
:1039D000B7E697E697E676E676E655DE14D6F3D5B3
:1039E000D2D592CD51C5EFB4CFB42D9CEA6224213B
:1039F000061168118911AA09CB01CC01CB01CB01B9
:103A0000CB01CB01CB01CB01CB01CB01AB01AB0196
:103A1000CB01CB01CB01AB01CC01EC01EC01EC0102
:103A2000EC01CC01AB01AB018B018B01AB01CC01F3
:103A3000EC01EC010D020D020D020D020D020D0252
:103A40000D020D020D020D022D022D020D020D02BE
:103A50000D020D020D020D020D020D020D020C02EF
:103A6000EC01CB01CB01CC01EC01EC01ED010D022D
:103A7000EC01EC01CC01CB01C9020A0BEA0AC90A2C
:103A8000C90AEA12EA12C90A0A132B1B0A1BEA1214
:103A90000A132A1B0A1BEA122A1B2A230A23E91AE1
:103AA000C91AC91AEA1ACA1AC91AC91AA91AA81A1D
:103AB000A822C92AEA3A2B4B8C638B6B8B6B8B6BDE
:103AC000CC732D840C848A734A6B8B732A6BA75238
:103AD000674A0642C531A531C631852144192419EA
:103AE000241123096511A611E71107120712070A0D
:103AF000280A480A48022702480A480A480A480A87
:103B0000480A680A6812480A48122812E711CB329C
:103B100092745695D8A59CC67BBE5BB63AB67BBE62
:103B2000BCBE9CBE7BBE5BBE7BC6DCCE3EDF7FE701
:103B3000DFE7FFEFDFE73ECFFAA5B584B15B2F5398
:103B40002F532F53705B905BD163F26B126C327406
:103B50005374537453745374326C326C126CF1633B
:103B6000D163D163F163F163D163B15B905BB15B0E
:103B7000B15BB15B905B70534F4BEE42AD324C2A60
:103B8000EB21A9116809480148096909690948092F
:103B900048014801690969096909690969096909E7
:103BA00069098A018A0189018A018A018A018A01D7
:103BB0008A018B018B018B01AB01CB01CC01CC01C4
:103BC000EC01EC01EC01EC010D020D020D020D0205
:103BD0000D020C020C02EC01EC01EC01EC01EC0119
:103BE000EC01EC01EC01EC01CB01CB01CA09A911FC
:103BF00009320F7CD5BD55CE75D6B6DEB7E6B7E631
:103C0000D8E6D8E6F9EE19EF39F739EF39F739F791
:103C10003AF73AF73AF73AF75AF75AF73AF75AF7BC
:103C20005AF75AF75AF73AF75AF75AF75AF75AF72C
:103C30003AF73AF73AF73AF719EF19EFF8EEF8EEE4
:103C4000F8EED8EED7EEB7E6B7EED7EED7EEB7EE92
:103C5000B7E697E696E676E676DE35DE14D6F3D559
:103C6000D2D591CD31C5EFB4AFAC0D944852041903
:103C7000061168118911AB09CB01CC01CB01CB0135
:103C8000CB01CB01CB01CB01AB01AB01AB01AB0154
:103C9000CB01CB01CB01CB01CB01CC01EC01EC0181
:103CA000EC01CB01AB018B018B01AB01CC01CC0151
:103CB000EC010D020D020D020D020D020D020D02AE
:103CC0000D020D020D020D020D020D020D020D027C
:103CD0000D02ED01ED010D02ED01ED010D020C02F1
:103CE000EC01CB01CB01CC01CC01EC01EC01ED01ED
:103CF000ED01EC01EC01CC01EA0A0A0BEA0AC90A5F
:103D0000EA120A130A13EA120A1B2A1B0A1BEA12F6
:103D1000EA1A0A1B0A1BE91A091B0A230A23C91AF1
:103D2000C91AC922EA22EA22EA22E922C922C922C0
:103D3000C92AC9320A3B2B4B8C636B632A632A6303
:103D40008B730D842D84CB7B8A736A7309636752EE
:103D5000674A0642C531A531C63164214419441968
:103D6000241123096511A511E71107120712270A6B
:103D7000480A480A480A270A480A480A480A480AD4
:103D8000480A6812680A480A68122812E711EB32DA
:103D9000726C358D979D5BBE5BBE3AB63AB67BB60C
:103DA0009BBE7BBE5BBE7BBEFDD65EDF9FE7BFEFEB
:103DB000BFE79FDF5ECFBCBE7895D5847474F26395
:103DC000705BEE42CE42CE42EE4AEE4A0E4B2E538E
:103DD0004F5B6F5B4F5B4F534F534E532E532E4BE6
:103DE0000E4B2E4B4E534F532E4BED4ACD42CD42F0
:103DF000ED42CD42AD3A8C324B2A0A22A919681104
:103E0000480927014801480968096909480948091A
:103E10006909890969094809690969096909690913
:103E20006A098A098A018A018A018A018A018A014A
:103E30008A018B01AB01AB01AB01CB01CC01CC0101
:103E4000EC01EC01EC01EC01EC01ED01ED010D02E6
:103E50000C020C02EC01EC01EC01EC01EC01EC01B8
:103E60000C020C02EC01EC01CB01CB09AA09A9114F
:103E700029324F84F5C535CE76D6B6DEB7E6D7E61D
:103E8000F8E6F8EEF9EE19EF19EF19EF19EF39F737
:103E90003AF73AF73AF73AF75AF75AF73AF73AF75A
:103EA0005AF75AF75AF73AF75AF75AF75AF75AF7AA
:103EB0003AF73AF73AF73AF719EF19EFF8EEF8EE62
:103EC000D8EED7EEB7E6B7E6B7E6B7E6B7EEB7EEA9
:103ED000B7E6B7E697E696E676DE55DE14D6F3D576
:103EE000D2D572CD31C5CFB48FA4ED8BE641041984
:103EF000261148098A09AA09CB01CC01CB01CB01C3
:103F0000CB01CB01CB01CB01AB01AB01AB01AB01D1
:103F1000CB01CB01CB01CB01AB01CC01EC01EC011E
:103F2000EC01CB01AB018B018B01CC01CC01EC018D
:103F3000EC010D020D020D020D020D020D020D022B
:103F40000D020D020D020D020D020D020D020D02F9
:103F50000D02ED01ED01ED01EC010D020C020C0270
:103F6000EC01EC01CB01CB01CC01EC01EC010D0229
:103F70000D02ED01ED01EC012A132A130A13E90ADF
:103F8000EA120A13EA12E912E9120A1B0A1BE91AD9
:103F9000E91A0A1B0A1B091BE91A0923E922C91A93
:103FA000C922C922E922C922E922E922E922C92239
:103FB000C92AC92AE93A0A434B5B2A5BE95AC85A1B
:103FC00029638B73CB7BCB7B6A73496BE85A67524F
:103FD000674A0642C531A531C631852144194419C5
:103FE000241144118511A611E611E711070A270AC9
:103FF00048126812480A270A680A480A480A480A02
:10400000680A680A480A270A4812281248124D43CB
:10401000D374358D3695D8A53AAE3AAE5BB65BB65D
:104020003AB63AB67BBEFCCE5EE79FEFBFEFBFEF7E
:104030007FDF3ED7DDC65BAE7895D67C7474F263C5
:1040400070530E43EE42CD428C3A8C3A6B3A8C3A26
:10405000AC42CC42CC42CC42EC4AEC4ACD4AEC4A8F
:10406000CC4ACC42AC42AC428B3A4B3A4B3A6B3ADC
:104070006B3A6B324B322A2ACA19A91168096809AE
:104080006809880968092701680968094801480121
:104090004801480148096909690969096909690903
:1040A0006A098A098A018A018A018A018A018A01C8
:1040B0008B01AB01AB01AB01AB01CB01CC01CC015E
:1040C000EC01EC01EC01EC01EC01EC01EC010C0267
:1040D0000C020C020C020C02EC01EC01EC01EC01F4
:1040E0000C020C02EC01EC01CB01EB09CA09A9118D
:1040F000493A708CF5C535D676DE96DEB7E6D8E659
:10410000F9EEF9EEF9EE19EF19EF19EF39EF39F78A
:104110003AF73AF73AF73AF75AF75AF75AF73AF7B7
:104120003AF75AF75AF73AF73AF73AF75AF75AF787
:104130003AF73AF73AF73AF719EF19EFF8EED8EEFF
:10414000D8EEB7E6B7E6B7E6B7E6B7E6B7E6B7E65E
:10415000B7E696E696E696E676DE55DE34DEF3D5ED
:10416000B2CD71C511BDCFB46EA48C838531051954
:10417000471169098909AA01CB01CC01CB01CB0107
:10418000CB01CB01CB01CB01AB01CB01AB01AB012F
:10419000AB01CB01CB01CB01AB01CB01CC01CC01FD
:1041A000CB01AB018B018B01AB01CC01EC09ED0123
:1041B000ED010D020D02ED010D02ED010D020D02EA
:1041C0000D020D020D020D022D020D020D020D0257
:1041D0000D020D020D020D020D020D020C020C0269
:1041E0000C02EC01EC01CB01CC01EC01ED010D0264
:1041F0000D020D020D020D022B130A13EA0AC90A61
:10420000EA12EA12C912C912E91A0A1B0A1BE91AB0
:10421000E91AEA220A23092309230923E922C922E8
:10422000C922EA22EA22C922A922C922C822A82236
:10423000A82A882A8832A83AC94AC952C852A8521C
:10424000E95A496B8A73AB7B496B296B0963A852A6
:10425000A8522742C639A531C63185212419231118
:10426000241144118511A611C611E611E709070AA8
:104270004812480A280A270A680A680A480A480AA7
:10428000680A680A480A270A480A280A691ACE4BA7
:1042900035857695368D779D3AAE3AAE5BB65AB691
:1042A0005AB69BBE1DCF7FE79FEFBFEF9FEF9FE703
:1042B0005FDFFDC67CB6FAA5578D95741364B15BBC
:1042C000905350532F4BCD428B324B324A326A328D
:1042D0004A324A326A3A6B3A6A3A6B3A6B3A6B3A0A
:1042E0006B3A4A3A293A09322A322A322A324A3277
:1042F0002A320A2AC921A81947092709270147098B
:1043000068096909890948012701270148016909E4
:1043100089098909690969096909690969096901D5
:1043200089018A018A018A018A018A01AA01AA01F6
:10433000AB01AB01AB01AB01AB01CB01CC01CC01BB
:10434000EC01EC01EC01EC01EC01EC010C020C02C3
:104350000C020D020D020D02ED01ED01EC01EC016C
:104360000C020C02EC01EC01CA01CA01AA09891174
:10437000493A708CD5C535D696DE96DEB7E6D7E6D7
:10438000F8EEF8EEF9EE19EF19EF19EF39EF39EF12
:1043900039F739F73AF75AF73AF75AF73AF73AF757
:1043A0003AF73AF73AF73AF73AF73AF75AF75AF745
:1043B0003AF73AF73AF71AF719EF19EFF8EED8EE9D
:1043C000D7EEB7E6B7E6B7EED7EEB7EEB7E6B7E6A5
:1043D00096E696E696E676E655DE35DE13D6F3D516
:1043E000B2CD71C511BDD0B44E9C2A7324290511DC
:1043F00068118911AA09AA01CC01CC01CB01CB011A
:10440000CB01CB01CB01CB01AB01CB01AB01AB01AC
:10441000AB01CB01CB01CB01AB01CB01CB01CB017C
:10442000AB01AB01AB01AB01AB01CC01ED01ED0187
:10443000ED010D020D020D02ED01ED010D020D0267
:104440000D020D020D020D022D020D020D020D02D4
:104450000D020D020D020D020D020D020C02EC0107
:104460000C02EC01EC01AB01AB01CC01EC01ED0164
:10447000ED01ED01ED01ED010A130A13C90AC90AA4
:104480000A130A1BEA1AE91AE91A0A230A23C91AA3
:10449000C91AE922E922E91A0923092B092BC922A1
:1044A000C922C922C922C922A922C922A822A82A0E
:1044B000A82A882A672A68328842A84AA84AA852A5
:1044C000E85A29638A73AB7B296B296B0963C85A45
:1044D000C95A474AC6398529A529642123192311B8
:1044E000041124118511A511C611E611070A070A46
:1044F000280A280A270A270A680A880A680A480A2E
:10450000680A680A4702470A480A270A8A220F549B
:104510005585768D368D979D3AAE3BAE5BAE7BBEB4
:10452000DDC65ED79FE7BFEFBFEF9FEF7FE75FDF9F
:104530001ECF9CBE1AA69895167D956C536CD25BC7
:1045400070532F4B4F4B0E43AC3A8B328B3A6B323E
:104550004A32092A092A092A0932092AE929E829B5
:10456000E829E829E829C8290932E829C829C82101
:104570008719671147114709270948096809680918
:104580004809680969096909890948012801480138
:1045900048094809480968096809680969096901F9
:1045A00069018901890189018A018A01AA01AA0197
:1045B000CA01CB01CB01AB01CB01CB01EB01EB017C
:1045C000EC01EC01EC01EC01EC01EC010C020C0241
:1045D0000C020C020C020C02ED010D02EC01EC01CC
:1045E0000C020C02EC01EC01CA01AA018A0189113A
:1045F0004A3A718CD5C535CE96DE96DEB7E6D7E65B
:10460000D8E6D8E6F9EE19EF19EF19EF39EF39EFDF
:1046100039F739F73AF75AF73AF73AF75AF73AF7D4
:104620003AF73AF73AF73AF73AF73AF73AF75AF7E2
:104630003AF75AF73AF71AF719EF19EFF8EED8EEFA
:10464000D8EED7EED7EED7EED7EED7EEB7EEB7E689
:1046500096E696E676E676DE55DE34D6F3D5F2D5E6
:10466000B2CD51C5F0BC8FAC0D94A96224210511C7
:1046700068118911AA09CB01CC01CC01CB01CB0176
:10468000CB01CB01AB01AB01AB01CB01AB01AB016A
:10469000AB01AB01CB01CC01AB01AB01CB01AB0159
:1046A000AB01AB018B01AB01AB01CC01ED01ED0125
:1046B000ED010D020D020D02ED01ED01ED010D0206
:1046C0000D020D020D020D020D020D020D020D0272
:1046D0000D020D020D020D020D020D020C02EC0185
:1046E000EC01EC01EC01AB01AB01CC01CC01EC0124
:1046F000ED01ED01ED01ED01E90AC90AC90AC90A96
:104700000A1B0A1BEA1AEA1AC91AEA1AE91AC91A8A
:10471000A81AC91AC91AC91A09230923E92AC822D9
:10472000A922A922A922A822A922A8228822882275
:10473000A82A672A472A4732473A6742674A674AA0
:10474000875208634A6B8A73496B0963C862C85A07
:10475000C95A474AC53164296421442123192311C8
:104760000411241185118509C611E611070A270ACB
:10477000270A270A270A480A680A880A680A480A8C
:10478000680A680A4702480A680A68124C33D36C00
:10479000D795B7957695B89D1AAE3AAE7BB6DCBE86
:1047A0003ED7BFE7BFEFBFEFBFEF9FEF5EE71ED77C
:1047B000BCC63BB6DAA5788DF67C54643364F25BF4
:1047C000B153905370532E43CD428B3A8B3AAB3A50
:1047D0006A3A4A3249322932E929E929C829C721E6
:1047E000A729A729A729C729A7218721A721871991
:1047F00067194611471147094709270948096809F8
:104800004801480148014809480148014809690927
:104810006909480948096809680968096901890935
:10482000890189018901890189018901AA01AA01F6
:10483000AA01CB01CB01CB01CB01CB01EB01EB01F9
:10484000EC01EC01EC01EC01EC01EC01EC01EC0100
:10485000EC01EC01EC01EC01ED01EC01EC01EC01EF
:10486000EC010C02EC01CB01CB01AA018A098911F0
:104870006A3A918CF5C536D696DE96DEB7E6D7E66F
:10488000D8E6D8E619EF19EF19EF39F739F759F7E4
:104890003AF73AF73AF75AF73AF75AF75AF75AF710
:1048A0003AF73AF75AF73AF73AF73AF73AF73AF760
:1048B0005AF75AF73AF71AF719EF19EFF8EEF8EE38
:1048C000D8EED7EED7EED7EEB7EEB7EEB7EEB7E647
:1048D000B7E696E696E676DE55DE34D6F3D5D2CD4B
:1048E00092CD31C5D0B44EA4CD8B475224210511B1
:1048F000681189098A01CB01CC01CC01CB01CB0124
:10490000CB01CB01AB01AB01AB01CB01AB01AB01E7
:10491000AB01AB01CB01CC01AB01AB01CB01AB01D6
:10492000AB018B01AB01AB01CC01CC01ED01ED0181
:10493000ED010D020D02ED01ED01ED01ED010D02A4
:104940000D020D020D020D020D020D020D020D02EF
:104950000D020D020D020D020D022D020D020C02C0
:104960000C020C02EC01CB01AB01CC01EC01ED011E
:10497000ED01ED01ED01ED01984905080000002071
:104980006C000000E0090008044A05086C000020E3
:1049900004040000F00900083000000000000000DE
:1049A0000000000000000000000000000000000007
:1049B00000000000000000000000000000000000F7
:1049C00000000000000000000000000000000000E7
:1049D00000000000000000000000000000000000D7
:1049E00000000000000000000000000000000000C7
:1049F00000000000000000000000000000000000B7
:044A000000000000B2
:0400000508000131BD
:00000001FF
